link_id,timestamp,bandwidth_utilization_mbps,latency_ms,packet_loss_rate,source
L1,2026-01-24 01:45:00,30.99212254884484,9.580108260695718,0.017627337234116087,synthetic
L1,2026-01-24 02:00:00,39.717771795982244,8.715827219454093,0.025551797383817458,synthetic
L1,2026-01-24 02:15:00,25.19694056866919,12.443797022213337,0.021525144059345944,synthetic
L1,2026-01-24 02:30:00,36.13870958176459,10.028292770087427,0.01110697700671687,synthetic
L1,2026-01-24 02:45:00,30.33483580625982,10.265154517338855,0.02510892876148322,synthetic
L1,2026-01-24 03:00:00,41.93253213159013,9.275153938051808,0.019957401428545143,synthetic
L1,2026-01-24 03:15:00,40.327131621115264,9.97633161944056,0.016746888389543968,synthetic
L1,2026-01-24 03:30:00,31.575834436740802,8.1771198035459,0.024480057823453586,synthetic
L1,2026-01-24 03:45:00,27.901739031871514,9.74527444585739,0.018996758978137986,synthetic
L1,2026-01-24 04:00:00,34.052847277435646,8.594487357106367,0.013006031960565724,synthetic
L1,2026-01-24 04:15:00,28.556399782982673,9.583894622865756,0.03108685826869763,synthetic
L1,2026-01-24 04:30:00,43.442456847826676,6.160125150546254,0.019896275342654073,synthetic
L1,2026-01-24 04:45:00,30.627760625416094,8.307995187334711,0.019511688773106696,synthetic
L1,2026-01-24 05:00:00,26.754858939897304,12.1958896067715,0.017569368969616462,synthetic
L1,2026-01-24 05:15:00,26.323079311408595,11.245596623661314,0.027079794436745536,synthetic
L1,2026-01-24 05:30:00,20.29571531841034,11.978559003872848,0.01685072895114776,synthetic
L1,2026-01-24 05:45:00,34.45247302474658,12.081581904506386,0.010730120847130372,synthetic
L1,2026-01-24 06:00:00,23.43991037888398,11.009481136246716,0.01592793402862413,synthetic
L1,2026-01-24 06:15:00,38.78518601750198,9.320696971931298,0.027960647602728754,synthetic
L1,2026-01-24 06:30:00,19.656519567987417,8.444123580601566,0.024992792968742704,synthetic
L1,2026-01-24 06:45:00,31.017931591786002,11.720116908174546,0.018469906084040835,synthetic
L1,2026-01-24 07:00:00,39.20179006797963,10.096851961581086,0.028239530849842848,synthetic
L1,2026-01-24 07:15:00,12.78202348301091,13.74103422457286,0.024487653372931295,synthetic
L1,2026-01-24 07:30:00,46.14612435033749,9.452353035983869,0.01840046381819236,synthetic
L1,2026-01-24 07:45:00,26.597718422415124,12.95934378217072,0.019004540869393523,synthetic
L1,2026-01-24 08:00:00,31.128763057297114,9.764812313956368,0.021975906391672607,synthetic
L1,2026-01-24 08:15:00,34.57159380413075,12.00407289588805,0.015008678302017105,synthetic
L1,2026-01-24 08:30:00,35.80903244892443,12.545037605848682,0.020027030393056106,synthetic
L1,2026-01-24 08:45:00,32.191071506077456,8.465575107728931,0.02185108018767974,synthetic
L1,2026-01-24 09:00:00,37.979076669650944,9.272502882563698,0.009878202568348761,synthetic
L1,2026-01-24 09:15:00,34.1525657033745,8.450531161452204,0.018864078064592612,synthetic
L1,2026-01-24 09:30:00,44.08704912025843,8.155083267612664,0.01818166288780587,synthetic
L1,2026-01-24 09:45:00,34.17862034283678,11.000600275787425,0.026168408119761934,synthetic
L1,2026-01-24 10:00:00,45.7170841590647,9.705057444626467,0.008933018037133795,synthetic
L1,2026-01-24 10:15:00,37.208630721901244,10.078549484785205,0.017710963881777734,synthetic
L1,2026-01-24 10:30:00,15.553998993853899,10.83435870245992,0.017109472115812478,synthetic
L1,2026-01-24 10:45:00,50.88882142710273,7.213919749427628,0.025760425783529606,synthetic
L1,2026-01-24 11:00:00,25.40524713218225,11.930149005935583,0.019738720583810643,synthetic
L1,2026-01-24 11:15:00,41.964352121613885,9.476358754990123,0.030776567873914216,synthetic
L1,2026-01-24 11:30:00,30.21434754495551,10.798601959356786,0.023973280291438318,synthetic
L1,2026-01-24 11:45:00,38.488722060820635,10.93106925884282,0.017538662034862887,synthetic
L1,2026-01-24 12:00:00,24.492168713073646,12.05619484114576,0.021437952179353754,synthetic
L1,2026-01-24 12:15:00,35.0059563447167,9.84271391832545,0.01787558714378325,synthetic
L1,2026-01-24 12:30:00,27.97447563684476,6.814543811435604,0.025156376542942522,synthetic
L1,2026-01-24 12:45:00,42.63202489271911,10.085691420180341,0.012006813720253928,synthetic
L1,2026-01-24 13:00:00,33.50934533933607,10.301060287242402,0.015057824140572,synthetic
L1,2026-01-24 13:15:00,37.48754113041253,8.448608711289824,0.022734139511329528,synthetic
L1,2026-01-24 13:30:00,12.687385028215438,10.221235981649407,0.027354538692341727,synthetic
L1,2026-01-24 13:45:00,29.315418561690997,9.458472347910563,0.006788188423164808,synthetic
L1,2026-01-24 14:00:00,33.284413080466365,7.985869076076234,0.028246827295942495,synthetic
L1,2026-01-24 14:15:00,31.788919251517658,11.007227342513925,0.019159189229431963,synthetic
L1,2026-01-24 14:30:00,37.689257709742805,9.154412273653305,0.008696750228377022,synthetic
L1,2026-01-24 14:45:00,27.072766038900365,9.390431177894396,0.0019896329486639684,synthetic
L1,2026-01-24 15:00:00,30.390296840277045,9.306131729069373,0.010823683605150323,synthetic
L1,2026-01-24 15:15:00,39.44981411531994,11.85321789619622,0.01988177086492759,synthetic
L1,2026-01-24 15:30:00,11.770487972437145,9.938625757339912,0.019604611773146693,synthetic
L1,2026-01-24 15:45:00,34.71480401310673,10.118649730818733,0.02379920260825586,synthetic
L1,2026-01-24 16:00:00,27.328921392051573,9.339045768420405,0.016703076934634218,synthetic
L1,2026-01-24 16:15:00,22.701455003571027,10.694300233382357,0.013351756721322975,synthetic
L1,2026-01-24 16:30:00,32.69235379420784,12.023977072676008,0.017521481674034643,synthetic
L1,2026-01-24 16:45:00,39.81961037446924,10.97179122622976,0.020201661721469463,synthetic
L1,2026-01-24 17:00:00,38.31315065187345,11.030300442002284,0.021384636769731666,synthetic
L1,2026-01-24 17:15:00,28.91909575274697,10.909345308826518,0.015265011804365566,synthetic
L1,2026-01-24 17:30:00,37.00592771008759,7.929636035033255,0.02540868020201216,synthetic
L1,2026-01-24 17:45:00,36.94454318756675,8.685821752451293,0.0162716193696558,synthetic
L1,2026-01-24 18:00:00,29.301029836054663,9.692518909601311,0.014781695826050576,synthetic
L1,2026-01-24 18:15:00,24.455355584094335,8.911203936260161,0.016745650943190263,synthetic
L1,2026-01-24 18:30:00,24.91812775102136,8.403194462866002,0.026449041054215645,synthetic
L1,2026-01-24 18:45:00,36.702826790945096,7.191736388694139,0.019203221282356044,synthetic
L1,2026-01-24 19:00:00,29.662825490298474,7.980206180298788,0.01583291898158137,synthetic
L1,2026-01-24 19:15:00,21.630542242155293,9.6152116639861,0.025556646502691262,synthetic
L1,2026-01-24 19:30:00,16.521097315927,9.895860449771673,0.032856491239692476,synthetic
L1,2026-01-24 19:45:00,36.654651616771034,8.810419335804136,0.021258095805853687,synthetic
L1,2026-01-24 20:00:00,25.62577262188621,10.11838781902484,0.0274030547651926,synthetic
L1,2026-01-24 20:15:00,32.64310204524785,9.349249538637435,0.026216467703448737,synthetic
L1,2026-01-24 20:30:00,39.91765525655299,11.635860381060773,0.01636616149005,synthetic
L1,2026-01-24 20:45:00,19.52860418517212,9.757561353962744,0.020159805082857394,synthetic
L1,2026-01-24 21:00:00,29.638900955897242,11.044496322102573,0.012304732221776075,synthetic
L1,2026-01-24 21:15:00,28.634446830249043,10.304820643442039,0.01877034640183019,synthetic
L1,2026-01-24 21:30:00,33.037943005023685,7.896893441133917,0.016242857785245656,synthetic
L1,2026-01-24 21:45:00,39.91327998736348,9.864012736394237,0.01758268425694619,synthetic
L1,2026-01-24 22:00:00,19.364385482700737,8.146563851006974,0.01550062981171798,synthetic
L1,2026-01-24 22:15:00,34.558383589646134,9.837818742674617,0.018277419150826597,synthetic
L1,2026-01-24 22:30:00,38.25219019994961,8.882303774153966,0.023193396117589485,synthetic
L1,2026-01-24 22:45:00,28.508983488345738,10.572944550227213,0.019283048537360025,synthetic
L1,2026-01-24 23:00:00,28.900424056855012,7.9864684938006985,0.008813760813467686,synthetic
L1,2026-01-24 23:15:00,33.34759495187938,10.022052737919156,0.015523276610609083,synthetic
L1,2026-01-24 23:30:00,32.7585366231183,10.858623373844791,0.010883603884650487,synthetic
L1,2026-01-24 23:45:00,34.65882085893698,11.361393353963493,0.021464361355890606,synthetic
L1,2026-01-25 00:00:00,34.490244211209735,8.853748363173665,0.023019904184325125,synthetic
L1,2026-01-25 00:15:00,22.14422155507479,10.026626458310762,0.02153928933112499,synthetic
L1,2026-01-25 00:30:00,37.922131981639545,10.27622045936736,0.015275573640203675,synthetic
L1,2026-01-25 00:45:00,39.33426529752191,12.320689419314153,0.0214811235747873,synthetic
L1,2026-01-25 01:00:00,31.488663149522385,7.778004908874795,0.01717931446538675,synthetic
L1,2026-01-25 01:15:00,18.046757547602667,8.633346182393426,0.013170647301498487,synthetic
L1,2026-01-25 01:30:00,29.082034351999276,14.20669373910412,0.024451579518253583,synthetic
L1,2026-01-25 01:45:00,31.555247015524547,9.590354074066038,0.02490816652234263,synthetic
L1,2026-01-25 02:00:00,20.84319809770546,7.163509285145088,0.02569337288650104,synthetic
L1,2026-01-25 02:15:00,27.118895491383892,9.126174784977751,0.01634990839980526,synthetic
L1,2026-01-25 02:30:00,18.725044899531667,5.846690167803457,0.027076173876158474,synthetic
L1,2026-01-25 02:45:00,34.85833779989155,10.36138106868423,0.017038506492031594,synthetic
L1,2026-01-25 03:00:00,31.32764251921641,11.214677140417328,0.02392100792923108,synthetic
L1,2026-01-25 03:15:00,16.833734681486042,8.63250643574687,0.016934524029399947,synthetic
L1,2026-01-25 03:30:00,32.81171889265585,9.293914116622739,0.018656107017525375,synthetic
L1,2026-01-25 03:45:00,29.54792842087767,11.385481233053369,0.005472932855664863,synthetic
L1,2026-01-25 04:00:00,34.13131426203524,7.374676802730894,0.018188520713498506,synthetic
L1,2026-01-25 04:15:00,26.867740529956578,8.01764318170068,0.020546539800710164,synthetic
L1,2026-01-25 04:30:00,23.588164794055807,9.65782722742654,0.01753970229581697,synthetic
L1,2026-01-25 04:45:00,23.833242988337545,8.871497743799772,0.030537128408510836,synthetic
L1,2026-01-25 05:00:00,25.694638267612763,9.559199653789618,0.013025203488048342,synthetic
L1,2026-01-25 05:15:00,30.150600772648378,8.104374520890218,0.016618512577376447,synthetic
L1,2026-01-25 05:30:00,31.183667723398337,10.321470228882262,0.01457076434008488,synthetic
L1,2026-01-25 05:45:00,28.474240977535178,9.776150372230017,0.016617338126027174,synthetic
L1,2026-01-25 06:00:00,26.613443608027847,10.82378574134955,0.02618847837764423,synthetic
L1,2026-01-25 06:15:00,27.188773855956146,10.300599250720438,0.028868190765961782,synthetic
L1,2026-01-25 06:30:00,50.06179828405546,10.310035108744035,0.01579524433448635,synthetic
L1,2026-01-25 06:45:00,23.83419878801433,7.830538968204829,0.01566195474366078,synthetic
L1,2026-01-25 07:00:00,25.53622393163046,10.738887327467308,0.01305722810843651,synthetic
L1,2026-01-25 07:15:00,56.35083286694518,9.503700397293336,0.02783771231911582,synthetic
L1,2026-01-25 07:30:00,33.36810641968442,9.750102538525573,0.026726026441497817,synthetic
L1,2026-01-25 07:45:00,18.960154672770436,11.572396564586214,0.01936410920006728,synthetic
L1,2026-01-25 08:00:00,36.741497631818106,8.920846665224657,0.01162340482215872,synthetic
L1,2026-01-25 08:15:00,22.71968888639082,12.026776492688501,0.012160024607262489,synthetic
L1,2026-01-25 08:30:00,37.272492062440776,12.16671294905964,0.02102377670230756,synthetic
L1,2026-01-25 08:45:00,28.312301765034547,11.129176656046559,0.023296027510678993,synthetic
L1,2026-01-25 09:00:00,26.48163320408474,8.529068783848867,0.0076031311698731095,synthetic
L1,2026-01-25 09:15:00,42.87331975062067,6.720560131559602,0.018072140536772703,synthetic
L1,2026-01-25 09:30:00,34.53121082127396,11.61825237138991,0.029709775337344303,synthetic
L1,2026-01-25 09:45:00,37.78391549959366,10.16707759199662,0.01869494476021829,synthetic
L1,2026-01-25 10:00:00,33.479357436159574,8.882203793767806,0.028937828544743742,synthetic
L1,2026-01-25 10:15:00,26.444443809655212,11.760343515633403,0.023894276773734104,synthetic
L1,2026-01-25 10:30:00,34.890835362065665,8.707661678683285,0.013494322394987854,synthetic
L1,2026-01-25 10:45:00,39.67372314147568,9.363767112653585,0.018243972239888863,synthetic
L1,2026-01-25 11:00:00,31.07790434814043,10.787335546475491,0.019227834568731783,synthetic
L1,2026-01-25 11:15:00,44.41314083477205,8.329595752577685,0.014284930591438962,synthetic
L1,2026-01-25 11:30:00,36.80389762561527,9.8357786355894,0.014180791863134354,synthetic
L1,2026-01-25 11:45:00,31.695860398172897,11.633705775870043,0.029040611552711364,synthetic
L1,2026-01-25 12:00:00,32.011892248142544,10.316666115431694,0.014135836281842291,synthetic
L1,2026-01-25 12:15:00,31.097897031741,11.87113950523552,0.02647061645845208,synthetic
L1,2026-01-25 12:30:00,19.990089715240067,11.700403537008997,0.017381093129809903,synthetic
L1,2026-01-25 12:45:00,29.27942243353116,10.01160750163243,0.019846164020700965,synthetic
L1,2026-01-25 13:00:00,31.769491882729337,6.494887935463917,0.023371066509431437,synthetic
L1,2026-01-25 13:15:00,26.67131902986777,8.34134155717704,0.016408647962571927,synthetic
L1,2026-01-25 13:30:00,32.70141614963756,11.145001168576734,0.0234074258809672,synthetic
L1,2026-01-25 13:45:00,30.170459922840887,7.674622869572069,0.007721421802709707,synthetic
L1,2026-01-25 14:00:00,36.18953512879015,9.509961117119575,0.022638244330487823,synthetic
L1,2026-01-25 14:15:00,35.30489904852585,10.507720920533549,0.005188819252570184,synthetic
L1,2026-01-25 14:30:00,31.33722630067873,12.204356043642266,0.018638919639809255,synthetic
L1,2026-01-25 14:45:00,19.062296869584014,9.137470455318379,0.02512545791191095,synthetic
L1,2026-01-25 15:00:00,44.32578190944936,9.034768436375305,0.023733771836350257,synthetic
L1,2026-01-25 15:15:00,28.864872011430855,9.921331350256748,0.012209537126228354,synthetic
L1,2026-01-25 15:30:00,29.352908370438946,10.526369454715153,0.012982013623438898,synthetic
L1,2026-01-25 15:45:00,27.2598332104049,9.76862975890586,0.01586796775806419,synthetic
L1,2026-01-25 16:00:00,26.09270675147571,11.573902523328716,0.021117295174148808,synthetic
L1,2026-01-25 16:15:00,42.35246438400419,8.801284250457293,0.007808400859737779,synthetic
L1,2026-01-25 16:30:00,41.088354563088636,10.180241400068565,0.01992065854490865,synthetic
L1,2026-01-25 16:45:00,33.555147228621365,10.667819065370528,0.021868576242800388,synthetic
L1,2026-01-25 17:00:00,29.139998764554196,9.399650785141215,0.0183017769147741,synthetic
L1,2026-01-25 17:15:00,34.95294388011003,11.25956490483995,0.023151925808318312,synthetic
L1,2026-01-25 17:30:00,30.59037585415498,10.223437811863525,0.021342344949957223,synthetic
L1,2026-01-25 17:45:00,28.47821665341521,11.18326856972841,0.016750074443606627,synthetic
L1,2026-01-25 18:00:00,32.704847372050644,10.291156162073248,0.008382863838443059,synthetic
L1,2026-01-25 18:15:00,26.470738024436443,10.564606857230842,0.02080047848942494,synthetic
L1,2026-01-25 18:30:00,32.01811411202746,9.051412364725968,0.014281547808620133,synthetic
L1,2026-01-25 18:45:00,31.633767404973085,9.053842442213165,0.01652994425083073,synthetic
L1,2026-01-25 19:00:00,34.8234881700634,11.836594719893165,0.022874745307778516,synthetic
L1,2026-01-25 19:15:00,25.04690434019513,10.9532656667805,0.028504000300606108,synthetic
L1,2026-01-25 19:30:00,35.681090823012326,8.465552250666397,0.019771639259347946,synthetic
L1,2026-01-25 19:45:00,22.74950805639596,10.271295136982246,0.023324389018675222,synthetic
L1,2026-01-25 20:00:00,25.41946678703009,6.439335919696862,0.011333123953082657,synthetic
L1,2026-01-25 20:15:00,25.76859952683405,9.139089754450875,0.021473141485970206,synthetic
L1,2026-01-25 20:30:00,21.423585821010576,11.44154151492986,0.019640564373937026,synthetic
L1,2026-01-25 20:45:00,38.1252982670853,9.81228161693326,0.027375365483757092,synthetic
L1,2026-01-25 21:00:00,22.24758019048162,10.176869004499046,0.01675724914382746,synthetic
L1,2026-01-25 21:15:00,24.408669300746624,5.475428130219683,0.018550174297025775,synthetic
L1,2026-01-25 21:30:00,40.043261683893135,9.411619572795772,0.02635288680279677,synthetic
L1,2026-01-25 21:45:00,25.435338385170795,10.507408335740818,0.019447797245632104,synthetic
L1,2026-01-25 22:00:00,28.494858518895228,10.69793481309751,0.013346951712276388,synthetic
L1,2026-01-25 22:15:00,21.903767992667714,11.443533567001547,0.035309799639740735,synthetic
L1,2026-01-25 22:30:00,36.66360966098148,9.684613372339857,0.0135284434199796,synthetic
L1,2026-01-25 22:45:00,36.773889953528524,9.751516281063775,0.019611799510702858,synthetic
L1,2026-01-25 23:00:00,35.91156723298757,8.001823855885206,0.02208012893615368,synthetic
L1,2026-01-25 23:15:00,34.30023862555155,9.693217691240203,0.02160570505418669,synthetic
L1,2026-01-25 23:30:00,30.588712888155815,8.107637406403303,0.01886153777596161,synthetic
L1,2026-01-25 23:45:00,25.804986664496123,7.228194820291875,0.018891437776842154,synthetic
L1,2026-01-26 00:00:00,23.48024554667183,8.372230944834133,0.01859040880227227,synthetic
L1,2026-01-26 00:15:00,40.31924421409336,12.263027361705957,0.013304396848451767,synthetic
L1,2026-01-26 00:30:00,36.118434173812716,9.594158197730085,0.03290131528653637,synthetic
L1,2026-01-26 00:45:00,24.453566182396607,10.329816044535049,0.01868005449371974,synthetic
L1,2026-01-26 01:00:00,30.318654145785075,9.229755623202916,0.023581585956938572,synthetic
L1,2026-01-26 01:15:00,27.599079256119893,7.314173470822154,0.01799208285391037,synthetic
L1,2026-01-26 01:30:00,20.974314354354,11.40416968739456,0.0178714179658671,synthetic
L1,2026-01-26 01:45:00,31.42121101297042,6.741702790216617,0.017267338023982098,synthetic
L1,2026-01-26 02:00:00,26.676058686086435,9.167810984812512,0.010700925272064496,synthetic
L1,2026-01-26 02:15:00,22.379706669634515,9.918077678724908,0.019036273159275384,synthetic
L1,2026-01-26 02:30:00,18.166939566865906,10.345734465144783,0.01755795407408342,synthetic
L1,2026-01-26 02:45:00,17.48957199835463,8.910295593206696,0.027029147055108664,synthetic
L1,2026-01-26 03:00:00,27.028590978442885,7.2430577754175385,0.012819799294492909,synthetic
L1,2026-01-26 03:15:00,29.319240236600674,8.798360061496842,0.01653711693467087,synthetic
L1,2026-01-26 03:30:00,22.99759351870147,8.876863018570507,0.014609357199475507,synthetic
L1,2026-01-26 03:45:00,35.20591542125782,8.840359757267379,0.02865518236407085,synthetic
L1,2026-01-26 04:00:00,29.4756276657363,11.455087885311405,0.014783549330871972,synthetic
L1,2026-01-26 04:15:00,34.6150824847892,8.179595832791286,0.02337379906835682,synthetic
L1,2026-01-26 04:30:00,28.536713678498337,10.451468911657239,0.02582096884043588,synthetic
L1,2026-01-26 04:45:00,23.703058918343153,10.237445555826874,0.019123262531507552,synthetic
L1,2026-01-26 05:00:00,30.912940569108912,11.440682616207505,0.01173913399435719,synthetic
L1,2026-01-26 05:15:00,19.89860390385342,9.800302192394604,0.011815076847417859,synthetic
L1,2026-01-26 05:30:00,34.315508165093185,11.186696450796338,0.025158584388776477,synthetic
L1,2026-01-26 05:45:00,22.502806347894932,9.741669792858852,0.012436435887200855,synthetic
L1,2026-01-26 06:00:00,37.34586021226759,10.6515887898772,0.022352159666359474,synthetic
L1,2026-01-26 06:15:00,27.292354030064683,7.745588369129139,0.020686094658923578,synthetic
L1,2026-01-26 06:30:00,38.500268130479334,6.042582885563337,0.022262794905866162,synthetic
L1,2026-01-26 06:45:00,21.019014491293476,10.56632028034878,0.022829508847075325,synthetic
L1,2026-01-26 07:00:00,24.577842394169437,10.646774689058844,0.01439797529349259,synthetic
L1,2026-01-26 07:15:00,33.04747957478857,10.713253499727823,0.014146830925911551,synthetic
L1,2026-01-26 07:30:00,39.36397674741404,9.212601227867982,0.024289562804602417,synthetic
L1,2026-01-26 07:45:00,43.332871266519376,12.234583378315559,0.016223932336613622,synthetic
L1,2026-01-26 08:00:00,30.330929309446983,9.310183276394467,0.003499109047969108,synthetic
L1,2026-01-26 08:15:00,44.70196504629405,10.631318529508555,0.02389253178730319,synthetic
L1,2026-01-26 08:30:00,27.682683601396555,10.891954337506117,0.01378243227158739,synthetic
L1,2026-01-26 08:45:00,38.79014097890378,12.578110239623665,0.02280281526743152,synthetic
L1,2026-01-26 09:00:00,22.462552024325557,9.524455570315249,0.028356931095901816,synthetic
L1,2026-01-26 09:15:00,33.36160405490603,9.02021064065627,0.020100574743571686,synthetic
L1,2026-01-26 09:30:00,11.266455673148435,7.752781923377015,0.025974594989981187,synthetic
L1,2026-01-26 09:45:00,21.02727190677501,12.32855050999371,0.020922786083217213,synthetic
L1,2026-01-26 10:00:00,33.73341438464612,10.63211636057281,0.029524575968846885,synthetic
L1,2026-01-26 10:15:00,19.50048918239581,10.679591658841453,0.013627357347457365,synthetic
L1,2026-01-26 10:30:00,33.41559688631348,14.675056361985881,0.01995071011750106,synthetic
L1,2026-01-26 10:45:00,37.25166496649891,10.487567111779448,0.024038969630248805,synthetic
L1,2026-01-26 11:00:00,25.989438458253776,8.046517892349952,0.01885752945793973,synthetic
L1,2026-01-26 11:15:00,22.248376354606414,9.706144637510535,0.026913313979916018,synthetic
L1,2026-01-26 11:30:00,26.20650707316209,8.53782638672702,0.017407762762935316,synthetic
L1,2026-01-26 11:45:00,22.273501446526517,9.406197408125841,0.03241622690977333,synthetic
L1,2026-01-26 12:00:00,29.19029153587266,9.396115595868089,0.03273318502563347,synthetic
L1,2026-01-26 12:15:00,30.816724999104654,9.119463413399426,0.0216924319773638,synthetic
L1,2026-01-26 12:30:00,27.55191901522553,7.910076241966904,0.023315607082127703,synthetic
L1,2026-01-26 12:45:00,43.39487392149457,12.388752450508445,0.027150028613747827,synthetic
L1,2026-01-26 13:00:00,24.244769442504197,10.44827206665759,0.0128768156061958,synthetic
L1,2026-01-26 13:15:00,41.1314654340425,9.661791947949643,0.012127999912533256,synthetic
L1,2026-01-26 13:30:00,21.67008610950309,11.136456744273614,0.02753851348314581,synthetic
L1,2026-01-26 13:45:00,30.58222055953239,10.706600912274087,0.021643930837237996,synthetic
L1,2026-01-26 14:00:00,39.464843268384556,10.413536099113072,0.01864096852412126,synthetic
L1,2026-01-26 14:15:00,39.05085721802654,11.02749710915024,0.020066739817286967,synthetic
L1,2026-01-26 14:30:00,26.63793681839812,10.200902115637986,0.005683751165815584,synthetic
L1,2026-01-26 14:45:00,34.44055776057076,11.005332185487386,0.01885662611325799,synthetic
L1,2026-01-26 15:00:00,33.36943266931381,11.129668451316663,0.015481719564840658,synthetic
L1,2026-01-26 15:15:00,25.68048657125808,10.244078102549205,0.025508429801690494,synthetic
L1,2026-01-26 15:30:00,34.927599497184595,9.669408259755826,0.02597018467030404,synthetic
L1,2026-01-26 15:45:00,44.89993737641898,12.295596702180863,0.023460081404779464,synthetic
L1,2026-01-26 16:00:00,33.77360532050105,9.283147690339849,0.022372751892794848,synthetic
L1,2026-01-26 16:15:00,34.530851032565366,10.586970400641018,0.011015919507678393,synthetic
L1,2026-01-26 16:30:00,35.377239825605656,10.6208626161086,0.023543858479981247,synthetic
L1,2026-01-26 16:45:00,18.312187141158876,9.085663221604547,0.023776387673140303,synthetic
L1,2026-01-26 17:00:00,33.68179738565031,8.788266422032759,0.02747115592261238,synthetic
L1,2026-01-26 17:15:00,21.86592340129178,9.469221968695223,0.03270925887458118,synthetic
L1,2026-01-26 17:30:00,25.280904474417603,9.261674720236588,0.009844635958570349,synthetic
L1,2026-01-26 17:45:00,47.29553424950802,7.812804157541702,0.01766913904629072,synthetic
L1,2026-01-26 18:00:00,27.97390712272952,9.022757376221087,0.015546400177054132,synthetic
L1,2026-01-26 18:15:00,24.078607165646183,10.399334476951843,0.021035043130310446,synthetic
L1,2026-01-26 18:30:00,39.22066063121114,11.898915376222899,0.020080411149308232,synthetic
L1,2026-01-26 18:45:00,22.418583977260987,10.83158700276045,0.018595507561519127,synthetic
L1,2026-01-26 19:00:00,26.420646846482583,6.1006982524446425,0.026165626168407043,synthetic
L1,2026-01-26 19:15:00,39.992417343889336,10.961955572135992,0.013391514732915298,synthetic
L1,2026-01-26 19:30:00,30.342140522463676,9.162772321156423,0.013753271195644363,synthetic
L1,2026-01-26 19:45:00,17.507223638987767,10.679620112031644,0.013854648373411747,synthetic
L1,2026-01-26 20:00:00,34.351916914580954,9.978797111184058,0.01783803447544408,synthetic
L1,2026-01-26 20:15:00,26.82827294362793,9.710968560869759,0.012628458704528923,synthetic
L1,2026-01-26 20:30:00,42.31881189224196,9.846646408056788,0.01970857106720438,synthetic
L1,2026-01-26 20:45:00,25.150504418926932,9.96636353759533,0.019007058832214797,synthetic
L1,2026-01-26 21:00:00,38.40980778980741,12.016607458135365,0.01528090931600552,synthetic
L1,2026-01-26 21:15:00,44.20558425892571,9.97050971937237,0.025242597524337176,synthetic
L1,2026-01-26 21:30:00,23.192454209507435,11.6283041997718,0.01964299683027958,synthetic
L1,2026-01-26 21:45:00,28.45429583393446,11.409858798768486,0.026375884184190825,synthetic
L1,2026-01-26 22:00:00,33.109002193155604,11.000568321375479,0.01882970089277341,synthetic
L1,2026-01-26 22:15:00,23.141233979566604,7.320071769805484,0.019854830670611872,synthetic
L1,2026-01-26 22:30:00,32.16235957366264,11.674948984242409,0.016623305571909736,synthetic
L1,2026-01-26 22:45:00,28.20063769995206,9.313148058796617,0.019957720756787093,synthetic
L1,2026-01-26 23:00:00,28.039459427253078,11.073590921612158,0.02427338783679228,synthetic
L1,2026-01-26 23:15:00,30.391507141664892,8.54120075013938,0.017531994606378214,synthetic
L1,2026-01-26 23:30:00,30.570117724628513,8.222388935045116,0.023110471775207985,synthetic
L1,2026-01-26 23:45:00,31.311046152608323,12.964583105246799,0.015123518233725554,synthetic
L1,2026-01-27 00:00:00,25.209389236345725,8.564525399742829,0.024554303393133258,synthetic
L1,2026-01-27 00:15:00,25.558626205201975,11.71915995857762,0.016520565036128438,synthetic
L1,2026-01-27 00:30:00,29.051299289401356,10.17763048215478,0.025110079239374302,synthetic
L1,2026-01-27 00:45:00,29.641938870113638,9.369819912459743,0.020365859254601992,synthetic
L1,2026-01-27 01:00:00,26.489205280427065,9.93275667350469,0.02912572240034638,synthetic
L1,2026-01-27 01:15:00,32.59151713668815,8.048358255203034,0.013075593642474747,synthetic
L1,2026-01-27 01:30:00,15.481906010598426,9.979368430586154,0.01114293936012879,synthetic
L1,2026-01-27 01:45:00,24.156269928728385,8.37588952915606,0.0163026965241466,synthetic
L2,2026-01-24 01:45:00,18.923112415725495,10.77196116696051,0.02363559504588078,synthetic
L2,2026-01-24 02:00:00,18.93812084457378,11.712590250919533,0.015269852174760389,synthetic
L2,2026-01-24 02:15:00,34.972406083679004,11.648126651838115,0.01299041378409169,synthetic
L2,2026-01-24 02:30:00,29.966569652698734,15.305562673344161,0.020094582138510755,synthetic
L2,2026-01-24 02:45:00,26.16255218636593,12.418043866902943,0.023366196782116454,synthetic
L2,2026-01-24 03:00:00,26.904299221556542,9.095538338473036,0.022431050841155306,synthetic
L2,2026-01-24 03:15:00,25.222098685389284,12.752726450856176,0.01692704093383214,synthetic
L2,2026-01-24 03:30:00,43.20295334255235,12.982194700939163,0.02178694665491962,synthetic
L2,2026-01-24 03:45:00,24.11595433885571,11.77476954915947,0.02901413282765597,synthetic
L2,2026-01-24 04:00:00,19.422928815333606,9.815885986063439,0.021230868123854166,synthetic
L2,2026-01-24 04:15:00,36.368404939890624,15.164498451564233,0.01020111238508828,synthetic
L2,2026-01-24 04:30:00,28.27395501321743,10.074208955553736,0.021219202028603855,synthetic
L2,2026-01-24 04:45:00,46.31018951054308,13.18938997154868,0.032263741827275656,synthetic
L2,2026-01-24 05:00:00,25.790354889646917,12.360090952315083,0.012275655121306427,synthetic
L2,2026-01-24 05:15:00,36.76787343805434,13.081458988253585,0.020178347970974134,synthetic
L2,2026-01-24 05:30:00,38.65757864479444,15.072344263501193,0.018641987401807194,synthetic
L2,2026-01-24 05:45:00,25.82931334238397,13.010949969853863,0.020575297755650385,synthetic
L2,2026-01-24 06:00:00,24.056633856727714,10.994404391321641,0.02116551291892263,synthetic
L2,2026-01-24 06:15:00,35.93093224744724,13.99078609523033,0.026839831916377548,synthetic
L2,2026-01-24 06:30:00,34.599135343311445,10.864020989920585,0.020508699718404865,synthetic
L2,2026-01-24 06:45:00,18.715119194312585,12.294404420511482,0.027663557343272284,synthetic
L2,2026-01-24 07:00:00,20.972514909562236,9.672449505571578,0.019294066047281105,synthetic
L2,2026-01-24 07:15:00,9.708559960415958,10.140093790793845,0.017899179356152203,synthetic
L2,2026-01-24 07:30:00,34.763094831830415,12.092496006785135,0.015984902101768367,synthetic
L2,2026-01-24 07:45:00,27.905382454914037,12.66255607544557,0.009097477825279083,synthetic
L2,2026-01-24 08:00:00,28.702796632197742,8.935696879156145,0.02165468847155504,synthetic
L2,2026-01-24 08:15:00,16.468447218385172,12.895117262401195,0.03232400173083105,synthetic
L2,2026-01-24 08:30:00,21.215181175285387,10.525027842123064,0.02274941286371517,synthetic
L2,2026-01-24 08:45:00,26.17632869945947,14.3034384282081,0.024120484124970077,synthetic
L2,2026-01-24 09:00:00,24.62139519881743,11.366464028115885,0.01752181204991327,synthetic
L2,2026-01-24 09:15:00,30.94268860414105,9.977479914810026,0.018533999652357976,synthetic
L2,2026-01-24 09:30:00,34.667745013054514,12.136448204326655,0.025907848929999575,synthetic
L2,2026-01-24 09:45:00,48.15690055428158,10.350776998058294,0.032052161841738924,synthetic
L2,2026-01-24 10:00:00,29.839863759752596,14.284101254579626,0.02892768761478092,synthetic
L2,2026-01-24 10:15:00,38.923221304775566,12.00095437355958,0.024831467778368133,synthetic
L2,2026-01-24 10:30:00,23.360217784161804,11.726982078432084,0.020210903476343054,synthetic
L2,2026-01-24 10:45:00,16.600429480197153,13.065241834075813,0.02125831348560394,synthetic
L2,2026-01-24 11:00:00,27.181586826319002,10.191094609439473,0.015478956083430475,synthetic
L2,2026-01-24 11:15:00,17.218226257006066,9.679523420408675,0.011310994872184059,synthetic
L2,2026-01-24 11:30:00,30.117385337352825,12.735032842994947,0.013239209853440355,synthetic
L2,2026-01-24 11:45:00,23.756367003930677,10.020592725584144,0.020298800207131627,synthetic
L2,2026-01-24 12:00:00,14.365828905963316,10.019981723250979,0.018248046431439936,synthetic
L2,2026-01-24 12:15:00,43.888201166881416,13.506160856197598,0.011183349771681892,synthetic
L2,2026-01-24 12:30:00,25.699506295156958,12.945115397971092,0.019776059725701584,synthetic
L2,2026-01-24 12:45:00,16.89904557644642,9.74310682358476,0.01808941805320433,synthetic
L2,2026-01-24 13:00:00,37.185374324058316,10.885555122705595,0.012962906868295519,synthetic
L2,2026-01-24 13:15:00,24.17108509968572,10.373283199296624,0.017778925936279576,synthetic
L2,2026-01-24 13:30:00,38.721328269525294,15.197374736473044,0.018074281995701935,synthetic
L2,2026-01-24 13:45:00,24.132845322575605,13.630818769627094,0.0163001771604532,synthetic
L2,2026-01-24 14:00:00,25.67281847789762,11.242479277190506,0.02556002098865564,synthetic
L2,2026-01-24 14:15:00,32.75865367581637,13.037150440818287,0.008582590627440127,synthetic
L2,2026-01-24 14:30:00,34.74575504563288,9.558864865324507,0.008085206055734174,synthetic
L2,2026-01-24 14:45:00,36.147869898724785,10.789236927858912,0.02001971470669455,synthetic
L2,2026-01-24 15:00:00,29.282070890165368,12.188753878695396,0.020576763136353836,synthetic
L2,2026-01-24 15:15:00,34.22893377243667,12.814015348462643,0.02242529081611384,synthetic
L2,2026-01-24 15:30:00,35.96502885538737,11.824573574075801,0.016766158950325436,synthetic
L2,2026-01-24 15:45:00,31.604553108534798,12.446424319285606,0.01449245716944601,synthetic
L2,2026-01-24 16:00:00,28.85873509388563,12.141005627915627,0.019956103203830317,synthetic
L2,2026-01-24 16:15:00,18.43764041415096,11.705560676359829,0.01735053118791202,synthetic
L2,2026-01-24 16:30:00,34.79339325423991,11.466937934056391,0.029306428427934166,synthetic
L2,2026-01-24 16:45:00,30.337389593129206,11.232723229179989,0.018054636500448848,synthetic
L2,2026-01-24 17:00:00,26.69107318119434,12.417487515531459,0.019680889089697534,synthetic
L2,2026-01-24 17:15:00,40.22213090873328,12.739468060559021,0.034852508837587656,synthetic
L2,2026-01-24 17:30:00,18.577330936693475,12.357046501173901,0.01883143863961588,synthetic
L2,2026-01-24 17:45:00,43.15229052291909,9.878525309998093,0.023336941191194546,synthetic
L2,2026-01-24 18:00:00,29.821813770924276,10.201929867942262,0.023877856600318118,synthetic
L2,2026-01-24 18:15:00,32.54014542802319,12.717987250706521,0.024388409862309286,synthetic
L2,2026-01-24 18:30:00,26.839647083757832,14.64901194120758,0.021736923592467514,synthetic
L2,2026-01-24 18:45:00,16.66341669981336,12.274347830805759,0.02116304476646306,synthetic
L2,2026-01-24 19:00:00,28.883120812273763,11.25899685754141,0.020602005739022697,synthetic
L2,2026-01-24 19:15:00,32.67795925514234,12.403812819796997,0.016544036586597363,synthetic
L2,2026-01-24 19:30:00,35.40980357122075,9.953721439475828,0.02195311281703561,synthetic
L2,2026-01-24 19:45:00,28.41573441248879,14.356097681765634,0.032171875024547554,synthetic
L2,2026-01-24 20:00:00,12.459681270364655,12.33586946011445,0.027264091453781343,synthetic
L2,2026-01-24 20:15:00,17.666709243338996,10.794977016221013,0.02182350813334782,synthetic
L2,2026-01-24 20:30:00,46.41615699010635,11.699768161032825,0.02513497878863594,synthetic
L2,2026-01-24 20:45:00,21.259712129823075,11.051334782285492,0.014784944547616087,synthetic
L2,2026-01-24 21:00:00,41.41639566591367,14.361005958270301,0.018436927074801688,synthetic
L2,2026-01-24 21:15:00,22.527306100659235,11.635967838995294,0.025687099065104333,synthetic
L2,2026-01-24 21:30:00,28.540352722177058,12.279658343008068,0.02892300316074915,synthetic
L2,2026-01-24 21:45:00,35.00166607679923,13.032707621972325,0.015374802967427732,synthetic
L2,2026-01-24 22:00:00,23.438444427353012,10.666620113223825,0.017098470143461057,synthetic
L2,2026-01-24 22:15:00,42.73772108607243,12.348677039043283,0.03308825476327122,synthetic
L2,2026-01-24 22:30:00,30.60582686454729,12.493984024909578,0.020577567498613836,synthetic
L2,2026-01-24 22:45:00,33.68680677039736,9.202658122162882,0.030940171836202273,synthetic
L2,2026-01-24 23:00:00,27.859143935846994,12.454853679799697,0.021241143903654756,synthetic
L2,2026-01-24 23:15:00,35.269762296136726,11.91762828310235,0.021477081693952613,synthetic
L2,2026-01-24 23:30:00,42.6303419187989,12.233939325808795,0.018167054674040617,synthetic
L2,2026-01-24 23:45:00,28.949712499014286,12.064133484283019,0.025655330849061374,synthetic
L2,2026-01-25 00:00:00,43.83770232599389,12.466505771310148,0.028146665301823998,synthetic
L2,2026-01-25 00:15:00,25.107233532967058,14.407217806217083,0.013789986619154797,synthetic
L2,2026-01-25 00:30:00,36.11276831481368,9.876886658246804,0.01788529668667738,synthetic
L2,2026-01-25 00:45:00,33.9129146899444,11.384125796099244,0.025490471146245322,synthetic
L2,2026-01-25 01:00:00,21.451343418541043,13.199913532133106,0.019222708173294033,synthetic
L2,2026-01-25 01:15:00,31.710477637098656,12.86566656191024,0.01703968718880074,synthetic
L2,2026-01-25 01:30:00,30.058927502802984,12.826929996015751,0.026057252923216413,synthetic
L2,2026-01-25 01:45:00,23.17446258978524,16.956438988212007,0.026620719228275067,synthetic
L2,2026-01-25 02:00:00,32.864019473553014,13.105443943410071,0.017302147455967167,synthetic
L2,2026-01-25 02:15:00,31.17031636886814,14.035688033259046,0.021274199167927672,synthetic
L2,2026-01-25 02:30:00,29.419304421542268,11.447270294065484,0.012749151224574602,synthetic
L2,2026-01-25 02:45:00,29.451380247530523,10.212757726984892,0.014627114537127806,synthetic
L2,2026-01-25 03:00:00,29.279917928611045,11.43422862737946,0.02074499139280028,synthetic
L2,2026-01-25 03:15:00,27.058403030029382,13.281528308418128,0.02018844072547906,synthetic
L2,2026-01-25 03:30:00,31.118672760119853,12.732290138692516,0.014198743449616193,synthetic
L2,2026-01-25 03:45:00,24.848686301089757,12.725852467077983,0.015704156451646547,synthetic
L2,2026-01-25 04:00:00,51.25447593176,11.61418010376517,0.013609733780266644,synthetic
L2,2026-01-25 04:15:00,18.725334036277474,11.327155286136644,0.022730359141479264,synthetic
L2,2026-01-25 04:30:00,25.322111382124326,11.6762569602721,0.0081941648198486,synthetic
L2,2026-01-25 04:45:00,25.954063163384475,13.304055810297383,0.013930536622638823,synthetic
L2,2026-01-25 05:00:00,46.323947314596296,13.513309370706752,0.008822350713006074,synthetic
L2,2026-01-25 05:15:00,19.438922800180006,10.18876503059179,0.022514123623147884,synthetic
L2,2026-01-25 05:30:00,33.407378383888876,13.372216606976608,0.009183598699671792,synthetic
L2,2026-01-25 05:45:00,31.98715252037232,10.828701784638787,0.020190375191213243,synthetic
L2,2026-01-25 06:00:00,32.66881843739638,12.844058973313896,0.02983714409448454,synthetic
L2,2026-01-25 06:15:00,39.890745300887524,11.65446166356752,0.03004060388762541,synthetic
L2,2026-01-25 06:30:00,39.72663487797671,14.818419388630172,0.009164554584927074,synthetic
L2,2026-01-25 06:45:00,26.39234538783906,11.247465667833938,0.021790457609785735,synthetic
L2,2026-01-25 07:00:00,31.552139595951928,12.321501313610609,0.014066172221717271,synthetic
L2,2026-01-25 07:15:00,15.087183742782848,13.091867683606969,0.012841183785738453,synthetic
L2,2026-01-25 07:30:00,30.792744068175434,10.426874069778812,0.019319180273659555,synthetic
L2,2026-01-25 07:45:00,23.648084577344648,11.868857300231499,0.027369746941598754,synthetic
L2,2026-01-25 08:00:00,28.508940592315867,11.520147207678352,0.02359795324532215,synthetic
L2,2026-01-25 08:15:00,16.517025081466443,11.075135729869249,0.015709154429102715,synthetic
L2,2026-01-25 08:30:00,33.2389782937526,11.208498597330168,0.024230203984460016,synthetic
L2,2026-01-25 08:45:00,16.427450435395137,14.00162627664623,0.0065377500087099236,synthetic
L2,2026-01-25 09:00:00,31.186276854332693,10.9226086774314,0.015482325209400558,synthetic
L2,2026-01-25 09:15:00,20.187955255819602,13.01953418880889,0.015056650731792496,synthetic
L2,2026-01-25 09:30:00,23.202871718912924,12.566271003656059,0.020469924150433586,synthetic
L2,2026-01-25 09:45:00,39.2378568203613,9.485435791604683,0.01878303221804,synthetic
L2,2026-01-25 10:00:00,34.70334356730898,12.934504989167595,0.01915117343828069,synthetic
L2,2026-01-25 10:15:00,39.19362510136435,9.45567622243615,0.01895168281936317,synthetic
L2,2026-01-25 10:30:00,42.477817060010324,13.130565290697287,0.020134443445934524,synthetic
L2,2026-01-25 10:45:00,23.817290342881883,11.087055042364474,0.023240785801749344,synthetic
L2,2026-01-25 11:00:00,41.991773299526976,12.015061055861613,0.020895986156614296,synthetic
L2,2026-01-25 11:15:00,18.275954750568786,9.67029609067259,0.01829388910037265,synthetic
L2,2026-01-25 11:30:00,35.968802676359225,12.22028818248867,0.022410489678828693,synthetic
L2,2026-01-25 11:45:00,26.053298283200228,13.668510752347116,0.024956741261916583,synthetic
L2,2026-01-25 12:00:00,22.55759885888547,10.547462229559283,0.016663844655664225,synthetic
L2,2026-01-25 12:15:00,34.91575893843554,10.907099244940781,0.019643583615963946,synthetic
L2,2026-01-25 12:30:00,37.5596122013537,12.81831784242148,0.02697143937827952,synthetic
L2,2026-01-25 12:45:00,37.32214709317236,12.86331298256449,0.013383435936395861,synthetic
L2,2026-01-25 13:00:00,31.718879111158337,7.618477262864689,0.030828213177535663,synthetic
L2,2026-01-25 13:15:00,31.055658410633914,15.627731454808991,0.011965070151562547,synthetic
L2,2026-01-25 13:30:00,34.21493268559922,12.951396270386997,0.017927812332771582,synthetic
L2,2026-01-25 13:45:00,32.43011260413753,13.25445359241533,0.014298860018743928,synthetic
L2,2026-01-25 14:00:00,34.330846716687844,11.74162719600837,0.03312756198121626,synthetic
L2,2026-01-25 14:15:00,31.631995688885713,8.66036368460596,0.01697989982691709,synthetic
L2,2026-01-25 14:30:00,36.74227059605091,13.214499710250433,0.016994953060828804,synthetic
L2,2026-01-25 14:45:00,16.98233754759658,10.982661549184405,0.017775507560360487,synthetic
L2,2026-01-25 15:00:00,28.94981219930891,12.979077049530012,0.020573616847363703,synthetic
L2,2026-01-25 15:15:00,18.929228049235313,11.606158073527089,0.018029349326572935,synthetic
L2,2026-01-25 15:30:00,32.21361614083908,12.42847088240948,0.019202679172265605,synthetic
L2,2026-01-25 15:45:00,43.135441406829585,10.60500651346336,0.0,synthetic
L2,2026-01-25 16:00:00,26.207321744424252,13.555900096822077,0.020342959016010964,synthetic
L2,2026-01-25 16:15:00,31.018016242377723,9.86091772897619,0.02010683972891987,synthetic
L2,2026-01-25 16:30:00,36.05189371937311,16.04202496561054,0.026231412784474363,synthetic
L2,2026-01-25 16:45:00,13.458216545867803,16.02830754297662,0.027854365689676412,synthetic
L2,2026-01-25 17:00:00,25.823116142846498,14.938859253839718,0.018873751631649217,synthetic
L2,2026-01-25 17:15:00,32.916125274182804,14.295862174394118,0.024897374490043735,synthetic
L2,2026-01-25 17:30:00,6.8240421947418,11.847812955179446,0.013390587317331162,synthetic
L2,2026-01-25 17:45:00,22.18553205540023,14.099784070344974,0.024604054056176626,synthetic
L2,2026-01-25 18:00:00,38.80686378705032,11.82688230310297,0.01656514520519254,synthetic
L2,2026-01-25 18:15:00,38.0239752036058,9.203668423958447,0.012891815191219671,synthetic
L2,2026-01-25 18:30:00,32.9945458189608,14.705762545255238,0.018886467930775697,synthetic
L2,2026-01-25 18:45:00,37.05758111954542,14.031884033260509,0.028402834683186676,synthetic
L2,2026-01-25 19:00:00,31.72083387537171,11.943589606220216,0.021086033220385082,synthetic
L2,2026-01-25 19:15:00,34.44315925953852,9.79466833680393,0.02897892888607028,synthetic
L2,2026-01-25 19:30:00,27.47477032927509,10.944838782157847,0.015507603717105176,synthetic
L2,2026-01-25 19:45:00,30.92650146337674,8.721937947202482,0.02628710662728794,synthetic
L2,2026-01-25 20:00:00,24.94103690867342,13.701145534712358,0.016087039776578327,synthetic
L2,2026-01-25 20:15:00,40.10786675345851,9.114043859644475,0.02135197202893522,synthetic
L2,2026-01-25 20:30:00,42.172475276017614,12.516295566264017,0.021300096971956492,synthetic
L2,2026-01-25 20:45:00,41.039302405576585,10.481351973996562,0.023968950403545037,synthetic
L2,2026-01-25 21:00:00,26.7351299065771,9.431933799000943,0.021504443719467966,synthetic
L2,2026-01-25 21:15:00,22.3698076850793,12.42903916790143,0.015564892773069095,synthetic
L2,2026-01-25 21:30:00,40.2157892860013,11.399161106438344,0.025281841712555382,synthetic
L2,2026-01-25 21:45:00,34.3512576207313,13.508740389765661,0.030389939565952366,synthetic
L2,2026-01-25 22:00:00,32.62867473218914,9.718310516288328,0.01649717946646329,synthetic
L2,2026-01-25 22:15:00,24.930943320438836,10.63683363814712,0.008988607541329807,synthetic
L2,2026-01-25 22:30:00,33.40531050109412,7.702244024716396,0.022995917410122732,synthetic
L2,2026-01-25 22:45:00,21.317775522704522,8.06817597180974,0.018012917635687107,synthetic
L2,2026-01-25 23:00:00,35.07249884863226,15.236746337961323,0.01921338286426822,synthetic
L2,2026-01-25 23:15:00,41.031093596849686,15.750476839379404,0.023337066534386074,synthetic
L2,2026-01-25 23:30:00,43.048364351263615,12.166907169403116,0.01726164542104641,synthetic
L2,2026-01-25 23:45:00,35.66819243287853,10.517108221368279,0.01838688817193797,synthetic
L2,2026-01-26 00:00:00,18.943827603031025,11.462791934117808,0.01939928289838048,synthetic
L2,2026-01-26 00:15:00,31.578641047568173,13.572433564475455,0.028818523627910098,synthetic
L2,2026-01-26 00:30:00,47.1174539524617,11.074099764320318,0.02018041762468149,synthetic
L2,2026-01-26 00:45:00,23.051107276461728,12.42774096067504,0.01258595851511024,synthetic
L2,2026-01-26 01:00:00,29.526547416718262,11.97703910913375,0.01282472911315331,synthetic
L2,2026-01-26 01:15:00,41.30819481440782,10.976137193850857,0.020835379529957607,synthetic
L2,2026-01-26 01:30:00,34.93707137658868,11.052853057214632,0.013223431995854126,synthetic
L2,2026-01-26 01:45:00,49.84125059588084,12.527977569033915,0.010626179078455035,synthetic
L2,2026-01-26 02:00:00,24.137044934171293,10.241601354502606,0.023813215945604066,synthetic
L2,2026-01-26 02:15:00,22.081953714073425,12.81311282212233,0.024106990417211868,synthetic
L2,2026-01-26 02:30:00,39.79300348668139,11.151157872631472,0.01779118079663688,synthetic
L2,2026-01-26 02:45:00,20.432970973827715,12.229261148366815,0.021761955746910255,synthetic
L2,2026-01-26 03:00:00,28.42585608945971,14.491132619103405,0.021128729865173005,synthetic
L2,2026-01-26 03:15:00,29.474827641123387,11.697254318591485,0.023614516315814515,synthetic
L2,2026-01-26 03:30:00,38.28791578708738,13.655647812345586,0.0236284994236388,synthetic
L2,2026-01-26 03:45:00,34.91414374420197,8.774340859409108,0.004365268474836644,synthetic
L2,2026-01-26 04:00:00,33.656519313414904,11.15334657544693,0.018557006249105633,synthetic
L2,2026-01-26 04:15:00,26.780552976786666,12.049839517936931,0.023107425129068798,synthetic
L2,2026-01-26 04:30:00,39.72003215265555,15.461995222571627,0.017537260453765913,synthetic
L2,2026-01-26 04:45:00,62.206592341818116,8.472086250132197,0.02021721583555896,synthetic
L2,2026-01-26 05:00:00,35.53025679138332,11.826822248593002,0.024504199890068468,synthetic
L2,2026-01-26 05:15:00,30.797377660374693,14.622039931649272,0.020485551399512976,synthetic
L2,2026-01-26 05:30:00,19.617096232062714,10.58696327051963,0.0290475165034092,synthetic
L2,2026-01-26 05:45:00,24.900148405462772,11.616890141233794,0.026761917513686728,synthetic
L2,2026-01-26 06:00:00,28.290318128421568,12.597130173099972,0.019288615082171397,synthetic
L2,2026-01-26 06:15:00,25.72319807786294,12.332115396701004,0.01881172297565133,synthetic
L2,2026-01-26 06:30:00,29.871377323785214,14.818386855817945,0.002898055368791813,synthetic
L2,2026-01-26 06:45:00,44.2241286144583,12.807252858131818,0.018040986818656846,synthetic
L2,2026-01-26 07:00:00,39.97733533895387,14.389991211925594,0.011880386643736841,synthetic
L2,2026-01-26 07:15:00,28.729338268253965,11.35198495684216,0.021327377252003735,synthetic
L2,2026-01-26 07:30:00,20.333760442673118,10.667054259749467,0.020917224266720012,synthetic
L2,2026-01-26 07:45:00,40.6989411432193,11.593698252564657,0.024175134536160665,synthetic
L2,2026-01-26 08:00:00,29.607565812309083,9.913614431938317,0.028380022831689146,synthetic
L2,2026-01-26 08:15:00,16.18799659518116,12.870321053178172,0.01984238342196819,synthetic
L2,2026-01-26 08:30:00,35.69944094794429,11.305419397040557,0.03368249787153918,synthetic
L2,2026-01-26 08:45:00,38.20549347386772,10.790779980040544,0.021394708671319422,synthetic
L2,2026-01-26 09:00:00,10.592732760522647,12.897585137317803,0.012138701637700203,synthetic
L2,2026-01-26 09:15:00,23.403562862936774,9.94131159964628,0.01662756874933928,synthetic
L2,2026-01-26 09:30:00,29.116367909538287,13.38690398494043,0.01776351979815307,synthetic
L2,2026-01-26 09:45:00,35.87608729046894,11.138992700715551,0.023552762906920273,synthetic
L2,2026-01-26 10:00:00,25.87402732300663,14.08637359936953,0.014316500598624196,synthetic
L2,2026-01-26 10:15:00,23.34286478420851,11.293072359186779,0.018212144703143623,synthetic
L2,2026-01-26 10:30:00,35.81735399744226,13.137437399804263,0.01903375831522348,synthetic
L2,2026-01-26 10:45:00,26.253421013486726,12.323212272791231,0.01731127515406674,synthetic
L2,2026-01-26 11:00:00,34.336437204389576,13.339023372686077,0.02486849229007831,synthetic
L2,2026-01-26 11:15:00,21.107874760203273,12.19790440586573,0.023847928330792134,synthetic
L2,2026-01-26 11:30:00,19.181335846108812,9.005884657782161,0.026999402810623754,synthetic
L2,2026-01-26 11:45:00,36.042153260563175,13.815828370635838,0.018013848913332804,synthetic
L2,2026-01-26 12:00:00,32.02015928253771,11.842170739575767,0.027215165405887413,synthetic
L2,2026-01-26 12:15:00,37.37964586588966,13.421128939238663,0.011816017484137725,synthetic
L2,2026-01-26 12:30:00,25.739255992628465,13.24244365836394,0.011669694194060857,synthetic
L2,2026-01-26 12:45:00,23.63915758016204,10.608066334179584,0.012717189883452721,synthetic
L2,2026-01-26 13:00:00,40.88575110032728,10.353368270684467,0.02005527015579254,synthetic
L2,2026-01-26 13:15:00,17.816329888044237,13.179639182608208,0.027214268699466533,synthetic
L2,2026-01-26 13:30:00,40.011685673445,11.454151747061076,0.01638714751616222,synthetic
L2,2026-01-26 13:45:00,40.56403765985907,13.685572703039695,0.017139839570213377,synthetic
L2,2026-01-26 14:00:00,36.8807161141286,11.679238302846558,0.018703892268143976,synthetic
L2,2026-01-26 14:15:00,24.497539863916415,13.842137599406918,0.023436968740325928,synthetic
L2,2026-01-26 14:30:00,23.467809306197125,12.761948071576382,0.01713424817987256,synthetic
L2,2026-01-26 14:45:00,28.319553816014405,12.518354988685466,0.016799498252500992,synthetic
L2,2026-01-26 15:00:00,19.639682585348805,11.326779842267506,0.011927628419853857,synthetic
L2,2026-01-26 15:15:00,22.306448009971227,12.41836970531073,0.016569673332937275,synthetic
L2,2026-01-26 15:30:00,35.15787433207237,14.147134886914877,0.027064770517611997,synthetic
L2,2026-01-26 15:45:00,35.19479291379326,11.902412174406024,0.02054555605087086,synthetic
L2,2026-01-26 16:00:00,21.60340138772035,12.95611399863094,0.01556087293851251,synthetic
L2,2026-01-26 16:15:00,35.4089754824006,12.083448137249471,0.027416863836373605,synthetic
L2,2026-01-26 16:30:00,33.63442644591845,12.224287276941759,0.016488718987638876,synthetic
L2,2026-01-26 16:45:00,42.079090036616826,15.102139362488938,0.028519733476894793,synthetic
L2,2026-01-26 17:00:00,34.55309153494017,14.163114055871192,0.028421641867400604,synthetic
L2,2026-01-26 17:15:00,38.468648429875024,12.142926867352292,0.02033606975824801,synthetic
L2,2026-01-26 17:30:00,33.81662072744169,12.386017358284862,0.011008702835769876,synthetic
L2,2026-01-26 17:45:00,37.8394328775775,10.736633093608257,0.03373700369207453,synthetic
L2,2026-01-26 18:00:00,19.7030627474578,11.688651216723084,0.02232365633758728,synthetic
L2,2026-01-26 18:15:00,29.026044343112694,12.556916017587508,0.01805667785167646,synthetic
L2,2026-01-26 18:30:00,29.68813785417976,13.53110446122443,0.025736767488650336,synthetic
L2,2026-01-26 18:45:00,28.05000042451774,13.348597614439655,0.024213816722128086,synthetic
L2,2026-01-26 19:00:00,33.55109304253381,10.00333369937188,0.027865630099318642,synthetic
L2,2026-01-26 19:15:00,35.07503723596601,13.758568915221536,0.016025913267920622,synthetic
L2,2026-01-26 19:30:00,33.13805661656919,11.840207377120405,0.021910840476646355,synthetic
L2,2026-01-26 19:45:00,28.584448950229298,10.223415559780431,0.01288477861853038,synthetic
L2,2026-01-26 20:00:00,24.114159361239,14.405492527377458,0.023998006374447406,synthetic
L2,2026-01-26 20:15:00,38.77748859324987,14.633902194128314,0.019862327782236875,synthetic
L2,2026-01-26 20:30:00,32.79786253291068,12.474744568213188,0.021686055532920873,synthetic
L2,2026-01-26 20:45:00,21.85108913280473,13.275828483429423,0.01912190165695718,synthetic
L2,2026-01-26 21:00:00,28.45049966680301,13.381408575739977,0.018494067076469833,synthetic
L2,2026-01-26 21:15:00,16.05360257834111,14.512389875062052,0.014790612955911716,synthetic
L2,2026-01-26 21:30:00,30.282964914779544,13.310523345777105,0.0247425812881054,synthetic
L2,2026-01-26 21:45:00,28.41296045921123,9.610161100610576,0.028938224220448627,synthetic
L2,2026-01-26 22:00:00,25.4042643971573,15.61765394814803,0.016659989846539488,synthetic
L2,2026-01-26 22:15:00,42.676801518428235,13.918182401064078,0.02332124302982657,synthetic
L2,2026-01-26 22:30:00,20.750767043663103,11.082856430509024,0.022593101747961454,synthetic
L2,2026-01-26 22:45:00,35.651143613458686,10.146674869756662,0.020048586868093153,synthetic
L2,2026-01-26 23:00:00,47.49366528745499,12.90866417472735,0.010840425599811701,synthetic
L2,2026-01-26 23:15:00,38.618143229733505,11.499131930938358,0.012190415893336446,synthetic
L2,2026-01-26 23:30:00,29.747689743217865,12.593991637198126,0.015314108293090576,synthetic
L2,2026-01-26 23:45:00,20.92745088461338,13.338132314300875,0.00716597165856841,synthetic
L2,2026-01-27 00:00:00,19.103502587324357,10.980404601605768,0.02844818437943369,synthetic
L2,2026-01-27 00:15:00,26.707586440339824,9.991005613168193,0.02220621937507828,synthetic
L2,2026-01-27 00:30:00,24.503994128688735,12.694473242169561,0.01982023370960527,synthetic
L2,2026-01-27 00:45:00,24.243624728334943,11.039901860501448,0.006858585084393028,synthetic
L2,2026-01-27 01:00:00,27.389492356230047,12.262972414318316,0.009056774869877599,synthetic
L2,2026-01-27 01:15:00,29.182023256914505,9.582012413467924,0.01998595167087825,synthetic
L2,2026-01-27 01:30:00,33.88169558116237,11.546071095945653,0.03182293979290386,synthetic
L2,2026-01-27 01:45:00,20.097630244300568,13.286913403871994,0.01580813482476151,synthetic
L3,2026-01-24 01:45:00,184.55192057649754,5.538709610090042,0.010464409269923978,synthetic
L3,2026-01-24 02:00:00,130.80390369300156,6.087778865251179,0.008586669971659903,synthetic
L3,2026-01-24 02:15:00,152.20957037155466,5.832270595773857,0.012607898637906552,synthetic
L3,2026-01-24 02:30:00,198.58735395571728,6.768628855111668,0.004192135697161998,synthetic
L3,2026-01-24 02:45:00,136.16193479333822,9.092334854386067,0.010225034267037946,synthetic
L3,2026-01-24 03:00:00,122.39580367791467,6.377388637673292,0.00736270832945787,synthetic
L3,2026-01-24 03:15:00,206.72282216499056,5.338323205653915,0.008771092513252919,synthetic
L3,2026-01-24 03:30:00,151.8223128445438,4.833142502424904,0.010913879258437724,synthetic
L3,2026-01-24 03:45:00,193.64820362344653,5.707271477772955,0.006648076412169799,synthetic
L3,2026-01-24 04:00:00,122.59004426461252,5.153775102574089,0.010492696417937394,synthetic
L3,2026-01-24 04:15:00,206.26696835843904,6.4207948127778804,0.009362985384372207,synthetic
L3,2026-01-24 04:30:00,160.94509098138445,6.406819472205804,0.008018239404469335,synthetic
L3,2026-01-24 04:45:00,167.39150504858634,5.583148615927539,0.008588282541967241,synthetic
L3,2026-01-24 05:00:00,155.26517245716698,7.786459512405404,0.009536344326439222,synthetic
L3,2026-01-24 05:15:00,129.78100072013993,5.338097412684095,0.007696490462310364,synthetic
L3,2026-01-24 05:30:00,149.93268758020113,5.892512038891644,0.010021283425976834,synthetic
L3,2026-01-24 05:45:00,132.29639048042534,6.575246399300836,0.009165470135001774,synthetic
L3,2026-01-24 06:00:00,188.38184250579144,6.802849404392846,0.008166152388799117,synthetic
L3,2026-01-24 06:15:00,141.8777133172535,7.149818869388879,0.014769526701708951,synthetic
L3,2026-01-24 06:30:00,90.13971088824402,6.385646831093915,0.011245719767684863,synthetic
L3,2026-01-24 06:45:00,82.82305060042864,6.945821430709197,0.008851863302131138,synthetic
L3,2026-01-24 07:00:00,80.93127390718303,5.401402645174855,0.010437581292474126,synthetic
L3,2026-01-24 07:15:00,174.71883030215764,6.826273764315344,0.006919539589679476,synthetic
L3,2026-01-24 07:30:00,103.93982754506223,6.81425623514076,0.00868968517966425,synthetic
L3,2026-01-24 07:45:00,162.00343103354268,7.361598007278182,0.009039767648685257,synthetic
L3,2026-01-24 08:00:00,155.46298069965653,4.498407606994312,0.006259618270270353,synthetic
L3,2026-01-24 08:15:00,147.4116562036089,5.183535195959039,0.011162062143983255,synthetic
L3,2026-01-24 08:30:00,167.53620813529477,6.7408268724305715,0.008483161892161523,synthetic
L3,2026-01-24 08:45:00,156.33214148362106,3.613771968106743,0.008933599997657788,synthetic
L3,2026-01-24 09:00:00,41.610810288761996,6.442805556409515,0.008293840422629935,synthetic
L3,2026-01-24 09:15:00,137.0549903660604,6.95382398243823,0.0188772717719293,synthetic
L3,2026-01-24 09:30:00,167.00412536253725,5.481262277204604,0.008012154549477962,synthetic
L3,2026-01-24 09:45:00,215.61131243019994,5.612828999899279,0.0037939691383425175,synthetic
L3,2026-01-24 10:00:00,217.45830466329988,5.0332763874840865,0.005200204087123493,synthetic
L3,2026-01-24 10:15:00,95.47397945658973,5.530607592241737,0.012277907868086305,synthetic
L3,2026-01-24 10:30:00,136.01098802748908,5.5566883482344185,0.01400935807504939,synthetic
L3,2026-01-24 10:45:00,87.3554074516801,5.385442852981031,0.00795460842588144,synthetic
L3,2026-01-24 11:00:00,210.7954030044033,5.336089639993953,0.013836849008906391,synthetic
L3,2026-01-24 11:15:00,190.51424832594205,5.756095693600446,0.012224769999527632,synthetic
L3,2026-01-24 11:30:00,164.023515474527,5.7452061159094905,0.009431559607041734,synthetic
L3,2026-01-24 11:45:00,156.6437944504084,7.686718709874951,0.009218661148688394,synthetic
L3,2026-01-24 12:00:00,205.22524401397897,5.645233371194691,0.01054261067924696,synthetic
L3,2026-01-24 12:15:00,198.45300779040556,6.3097351945726725,0.012632367466460924,synthetic
L3,2026-01-24 12:30:00,196.32178786624485,5.480805330171329,0.011191883696785067,synthetic
L3,2026-01-24 12:45:00,168.2671943912904,5.469363801742689,0.007969575094603913,synthetic
L3,2026-01-24 13:00:00,136.0308680194335,4.46606651604064,0.009477378858921068,synthetic
L3,2026-01-24 13:15:00,180.6849932807023,4.585770376970016,0.015943790364165773,synthetic
L3,2026-01-24 13:30:00,182.6416762102046,4.9137015483123,0.010753641391888577,synthetic
L3,2026-01-24 13:45:00,142.37450121632162,6.165327151284064,0.012607976280647845,synthetic
L3,2026-01-24 14:00:00,135.95004324663034,6.968556289756127,0.011619654961747697,synthetic
L3,2026-01-24 14:15:00,195.33253078232838,4.392001925794034,0.010820073231993108,synthetic
L3,2026-01-24 14:30:00,216.56464435078425,5.505830878786065,0.010326096700045207,synthetic
L3,2026-01-24 14:45:00,120.02416876340935,4.769798361584686,0.012692171875974939,synthetic
L3,2026-01-24 15:00:00,139.46493298208102,5.762150615279805,0.01215592670593205,synthetic
L3,2026-01-24 15:15:00,164.03732305818792,6.968192544336436,0.010791680434034646,synthetic
L3,2026-01-24 15:30:00,169.46395990994444,5.597805838552822,0.007918712423356336,synthetic
L3,2026-01-24 15:45:00,129.10534563034824,5.957234725020273,0.011156676416645415,synthetic
L3,2026-01-24 16:00:00,225.34082521376178,7.309705556753082,0.00979897619059575,synthetic
L3,2026-01-24 16:15:00,166.88381062180684,6.412110837457118,0.009075232265964772,synthetic
L3,2026-01-24 16:30:00,171.2553363388221,5.315917329764878,0.018036327924898204,synthetic
L3,2026-01-24 16:45:00,220.35536326047014,6.143023757252153,0.0053828460768765175,synthetic
L3,2026-01-24 17:00:00,132.0375349902164,5.255205889737939,0.01287553857717245,synthetic
L3,2026-01-24 17:15:00,146.46272494230888,6.3784338114624,0.007411987167238508,synthetic
L3,2026-01-24 17:30:00,99.86711083913485,6.4638061386654835,0.010393586468030189,synthetic
L3,2026-01-24 17:45:00,143.10598110985688,4.7695562695513924,0.017705762557270556,synthetic
L3,2026-01-24 18:00:00,90.44289904258548,6.157634475647196,0.007112893015527812,synthetic
L3,2026-01-24 18:15:00,179.91397416772688,5.894184067803672,0.007828382035518208,synthetic
L3,2026-01-24 18:30:00,166.79987000279968,6.4902096574549,0.009947458788545199,synthetic
L3,2026-01-24 18:45:00,138.9172277184584,6.74821234591722,0.007458349127105916,synthetic
L3,2026-01-24 19:00:00,145.9830516872861,6.429704643712144,0.012652169052820903,synthetic
L3,2026-01-24 19:15:00,180.45865660755962,5.727125981958223,0.008396411691810116,synthetic
L3,2026-01-24 19:30:00,104.56815652440409,6.8399970187776,0.01196202892044801,synthetic
L3,2026-01-24 19:45:00,158.16671469810092,5.214243501320774,0.006012432604599792,synthetic
L3,2026-01-24 20:00:00,177.98039225834978,4.8115302059674505,0.004579505493537324,synthetic
L3,2026-01-24 20:15:00,78.70903690371034,3.12424198389528,0.009313045063140853,synthetic
L3,2026-01-24 20:30:00,177.39752022808077,5.936873143436561,0.005294476485887215,synthetic
L3,2026-01-24 20:45:00,83.03750146953733,5.260608204455909,0.014554806738296351,synthetic
L3,2026-01-24 21:00:00,145.2962206459387,6.357979028467816,0.0054105895285150064,synthetic
L3,2026-01-24 21:15:00,103.46435583619095,4.225895345360069,0.006886939936987907,synthetic
L3,2026-01-24 21:30:00,207.2498631716006,5.41753930419045,0.01124085965642383,synthetic
L3,2026-01-24 21:45:00,103.71515783390609,6.423242915278037,0.008240908149813982,synthetic
L3,2026-01-24 22:00:00,83.9924043213847,5.073147468285917,0.005444836090397189,synthetic
L3,2026-01-24 22:15:00,155.33408566385262,6.368331073751576,0.016119892480215878,synthetic
L3,2026-01-24 22:30:00,133.4518807991671,5.498679664438764,0.006995098590521278,synthetic
L3,2026-01-24 22:45:00,89.81579085344268,5.970472521198002,0.009411226577510352,synthetic
L3,2026-01-24 23:00:00,171.03260796619398,6.53564220577517,0.009372422439681909,synthetic
L3,2026-01-24 23:15:00,70.34003750201282,6.857517320803781,0.012130927455899734,synthetic
L3,2026-01-24 23:30:00,108.550361096675,6.083243170188546,0.011387057382013177,synthetic
L3,2026-01-24 23:45:00,126.99126918316861,5.26739073460913,0.007519596886806984,synthetic
L3,2026-01-25 00:00:00,182.0888956862056,5.587765023858315,0.00902251834767008,synthetic
L3,2026-01-25 00:15:00,201.81873468052606,6.573259826778262,0.009319232699374553,synthetic
L3,2026-01-25 00:30:00,194.1112898931029,5.0808717748656544,0.012246878494595687,synthetic
L3,2026-01-25 00:45:00,143.86904838151068,5.8397400630238145,0.006495034255424196,synthetic
L3,2026-01-25 01:00:00,52.90767020819375,5.652704311474673,0.016054331670267347,synthetic
L3,2026-01-25 01:15:00,165.63412084874233,5.906974395012932,0.0077224498376216675,synthetic
L3,2026-01-25 01:30:00,208.82294956898454,5.09164572367556,0.00997375180973022,synthetic
L3,2026-01-25 01:45:00,199.35161631254272,4.3332500830091,0.006520031680920275,synthetic
L3,2026-01-25 02:00:00,168.5179603897488,6.468668354363679,0.00610552296507815,synthetic
L3,2026-01-25 02:15:00,102.41988942646189,6.867718281139783,0.007376714772767128,synthetic
L3,2026-01-25 02:30:00,128.9877198548634,4.387042538251659,0.007088430347007235,synthetic
L3,2026-01-25 02:45:00,227.35257594982698,6.332033544833594,0.008757228927535509,synthetic
L3,2026-01-25 03:00:00,93.33081861343464,6.974864623360659,0.007063104913708778,synthetic
L3,2026-01-25 03:15:00,104.08635087398457,6.536319942086091,0.01208665726388263,synthetic
L3,2026-01-25 03:30:00,187.70206204661136,5.624996839191541,0.007651048314044876,synthetic
L3,2026-01-25 03:45:00,132.75363020777888,5.150853267224318,0.007318553519644255,synthetic
L3,2026-01-25 04:00:00,102.72979511181512,6.0728802714149905,0.008821093407648193,synthetic
L3,2026-01-25 04:15:00,211.11884714892062,6.223006552962192,0.012978516636088884,synthetic
L3,2026-01-25 04:30:00,168.4422391258056,6.086226760040309,0.010644628520831197,synthetic
L3,2026-01-25 04:45:00,134.72795342491287,5.837878832894191,0.00970093141033759,synthetic
L3,2026-01-25 05:00:00,104.16900656401938,5.025613448289518,0.005700865690093963,synthetic
L3,2026-01-25 05:15:00,231.8962625543975,6.380419462177967,0.006571874620408872,synthetic
L3,2026-01-25 05:30:00,149.0219272501357,6.423769044972172,0.006164770179881129,synthetic
L3,2026-01-25 05:45:00,205.89312249877977,6.180739912915505,0.01392055367101704,synthetic
L3,2026-01-25 06:00:00,185.7453417843776,6.099894280564132,0.011591689369394942,synthetic
L3,2026-01-25 06:15:00,129.16393753347063,7.511324538971495,0.007415138473227418,synthetic
L3,2026-01-25 06:30:00,129.48235540040875,5.438059093883943,0.008306885068523034,synthetic
L3,2026-01-25 06:45:00,207.85259591735678,7.15329158771099,0.007524129471287998,synthetic
L3,2026-01-25 07:00:00,208.5006933047991,5.339377977700346,0.007342416350857875,synthetic
L3,2026-01-25 07:15:00,74.92336095517062,6.998055515660785,0.011380903093648542,synthetic
L3,2026-01-25 07:30:00,171.9912104392877,7.11003079507249,0.009137391337647061,synthetic
L3,2026-01-25 07:45:00,145.1514078110552,5.736253916938305,0.016243503232892392,synthetic
L3,2026-01-25 08:00:00,108.66707348245976,7.49486674865475,0.013751079473550995,synthetic
L3,2026-01-25 08:15:00,160.4698437886879,6.42213229807148,0.013928441021400166,synthetic
L3,2026-01-25 08:30:00,96.01612836054423,5.210454802973489,0.01201407092484438,synthetic
L3,2026-01-25 08:45:00,131.341785814156,5.663259065049712,0.008732022788478433,synthetic
L3,2026-01-25 09:00:00,118.0610506892013,7.019486075495986,0.011793372653588752,synthetic
L3,2026-01-25 09:15:00,130.00834943376006,6.830758231688985,0.008953501916414027,synthetic
L3,2026-01-25 09:30:00,147.14086025352037,5.047763638758639,0.01489082815218509,synthetic
L3,2026-01-25 09:45:00,109.37733352378055,5.874668419028553,0.011212838149149761,synthetic
L3,2026-01-25 10:00:00,212.92716115493192,6.183170684498861,0.010787081075809045,synthetic
L3,2026-01-25 10:15:00,169.731329335765,5.543155869831952,0.010381217987288527,synthetic
L3,2026-01-25 10:30:00,221.7825211352822,8.122019751037246,0.015220799282082574,synthetic
L3,2026-01-25 10:45:00,143.59680123687923,6.210297369064793,0.005698748998489643,synthetic
L3,2026-01-25 11:00:00,128.04840150811563,5.944369028187255,0.015514863483006179,synthetic
L3,2026-01-25 11:15:00,220.3366245797211,7.0717659398322805,0.009441538577637586,synthetic
L3,2026-01-25 11:30:00,126.8776104050406,5.671307818645048,0.005781553072553047,synthetic
L3,2026-01-25 11:45:00,142.86831912043502,6.906684849555591,0.007743370805070832,synthetic
L3,2026-01-25 12:00:00,178.80189641989259,4.499040843975314,0.005047578211829252,synthetic
L3,2026-01-25 12:15:00,100.49096766810887,5.591711358378991,0.011960970236756921,synthetic
L3,2026-01-25 12:30:00,178.451787391746,6.944163376539522,0.006885121148960442,synthetic
L3,2026-01-25 12:45:00,173.3338826465841,7.413177948530704,0.010506002998614102,synthetic
L3,2026-01-25 13:00:00,200.7730127215133,5.3040338582946065,0.013402651090497543,synthetic
L3,2026-01-25 13:15:00,185.60178012040564,5.199160527403216,0.00798394921430159,synthetic
L3,2026-01-25 13:30:00,201.99913411510283,6.510701787333413,0.009195688920926823,synthetic
L3,2026-01-25 13:45:00,145.58312397966358,5.4392694945740585,0.006089900170251953,synthetic
L3,2026-01-25 14:00:00,115.49318725171759,5.758279874020145,0.008834928673146407,synthetic
L3,2026-01-25 14:15:00,234.39941656333448,6.788764522263442,0.017722070875820117,synthetic
L3,2026-01-25 14:30:00,88.93217537912133,5.510308036547389,0.012333799492331326,synthetic
L3,2026-01-25 14:45:00,92.9394768450477,4.231116823617883,0.009205808743319185,synthetic
L3,2026-01-25 15:00:00,172.60512162035326,4.829024007954707,0.008164935891454854,synthetic
L3,2026-01-25 15:15:00,214.99944192709398,6.008960027148253,0.0098720998130307,synthetic
L3,2026-01-25 15:30:00,157.5820338365666,4.322919166374405,0.01039015225658092,synthetic
L3,2026-01-25 15:45:00,189.97214798808824,5.732555624432411,0.008742790878562726,synthetic
L3,2026-01-25 16:00:00,70.16789090112167,4.747113135380407,0.011590177587313387,synthetic
L3,2026-01-25 16:15:00,130.0182015127545,7.475945106179038,0.007139657529818773,synthetic
L3,2026-01-25 16:30:00,75.04208771426963,7.948628335289105,0.007124836975047196,synthetic
L3,2026-01-25 16:45:00,181.2164383291464,5.047622607892139,0.011110586371150614,synthetic
L3,2026-01-25 17:00:00,88.11074693643943,6.231082812034126,0.006494074739306807,synthetic
L3,2026-01-25 17:15:00,98.88724615869411,5.135636641202833,0.012187051758587619,synthetic
L3,2026-01-25 17:30:00,170.5610081984561,5.72161595815094,0.009957158162809199,synthetic
L3,2026-01-25 17:45:00,192.47297408070918,7.623122395160225,0.0045162723438483595,synthetic
L3,2026-01-25 18:00:00,143.64127567083133,5.5799803070461635,0.01032849737668284,synthetic
L3,2026-01-25 18:15:00,172.8069001643404,5.742566283986598,0.004944560126233017,synthetic
L3,2026-01-25 18:30:00,171.5115266749237,5.151723659495072,0.012080086028966984,synthetic
L3,2026-01-25 18:45:00,141.38292562230112,7.031570439898377,0.009253857012248212,synthetic
L3,2026-01-25 19:00:00,106.21178068455005,3.063059967728376,0.015553252649520458,synthetic
L3,2026-01-25 19:15:00,172.5956562753857,5.601482410621541,0.013213938533117822,synthetic
L3,2026-01-25 19:30:00,174.52382763100331,5.9587025152780875,0.006817922481304526,synthetic
L3,2026-01-25 19:45:00,185.76097612361036,5.405030403134177,0.003937780408475748,synthetic
L3,2026-01-25 20:00:00,162.4826569631559,6.777190956958051,0.007734696229625878,synthetic
L3,2026-01-25 20:15:00,103.26000346082694,7.0818245555734265,0.0063362241915088865,synthetic
L3,2026-01-25 20:30:00,177.6136064547672,4.729164438408437,0.015477214260631283,synthetic
L3,2026-01-25 20:45:00,149.94475679086634,7.884137988393724,0.009969056022159545,synthetic
L3,2026-01-25 21:00:00,130.69050222706628,4.719067058081836,0.012800256412549501,synthetic
L3,2026-01-25 21:15:00,138.2145665122515,7.159767613508258,0.009144907262348243,synthetic
L3,2026-01-25 21:30:00,122.38971286438482,6.134844928682125,0.009460997535158062,synthetic
L3,2026-01-25 21:45:00,185.55375115417715,5.546669012597567,0.009902118932473275,synthetic
L3,2026-01-25 22:00:00,93.27541065679918,5.631569763291748,0.01331961795577734,synthetic
L3,2026-01-25 22:15:00,110.26056260774327,5.969838488405718,0.010934874267023796,synthetic
L3,2026-01-25 22:30:00,136.84908461313222,6.187576075677404,0.0068279984695700045,synthetic
L3,2026-01-25 22:45:00,214.55003392956,5.171861083765627,0.014867542414259253,synthetic
L3,2026-01-25 23:00:00,192.17122196371395,5.789454038089449,0.009121553503041061,synthetic
L3,2026-01-25 23:15:00,84.36636787011098,5.306394459365165,0.008633439628370055,synthetic
L3,2026-01-25 23:30:00,204.05388355009944,4.9064554256335144,0.0015114840932528954,synthetic
L3,2026-01-25 23:45:00,203.97680867934736,5.264419467787892,0.011903198773484011,synthetic
L3,2026-01-26 00:00:00,103.03966695909428,4.965022830574105,0.01030303791898565,synthetic
L3,2026-01-26 00:15:00,49.14166917614219,5.621860578524533,0.010299776969805706,synthetic
L3,2026-01-26 00:30:00,147.1111351061103,6.3892274149215735,0.008791525986667546,synthetic
L3,2026-01-26 00:45:00,194.89697637199288,6.108639318760166,0.008274346479601652,synthetic
L3,2026-01-26 01:00:00,213.65047879200807,7.7769102989945855,0.00889125871950871,synthetic
L3,2026-01-26 01:15:00,115.16690942554999,4.010592287652075,0.011389482613381838,synthetic
L3,2026-01-26 01:30:00,220.0791641865186,6.42240686959277,0.011917353319100052,synthetic
L3,2026-01-26 01:45:00,60.88270416733195,6.005778214671917,0.009306905234876204,synthetic
L3,2026-01-26 02:00:00,135.2779754468285,6.73410330813477,0.012846812482950278,synthetic
L3,2026-01-26 02:15:00,133.31157323137012,6.644818683879368,0.009763077456947567,synthetic
L3,2026-01-26 02:30:00,196.09348099697212,5.85150742487834,0.008487320745629034,synthetic
L3,2026-01-26 02:45:00,201.9320986375912,6.15538615637108,0.010595246724722094,synthetic
L3,2026-01-26 03:00:00,188.16894621733582,5.330337708373364,0.005921840744518419,synthetic
L3,2026-01-26 03:15:00,95.97799805016422,6.552311981419009,0.010698154927237746,synthetic
L3,2026-01-26 03:30:00,184.50476127195688,4.309011553089569,0.005373453683420885,synthetic
L3,2026-01-26 03:45:00,170.36167874373967,6.699143794784385,0.006916819120048708,synthetic
L3,2026-01-26 04:00:00,83.15062458881637,5.979143900187501,0.003943925779850127,synthetic
L3,2026-01-26 04:15:00,67.31944684793251,5.56164416595202,0.009474649141985498,synthetic
L3,2026-01-26 04:30:00,191.51957160083106,5.790720120497946,0.014828901106927282,synthetic
L3,2026-01-26 04:45:00,142.79602796083023,5.856723388870457,0.009648770016755695,synthetic
L3,2026-01-26 05:00:00,98.59271630180498,7.167573384432451,0.011930756138299381,synthetic
L3,2026-01-26 05:15:00,141.67312285164925,8.910144296923661,0.017056941691937166,synthetic
L3,2026-01-26 05:30:00,164.5616432445281,7.097883741735344,0.011212167544360288,synthetic
L3,2026-01-26 05:45:00,146.68595493329812,5.491206792699219,0.007704363866235933,synthetic
L3,2026-01-26 06:00:00,87.92055387495654,6.566803641856751,0.008117294191792489,synthetic
L3,2026-01-26 06:15:00,225.42227614256439,6.605996249451735,0.010001974624669018,synthetic
L3,2026-01-26 06:30:00,190.16871875951568,5.167355349797502,0.008101316064217226,synthetic
L3,2026-01-26 06:45:00,136.5849019330613,4.865280632501387,0.008325739000559704,synthetic
L3,2026-01-26 07:00:00,138.1962137639085,5.9430471639748905,0.012955761727778469,synthetic
L3,2026-01-26 07:15:00,164.37949578852704,6.726936842431291,0.013078468842316636,synthetic
L3,2026-01-26 07:30:00,104.81514417038673,4.549372559158714,0.0050593225538540084,synthetic
L3,2026-01-26 07:45:00,162.90705746147876,5.351191919111034,0.007545491446299341,synthetic
L3,2026-01-26 08:00:00,96.77070252556938,6.515386538091366,0.008607986839259823,synthetic
L3,2026-01-26 08:15:00,147.17863132619337,6.037551251943522,0.011797266838495756,synthetic
L3,2026-01-26 08:30:00,103.25714000572565,7.274646258539096,0.013429226765516968,synthetic
L3,2026-01-26 08:45:00,105.27664070693142,4.729769291331291,0.018105903802821652,synthetic
L3,2026-01-26 09:00:00,215.8289045447284,8.11694844010451,0.008602980111152016,synthetic
L3,2026-01-26 09:15:00,152.36903577138216,4.615806800787379,0.008752813856973914,synthetic
L3,2026-01-26 09:30:00,158.2962594160467,4.173752653054565,0.011765710046913142,synthetic
L3,2026-01-26 09:45:00,69.54480555674708,5.946978498452424,0.007953349843135423,synthetic
L3,2026-01-26 10:00:00,126.11992965915809,4.978986964578592,0.00957711441552845,synthetic
L3,2026-01-26 10:15:00,168.44848474817388,5.965119902359609,0.008754885673649362,synthetic
L3,2026-01-26 10:30:00,157.7654506379002,5.9336458089408,0.0021350382342874633,synthetic
L3,2026-01-26 10:45:00,63.838807145851774,5.823803209103312,0.010369699690454637,synthetic
L3,2026-01-26 11:00:00,158.28551666628326,5.241830071022899,0.00945291712209163,synthetic
L3,2026-01-26 11:15:00,164.66235214198758,6.389390537321722,0.0138136931507707,synthetic
L3,2026-01-26 11:30:00,201.350479927948,5.714396596709547,0.010016471222609064,synthetic
L3,2026-01-26 11:45:00,123.79075524246629,6.993298383679287,0.006235757565057483,synthetic
L3,2026-01-26 12:00:00,60.317251194573174,5.837664972724524,0.00922570338106143,synthetic
L3,2026-01-26 12:15:00,110.12916992779378,5.13181731942007,0.003726751470590116,synthetic
L3,2026-01-26 12:30:00,106.11739844525772,4.481060503340953,0.006367246494401072,synthetic
L3,2026-01-26 12:45:00,179.46835511119897,5.845101511696465,0.011906517904458992,synthetic
L3,2026-01-26 13:00:00,41.33053646418729,4.85771588577364,0.009257978680139011,synthetic
L3,2026-01-26 13:15:00,132.06574159709513,4.7850343313957,0.012767524718494197,synthetic
L3,2026-01-26 13:30:00,207.03181894309017,6.474711578232288,0.004099323247365857,synthetic
L3,2026-01-26 13:45:00,150.2884985133454,4.4000969449529475,0.00927261580802874,synthetic
L3,2026-01-26 14:00:00,185.85267264705695,7.270974040499621,0.008573462504836643,synthetic
L3,2026-01-26 14:15:00,84.3280666579565,6.143744745955986,0.012867545747839618,synthetic
L3,2026-01-26 14:30:00,85.9204194717471,5.960541632077535,0.012018288304499868,synthetic
L3,2026-01-26 14:45:00,207.48969831380936,5.068710653504473,0.011926756450264895,synthetic
L3,2026-01-26 15:00:00,154.04861463029013,6.687935066708644,0.014624230114252304,synthetic
L3,2026-01-26 15:15:00,154.13097448836575,5.997385559762344,0.008895738672140302,synthetic
L3,2026-01-26 15:30:00,105.27388687572014,5.382513021533279,0.014005242505902158,synthetic
L3,2026-01-26 15:45:00,154.03126915800925,6.17984222698643,0.006867381547360793,synthetic
L3,2026-01-26 16:00:00,104.16249726639614,4.485493090104558,0.006757366750702919,synthetic
L3,2026-01-26 16:15:00,197.474817956226,4.528205581605775,0.012258239714495016,synthetic
L3,2026-01-26 16:30:00,259.1132283947269,4.9918325232290295,0.005485777784773595,synthetic
L3,2026-01-26 16:45:00,169.35764214661316,6.314574540848742,0.011718296885256874,synthetic
L3,2026-01-26 17:00:00,124.60214458153825,5.997067510374482,0.010303939581163978,synthetic
L3,2026-01-26 17:15:00,48.65366678021367,6.944081339000177,0.013215558185964617,synthetic
L3,2026-01-26 17:30:00,82.62143541830636,5.172009133048281,0.009821668105135331,synthetic
L3,2026-01-26 17:45:00,212.19447324108543,6.5172010564332075,0.010168146838886581,synthetic
L3,2026-01-26 18:00:00,108.83232626915708,5.897516502844247,0.011527794978774718,synthetic
L3,2026-01-26 18:15:00,135.16660473253953,5.151259324733164,0.008012051349820665,synthetic
L3,2026-01-26 18:30:00,176.21303898316714,6.346776903641627,0.007881381077529337,synthetic
L3,2026-01-26 18:45:00,209.29159197447171,5.940589327579291,0.011423288319530258,synthetic
L3,2026-01-26 19:00:00,142.01652315344649,5.433792725269141,0.009912136572608088,synthetic
L3,2026-01-26 19:15:00,133.8133252133586,6.037799178429682,0.008778058248087158,synthetic
L3,2026-01-26 19:30:00,152.86484114042736,5.883422652656347,0.009751647700906998,synthetic
L3,2026-01-26 19:45:00,124.89448733443132,5.861680738334248,0.01478367852351499,synthetic
L3,2026-01-26 20:00:00,127.0472318682818,5.628666165080281,0.008670944779780324,synthetic
L3,2026-01-26 20:15:00,166.47520470135495,4.8255463149957265,0.008583941160153954,synthetic
L3,2026-01-26 20:30:00,157.41166071337946,6.067288874305385,0.004877667326012515,synthetic
L3,2026-01-26 20:45:00,235.26421226234334,5.277557063650727,0.009872941185528655,synthetic
L3,2026-01-26 21:00:00,167.55395266541717,5.081704019120339,0.011970650533721176,synthetic
L3,2026-01-26 21:15:00,196.04582192375312,5.783370140307654,0.012508594347042604,synthetic
L3,2026-01-26 21:30:00,107.14859293107476,6.660623889754961,0.010324652804891598,synthetic
L3,2026-01-26 21:45:00,171.00629160121085,6.1670521569218835,0.01286750071924265,synthetic
L3,2026-01-26 22:00:00,121.08074613595764,5.52197201247817,0.012193691205640726,synthetic
L3,2026-01-26 22:15:00,165.81813053186232,5.485788547918928,0.013338850689076788,synthetic
L3,2026-01-26 22:30:00,177.54058392459365,6.572231935969891,0.012952907966432685,synthetic
L3,2026-01-26 22:45:00,151.99475376005896,3.842937807497484,0.014709934588321753,synthetic
L3,2026-01-26 23:00:00,246.2930288589917,6.717628490279532,0.009490920500301252,synthetic
L3,2026-01-26 23:15:00,207.1191907643381,4.313385802562695,0.006018825872915475,synthetic
L3,2026-01-26 23:30:00,197.08981331316386,4.726132882509318,0.01199115623105626,synthetic
L3,2026-01-26 23:45:00,180.57144769480055,5.537160751863097,0.01234165956796833,synthetic
L3,2026-01-27 00:00:00,220.53443270920178,7.95311172863776,0.014709986180143419,synthetic
L3,2026-01-27 00:15:00,92.52122810123137,7.50967742401284,0.01384387106850912,synthetic
L3,2026-01-27 00:30:00,204.81132471962303,6.635838980217422,0.015836417367593697,synthetic
L3,2026-01-27 00:45:00,110.35022752001908,6.320888140465905,0.0118595619409796,synthetic
L3,2026-01-27 01:00:00,127.42643523733082,4.323950728788773,0.010686431775815885,synthetic
L3,2026-01-27 01:15:00,172.4556977624667,6.141082346592629,0.005845050636022761,synthetic
L3,2026-01-27 01:30:00,199.32880662042894,5.505700633296026,0.01092428960354224,synthetic
L3,2026-01-27 01:45:00,103.85693473272153,5.264997599739551,0.008342489929386047,synthetic
L4,2026-01-24 01:45:00,13.701536786666665,22.317265020148707,0.00461251526784164,real-derived
L4,2026-01-24 02:00:00,13.210820791666666,22.081769779464484,0.004302295429362255,real-derived
L4,2026-01-24 02:15:00,13.415651638709678,22.707600383275203,0.005247923004519006,real-derived
L4,2026-01-24 02:30:00,13.352653241666667,21.854003935692234,0.005443305241256008,real-derived
L4,2026-01-24 02:45:00,12.900753178494622,23.402530286098877,0.005432826904793437,real-derived
L4,2026-01-24 03:00:00,13.302013491666667,17.915268530687413,0.004023190236384875,real-derived
L4,2026-01-24 03:15:00,13.729080713978496,22.284990362736767,0.0033540163056663174,real-derived
L4,2026-01-24 03:30:00,13.277844541666665,23.803734668728843,0.005262388436530729,real-derived
L4,2026-01-24 03:45:00,13.305781212903225,24.805072762684322,0.004494080958517348,real-derived
L4,2026-01-24 04:00:00,13.389652216666665,23.097942007577593,0.006838312379686786,real-derived
L4,2026-01-24 04:15:00,12.95121119139785,24.52732453387381,0.006884509696014946,real-derived
L4,2026-01-24 04:30:00,13.387964816666667,22.253403993638113,0.00699068979439604,real-derived
L4,2026-01-24 04:45:00,13.229876860215054,22.004293863890595,0.004059889098965287,real-derived
L4,2026-01-24 05:00:00,13.081473025,22.794123464841626,0.005569369086742094,real-derived
L4,2026-01-24 05:15:00,14.02883570752688,21.9952085756634,0.005870952517251484,real-derived
L4,2026-01-24 05:30:00,13.226965633333332,20.826463797973958,0.005758354233544402,real-derived
L4,2026-01-24 05:45:00,13.221975251612902,21.22713963380215,0.004645602055806141,real-derived
L4,2026-01-24 06:00:00,13.076910925,20.331770640885765,0.006279164902965326,real-derived
L4,2026-01-24 06:15:00,13.007147397849463,22.792565642297866,0.005000474986366523,real-derived
L4,2026-01-24 06:30:00,13.074862908333333,22.017087718750716,0.00512810612493544,real-derived
L4,2026-01-24 06:45:00,13.151161393548387,21.459570824862855,0.003462166548222857,real-derived
L4,2026-01-24 07:00:00,13.399093,21.149974364744065,0.005644764969572989,real-derived
L4,2026-01-24 07:15:00,13.605158873118281,22.75758451929944,0.004739588286427589,real-derived
L4,2026-01-24 07:30:00,13.244197408333333,23.170672270915105,0.0054647788621005255,real-derived
L4,2026-01-24 07:45:00,12.969924232258062,20.304229005242227,0.005235113699804618,real-derived
L4,2026-01-24 08:00:00,13.329123788074037,20.068472995336574,0.005180936576663771,real-derived
L4,2026-01-24 08:15:00,12.901619027956988,23.431764933431523,0.004954286427533316,real-derived
L4,2026-01-24 08:30:00,13.068896,19.937300142267105,0.005786599734660454,real-derived
L4,2026-01-24 08:45:00,13.665038133333333,22.821230250733727,0.004801107463114934,real-derived
L4,2026-01-24 09:00:00,13.385712591666666,24.42536379813102,0.003544802580547017,real-derived
L4,2026-01-24 09:15:00,13.335246159139786,24.4288522050897,0.005568955606373934,real-derived
L4,2026-01-24 09:30:00,12.981502166666665,23.106808885948137,0.004190994475088362,real-derived
L4,2026-01-24 09:45:00,13.30851167311828,23.06321427298318,0.0036757381573178606,real-derived
L4,2026-01-24 10:00:00,12.878497708333333,25.377861175294683,0.003977756665857402,real-derived
L4,2026-01-24 10:15:00,13.444576584946237,18.498406505659343,0.005283332379356921,real-derived
L4,2026-01-24 10:30:00,13.627237825,21.303496485879048,0.00490348119690515,real-derived
L4,2026-01-24 10:45:00,13.190489686021506,23.272737773614903,0.002867316970327153,real-derived
L4,2026-01-24 11:00:00,13.446100891666665,21.494069488237063,0.00461634405694733,real-derived
L4,2026-01-24 11:15:00,13.467884748387096,23.85966746291055,0.006169231224974764,real-derived
L4,2026-01-24 11:30:00,12.996627708333332,21.94096890953471,0.004548704329066621,real-derived
L4,2026-01-24 11:45:00,12.91979343655914,22.197615790506397,0.004834523446572408,real-derived
L4,2026-01-24 12:00:00,13.652719375,21.587988003631093,0.006042991437327153,real-derived
L4,2026-01-24 12:15:00,13.10287373763441,21.21623356178791,0.005795489258204536,real-derived
L4,2026-01-24 12:30:00,13.501138833333332,21.17933505527852,0.006021751087651711,real-derived
L4,2026-01-24 12:45:00,13.076994267686251,22.406749445255166,0.002227446389946297,real-derived
L4,2026-01-24 13:00:00,13.167274333333332,20.8381525512657,0.0067335230384421105,real-derived
L4,2026-01-24 13:15:00,13.449974916129031,23.429807325236933,0.00563640043542793,real-derived
L4,2026-01-24 13:30:00,13.361422574999999,22.979838886904236,0.00746147641402415,real-derived
L4,2026-01-24 13:45:00,13.357637513978494,23.64912466145476,0.004217673969225716,real-derived
L4,2026-01-24 14:00:00,13.488675433333334,20.306613466010504,0.00323654939435109,real-derived
L4,2026-01-24 14:15:00,13.072144894623657,19.450785179820336,0.005007218456725177,real-derived
L4,2026-01-24 14:30:00,13.36771775,21.993721366552354,0.004724627670242839,real-derived
L4,2026-01-24 14:45:00,13.112693479569893,26.34820092033928,0.005653663983614821,real-derived
L4,2026-01-24 15:00:00,13.540098741666668,23.899313167141855,0.006074928344586356,real-derived
L4,2026-01-24 15:15:00,13.604760937634408,21.16833053723993,0.004912705855120503,real-derived
L4,2026-01-24 15:30:00,13.4951898,22.636768201647012,0.004759291954187274,real-derived
L4,2026-01-24 15:45:00,13.064243432258063,23.091380361165527,0.005522719819516127,real-derived
L4,2026-01-24 16:00:00,13.271646708333334,19.94741763890071,0.004743671334307502,real-derived
L4,2026-01-24 16:15:00,13.25519790967742,24.054438803551907,0.004660017899103213,real-derived
L4,2026-01-24 16:30:00,13.239809608333335,21.74886380976859,0.006037134938675286,real-derived
L4,2026-01-24 16:45:00,13.286887939784943,21.86397873308821,0.006259777856903573,real-derived
L4,2026-01-24 17:00:00,14.102636649999999,22.035676989150783,0.006083966243863094,real-derived
L4,2026-01-24 17:15:00,13.13557649032258,23.716810208961842,0.004831770287274474,real-derived
L4,2026-01-24 17:30:00,13.381007816666667,20.86722676269789,0.002860211012246817,real-derived
L4,2026-01-24 17:45:00,13.509425445161291,19.439544992823322,0.004851793913607152,real-derived
L4,2026-01-24 18:00:00,13.149240491666667,22.484432939350068,0.004242019987322951,real-derived
L4,2026-01-24 18:15:00,12.947012189247312,18.934512870740306,0.004870274980989412,real-derived
L4,2026-01-24 18:30:00,14.037602683333333,21.54834460729669,0.004328909107282391,real-derived
L4,2026-01-24 18:45:00,13.082621711827956,23.780311434788228,0.0049792601445343984,real-derived
L4,2026-01-24 19:00:00,13.769407583333333,22.868640855263106,0.003960724370768436,real-derived
L4,2026-01-24 19:15:00,13.404806812166203,23.563534098587915,0.0037192825632816214,real-derived
L4,2026-01-24 19:30:00,12.972533933333333,22.930527047804244,0.006222691482570892,real-derived
L4,2026-01-24 19:45:00,12.905028146236559,25.615501733175112,0.004030342386632347,real-derived
L4,2026-01-24 20:00:00,13.150290441666666,21.11764055851478,0.005000331625256354,real-derived
L4,2026-01-24 20:15:00,13.690879733333334,22.597197515512484,0.005954514846602836,real-derived
L4,2026-01-24 20:30:00,13.288550366666668,21.342819293181023,0.005914304126229572,real-derived
L4,2026-01-24 20:45:00,13.315080361290322,23.435201904872308,0.005794848204915351,real-derived
L4,2026-01-24 21:00:00,13.649321533333334,21.907637685924257,0.005302866514501535,real-derived
L4,2026-01-24 21:15:00,13.140999526881721,24.578267319166066,0.00572400330853685,real-derived
L4,2026-01-24 21:30:00,13.193329633333333,21.203776066897035,0.006373088132606154,real-derived
L4,2026-01-24 21:45:00,13.62744806615249,24.110689788575478,0.0054250225939953736,real-derived
L4,2026-01-24 22:00:00,13.262602625,22.889709295815955,0.0031627976531858164,real-derived
L4,2026-01-24 22:15:00,13.482474976344086,21.95130839636953,0.004471466793849904,real-derived
L4,2026-01-24 22:30:00,13.166524791666667,22.813663506789887,0.0056963700717220875,real-derived
L4,2026-01-24 22:45:00,12.87458174623656,22.39189658129379,0.004372904066290596,real-derived
L4,2026-01-24 23:00:00,13.939134333333332,22.533932020377716,0.006620106139458644,real-derived
L4,2026-01-24 23:15:00,13.005973797849462,21.689693390358414,0.004936820171833569,real-derived
L4,2026-01-24 23:30:00,13.927379691666667,20.94761723866751,0.005085248771359436,real-derived
L4,2026-01-24 23:45:00,13.056317531182795,21.497393320056204,0.006124744198901736,real-derived
L4,2026-01-25 00:00:00,13.733735666666666,19.475282533077667,0.004817150102690708,real-derived
L4,2026-01-25 00:15:00,13.416900920430106,23.26292249879894,0.005176277035728186,real-derived
L4,2026-01-25 00:30:00,13.395492766666665,20.14725404173678,0.0058991234839991125,real-derived
L4,2026-01-25 00:45:00,13.315179475268817,21.67352941714645,0.0035277293841663136,real-derived
L4,2026-01-25 01:00:00,13.967787475000002,22.97206756222155,0.004714701837612451,real-derived
L4,2026-01-25 01:15:00,13.573722288172045,23.259095075649867,0.005829153295379121,real-derived
L4,2026-01-25 01:30:00,13.164973608333334,19.33802209474414,0.005065600148342594,real-derived
L4,2026-01-25 01:45:00,13.452037987096775,21.862227887162383,0.00646733381207748,real-derived
L4,2026-01-25 02:00:00,13.315999849999999,22.689617049173233,0.0034240766418130817,real-derived
L4,2026-01-25 02:15:00,13.358079561290324,22.07802416389349,0.0033099982320538668,real-derived
L4,2026-01-25 02:30:00,13.187235383333332,24.016112436510316,0.005769686516622718,real-derived
L4,2026-01-25 02:45:00,13.541195449462366,20.767289650128095,0.005865807214932775,real-derived
L4,2026-01-25 03:00:00,13.522158058333334,18.926438304714704,0.0048067499931681665,real-derived
L4,2026-01-25 03:15:00,13.450713212903226,23.21548902515278,0.005400394400045724,real-derived
L4,2026-01-25 03:30:00,13.296734608333333,21.194370820572267,0.0057452069776314065,real-derived
L4,2026-01-25 03:45:00,13.416665393548387,19.362189103621002,0.004186136794148254,real-derived
L4,2026-01-25 04:00:00,13.318827233333334,21.76223141415029,0.004293151624950701,real-derived
L4,2026-01-25 04:15:00,13.300494047311828,23.84583696389755,0.005189726179198636,real-derived
L4,2026-01-25 04:30:00,13.680614591666664,20.10512107328095,0.00590408895989372,real-derived
L4,2026-01-25 04:45:00,13.13039536344086,25.503993930920902,0.0038340430736420153,real-derived
L4,2026-01-25 05:00:00,14.253549741666667,20.74317760819501,0.004802052368064981,real-derived
L4,2026-01-25 05:15:00,13.140737531182795,22.130516281188626,0.004755763368295561,real-derived
L4,2026-01-25 05:30:00,13.078180541666667,20.171301373228587,0.005417959105042764,real-derived
L4,2026-01-25 05:45:00,13.436008756989247,22.06241552304402,0.004991301629991166,real-derived
L4,2026-01-25 06:00:00,12.968164025,21.799378267361984,0.00445411641619714,real-derived
L4,2026-01-25 06:15:00,13.311144369892473,19.76575914650337,0.006248565780757406,real-derived
L4,2026-01-25 06:30:00,13.819394258333332,26.238740453426367,0.00446074251837918,real-derived
L4,2026-01-25 06:45:00,13.44764254623656,21.256994246471958,0.0047079036369785466,real-derived
L4,2026-01-25 07:00:00,13.507479924550545,21.258306164040956,0.0034085023640803764,real-derived
L4,2026-01-25 07:15:00,13.456010675268818,23.453553819030482,0.004286374123154105,real-derived
L4,2026-01-25 07:30:00,13.642977991666667,24.721382325022702,0.00551607607633905,real-derived
L4,2026-01-25 07:45:00,13.492328318279572,23.689655302006454,0.00532060195635486,real-derived
L4,2026-01-25 08:00:00,13.164529383333333,20.19822981546012,0.005599516990065762,real-derived
L4,2026-01-25 08:15:00,13.409120576344089,22.320863514241996,0.00555098228594567,real-derived
L4,2026-01-25 08:30:00,13.074737066697777,19.17794127642251,0.0070877140362951545,real-derived
L4,2026-01-25 08:45:00,13.489087793548386,23.352557621983536,0.00425214117255309,real-derived
L4,2026-01-25 09:00:00,13.832106008333334,19.547217792204307,0.0033805762565652115,real-derived
L4,2026-01-25 09:15:00,13.06392000860215,20.795198014586145,0.0039494470039284765,real-derived
L4,2026-01-25 09:30:00,13.531321183333334,21.995197743953035,0.004296348164168408,real-derived
L4,2026-01-25 09:45:00,13.219652154838709,22.667509841711517,0.004025673063383089,real-derived
L4,2026-01-25 10:00:00,13.432093316666666,21.60859806490702,0.005093660847644854,real-derived
L4,2026-01-25 10:15:00,12.995286176344088,24.27862551509932,0.006252654905557022,real-derived
L4,2026-01-25 10:30:00,13.656293558333333,23.08485937328842,0.006539659072969915,real-derived
L4,2026-01-25 10:45:00,13.089454348387097,22.967087131096314,0.0055043085018466045,real-derived
L4,2026-01-25 11:00:00,13.801558966666667,20.155898647023005,0.0071412722154540155,real-derived
L4,2026-01-25 11:15:00,13.61356400860215,24.549051846318104,0.004643626943433581,real-derived
L4,2026-01-25 11:30:00,13.082528074999999,20.795402283582234,0.0033674809579975736,real-derived
L4,2026-01-25 11:45:00,13.594133901075269,24.60631364948064,0.00605317806788817,real-derived
L4,2026-01-25 12:00:00,13.49643695,25.033292585388356,0.0031614056082509374,real-derived
L4,2026-01-25 12:15:00,13.23916448172043,22.768984798545663,0.004244996977300196,real-derived
L4,2026-01-25 12:30:00,12.886461733333334,23.54801964651913,0.005520112232422797,real-derived
L4,2026-01-25 12:45:00,13.611444920430106,17.375620355414696,0.0048976185199512195,real-derived
L4,2026-01-25 13:00:00,13.779931241666667,21.707496376764436,0.004809047237128494,real-derived
L4,2026-01-25 13:15:00,12.924382210752688,23.653248459879308,0.0038192099671799937,real-derived
L4,2026-01-25 13:30:00,13.139965691666667,23.386765402471127,0.004989197610566663,real-derived
L4,2026-01-25 13:45:00,13.17896176344086,20.170414992850183,0.0060036624887377914,real-derived
L4,2026-01-25 14:00:00,13.167964891666665,21.55941694019819,0.005019967916536019,real-derived
L4,2026-01-25 14:15:00,13.273178907526882,18.19545174219828,0.004169774120358939,real-derived
L4,2026-01-25 14:30:00,13.50655675,22.61948926025913,0.0037524615394026696,real-derived
L4,2026-01-25 14:45:00,13.328947862365592,19.175007398159764,0.004190405417044421,real-derived
L4,2026-01-25 15:00:00,14.065726300000001,23.69571676418136,0.005392333752414358,real-derived
L4,2026-01-25 15:15:00,13.162361961290323,23.774087291076114,0.005343602262359711,real-derived
L4,2026-01-25 15:30:00,13.440862525,21.28844977839025,0.004199492899404331,real-derived
L4,2026-01-25 15:45:00,13.060387836559139,22.781913895681132,0.002789240578017942,real-derived
L4,2026-01-25 16:00:00,13.596513949999999,21.674351913909238,0.005420012763672165,real-derived
L4,2026-01-25 16:15:00,13.26662239139785,22.362862592522298,0.0041022926010247495,real-derived
L4,2026-01-25 16:30:00,13.350540941666667,20.279110865135276,0.005689062479015284,real-derived
L4,2026-01-25 16:45:00,13.188024430107527,22.933738934859864,0.00424389035787225,real-derived
L4,2026-01-25 17:00:00,13.2352657,19.538222154663377,0.004012099546330191,real-derived
L4,2026-01-25 17:15:00,13.092558847311828,19.25510475650593,0.005153171907259584,real-derived
L4,2026-01-25 17:30:00,13.122811324999999,21.81710752499951,0.007357699230026369,real-derived
L4,2026-01-25 17:45:00,13.688009926881719,21.68313508058308,0.0057490299911165735,real-derived
L4,2026-01-25 18:00:00,13.052251258333333,22.408452595827626,0.005136219299205852,real-derived
L4,2026-01-25 18:15:00,13.228481290322579,21.025738764645507,0.005358851536380969,real-derived
L4,2026-01-25 18:30:00,13.235722241666668,24.828537498678383,0.0032488841385144027,real-derived
L4,2026-01-25 18:45:00,13.129453204301074,22.24090748406916,0.0038776596292474435,real-derived
L4,2026-01-25 19:00:00,13.913374991666668,22.349322667774338,0.0024890711349528608,real-derived
L4,2026-01-25 19:15:00,13.421216301075269,22.29585081611057,0.006729873894576623,real-derived
L4,2026-01-25 19:30:00,13.287574883333333,23.504364803422117,0.006527386029155749,real-derived
L4,2026-01-25 19:45:00,13.271730615053762,22.864026121726695,0.00539281852621491,real-derived
L4,2026-01-25 20:00:00,13.105490058333334,22.663026849562417,0.005135115103084205,real-derived
L4,2026-01-25 20:15:00,13.073576275268817,23.103976157298387,0.00344840999750242,real-derived
L4,2026-01-25 20:30:00,13.425480474241532,19.263078044429214,0.004780700039749309,real-derived
L4,2026-01-25 20:45:00,13.193696843010754,19.319728524121334,0.006792391878403892,real-derived
L4,2026-01-25 21:00:00,14.357561133333332,21.885911882047836,0.005131415998195715,real-derived
L4,2026-01-25 21:15:00,13.103063853763441,21.703489175977147,0.0044353535337881035,real-derived
L4,2026-01-25 21:30:00,13.2214417,22.869714766072313,0.0032419293399963867,real-derived
L4,2026-01-25 21:45:00,13.598668774193548,22.030025353275256,0.0063803057277308055,real-derived
L4,2026-01-25 22:00:00,13.452734216666666,22.872797401681314,0.004929916198972344,real-derived
L4,2026-01-25 22:15:00,13.13027042580645,20.131607095658072,0.003243266146637171,real-derived
L4,2026-01-25 22:30:00,13.306272258333333,21.983883144386958,0.004075734317928458,real-derived
L4,2026-01-25 22:45:00,13.564129746236558,19.98841489306332,0.0037224619826418696,real-derived
L4,2026-01-25 23:00:00,13.224628966666668,22.580286901557102,0.004868256474288028,real-derived
L4,2026-01-25 23:15:00,13.804490210752688,19.18257243645502,0.005207338969612819,real-derived
L4,2026-01-25 23:30:00,13.463138116666666,22.52246514781132,0.0044967829357214755,real-derived
L4,2026-01-25 23:45:00,13.181956258064515,19.796500928654332,0.005777046596486882,real-derived
L4,2026-01-26 00:00:00,13.614559708333331,21.424708310167308,0.005078802240472442,real-derived
L4,2026-01-26 00:15:00,13.673853384946236,23.342391537173874,0.00606231238527213,real-derived
L4,2026-01-26 00:30:00,13.317572541666667,22.341069982897626,0.004642805921919281,real-derived
L4,2026-01-26 00:45:00,13.62983440860215,19.531509664413548,0.008045325592011146,real-derived
L4,2026-01-26 01:00:00,13.911428233333334,20.991409232958965,0.004435511276526042,real-derived
L4,2026-01-26 01:15:00,13.047135664516128,19.747932211784796,0.004096670008244128,real-derived
L4,2026-01-26 01:30:00,13.490503833333332,19.45786225059221,0.003973699449904243,real-derived
L4,2026-01-26 01:45:00,13.441013815053763,22.17649476420096,0.004789059273445695,real-derived
L4,2026-01-26 02:00:00,13.957937049999998,22.840447515340156,0.0032804639091342166,real-derived
L4,2026-01-26 02:15:00,13.030424550537635,22.660908881073535,0.005294562843827811,real-derived
L4,2026-01-26 02:30:00,13.738839833333332,22.903940222319626,0.003094696230435193,real-derived
L4,2026-01-26 02:45:00,13.548263329032258,21.98213372367127,0.005161670924057231,real-derived
L4,2026-01-26 03:00:00,13.7296391,21.58991467187505,0.0036487482559036466,real-derived
L4,2026-01-26 03:15:00,13.82249890752688,20.39039600940653,0.004618706592619907,real-derived
L4,2026-01-26 03:30:00,13.841194458333332,21.339880492374252,0.00560454039913236,real-derived
L4,2026-01-26 03:45:00,13.635190253763438,20.017977422010745,0.007304037683876354,real-derived
L4,2026-01-26 04:00:00,13.591205833333333,20.732251709309622,0.003921999479218843,real-derived
L4,2026-01-26 04:15:00,13.787315759139783,22.133390305657063,0.0048496825505736085,real-derived
L4,2026-01-26 04:30:00,13.354589558333334,21.823290868688616,0.004276241325224458,real-derived
L4,2026-01-26 04:45:00,13.2118031827957,26.597092056842165,0.004130129677439204,real-derived
L4,2026-01-26 05:00:00,14.545685808333333,19.98130660374249,0.0042850266700304555,real-derived
L4,2026-01-26 05:15:00,13.946790460215054,21.812351918752327,0.005824066475636939,real-derived
L4,2026-01-26 05:30:00,13.303484,19.864401833194414,0.004511944135769621,real-derived
L4,2026-01-26 05:45:00,14.039834916129033,21.418321186045073,0.007249312698270855,real-derived
L4,2026-01-26 06:00:00,13.3219129,21.47936022682722,0.005415979255894734,real-derived
L4,2026-01-26 06:15:00,13.515557703225806,23.267320039349705,0.003989989338825925,real-derived
L4,2026-01-26 06:30:00,13.693260675000001,21.32550019117312,0.004633294817854923,real-derived
L4,2026-01-26 06:45:00,13.523026313978493,21.71302059991576,0.004198153009960011,real-derived
L4,2026-01-26 07:00:00,13.827243875,21.354523056291672,0.005800068652946714,real-derived
L4,2026-01-26 07:15:00,13.62855218064516,19.898422383914188,0.0033612203434347475,real-derived
L4,2026-01-26 07:30:00,13.88090964724892,21.021846442310338,0.0036590486195641897,real-derived
L4,2026-01-26 07:45:00,13.332628860215053,21.427094927374274,0.004408453881250858,real-derived
L4,2026-01-26 08:00:00,13.456935708333335,22.11073882510958,0.005682946793138325,real-derived
L4,2026-01-26 08:15:00,13.672681195698924,22.838420930837238,0.0062330602748227725,real-derived
L4,2026-01-26 08:30:00,13.615831685309885,21.648105235433455,0.006380542190772843,real-derived
L4,2026-01-26 08:45:00,13.362090615053761,21.62173560402798,0.00552980151994753,real-derived
L4,2026-01-26 09:00:00,14.702364341666664,19.418780262269422,0.00491711046364198,real-derived
L4,2026-01-26 09:15:00,13.261938804301076,22.809601775884527,0.005794625812313992,real-derived
L4,2026-01-26 09:30:00,13.371080916666667,20.956153169274938,0.0038554993825682896,real-derived
L4,2026-01-26 09:45:00,13.754147922580644,23.120684857344663,0.0031553427779837735,real-derived
L4,2026-01-26 10:00:00,13.30065,23.974659921781292,0.005436637577686489,real-derived
L4,2026-01-26 10:15:00,14.918316696774193,21.718127459960492,0.00399432158285115,real-derived
L4,2026-01-26 10:30:00,15.196291608333333,20.46503307885116,0.004934693267834519,real-derived
L4,2026-01-26 10:45:00,13.752808447311827,21.974952080370553,0.005119627015872814,real-derived
L4,2026-01-26 11:00:00,13.619043283333331,22.523052997027957,0.005248119559178296,real-derived
L4,2026-01-26 11:15:00,13.725177505376342,21.52671999812992,0.005937791538525052,real-derived
L4,2026-01-26 11:30:00,13.383006916666668,21.153942385931014,0.005832075188291732,real-derived
L4,2026-01-26 11:45:00,13.860805479569894,22.84529831604612,0.005195000067167691,real-derived
L4,2026-01-26 12:00:00,16.19679425,22.74636741204129,0.004557984719530594,real-derived
L4,2026-01-26 12:15:00,14.227588246307239,21.480565539509264,0.005107762088676321,real-derived
L4,2026-01-26 12:30:00,13.435079525,19.518900752108966,0.004403789583325078,real-derived
L4,2026-01-26 12:45:00,13.269754864516129,22.684567278069178,0.004803571077993829,real-derived
L4,2026-01-26 13:00:00,13.9905446,20.849009209837934,0.007618173423580414,real-derived
L4,2026-01-26 13:15:00,13.381879561290324,22.321511613055463,0.005182189700883541,real-derived
L4,2026-01-26 13:30:00,13.9040919,22.226735847518555,0.005450245017037549,real-derived
L4,2026-01-26 13:45:00,13.080013634408601,19.166578859436,0.004294519350969638,real-derived
L4,2026-01-26 14:00:00,13.239205566666666,22.12162252661736,0.006020073416429868,real-derived
L4,2026-01-26 14:15:00,13.682787922580644,22.771798788061684,0.0057602724226634245,real-derived
L4,2026-01-26 14:30:00,13.647851308333333,22.95572862296573,0.005767352554655085,real-derived
L4,2026-01-26 14:45:00,13.292426623655915,22.17604862664447,0.005214891246753463,real-derived
L4,2026-01-26 15:00:00,14.093507800000001,19.034220934075616,0.006034190095766771,real-derived
L4,2026-01-26 15:15:00,14.038308283870968,23.915621593279955,0.006271685196634734,real-derived
L4,2026-01-26 15:30:00,14.018599275,22.61653400131387,0.0052830989193492954,real-derived
L4,2026-01-26 15:45:00,13.864135208602152,20.195021005944284,0.0048853876409996775,real-derived
L4,2026-01-26 16:00:00,13.694932366666666,20.81835543976259,0.005894570990114761,real-derived
L4,2026-01-26 16:15:00,13.655541694623656,22.346836313941782,0.004095874693440256,real-derived
L4,2026-01-26 16:30:00,13.714131166666668,23.019676289947384,0.004282039719384673,real-derived
L4,2026-01-26 16:45:00,14.101623268817205,21.268055715478447,0.004946699657115099,real-derived
L4,2026-01-26 17:00:00,13.669890850000002,23.238288111068613,0.0032586429315618545,real-derived
L4,2026-01-26 17:15:00,13.885711268817206,19.310849756349732,0.005827595273563424,real-derived
L4,2026-01-26 17:30:00,13.867283,20.43631148335932,0.004037086112534177,real-derived
L4,2026-01-26 17:45:00,13.585851561290324,18.903453985236876,0.004528508978498243,real-derived
L4,2026-01-26 18:00:00,13.330968458333334,20.65389228569546,0.004786720404320229,real-derived
L4,2026-01-26 18:15:00,13.783271896774194,24.26211577681614,0.00503928682157055,real-derived
L4,2026-01-26 18:30:00,13.731133233333335,25.086703351878104,0.004656346723576958,real-derived
L4,2026-01-26 18:45:00,13.321243139784945,22.351885702345665,0.004932628952769651,real-derived
L4,2026-01-26 19:00:00,13.172266133333332,21.04235618909717,0.004940372367609586,real-derived
L4,2026-01-26 19:15:00,14.04420847311828,21.667540148723585,0.004552969042372874,real-derived
L4,2026-01-26 19:30:00,13.917076224999999,22.710009836249533,0.004226805542361235,real-derived
L4,2026-01-26 19:45:00,13.085708627956988,19.655528722541376,0.006081473924355602,real-derived
L4,2026-01-26 20:00:00,13.693479408333333,21.141251236028193,0.0028955942977332973,real-derived
L4,2026-01-26 20:15:00,13.416361247311826,24.152339611675373,0.004794284840990517,real-derived
L4,2026-01-26 20:30:00,13.565482691666666,20.431434896007456,0.004531100528115784,real-derived
L4,2026-01-26 20:45:00,13.486861324731182,20.876462651107687,0.005418791486726486,real-derived
L4,2026-01-26 21:00:00,13.340880116666668,22.019790483972162,0.003545707203480991,real-derived
L4,2026-01-26 21:15:00,13.792490589247313,22.424713389257064,0.0045002146587563956,real-derived
L4,2026-01-26 21:30:00,13.557418791666668,21.062493930700793,0.004897640266010244,real-derived
L4,2026-01-26 21:45:00,13.891006417204302,22.115446574877932,0.0060700736103704595,real-derived
L4,2026-01-26 22:00:00,13.060390375,22.91190930060916,0.005332184966795424,real-derived
L4,2026-01-26 22:15:00,13.343348103225805,24.942177735645473,0.0038165117891311383,real-derived
L4,2026-01-26 22:30:00,13.96660735,21.81063343084783,0.00451252328127934,real-derived
L4,2026-01-26 22:45:00,13.24503999139785,21.938054026989157,0.005886051352660691,real-derived
L4,2026-01-26 23:00:00,13.126050525,24.291178518969268,0.0037992251340769325,real-derived
L4,2026-01-26 23:15:00,13.987790013326656,21.176251212552856,0.00492135573162763,real-derived
L4,2026-01-26 23:30:00,13.558864258333333,20.01347045085673,0.0049908795474737245,real-derived
L4,2026-01-26 23:45:00,13.777736232258063,22.375373463488444,0.004614216940079236,real-derived
L4,2026-01-27 00:00:00,14.582644333333333,23.614262537631873,0.007695751782798915,real-derived
L4,2026-01-27 00:15:00,13.100669393548388,22.54157070279953,0.004587268540552451,real-derived
L4,2026-01-27 00:30:00,13.286525800000001,21.85447651367913,0.005449765159367797,real-derived
L4,2026-01-27 00:45:00,14.020356703322001,19.82740994029774,0.004233698879780716,real-derived
L4,2026-01-27 01:00:00,13.961851725,21.91244613209744,0.005527747991999404,real-derived
L4,2026-01-27 01:15:00,14.099262365591397,23.849732389474504,0.005870787596851936,real-derived
L4,2026-01-27 01:30:00,13.872370700000001,20.148824377691167,0.004412035963253902,real-derived
L4,2026-01-27 01:45:00,13.526956509090908,21.632879239295093,0.004945298184781467,real-derived
L5,2026-01-24 01:45:00,228.37761840873014,4.8309441625871505,0.001798259274589813,synthetic
L5,2026-01-24 02:00:00,208.44769503600867,3.7534918419404715,0.0034439071571244935,synthetic
L5,2026-01-24 02:15:00,382.9436346000165,4.254103459556706,0.00281457868384565,synthetic
L5,2026-01-24 02:30:00,255.67992432930816,4.027006465294809,0.001913225329439069,synthetic
L5,2026-01-24 02:45:00,106.9110137193544,3.305671718189867,0.0034504877364418536,synthetic
L5,2026-01-24 03:00:00,441.2284925194898,3.8887120144574463,0.004288019713526324,synthetic
L5,2026-01-24 03:15:00,235.8323741549915,4.352503954143536,0.0015332317083398227,synthetic
L5,2026-01-24 03:30:00,280.29015650015754,3.700582446993485,0.003920092495694833,synthetic
L5,2026-01-24 03:45:00,431.2725204395452,3.805094082776883,0.0007166392358288866,synthetic
L5,2026-01-24 04:00:00,288.6606324649888,3.895979886768613,0.0026397420328366375,synthetic
L5,2026-01-24 04:15:00,286.9330718238509,5.266917598786062,0.004656464321018322,synthetic
L5,2026-01-24 04:30:00,201.74615643595735,2.8995706377373365,0.00270450835633842,synthetic
L5,2026-01-24 04:45:00,169.21330402979467,4.300985979416355,0.003080944556238893,synthetic
L5,2026-01-24 05:00:00,286.68909883230975,3.8479965536487013,0.0036865795806961996,synthetic
L5,2026-01-24 05:15:00,329.0247819259916,3.6156070548985397,0.001455173837345413,synthetic
L5,2026-01-24 05:30:00,324.4420326568618,3.8332745757062407,0.00306488532075578,synthetic
L5,2026-01-24 05:45:00,261.49911356246275,4.400425746300054,0.0030577917647651776,synthetic
L5,2026-01-24 06:00:00,301.6206239477554,4.434714156412337,0.004676088875923866,synthetic
L5,2026-01-24 06:15:00,153.02320037376262,4.111610273460852,0.001887833252101959,synthetic
L5,2026-01-24 06:30:00,336.8133616556383,4.655644789873977,0.0026566146151948905,synthetic
L5,2026-01-24 06:45:00,312.91246758160366,4.761299797060346,0.002164479788258746,synthetic
L5,2026-01-24 07:00:00,457.8928715346286,4.489825565170369,0.0020690293766777584,synthetic
L5,2026-01-24 07:15:00,300.5983717143238,3.6722845293116686,0.004014662454358121,synthetic
L5,2026-01-24 07:30:00,224.58645182831367,4.296664929527726,0.003023986351800736,synthetic
L5,2026-01-24 07:45:00,295.9421492728945,4.299520395483142,0.002499989523216131,synthetic
L5,2026-01-24 08:00:00,273.77601599873304,3.510621139812069,0.002533938688971718,synthetic
L5,2026-01-24 08:15:00,334.7766295016318,3.058336663567445,0.0024930956307491437,synthetic
L5,2026-01-24 08:30:00,302.15136493801486,2.7863346271752665,0.0025735771403330755,synthetic
L5,2026-01-24 08:45:00,199.2042639157885,4.041913294067291,0.001861999190139662,synthetic
L5,2026-01-24 09:00:00,169.14053694447844,4.178823828920151,0.00276714341169132,synthetic
L5,2026-01-24 09:15:00,321.0326562106413,3.2909310534085514,0.00267671397751307,synthetic
L5,2026-01-24 09:30:00,410.6491632855391,4.6276193995308175,0.002317982964236992,synthetic
L5,2026-01-24 09:45:00,306.34783072413757,4.091330889577847,0.0031395416306744775,synthetic
L5,2026-01-24 10:00:00,365.06378831361656,4.809671568949212,0.0032159005321063428,synthetic
L5,2026-01-24 10:15:00,381.024732336288,4.222321521990154,0.002499017507137463,synthetic
L5,2026-01-24 10:30:00,321.34334766357347,3.360199856872509,0.002870279264310371,synthetic
L5,2026-01-24 10:45:00,234.84068097108735,4.274968727974089,0.004942761354210771,synthetic
L5,2026-01-24 11:00:00,315.62464680364513,4.402066416923261,0.004908389932741924,synthetic
L5,2026-01-24 11:15:00,396.56583100803846,3.6714258484677966,0.002051318828883238,synthetic
L5,2026-01-24 11:30:00,342.39124396799315,3.134744201614075,0.002176997190070297,synthetic
L5,2026-01-24 11:45:00,359.8596274262925,4.060177638583964,0.0020465370507072034,synthetic
L5,2026-01-24 12:00:00,262.9963006646539,3.399493218810289,0.0039513485459750156,synthetic
L5,2026-01-24 12:15:00,283.81169922036145,4.672532597836679,0.0026413236303818753,synthetic
L5,2026-01-24 12:30:00,290.50181512797064,3.7556939917440446,0.00321570681923667,synthetic
L5,2026-01-24 12:45:00,295.89295979705633,5.034760663895979,0.004797270599952795,synthetic
L5,2026-01-24 13:00:00,393.4366652809887,2.7255047994886983,0.002990581685120584,synthetic
L5,2026-01-24 13:15:00,112.22610173294663,4.080877362487088,0.0036356238495815884,synthetic
L5,2026-01-24 13:30:00,302.443064366547,4.857635584060792,0.003468378674370354,synthetic
L5,2026-01-24 13:45:00,293.6402899444117,3.465817410467622,0.0024706043834736456,synthetic
L5,2026-01-24 14:00:00,190.27990868446807,3.904479438623779,0.003953245558567673,synthetic
L5,2026-01-24 14:15:00,353.74137732699717,3.7581785713815736,0.0022352692718098327,synthetic
L5,2026-01-24 14:30:00,242.03998464440605,3.5897394147086303,0.004205891807799758,synthetic
L5,2026-01-24 14:45:00,271.43738805174723,4.146773584668569,0.0024712941313117924,synthetic
L5,2026-01-24 15:00:00,447.9025526203235,3.222747039400538,0.002569829051517515,synthetic
L5,2026-01-24 15:15:00,380.79789196312447,3.9334187312018645,0.0020203609587358877,synthetic
L5,2026-01-24 15:30:00,345.9589551316093,4.309596542610744,0.0021681665302650177,synthetic
L5,2026-01-24 15:45:00,330.4621547715523,3.870943773168014,0.002615912109904318,synthetic
L5,2026-01-24 16:00:00,286.82559820437257,3.3998774800085347,0.0008117862978804496,synthetic
L5,2026-01-24 16:15:00,459.9501812296081,4.618111239160901,0.0027900008929419634,synthetic
L5,2026-01-24 16:30:00,364.17341051521913,4.43815417697011,0.002542823186482635,synthetic
L5,2026-01-24 16:45:00,240.03600688277982,3.3752876972177552,0.003711009988750649,synthetic
L5,2026-01-24 17:00:00,187.99181774258767,3.2235354609864753,0.0033806826645211433,synthetic
L5,2026-01-24 17:15:00,345.34704015914156,3.4288453504037055,0.0023631263120106327,synthetic
L5,2026-01-24 17:30:00,295.53046960972443,4.327163899292329,0.002587304316516684,synthetic
L5,2026-01-24 17:45:00,185.6849466443066,4.165343739377527,0.002788843765331192,synthetic
L5,2026-01-24 18:00:00,334.28689325692653,4.474049627467428,0.004337360899028264,synthetic
L5,2026-01-24 18:15:00,278.47782717507835,3.804309869169631,0.0022599257875892025,synthetic
L5,2026-01-24 18:30:00,342.4531940421976,3.445159457499936,0.0023522154015444114,synthetic
L5,2026-01-24 18:45:00,335.3392171664725,4.551307893048699,0.001984274263544564,synthetic
L5,2026-01-24 19:00:00,251.33887827649286,3.6679308919293017,0.0016661644685074337,synthetic
L5,2026-01-24 19:15:00,350.6275811539364,4.111928833512387,0.0032763032612629452,synthetic
L5,2026-01-24 19:30:00,260.16759338920804,3.0700450965307757,0.003182612997965889,synthetic
L5,2026-01-24 19:45:00,265.3694501455223,3.6581137454063204,0.004154485667551817,synthetic
L5,2026-01-24 20:00:00,257.4182874702898,4.605637792564908,0.003937268106954237,synthetic
L5,2026-01-24 20:15:00,390.4779542245017,3.5702352599980856,0.005157405043078628,synthetic
L5,2026-01-24 20:30:00,277.5542089556512,4.4887022928709,0.0029335145092130137,synthetic
L5,2026-01-24 20:45:00,409.79545444514014,2.601388182287084,0.002765523392583414,synthetic
L5,2026-01-24 21:00:00,442.6787896149488,3.6643650042140883,0.0018297962893799766,synthetic
L5,2026-01-24 21:15:00,240.9024690516441,3.8971872124731206,0.003626920350728693,synthetic
L5,2026-01-24 21:30:00,66.32037482424533,5.045524182005443,0.003106680817301705,synthetic
L5,2026-01-24 21:45:00,383.5607634617018,3.298562271991329,0.003586139674509615,synthetic
L5,2026-01-24 22:00:00,272.6422482111887,4.402595977268254,0.0019747882026854404,synthetic
L5,2026-01-24 22:15:00,230.70508694944067,4.634159068749276,0.0033164437701240297,synthetic
L5,2026-01-24 22:30:00,252.90255150776255,3.567106211653435,0.003184679656158548,synthetic
L5,2026-01-24 22:45:00,266.8148942907177,3.775885630736386,0.003125131535904318,synthetic
L5,2026-01-24 23:00:00,403.7754472554992,4.084977264287142,0.0023850606826285284,synthetic
L5,2026-01-24 23:15:00,312.7928991454012,3.1111090196844824,0.0040703921836980584,synthetic
L5,2026-01-24 23:30:00,402.68789040865084,3.7269380728831862,0.00484527682108021,synthetic
L5,2026-01-24 23:45:00,339.53760954227965,4.765667224567849,0.0020006903763321463,synthetic
L5,2026-01-25 00:00:00,275.2615420839613,4.313592886518652,0.0036483995816336623,synthetic
L5,2026-01-25 00:15:00,268.77142374325945,3.9059492263100544,0.0004099348637936497,synthetic
L5,2026-01-25 00:30:00,344.9287000599681,4.06784341710189,0.0036017489545342126,synthetic
L5,2026-01-25 00:45:00,365.6340503466167,4.348543219317863,0.0013168608451124208,synthetic
L5,2026-01-25 01:00:00,379.74341485606953,4.4634460887460685,0.0025275293868906677,synthetic
L5,2026-01-25 01:15:00,279.0769190899406,3.6661515115725387,0.0018182778044211747,synthetic
L5,2026-01-25 01:30:00,314.0164685123578,4.920832565967801,0.0028059496545455435,synthetic
L5,2026-01-25 01:45:00,346.7232327404261,4.7898089207227965,0.003754914328531046,synthetic
L5,2026-01-25 02:00:00,269.28279792505106,4.4063545782119276,0.0013284180626456795,synthetic
L5,2026-01-25 02:15:00,209.20479729577863,3.494224080492465,0.0026764682794359253,synthetic
L5,2026-01-25 02:30:00,235.49831466383012,3.3878656559376443,0.002537968108065549,synthetic
L5,2026-01-25 02:45:00,280.7171645961612,3.804037722042044,0.004422943815484687,synthetic
L5,2026-01-25 03:00:00,352.9765711376241,4.036459058586646,0.0033885849070652567,synthetic
L5,2026-01-25 03:15:00,400.71819964576815,2.938904880664569,0.0019405045980539198,synthetic
L5,2026-01-25 03:30:00,191.51622330123035,4.296815880127154,0.0025758350588726405,synthetic
L5,2026-01-25 03:45:00,252.21239888560137,4.772477358309083,0.004400493814546979,synthetic
L5,2026-01-25 04:00:00,271.37100023493986,4.345884483898526,0.003642928785096622,synthetic
L5,2026-01-25 04:15:00,363.5773625845315,3.594368318317459,0.0021735898838351206,synthetic
L5,2026-01-25 04:30:00,257.75115716892,3.5233579615597055,0.00275963651545522,synthetic
L5,2026-01-25 04:45:00,265.62141320420227,4.179911406504448,0.0027884017664326667,synthetic
L5,2026-01-25 05:00:00,187.0405938279821,3.908017770797092,0.0025158162655597753,synthetic
L5,2026-01-25 05:15:00,338.6725852778607,4.265824704553545,0.0014608090593104795,synthetic
L5,2026-01-25 05:30:00,287.08807403227564,4.361032823563381,0.0023901404561490285,synthetic
L5,2026-01-25 05:45:00,247.67639720163228,4.655134317336797,0.004250279375278837,synthetic
L5,2026-01-25 06:00:00,279.23894204143227,3.320725942642287,0.0026569699616449424,synthetic
L5,2026-01-25 06:15:00,390.15964015450106,4.132971368709587,0.002907071732585173,synthetic
L5,2026-01-25 06:30:00,219.60904733441254,3.781914997623206,0.003126473082168217,synthetic
L5,2026-01-25 06:45:00,232.66722951171232,3.940818973638783,0.0049963272552409135,synthetic
L5,2026-01-25 07:00:00,400.18019579724967,4.518645311601246,0.0030079872942752653,synthetic
L5,2026-01-25 07:15:00,306.06198624150863,4.583875523830746,0.00398455081822516,synthetic
L5,2026-01-25 07:30:00,353.5803277369534,4.839066190230192,0.0024616378451539234,synthetic
L5,2026-01-25 07:45:00,332.1401528004549,4.255354150220961,0.002766540665547758,synthetic
L5,2026-01-25 08:00:00,297.1732358164841,3.9339899255465234,0.0030112974507992564,synthetic
L5,2026-01-25 08:15:00,272.13607046811546,3.8482729183297697,0.002303280352335554,synthetic
L5,2026-01-25 08:30:00,366.5246417987055,2.959146998563199,0.002816653997457338,synthetic
L5,2026-01-25 08:45:00,392.98692542489243,4.803841026939162,0.0037992458422319427,synthetic
L5,2026-01-25 09:00:00,386.7350677612877,3.806860951728598,0.002279671895017305,synthetic
L5,2026-01-25 09:15:00,205.1622693081853,4.303538236001747,0.0030000801278672745,synthetic
L5,2026-01-25 09:30:00,404.39288142754634,4.4073979154454594,0.0036378601964903393,synthetic
L5,2026-01-25 09:45:00,271.3651796641884,3.2528106945699164,0.0022579805560685303,synthetic
L5,2026-01-25 10:00:00,239.59763699641326,3.4459921645242195,0.0039858724133534605,synthetic
L5,2026-01-25 10:15:00,286.45378425852215,4.928211944233296,0.0030655951317401903,synthetic
L5,2026-01-25 10:30:00,366.49027481989856,4.174261309410126,0.0028513896929946393,synthetic
L5,2026-01-25 10:45:00,343.237134722245,3.6516486014208906,0.001192666974779807,synthetic
L5,2026-01-25 11:00:00,279.5690870516586,3.9241917933234736,0.002663748802187874,synthetic
L5,2026-01-25 11:15:00,367.013269350238,4.651742142899703,0.0033344331745307726,synthetic
L5,2026-01-25 11:30:00,311.1888464607548,4.560588687840583,0.004570810516922221,synthetic
L5,2026-01-25 11:45:00,254.16228275685006,3.120350942656214,0.0035111002387004514,synthetic
L5,2026-01-25 12:00:00,243.35717736332055,4.980570306203136,0.004013594608600514,synthetic
L5,2026-01-25 12:15:00,332.8187875537296,4.579688818599208,0.0019118058837402552,synthetic
L5,2026-01-25 12:30:00,293.39858113475185,3.9085148503950484,0.002885859753912341,synthetic
L5,2026-01-25 12:45:00,189.9595877269091,3.284966534147968,0.004098671798095977,synthetic
L5,2026-01-25 13:00:00,367.77291944556026,4.632405184036555,0.002201039804640069,synthetic
L5,2026-01-25 13:15:00,261.57799771004636,4.285856500176772,0.003868700366075792,synthetic
L5,2026-01-25 13:30:00,427.36957183910357,3.125320973153341,0.0036599860781403,synthetic
L5,2026-01-25 13:45:00,187.76080118762312,3.8607531547849736,0.003247251283604838,synthetic
L5,2026-01-25 14:00:00,285.5433122887991,5.8757037656754925,0.002704167637377623,synthetic
L5,2026-01-25 14:15:00,244.0017852448618,4.009901054448653,0.0021123343608848086,synthetic
L5,2026-01-25 14:30:00,221.9661983698129,3.554817643398606,0.0045978413646929825,synthetic
L5,2026-01-25 14:45:00,261.05674265932987,3.3949020248160156,0.0035686762659516277,synthetic
L5,2026-01-25 15:00:00,441.6454087229585,5.0632593900576515,0.003306554512207904,synthetic
L5,2026-01-25 15:15:00,311.46961360636027,4.508655693746613,0.002628435226617974,synthetic
L5,2026-01-25 15:30:00,236.6633568962057,4.8444634683503365,0.00303408446663098,synthetic
L5,2026-01-25 15:45:00,153.7097271730076,4.148911170455294,0.0031482455429730294,synthetic
L5,2026-01-25 16:00:00,162.2909962921851,4.752411541199672,0.0033598881162602155,synthetic
L5,2026-01-25 16:15:00,257.08294847050115,3.4910077662712538,0.0036609062596247408,synthetic
L5,2026-01-25 16:30:00,249.3049612689072,4.097554588549035,0.0022957756267304175,synthetic
L5,2026-01-25 16:45:00,282.07594350124117,4.172232108983642,0.0016800627310616962,synthetic
L5,2026-01-25 17:00:00,118.22529596513189,4.829468159125133,0.003075852766146148,synthetic
L5,2026-01-25 17:15:00,292.6654723962773,4.1913058240842735,0.0014275043964077146,synthetic
L5,2026-01-25 17:30:00,382.21838201176865,3.624692954958271,0.002708705104505726,synthetic
L5,2026-01-25 17:45:00,429.8272997891356,4.038444303352224,0.0025417291528994136,synthetic
L5,2026-01-25 18:00:00,148.44430816662884,2.9941520785238556,0.0034425733729815024,synthetic
L5,2026-01-25 18:15:00,235.88857926086757,2.60741876003784,0.004784337331937678,synthetic
L5,2026-01-25 18:30:00,231.6612911220372,4.498804822064972,0.0012498684384867952,synthetic
L5,2026-01-25 18:45:00,311.657714202052,3.7751536682161935,0.005046766527286561,synthetic
L5,2026-01-25 19:00:00,202.41820256988373,3.843149620611839,0.0027902323567928766,synthetic
L5,2026-01-25 19:15:00,434.58105989813447,4.498568007619969,0.003313027813955322,synthetic
L5,2026-01-25 19:30:00,303.4817977348592,4.838206231026759,0.0017266510581386552,synthetic
L5,2026-01-25 19:45:00,290.14829685606304,4.32069277289655,0.0038971844132036884,synthetic
L5,2026-01-25 20:00:00,427.4170987026222,5.156843698130687,0.003037325282716552,synthetic
L5,2026-01-25 20:15:00,298.71619007333214,4.301613480434367,0.0029446793299305416,synthetic
L5,2026-01-25 20:30:00,332.0242725198951,4.181328078147997,0.0012563533965873417,synthetic
L5,2026-01-25 20:45:00,239.93613813663606,4.14423329350276,0.0030664171324626846,synthetic
L5,2026-01-25 21:00:00,190.3598347956493,40.86339850728516,0.07085509589717817,synthetic
L5,2026-01-25 21:15:00,251.17106947966153,37.31404709473959,0.07178880172331197,synthetic
L5,2026-01-25 21:30:00,474.95806711558595,61.825116267124,0.07253711454107517,synthetic
L5,2026-01-25 21:45:00,350.64167586295645,53.53449621013402,0.07870038038019042,synthetic
L5,2026-01-25 22:00:00,321.962786968884,47.76429299996596,0.048527238081959224,synthetic
L5,2026-01-25 22:15:00,221.89012878518403,41.86541367801967,0.06921319774916747,synthetic
L5,2026-01-25 22:30:00,372.90006407870766,42.51368413622241,0.08460736038279444,synthetic
L5,2026-01-25 22:45:00,191.38453805489667,57.339854934753205,0.08446475872349658,synthetic
L5,2026-01-25 23:00:00,174.6354840254095,47.45262030131654,0.10315986105159175,synthetic
L5,2026-01-25 23:15:00,255.28903016946833,20.337558856409494,0.11678784444389609,synthetic
L5,2026-01-25 23:30:00,456.3592729569158,64.36750812527069,0.11024966893328807,synthetic
L5,2026-01-25 23:45:00,451.83153859140896,46.46449885577828,0.09829304768147869,synthetic
L5,2026-01-26 00:00:00,263.9010457399565,47.74695204587854,0.07702530818465585,synthetic
L5,2026-01-26 00:15:00,246.06407854416125,53.69355850747837,0.0675386186008624,synthetic
L5,2026-01-26 00:30:00,168.7710367552176,48.72322261849269,0.08035756865016803,synthetic
L5,2026-01-26 00:45:00,306.24245804160677,50.97526894173448,0.09171157539545796,synthetic
L5,2026-01-26 01:00:00,312.96102015904955,41.610212261080605,0.09643875596491336,synthetic
L5,2026-01-26 01:15:00,363.164500335753,35.16163740826891,0.09246171467031701,synthetic
L5,2026-01-26 01:30:00,372.8566010660131,47.24186225178557,0.07757649057247895,synthetic
L5,2026-01-26 01:45:00,284.20624658682937,56.45291721819672,0.09573724479684523,synthetic
L5,2026-01-26 02:00:00,344.48222998076676,39.817579532935056,0.10521745010167005,synthetic
L5,2026-01-26 02:15:00,243.94889057227712,39.17580804144179,0.09760320768135083,synthetic
L5,2026-01-26 02:30:00,342.9634026688549,54.7681540830395,0.07935973889673202,synthetic
L5,2026-01-26 02:45:00,259.4214337452353,3.676276213974245,0.004350452802256104,synthetic
L5,2026-01-26 03:00:00,336.756681277355,4.4139457909815,0.00449329411844987,synthetic
L5,2026-01-26 03:15:00,330.2801060228292,3.126622604557541,0.0039345132038243955,synthetic
L5,2026-01-26 03:30:00,305.50429005560517,3.72275947256882,0.004081367709511303,synthetic
L5,2026-01-26 03:45:00,363.56317745274833,3.2750354563443675,0.003047640666648188,synthetic
L5,2026-01-26 04:00:00,174.36807429114515,3.6370160068783193,0.0011313339388575032,synthetic
L5,2026-01-26 04:15:00,214.80670254232479,4.7502820241386425,0.0030250929373500123,synthetic
L5,2026-01-26 04:30:00,278.3952261157573,3.6326044664177815,0.003559415495177475,synthetic
L5,2026-01-26 04:45:00,184.53892898613418,4.43095367528445,0.002878256949090375,synthetic
L5,2026-01-26 05:00:00,267.4508388356236,4.910359109234224,0.0028372474931343465,synthetic
L5,2026-01-26 05:15:00,270.029576393796,3.9834536118380086,0.00213229376488351,synthetic
L5,2026-01-26 05:30:00,404.7747029333355,4.596260263033768,0.0020984351310551768,synthetic
L5,2026-01-26 05:45:00,311.402696183317,4.318651574883205,0.004654333663289463,synthetic
L5,2026-01-26 06:00:00,382.35436608511026,4.069862158350119,0.004686911732892128,synthetic
L5,2026-01-26 06:15:00,324.1339775047775,4.450189353590158,0.002997617581878507,synthetic
L5,2026-01-26 06:30:00,257.1466183014348,5.103962853995112,0.0032533712445836343,synthetic
L5,2026-01-26 06:45:00,310.697344619721,3.6176386524948683,0.002117227748666683,synthetic
L5,2026-01-26 07:00:00,358.35410671457385,3.4244794598943553,0.0035783173649455084,synthetic
L5,2026-01-26 07:15:00,395.47210611540646,3.389251272606794,0.004583684254452779,synthetic
L5,2026-01-26 07:30:00,289.41519496524535,4.596656781841933,0.001623692298049776,synthetic
L5,2026-01-26 07:45:00,168.19914849176448,4.677620573877012,0.0034174949697321545,synthetic
L5,2026-01-26 08:00:00,162.57581940624786,3.677777839999639,0.003485120018380536,synthetic
L5,2026-01-26 08:15:00,273.88699119064904,2.718391870336392,0.003474845863400332,synthetic
L5,2026-01-26 08:30:00,112.96787990816216,3.5951459560461485,0.004478535901063622,synthetic
L5,2026-01-26 08:45:00,443.6083572589464,4.328712506684198,0.004832416390954037,synthetic
L5,2026-01-26 09:00:00,347.7546585119787,3.9599661166103,0.002789864689914604,synthetic
L5,2026-01-26 09:15:00,249.14663924022042,4.10820864805322,0.003605856304940722,synthetic
L5,2026-01-26 09:30:00,211.22819247929635,3.6859933490346415,0.0030758103351534536,synthetic
L5,2026-01-26 09:45:00,382.2495276780888,4.6084534748258585,0.0024310962363542736,synthetic
L5,2026-01-26 10:00:00,210.90902754791955,4.2059150810527814,0.003243732741192913,synthetic
L5,2026-01-26 10:15:00,218.5418589119158,4.351878083418281,0.0036043495756502234,synthetic
L5,2026-01-26 10:30:00,238.72432479786465,4.0954394098160085,0.0031952358168752873,synthetic
L5,2026-01-26 10:45:00,309.12699316594603,4.314620898166506,0.0022069369114624945,synthetic
L5,2026-01-26 11:00:00,349.66379513179186,4.275143012908577,0.00258279542412989,synthetic
L5,2026-01-26 11:15:00,395.41377867325303,3.4431552231185307,0.0025896833218428082,synthetic
L5,2026-01-26 11:30:00,383.59770391573613,4.223837857225077,0.002241800440562366,synthetic
L5,2026-01-26 11:45:00,300.06189673877935,4.474904903167912,0.003282185623445102,synthetic
L5,2026-01-26 12:00:00,381.6417579005067,4.693084879716906,0.00337630088666377,synthetic
L5,2026-01-26 12:15:00,246.32003088189117,4.249664288970227,0.003881565840798477,synthetic
L5,2026-01-26 12:30:00,154.3307188430427,3.4208496887610784,0.002228139886655432,synthetic
L5,2026-01-26 12:45:00,246.30951426315934,3.513209602255598,0.002480269182394086,synthetic
L5,2026-01-26 13:00:00,235.499158857897,3.7389111512482414,0.004399112506738114,synthetic
L5,2026-01-26 13:15:00,249.44103425606585,4.113678344881915,0.002851953722334372,synthetic
L5,2026-01-26 13:30:00,223.25002166064888,3.926658339215444,0.0030271179263264706,synthetic
L5,2026-01-26 13:45:00,263.111233793623,3.325760760621452,0.002842406650743916,synthetic
L5,2026-01-26 14:00:00,349.6013771274862,3.322167979410969,0.00401972773684948,synthetic
L5,2026-01-26 14:15:00,437.2205682130057,2.7408869350559897,0.004054627812643526,synthetic
L5,2026-01-26 14:30:00,161.97228205927814,2.128315045679194,0.004001887290529963,synthetic
L5,2026-01-26 14:45:00,196.98122984794048,3.9209309062270448,0.003023910850221793,synthetic
L5,2026-01-26 15:00:00,236.6842993017466,5.392138225085713,0.0022148076202598986,synthetic
L5,2026-01-26 15:15:00,361.25935019492744,5.078067714274856,0.0047326917699833295,synthetic
L5,2026-01-26 15:30:00,283.60420456215604,3.4130611527262174,0.0037706780792599653,synthetic
L5,2026-01-26 15:45:00,242.0712621517102,4.089941978434366,0.0025890069167468495,synthetic
L5,2026-01-26 16:00:00,357.33864061643374,3.1212522939699006,0.00428143696224997,synthetic
L5,2026-01-26 16:15:00,376.5112213073575,3.2127342814851274,0.002517951976266815,synthetic
L5,2026-01-26 16:30:00,298.4992032461096,3.2815164414217723,0.004269633062869791,synthetic
L5,2026-01-26 16:45:00,234.7024618703565,3.8647007893349,0.004330456130446043,synthetic
L5,2026-01-26 17:00:00,321.62236537883143,3.890524233872814,0.00217066550548705,synthetic
L5,2026-01-26 17:15:00,281.3385433237946,4.151621182484115,0.003523582472718865,synthetic
L5,2026-01-26 17:30:00,280.71894049716315,4.39792983382257,0.003703971633565196,synthetic
L5,2026-01-26 17:45:00,259.00798251185313,3.797871445962905,0.005353418279627698,synthetic
L5,2026-01-26 18:00:00,373.99865978576713,4.0217211823975765,0.0023319289941295287,synthetic
L5,2026-01-26 18:15:00,319.9904181061435,3.3437124959858746,0.0042892889492944465,synthetic
L5,2026-01-26 18:30:00,382.85607055117043,3.1933017854456915,0.003015611416230199,synthetic
L5,2026-01-26 18:45:00,406.90609163825,3.100616592371014,0.0018827722347774876,synthetic
L5,2026-01-26 19:00:00,336.71846150933123,4.389548680676937,0.0028920115471491414,synthetic
L5,2026-01-26 19:15:00,259.48183080918784,3.797255291147054,0.0030022182849897363,synthetic
L5,2026-01-26 19:30:00,383.2260985775828,2.877327842305358,0.00204699882619624,synthetic
L5,2026-01-26 19:45:00,337.25317618226836,3.962146628389834,0.0032809562569663764,synthetic
L5,2026-01-26 20:00:00,508.2694221446111,3.2507072009283497,0.0038620283299487237,synthetic
L5,2026-01-26 20:15:00,324.8082310795749,4.996227291383783,0.0032143805886558114,synthetic
L5,2026-01-26 20:30:00,355.8150431211267,3.652706967047904,0.002512340319558111,synthetic
L5,2026-01-26 20:45:00,323.23391130368253,4.408903591491473,0.0028663751384337306,synthetic
L5,2026-01-26 21:00:00,292.07211265055054,4.653377816430992,0.002995910978885894,synthetic
L5,2026-01-26 21:15:00,279.2966760329947,3.4270429284657755,0.003195589464732944,synthetic
L5,2026-01-26 21:30:00,323.53950757268535,4.045628270532824,0.0039988476860160285,synthetic
L5,2026-01-26 21:45:00,341.69406014510844,4.332080740832888,0.0032447457780474804,synthetic
L5,2026-01-26 22:00:00,392.351031971554,4.069327703446064,0.0017375730342332606,synthetic
L5,2026-01-26 22:15:00,324.70804466430116,4.216660455585891,0.002493911035210178,synthetic
L5,2026-01-26 22:30:00,262.9688659659817,3.2022223638645078,0.003149418945806973,synthetic
L5,2026-01-26 22:45:00,273.85168027208135,4.332421731828715,0.004011712036458703,synthetic
L5,2026-01-26 23:00:00,194.16504456774555,3.7083014834963746,0.0041680617973828965,synthetic
L5,2026-01-26 23:15:00,432.8971074857848,4.209670733970484,0.00459721680742871,synthetic
L5,2026-01-26 23:30:00,256.7061109183321,4.5519933073308785,0.0031175529578213743,synthetic
L5,2026-01-26 23:45:00,377.39523681103253,4.401285104510964,0.0036869782579522442,synthetic
L5,2026-01-27 00:00:00,322.1240685954027,4.209231835293684,0.0016909846190373277,synthetic
L5,2026-01-27 00:15:00,324.29854646715256,4.38527697771071,0.003386893415845335,synthetic
L5,2026-01-27 00:30:00,290.60416997821306,4.4130466323332715,0.0020322623086852245,synthetic
L5,2026-01-27 00:45:00,236.97608890986612,4.897300696830356,0.002943714723820725,synthetic
L5,2026-01-27 01:00:00,222.51716796064198,3.9795695803223374,0.005726854549984928,synthetic
L5,2026-01-27 01:15:00,438.27723110439496,4.098374196065433,0.0032731988125713866,synthetic
L5,2026-01-27 01:30:00,309.11688630697967,4.559240085385667,0.002222568102737704,synthetic
L5,2026-01-27 01:45:00,390.02141969501207,3.705767434141892,0.003367010105362115,synthetic
L6,2026-01-24 01:45:00,2099.628941395675,27.882321095121316,0.002869041243581368,synthetic
L6,2026-01-24 02:00:00,2082.5514508405627,23.587719408279195,0.002387127303862146,synthetic
L6,2026-01-24 02:15:00,2209.523311013629,22.82591360506216,0.002675032093812569,synthetic
L6,2026-01-24 02:30:00,2885.0941430459497,25.66383224190076,0.0031142764117658636,synthetic
L6,2026-01-24 02:45:00,3074.258702560056,23.72508780204582,0.001560897900618647,synthetic
L6,2026-01-24 03:00:00,1681.5367310802985,18.031013819393294,0.001521737339521098,synthetic
L6,2026-01-24 03:15:00,2337.1235219782434,20.17885236219804,0.0024012865402863928,synthetic
L6,2026-01-24 03:30:00,2875.1655350198835,27.807751333912613,0.0019977929275626525,synthetic
L6,2026-01-24 03:45:00,2052.230464729726,24.301983652240498,0.0021322122996841764,synthetic
L6,2026-01-24 04:00:00,3012.4109902029154,17.94635591149161,0.0018507998647355837,synthetic
L6,2026-01-24 04:15:00,2478.651630540073,25.267603440174597,0.0016422447697851698,synthetic
L6,2026-01-24 04:30:00,2179.137404398135,21.986668248468906,0.002972458801265015,synthetic
L6,2026-01-24 04:45:00,2738.307911363206,20.851800170968385,0.0013400833317080514,synthetic
L6,2026-01-24 05:00:00,2982.4418372969526,19.878458187718156,0.0024118353555449266,synthetic
L6,2026-01-24 05:15:00,2089.059181725652,27.599746096747275,0.00231453697143827,synthetic
L6,2026-01-24 05:30:00,2525.3190865338856,16.92420586078074,0.0010525920214578537,synthetic
L6,2026-01-24 05:45:00,3036.7284316611176,20.984884532017837,0.001501531802003844,synthetic
L6,2026-01-24 06:00:00,2151.2950680119275,24.432456357280472,0.0016023856634300795,synthetic
L6,2026-01-24 06:15:00,1506.4150748947907,29.682107048052586,0.0023387504679899546,synthetic
L6,2026-01-24 06:30:00,1593.6668311033768,25.993889506861148,0.0017797789364416695,synthetic
L6,2026-01-24 06:45:00,2399.003377878982,20.95431138408191,0.0019486461160335168,synthetic
L6,2026-01-24 07:00:00,1750.7388410603003,29.505672434784532,0.0011254115858091635,synthetic
L6,2026-01-24 07:15:00,2449.640235473103,19.121555761062098,0.003395547030029188,synthetic
L6,2026-01-24 07:30:00,3898.758852844329,24.955210195278557,0.0020427173712436984,synthetic
L6,2026-01-24 07:45:00,1707.4091608641493,25.756024724707974,0.0022994005383781663,synthetic
L6,2026-01-24 08:00:00,2496.5245069360553,20.82798390047841,0.0016756247068608666,synthetic
L6,2026-01-24 08:15:00,4235.259279075397,26.511334986797713,0.0016084236037592894,synthetic
L6,2026-01-24 08:30:00,2993.853659742511,22.149995535812547,0.003147610792972119,synthetic
L6,2026-01-24 08:45:00,2435.2392330175685,26.50251273906467,0.0008499670357960227,synthetic
L6,2026-01-24 09:00:00,2587.0445031461486,17.37745622668965,0.002167188241058466,synthetic
L6,2026-01-24 09:15:00,3009.14100604316,25.20591392482395,0.0012730976653352643,synthetic
L6,2026-01-24 09:30:00,3920.9557900517566,22.516415978303023,0.001756999307361797,synthetic
L6,2026-01-24 09:45:00,2317.7854026163855,28.138933618684156,0.0016171433193955876,synthetic
L6,2026-01-24 10:00:00,2154.520596320436,23.84166937282458,0.0014084133899484514,synthetic
L6,2026-01-24 10:15:00,1707.2577123982362,28.49722632139243,0.0020212650378237966,synthetic
L6,2026-01-24 10:30:00,2774.229143407059,25.827405954118987,0.00045918251161636086,synthetic
L6,2026-01-24 10:45:00,1687.9050937311026,23.540969547426634,0.0018107069108487816,synthetic
L6,2026-01-24 11:00:00,2366.0765101283077,26.835609514611463,0.001945826014790015,synthetic
L6,2026-01-24 11:15:00,2045.7479224005463,26.858610472297638,0.0011844340721563927,synthetic
L6,2026-01-24 11:30:00,3473.368927368556,25.69887601616837,0.00290793123286963,synthetic
L6,2026-01-24 11:45:00,2333.9546010958998,15.74771505134934,0.001643324975121611,synthetic
L6,2026-01-24 12:00:00,2985.7898361640437,20.46278223324817,0.0018575094545210979,synthetic
L6,2026-01-24 12:15:00,1545.0537587842348,28.982781047421323,0.0016446685016511785,synthetic
L6,2026-01-24 12:30:00,2794.685007206049,19.478594920433043,0.0019510603277416484,synthetic
L6,2026-01-24 12:45:00,1833.724579780261,27.176860140236904,0.0027848864561036296,synthetic
L6,2026-01-24 13:00:00,2393.533080050501,26.543229564406808,0.0034838094823540847,synthetic
L6,2026-01-24 13:15:00,4292.065853464481,21.387291498304695,0.002447383522220395,synthetic
L6,2026-01-24 13:30:00,3371.165551613436,16.817166142379794,0.002652796260183063,synthetic
L6,2026-01-24 13:45:00,2607.542940361459,21.951914647387465,0.0030298564888862492,synthetic
L6,2026-01-24 14:00:00,5003.238175043902,31.480854157078838,0.0021493226460598744,synthetic
L6,2026-01-24 14:15:00,2041.0742229312114,20.892201748046325,0.0029421505241671217,synthetic
L6,2026-01-24 14:30:00,3538.9557950942603,21.140673559442625,0.002475440679434242,synthetic
L6,2026-01-24 14:45:00,1596.4743910700777,20.408703322884623,0.002086392415586943,synthetic
L6,2026-01-24 15:00:00,2524.3756144934778,28.37322411557827,0.002210204620670881,synthetic
L6,2026-01-24 15:15:00,1729.5913798699964,23.125503438149618,0.0009071498219793055,synthetic
L6,2026-01-24 15:30:00,2885.23865886543,21.7467375757831,0.00217527155626769,synthetic
L6,2026-01-24 15:45:00,2740.298582576705,29.088506461903265,0.0010737514877322224,synthetic
L6,2026-01-24 16:00:00,2478.4813445878212,26.086178716567932,0.0010248385090333356,synthetic
L6,2026-01-24 16:15:00,3486.281058090941,20.690555129843066,0.002115727213415135,synthetic
L6,2026-01-24 16:30:00,2291.688739437991,19.59509792017759,0.0013315528428799676,synthetic
L6,2026-01-24 16:45:00,2935.3332584212735,28.169411873567903,0.0019957317492179734,synthetic
L6,2026-01-24 17:00:00,3290.7995569953637,24.060437389470177,0.002083060711609919,synthetic
L6,2026-01-24 17:15:00,1632.0807295947482,18.423369528517995,0.002109829760490281,synthetic
L6,2026-01-24 17:30:00,2161.141673994444,17.580783527183225,0.0014575271557747392,synthetic
L6,2026-01-24 17:45:00,2738.7798964674002,19.98226062528087,0.0025392094294887195,synthetic
L6,2026-01-24 18:00:00,3153.7104619883894,19.537855482829094,0.0019464588581203526,synthetic
L6,2026-01-24 18:15:00,3723.2911914635038,16.63412290475483,0.002264645408102697,synthetic
L6,2026-01-24 18:30:00,2544.5665449158973,20.041774848065415,0.0012821362316318022,synthetic
L6,2026-01-24 18:45:00,2472.1408492920837,20.691309978082128,0.001893003465922408,synthetic
L6,2026-01-24 19:00:00,2071.730858246162,22.334347361815546,0.002658376689962072,synthetic
L6,2026-01-24 19:15:00,2937.588546367464,30.094476162459763,0.002582106579085221,synthetic
L6,2026-01-24 19:30:00,2486.075346937374,23.039364220446213,0.0015216243902453637,synthetic
L6,2026-01-24 19:45:00,2502.6967707654826,23.396730584120828,0.0016726650856550929,synthetic
L6,2026-01-24 20:00:00,2632.400275760274,25.83331930967619,0.0014067879619617087,synthetic
L6,2026-01-24 20:15:00,3097.1722047050444,23.145654944160384,0.001606152249043471,synthetic
L6,2026-01-24 20:30:00,2294.114001710932,25.44055066999215,0.0011605594755760827,synthetic
L6,2026-01-24 20:45:00,2144.0461759855884,25.01021355702624,0.0019170944765549156,synthetic
L6,2026-01-24 21:00:00,3010.841414016554,24.441318836157276,0.0023798830389097064,synthetic
L6,2026-01-24 21:15:00,521.478070644539,33.95927790390825,0.0015289682817193528,synthetic
L6,2026-01-24 21:30:00,2265.3517149635863,27.280053038559668,0.0019456362304032938,synthetic
L6,2026-01-24 21:45:00,1871.057160426698,20.10580085505577,0.001867700955421186,synthetic
L6,2026-01-24 22:00:00,3566.345920572088,25.33279987028099,0.0026330712389589315,synthetic
L6,2026-01-24 22:15:00,2382.5284109691142,21.149747496025007,0.0016330448979173474,synthetic
L6,2026-01-24 22:30:00,2296.2843970075937,25.606502750615473,0.0016548703354094892,synthetic
L6,2026-01-24 22:45:00,2664.991810617643,19.049325298410228,0.0014923873230245832,synthetic
L6,2026-01-24 23:00:00,2271.3318515052624,20.011993986897675,0.0013174942879529074,synthetic
L6,2026-01-24 23:15:00,2410.093326129455,25.238067224964457,0.002317510994868182,synthetic
L6,2026-01-24 23:30:00,2769.9194955046773,27.59160880895289,0.001918933522201713,synthetic
L6,2026-01-24 23:45:00,2396.130887155487,25.809519655510847,0.0020328859158939812,synthetic
L6,2026-01-25 00:00:00,2390.9634343641333,27.074822404326785,0.002764784693717238,synthetic
L6,2026-01-25 00:15:00,1972.6864749278577,25.345746811549844,0.002799248435556723,synthetic
L6,2026-01-25 00:30:00,1869.2757068252176,24.620985956516396,0.0010122594152991182,synthetic
L6,2026-01-25 00:45:00,2743.658566265002,22.18670421266963,0.0023887008038573406,synthetic
L6,2026-01-25 01:00:00,2920.752367045792,26.92680651138047,0.0021353881554267134,synthetic
L6,2026-01-25 01:15:00,1671.7272164755561,27.68956523817591,0.0017230454005124382,synthetic
L6,2026-01-25 01:30:00,3247.1578190742102,23.772783511212808,0.0021966102122167653,synthetic
L6,2026-01-25 01:45:00,3250.114300673818,23.57906624959683,0.0009641700588675288,synthetic
L6,2026-01-25 02:00:00,3401.7761795606084,29.729060922200052,0.0028775854056658397,synthetic
L6,2026-01-25 02:15:00,2915.9201410132305,23.9264815926616,0.002308966458243145,synthetic
L6,2026-01-25 02:30:00,3158.699112208077,24.27246913331749,0.0014808813531004047,synthetic
L6,2026-01-25 02:45:00,4273.218608096392,25.743213267910424,0.0016487538669082858,synthetic
L6,2026-01-25 03:00:00,2482.904447368349,23.647897478565046,0.0009781121146715359,synthetic
L6,2026-01-25 03:15:00,1947.1021193595193,21.046774838124858,0.0018116256500982477,synthetic
L6,2026-01-25 03:30:00,1595.4768840805477,25.36067607188468,0.0017103608136556504,synthetic
L6,2026-01-25 03:45:00,3964.0852297672677,23.860481963919643,0.0012049337677257446,synthetic
L6,2026-01-25 04:00:00,3973.5268262630334,30.632099123308187,0.0024660213402258667,synthetic
L6,2026-01-25 04:15:00,2034.288185807354,26.838414781052553,0.0027660783138166853,synthetic
L6,2026-01-25 04:30:00,2176.329014871439,21.856263768805196,0.0019835837059733134,synthetic
L6,2026-01-25 04:45:00,2466.726452977556,26.62461678908535,0.0018166118702921793,synthetic
L6,2026-01-25 05:00:00,3581.464947945108,25.108317005031527,0.0022609907612790763,synthetic
L6,2026-01-25 05:15:00,1773.1424170941768,28.713934687003846,0.001988216622502974,synthetic
L6,2026-01-25 05:30:00,1284.0339420800099,22.11196483381546,0.0013506924702612884,synthetic
L6,2026-01-25 05:45:00,4260.6104231247555,24.679234134094287,0.0016083932080476434,synthetic
L6,2026-01-25 06:00:00,2924.9087665824545,23.64326286326703,0.0018221383959511816,synthetic
L6,2026-01-25 06:15:00,3027.177580261364,24.21052592300988,0.0021489119566860176,synthetic
L6,2026-01-25 06:30:00,2552.323676256005,20.81328378358578,0.002005602030725881,synthetic
L6,2026-01-25 06:45:00,3035.365145076977,26.073282004487435,0.0021262216279922695,synthetic
L6,2026-01-25 07:00:00,1609.7717639944901,25.50467139305819,0.001085103210029647,synthetic
L6,2026-01-25 07:15:00,2094.5371918606347,28.62680502091846,0.0023991306464509576,synthetic
L6,2026-01-25 07:30:00,2775.713676856276,23.96390693284759,0.0020020495304051075,synthetic
L6,2026-01-25 07:45:00,1064.958557111826,22.517377770306712,0.0035316254324900924,synthetic
L6,2026-01-25 08:00:00,2482.187318053755,26.841459760598532,0.0017674193778941523,synthetic
L6,2026-01-25 08:15:00,2437.8016533592267,21.14086422624114,0.0021940750970656235,synthetic
L6,2026-01-25 08:30:00,2482.06303299574,27.90594432630225,0.003697531497325101,synthetic
L6,2026-01-25 08:45:00,2303.2210983688938,27.89823119068933,0.0021164549777019075,synthetic
L6,2026-01-25 09:00:00,1982.9578133703621,28.52620404408387,0.00195942167643439,synthetic
L6,2026-01-25 09:15:00,1388.1370678049377,25.355842744846175,0.0014078468631496092,synthetic
L6,2026-01-25 09:30:00,2804.2178739605365,22.24861302264804,0.002916959820325391,synthetic
L6,2026-01-25 09:45:00,2483.9107295067047,24.393075814699305,0.001304539048294058,synthetic
L6,2026-01-25 10:00:00,1709.797286470552,25.368248022285144,0.002256272550108873,synthetic
L6,2026-01-25 10:15:00,2745.024057240315,21.983490077323648,0.0017158668072149712,synthetic
L6,2026-01-25 10:30:00,2487.6358595476518,28.799218640130775,0.0018863982424531867,synthetic
L6,2026-01-25 10:45:00,2368.062754803277,26.088303003246754,0.0011456406388339652,synthetic
L6,2026-01-25 11:00:00,1147.0356814986358,20.787997360840784,0.002805876333040337,synthetic
L6,2026-01-25 11:15:00,3191.592608861683,30.778345235276795,0.0018333216164490341,synthetic
L6,2026-01-25 11:30:00,1812.2032511214263,24.35060139061264,0.00127094620466418,synthetic
L6,2026-01-25 11:45:00,2745.554583485694,20.06122904574005,0.002751614358224055,synthetic
L6,2026-01-25 12:00:00,2118.046720728461,21.011085158109815,0.001697517912177618,synthetic
L6,2026-01-25 12:15:00,2420.1169073654505,29.35602094979524,0.0022007643750384326,synthetic
L6,2026-01-25 12:30:00,3529.650594059936,30.569945698380558,0.00250484982928062,synthetic
L6,2026-01-25 12:45:00,3082.765104578429,27.634146192531304,0.002284420598344592,synthetic
L6,2026-01-25 13:00:00,3513.6287613284185,28.74951113491369,0.000682018669700579,synthetic
L6,2026-01-25 13:15:00,2937.877556127533,28.379815651675,0.002417214020586672,synthetic
L6,2026-01-25 13:30:00,2985.223380725362,26.004898149950638,0.0019396317424009231,synthetic
L6,2026-01-25 13:45:00,1417.579919837152,25.184550436119334,0.0018025827819180005,synthetic
L6,2026-01-25 14:00:00,2471.382004416081,25.94350750011579,0.0019345550306148667,synthetic
L6,2026-01-25 14:15:00,2538.065569069002,26.64965559531586,0.001033980323635351,synthetic
L6,2026-01-25 14:30:00,3581.0386706534223,21.330247176504965,0.0021153025487970815,synthetic
L6,2026-01-25 14:45:00,2335.5148839070116,26.635051425523596,0.0011813651757744139,synthetic
L6,2026-01-25 15:00:00,2890.698846520408,29.25102065026926,0.0018284961742660213,synthetic
L6,2026-01-25 15:15:00,2862.5452870210215,23.257059258015488,0.0020937586589229265,synthetic
L6,2026-01-25 15:30:00,3533.5261154021237,22.872307972841533,0.0026444222527925686,synthetic
L6,2026-01-25 15:45:00,2603.704260739584,25.715566713259197,0.0015082321040841714,synthetic
L6,2026-01-25 16:00:00,3296.0066030590656,21.66123281853071,0.002870952423107593,synthetic
L6,2026-01-25 16:15:00,1472.4971034209823,19.259452980140978,0.0025681119521090883,synthetic
L6,2026-01-25 16:30:00,1537.906008280362,28.13178854437864,0.0017423541545056784,synthetic
L6,2026-01-25 16:45:00,1055.9920718703409,22.376575463915643,0.0013347504401584383,synthetic
L6,2026-01-25 17:00:00,3265.909182096,24.066414883392753,0.0011337102906617473,synthetic
L6,2026-01-25 17:15:00,3185.04019520789,21.803549852370963,0.0021630523109198835,synthetic
L6,2026-01-25 17:30:00,3345.715853207483,28.596317333686798,0.0015576295102755118,synthetic
L6,2026-01-25 17:45:00,2212.299478291541,27.071434169822453,0.0027196140831690294,synthetic
L6,2026-01-25 18:00:00,2294.2456865750405,23.133337651846677,0.0015922857021030377,synthetic
L6,2026-01-25 18:15:00,2612.8456972831364,19.752369486854093,0.0014595974119688167,synthetic
L6,2026-01-25 18:30:00,3739.4634981223126,22.751052702510478,0.002140175810746588,synthetic
L6,2026-01-25 18:45:00,3919.556251887877,26.05254971981897,0.0015883718857043461,synthetic
L6,2026-01-25 19:00:00,3271.542112685781,24.679088534687153,0.002005129996021282,synthetic
L6,2026-01-25 19:15:00,2938.334201858521,24.392752960027153,0.002591593598035113,synthetic
L6,2026-01-25 19:30:00,3661.4755423440906,24.762115534091322,0.0020703375990012347,synthetic
L6,2026-01-25 19:45:00,2515.793430852318,26.731666433393375,0.0020725786764216347,synthetic
L6,2026-01-25 20:00:00,2418.5220980527474,23.84930686536584,0.002123088025345051,synthetic
L6,2026-01-25 20:15:00,2607.104073158056,25.62004842165421,0.0009841406058287642,synthetic
L6,2026-01-25 20:30:00,1995.325654017904,20.447090852117647,0.0022351026499582943,synthetic
L6,2026-01-25 20:45:00,2573.993257652439,33.19386279711117,0.002095958946035538,synthetic
L6,2026-01-25 21:00:00,1895.466208475563,22.978106450461482,0.0025357383961900526,synthetic
L6,2026-01-25 21:15:00,3438.0056296076964,24.73293482838232,0.0023634864806822715,synthetic
L6,2026-01-25 21:30:00,3091.454921543773,26.03927588923036,0.0018788308210366915,synthetic
L6,2026-01-25 21:45:00,3729.2849262344344,22.521154155358055,0.002619435734906414,synthetic
L6,2026-01-25 22:00:00,1526.9163819017836,24.028169259298068,0.0018244215814323676,synthetic
L6,2026-01-25 22:15:00,4069.2218017838923,23.98443098876439,0.002148294262446623,synthetic
L6,2026-01-25 22:30:00,1567.817702068723,20.709462866735844,0.0018133103417123863,synthetic
L6,2026-01-25 22:45:00,1837.2181859400919,25.5789219319427,0.002277054682953927,synthetic
L6,2026-01-25 23:00:00,2253.008486258575,18.062801382268567,0.0017741061304173428,synthetic
L6,2026-01-25 23:15:00,3641.5588982183026,30.30975039269981,0.0029885309653649404,synthetic
L6,2026-01-25 23:30:00,2862.412918004573,26.854695185922214,0.0032104176423353834,synthetic
L6,2026-01-25 23:45:00,2524.442939624468,26.300840487552154,0.002524362952511603,synthetic
L6,2026-01-26 00:00:00,2129.3082470554846,17.74808839524033,0.002924777989648417,synthetic
L6,2026-01-26 00:15:00,1709.3266915242962,21.146896776145127,0.001076471311484572,synthetic
L6,2026-01-26 00:30:00,3515.4916730589675,29.001642434898194,0.0011471733540350034,synthetic
L6,2026-01-26 00:45:00,3275.0202679550207,38.944469029342564,0.0018070636600212723,synthetic
L6,2026-01-26 01:00:00,3673.764271506492,28.30089287420531,0.0020247385791553264,synthetic
L6,2026-01-26 01:15:00,2985.7090514264096,27.73299627690342,0.0018810755491402006,synthetic
L6,2026-01-26 01:30:00,797.6862298400149,25.88990722121108,0.001014718850220228,synthetic
L6,2026-01-26 01:45:00,1803.9002884693546,20.949010095443388,0.002690955023794188,synthetic
L6,2026-01-26 02:00:00,3034.7073402096303,27.58262669952119,0.003292518940014162,synthetic
L6,2026-01-26 02:15:00,2433.8037418300655,20.035653586451055,0.0027685926075035738,synthetic
L6,2026-01-26 02:30:00,2297.633783811749,19.64189340549653,0.002651313961271883,synthetic
L6,2026-01-26 02:45:00,1905.6767292795394,19.415294428421436,0.002135671763087362,synthetic
L6,2026-01-26 03:00:00,3382.264488538469,27.512601527405735,0.001494201577563718,synthetic
L6,2026-01-26 03:15:00,3028.4586989383015,23.793309402260995,0.0020435168315815805,synthetic
L6,2026-01-26 03:30:00,3060.8576804938484,24.363089159655768,0.003263352822104902,synthetic
L6,2026-01-26 03:45:00,2243.806380874759,23.944545826617535,0.0017888071324957664,synthetic
L6,2026-01-26 04:00:00,2826.927186407863,19.94742045168639,0.001727025651305635,synthetic
L6,2026-01-26 04:15:00,1736.8092531385337,21.585368738337344,0.0026643821954623484,synthetic
L6,2026-01-26 04:30:00,2606.5238537907408,21.766465657487572,0.0027042116304473573,synthetic
L6,2026-01-26 04:45:00,879.8907034129616,18.9410227899887,0.0014912589165351178,synthetic
L6,2026-01-26 05:00:00,1570.9563798231204,22.184843656918737,0.0018431092320575465,synthetic
L6,2026-01-26 05:15:00,2467.9354721385516,20.10729675697354,0.0016988567024591394,synthetic
L6,2026-01-26 05:30:00,4410.085065317951,26.079632263921173,0.0020418136274366542,synthetic
L6,2026-01-26 05:45:00,1403.4649871340976,26.379495830280568,0.0026622120025708955,synthetic
L6,2026-01-26 06:00:00,1804.6219733712987,19.342899158496397,0.0015175834873231455,synthetic
L6,2026-01-26 06:15:00,2856.077853618823,22.9321256487072,0.002653798887342162,synthetic
L6,2026-01-26 06:30:00,3973.984492330514,30.68181557274013,0.002060990749352785,synthetic
L6,2026-01-26 06:45:00,2845.564197831413,20.469253568358145,0.003395715281788567,synthetic
L6,2026-01-26 07:00:00,3205.5421336589925,25.535896144062235,0.002191298530622524,synthetic
L6,2026-01-26 07:15:00,2456.9252995129364,24.379878962410384,0.001941848858222441,synthetic
L6,2026-01-26 07:30:00,2332.352455963649,27.934395208227265,0.0023448288362695954,synthetic
L6,2026-01-26 07:45:00,2759.1727334887846,25.06368062888666,0.001797712257267674,synthetic
L6,2026-01-26 08:00:00,2226.031638749205,22.4473362794745,0.0009228361259889049,synthetic
L6,2026-01-26 08:15:00,3221.4739238767766,24.240350837302387,0.0018556872954373412,synthetic
L6,2026-01-26 08:30:00,1543.4842327591796,24.29293179823345,0.001846223834558465,synthetic
L6,2026-01-26 08:45:00,3340.7906634481205,23.669897343781834,0.001044609523670113,synthetic
L6,2026-01-26 09:00:00,2728.3053688579816,19.25119876083354,0.0019561788861233043,synthetic
L6,2026-01-26 09:15:00,2545.4009746073784,28.47511898735241,0.0007597338652343619,synthetic
L6,2026-01-26 09:30:00,1517.0511166657764,27.83916091631157,0.0017913878989067125,synthetic
L6,2026-01-26 09:45:00,1994.5521561615337,20.240919503268515,0.0021461575952268033,synthetic
L6,2026-01-26 10:00:00,3563.0290606558883,22.91738772413849,0.0020581977062829396,synthetic
L6,2026-01-26 10:15:00,2549.808721415977,23.189691590324824,0.0017533583162679092,synthetic
L6,2026-01-26 10:30:00,2900.446895428431,19.836532318201506,0.001948681758831157,synthetic
L6,2026-01-26 10:45:00,2066.7369504129506,17.27953343605584,0.0015295613375133016,synthetic
L6,2026-01-26 11:00:00,2679.0806619176756,21.58586645311559,0.002006489911653521,synthetic
L6,2026-01-26 11:15:00,1712.0505253536148,22.71695157509571,0.002034851843955063,synthetic
L6,2026-01-26 11:30:00,2771.9152230872787,18.811559999889532,0.0014598500132590943,synthetic
L6,2026-01-26 11:45:00,2966.8614460345475,24.637119950707724,0.0021606195203054588,synthetic
L6,2026-01-26 12:00:00,2930.8426035732127,28.18628269193882,0.0021568715930482723,synthetic
L6,2026-01-26 12:15:00,2049.4189220470835,27.031618126194964,0.0019002740518513574,synthetic
L6,2026-01-26 12:30:00,2453.723291447639,23.543931648628615,0.003452628221772091,synthetic
L6,2026-01-26 12:45:00,3086.7797851067744,17.37451789252369,0.0019155785679894149,synthetic
L6,2026-01-26 13:00:00,2547.764931399769,26.576528426372573,0.0018324594527761892,synthetic
L6,2026-01-26 13:15:00,2493.1401247151207,24.52701180863241,0.0017465641344753605,synthetic
L6,2026-01-26 13:30:00,4070.4966782104007,25.527663993184873,0.0014174364661541602,synthetic
L6,2026-01-26 13:45:00,2015.2878344163903,30.96997008108905,0.0024115384159060418,synthetic
L6,2026-01-26 14:00:00,3477.9012970240674,21.030678133689648,0.00158825181918833,synthetic
L6,2026-01-26 14:15:00,1868.62992227645,13.650662640760647,0.0016592311118013483,synthetic
L6,2026-01-26 14:30:00,3171.4423817554184,20.207563519884875,0.0016770550642768412,synthetic
L6,2026-01-26 14:45:00,3209.869841849261,25.749762245764156,0.0014090338904908933,synthetic
L6,2026-01-26 15:00:00,2332.537088358927,24.096933246292945,0.0009493500004731663,synthetic
L6,2026-01-26 15:15:00,1823.4166659392836,19.623709933444747,0.001722236079704484,synthetic
L6,2026-01-26 15:30:00,1281.2880932615394,18.88901742056485,0.0025240011876273747,synthetic
L6,2026-01-26 15:45:00,2257.1182735737584,22.723407543057377,0.0021181878832791465,synthetic
L6,2026-01-26 16:00:00,3078.877426525673,19.5140591884255,0.002936345162112875,synthetic
L6,2026-01-26 16:15:00,1924.1077268883034,25.87428030571629,0.00245057378299351,synthetic
L6,2026-01-26 16:30:00,2769.802978265084,22.518863200945432,0.0023143788861644267,synthetic
L6,2026-01-26 16:45:00,1636.9705455041913,21.742375616405837,0.003129589413591629,synthetic
L6,2026-01-26 17:00:00,2531.600501685146,21.270204949477176,0.0019417126429980734,synthetic
L6,2026-01-26 17:15:00,1874.1283889769138,24.94724181569014,0.0020378454041029715,synthetic
L6,2026-01-26 17:30:00,2643.8540386360123,24.15339320553613,0.0019931213470039174,synthetic
L6,2026-01-26 17:45:00,2339.222781882577,24.72704617150534,0.00292627203871013,synthetic
L6,2026-01-26 18:00:00,1842.936381908928,24.64846599770092,0.0020015091898754546,synthetic
L6,2026-01-26 18:15:00,2225.6110959199627,23.740096068251855,0.0016110335755537375,synthetic
L6,2026-01-26 18:30:00,2027.4070591857649,20.280729899550874,0.002352605322777711,synthetic
L6,2026-01-26 18:45:00,1753.9742158290628,21.370631543767455,0.0015102441133657833,synthetic
L6,2026-01-26 19:00:00,3479.5769942083807,22.57917034149983,0.002320082907568355,synthetic
L6,2026-01-26 19:15:00,2440.6740975953344,31.43470285711796,0.002248304560485101,synthetic
L6,2026-01-26 19:30:00,1114.397676666961,19.14418924649948,0.0018863583993161024,synthetic
L6,2026-01-26 19:45:00,2251.237818531826,22.491684588059194,0.0023394869432520962,synthetic
L6,2026-01-26 20:00:00,3358.5924339491503,24.35376141639776,0.001107326041814989,synthetic
L6,2026-01-26 20:15:00,2151.821784054689,22.90800208821903,0.0020977772727949918,synthetic
L6,2026-01-26 20:30:00,3778.375592256213,27.866290349175856,0.0017223407691999608,synthetic
L6,2026-01-26 20:45:00,2083.203320427656,22.88940745018968,0.0037173581463707125,synthetic
L6,2026-01-26 21:00:00,3062.4538001878477,23.155650963057806,0.0020934950417841247,synthetic
L6,2026-01-26 21:15:00,3446.3797809055286,26.93266264901874,0.001642164770129938,synthetic
L6,2026-01-26 21:30:00,3024.139660064232,30.518561986506153,0.001173018958368151,synthetic
L6,2026-01-26 21:45:00,1710.364338258458,29.06699414621398,0.0027832437180765595,synthetic
L6,2026-01-26 22:00:00,2021.4226246164735,23.508046017207082,0.0017899803682857333,synthetic
L6,2026-01-26 22:15:00,3542.4511130783385,23.821748837763348,0.0015251887597547485,synthetic
L6,2026-01-26 22:30:00,2120.6797514409764,24.168189281223135,0.002201779528405436,synthetic
L6,2026-01-26 22:45:00,3402.4870900095875,24.529197870465307,0.002389831298843392,synthetic
L6,2026-01-26 23:00:00,2390.1950002932404,20.949546788347867,0.0023803717599257175,synthetic
L6,2026-01-26 23:15:00,2801.8348698377886,27.37173767587958,0.002011850253835617,synthetic
L6,2026-01-26 23:30:00,1702.002760544915,24.74379285980203,0.002095514082132032,synthetic
L6,2026-01-26 23:45:00,2262.0473462070013,23.83851772026487,0.0021392222454084215,synthetic
L6,2026-01-27 00:00:00,2069.7794060834003,19.423876644387338,0.002201837759377324,synthetic
L6,2026-01-27 00:15:00,2862.4317484018848,24.224230350566206,0.0022549311175408893,synthetic
L6,2026-01-27 00:30:00,2767.1022573954356,17.1844357084051,0.0026566716507833276,synthetic
L6,2026-01-27 00:45:00,3033.1079252968566,21.906062361483965,0.00203384891721551,synthetic
L6,2026-01-27 01:00:00,2346.8237977732756,21.972848256674887,0.001509918040501783,synthetic
L6,2026-01-27 01:15:00,2030.2343486679038,25.03318269511543,0.0019134249781375796,synthetic
L6,2026-01-27 01:30:00,2831.5649415919015,30.767460089803066,0.002452268491240998,synthetic
L6,2026-01-27 01:45:00,1958.695989834935,26.058866876395573,0.0009280832249690927,synthetic
L7,2026-01-24 01:45:00,1417.8584193321879,27.651023744093877,0.002062799219330347,synthetic
L7,2026-01-24 02:00:00,3361.1588074024735,24.356434641728434,0.002255889442538172,synthetic
L7,2026-01-24 02:15:00,3794.488428132956,23.17884375356434,0.0016042652638143381,synthetic
L7,2026-01-24 02:30:00,1789.0559747859788,28.824203813086672,0.0017445619576705298,synthetic
L7,2026-01-24 02:45:00,2772.3306749996846,17.390106472081207,0.002512731174999846,synthetic
L7,2026-01-24 03:00:00,2412.327518699749,28.58215489342472,0.002654175653060065,synthetic
L7,2026-01-24 03:15:00,2512.2023191860308,20.83132338310962,0.0020404461617091548,synthetic
L7,2026-01-24 03:30:00,2919.982326304619,24.761517141895872,0.0012829056915327644,synthetic
L7,2026-01-24 03:45:00,1769.1334351122607,21.88297048516544,0.0018226448100694052,synthetic
L7,2026-01-24 04:00:00,1902.803399645471,20.677196254371275,0.001135201319296477,synthetic
L7,2026-01-24 04:15:00,2483.0991554967177,28.729991493486366,0.0020451214459008362,synthetic
L7,2026-01-24 04:30:00,2595.3295695162046,30.682379642623026,0.0021532418667628513,synthetic
L7,2026-01-24 04:45:00,1889.3123239073966,23.20358765765612,0.0018375737473773342,synthetic
L7,2026-01-24 05:00:00,3268.5463258482127,25.20770892789946,0.0021450267334299227,synthetic
L7,2026-01-24 05:15:00,2399.356099360056,24.205168505985,0.0022501407434503034,synthetic
L7,2026-01-24 05:30:00,2396.2913236318714,30.229824614470278,0.0021541172257442745,synthetic
L7,2026-01-24 05:45:00,2903.5143289655284,16.392658389167273,0.0012790818246218422,synthetic
L7,2026-01-24 06:00:00,2607.1860412314004,25.35764438857279,0.0018480414046923833,synthetic
L7,2026-01-24 06:15:00,3302.9833052921854,21.38234526908184,0.0022459057869597607,synthetic
L7,2026-01-24 06:30:00,2027.93577278352,15.518529522703757,0.0029472270627835997,synthetic
L7,2026-01-24 06:45:00,1693.8816501142987,22.702091649254733,0.0018368445498567817,synthetic
L7,2026-01-24 07:00:00,2476.9529540650024,30.65297564727799,0.0023305041202688658,synthetic
L7,2026-01-24 07:15:00,2743.3700445132095,21.638222914558558,0.0025268911471542943,synthetic
L7,2026-01-24 07:30:00,1806.6557202497852,26.8467558236326,0.0018820233809764644,synthetic
L7,2026-01-24 07:45:00,1700.8174355758133,28.31521990942812,0.002689044648492404,synthetic
L7,2026-01-24 08:00:00,2831.2544032833493,23.954291510569718,0.0027213042988585377,synthetic
L7,2026-01-24 08:15:00,2154.3979915332275,24.43364022628065,0.0028282308404367143,synthetic
L7,2026-01-24 08:30:00,1654.1915637550178,17.821327536452,0.0022750593013913193,synthetic
L7,2026-01-24 08:45:00,3395.045730466125,21.421810092578472,0.0034160823497945214,synthetic
L7,2026-01-24 09:00:00,2245.1078354924935,27.265227447587986,0.0016308301323413954,synthetic
L7,2026-01-24 09:15:00,3527.864354783058,24.218444749333443,0.003274446551707364,synthetic
L7,2026-01-24 09:30:00,2720.4989695987874,25.322429189197255,0.00246097969319506,synthetic
L7,2026-01-24 09:45:00,2912.2263806798182,24.479367286858984,0.0028042323998160312,synthetic
L7,2026-01-24 10:00:00,2547.720182810266,31.891214199467154,0.0018079773472749734,synthetic
L7,2026-01-24 10:15:00,788.2831839270982,22.450128607721037,0.0025066848217782578,synthetic
L7,2026-01-24 10:30:00,1881.513726441333,29.779476154750714,0.0028561844981986177,synthetic
L7,2026-01-24 10:45:00,2609.4891890025183,24.480611599944236,0.0013475848137656768,synthetic
L7,2026-01-24 11:00:00,2962.604978850747,30.09911630849087,0.0019020042309107485,synthetic
L7,2026-01-24 11:15:00,1411.4347038805531,19.59007887867066,0.0007152483870612875,synthetic
L7,2026-01-24 11:30:00,2661.406770340468,24.6647479474711,0.0018930002138905062,synthetic
L7,2026-01-24 11:45:00,1891.9698572058974,22.58272757787551,0.0015103950839239484,synthetic
L7,2026-01-24 12:00:00,2868.926518864551,24.50210040906014,0.001869339387219959,synthetic
L7,2026-01-24 12:15:00,2686.031434296126,28.400554545598062,0.0037541860145627955,synthetic
L7,2026-01-24 12:30:00,3235.321153749293,25.363714579288605,0.003030682104078319,synthetic
L7,2026-01-24 12:45:00,3468.1125097350136,28.393377684096976,0.001136331477979621,synthetic
L7,2026-01-24 13:00:00,3030.472727477301,21.587204064213797,0.002333442980959643,synthetic
L7,2026-01-24 13:15:00,3319.4833840588135,21.03779595291462,0.002479358652235543,synthetic
L7,2026-01-24 13:30:00,2447.7534173348363,24.057978263294157,0.0017972617479772462,synthetic
L7,2026-01-24 13:45:00,4732.644536112345,23.860852157792092,0.0021069845618951295,synthetic
L7,2026-01-24 14:00:00,1822.4502505236856,23.330906272232905,0.002165589324448999,synthetic
L7,2026-01-24 14:15:00,2320.015839905289,20.54892578758553,0.001192033176282884,synthetic
L7,2026-01-24 14:30:00,3348.9781795777626,28.3151457234668,0.0013812023875483114,synthetic
L7,2026-01-24 14:45:00,3241.9593394999147,22.693786077719444,0.0021033780310645944,synthetic
L7,2026-01-24 15:00:00,3050.920093782491,29.133881239965653,0.0020596415167890604,synthetic
L7,2026-01-24 15:15:00,3186.2294337550375,24.04587611473461,0.0015748623707496387,synthetic
L7,2026-01-24 15:30:00,1199.8388486836507,26.334344150930562,0.0015233743160876934,synthetic
L7,2026-01-24 15:45:00,3844.2950600672407,26.007754714669257,0.0019461324501972763,synthetic
L7,2026-01-24 16:00:00,2553.1985096160374,21.032610934736933,0.002531690571789964,synthetic
L7,2026-01-24 16:15:00,3597.0438112350134,25.32193051758896,0.001954108537431878,synthetic
L7,2026-01-24 16:30:00,1235.8608631430718,30.941998600081583,0.0029736384983813893,synthetic
L7,2026-01-24 16:45:00,2884.7293225064577,24.905804111161284,0.0015825076714024635,synthetic
L7,2026-01-24 17:00:00,2294.278359015709,27.244596262414827,0.0021158658808728957,synthetic
L7,2026-01-24 17:15:00,3111.926509138538,26.495778640531867,0.0017874227425375964,synthetic
L7,2026-01-24 17:30:00,2928.2907257775687,25.105378770113955,0.002352776567847866,synthetic
L7,2026-01-24 17:45:00,2963.5544141994083,24.67132338380909,0.0015310472706648822,synthetic
L7,2026-01-24 18:00:00,1937.561984473326,25.970336012836682,0.0031564386523962535,synthetic
L7,2026-01-24 18:15:00,2658.9822330106,26.747817167312206,0.0009856325581543964,synthetic
L7,2026-01-24 18:30:00,2570.2797254908746,19.13220939461614,0.0030292881438081475,synthetic
L7,2026-01-24 18:45:00,3056.6232300293514,24.890290400747237,0.0020539930814653,synthetic
L7,2026-01-24 19:00:00,3412.293836712096,23.337319629309658,0.002331454749048148,synthetic
L7,2026-01-24 19:15:00,2808.3426638462024,22.59050336285385,0.0028007149418551747,synthetic
L7,2026-01-24 19:30:00,1781.155952360209,28.665471764502865,0.0025145968970996416,synthetic
L7,2026-01-24 19:45:00,2777.4567428880728,21.360673506970127,0.0015619838673241633,synthetic
L7,2026-01-24 20:00:00,4579.974884454668,18.978831382883996,0.002360053733157561,synthetic
L7,2026-01-24 20:15:00,3885.123835431206,26.864578411389076,0.00312048438358077,synthetic
L7,2026-01-24 20:30:00,558.4323148144567,18.886582116406,0.0014676249727035066,synthetic
L7,2026-01-24 20:45:00,2745.607070660288,17.05940491934917,0.0032710571067163866,synthetic
L7,2026-01-24 21:00:00,3371.126058183848,27.269763683963873,0.0022314214915811386,synthetic
L7,2026-01-24 21:15:00,2568.724550951055,24.571400102024956,0.0017400633368478457,synthetic
L7,2026-01-24 21:30:00,2368.734537496404,25.701790658527592,0.0014640263692350477,synthetic
L7,2026-01-24 21:45:00,2507.7857651398886,22.40726073079336,0.0018660277553550352,synthetic
L7,2026-01-24 22:00:00,3097.5764295129497,19.01613792620753,0.0008268330013577029,synthetic
L7,2026-01-24 22:15:00,1873.1016184499936,19.731166030976397,0.0017508533185647277,synthetic
L7,2026-01-24 22:30:00,3555.855829158747,23.020119962047378,0.001842243653686633,synthetic
L7,2026-01-24 22:45:00,2659.68504597739,19.41934971149505,0.0013553518105325483,synthetic
L7,2026-01-24 23:00:00,2026.7825226396844,25.10539046536435,0.002448707116942616,synthetic
L7,2026-01-24 23:15:00,3509.532116207061,22.33515142307609,0.0018687402273263676,synthetic
L7,2026-01-24 23:30:00,1587.5057483196183,24.6661297705151,0.0016185232732313436,synthetic
L7,2026-01-24 23:45:00,2300.24873015886,24.55853326161515,0.001804799638958874,synthetic
L7,2026-01-25 00:00:00,2288.3939529946815,25.392478395928297,0.002213064483989508,synthetic
L7,2026-01-25 00:15:00,4243.638195530014,25.798137098240396,0.0020439327262801966,synthetic
L7,2026-01-25 00:30:00,2206.785046579601,22.761957873194717,0.0015794149471474535,synthetic
L7,2026-01-25 00:45:00,1148.4250412399244,24.66228935988179,0.0020753920844242663,synthetic
L7,2026-01-25 01:00:00,2281.093116999018,24.84962926231263,0.0019695944254602455,synthetic
L7,2026-01-25 01:15:00,3027.9962501314403,15.255994887263887,0.0013163214661107126,synthetic
L7,2026-01-25 01:30:00,3264.540873540195,26.327492685094164,0.0018268971838956438,synthetic
L7,2026-01-25 01:45:00,4339.108579278796,24.539791906392903,0.0023476029622525327,synthetic
L7,2026-01-25 02:00:00,3712.9662511098345,26.030575914876856,0.002343282955937905,synthetic
L7,2026-01-25 02:15:00,2835.3042676189098,19.367363056389856,0.0018620214005579637,synthetic
L7,2026-01-25 02:30:00,2058.18086334616,22.863216569415385,0.002406063676871586,synthetic
L7,2026-01-25 02:45:00,3869.2997505700982,20.07049395636391,0.001412026701809227,synthetic
L7,2026-01-25 03:00:00,2434.6342437651133,26.68056495436635,0.0014306072970840045,synthetic
L7,2026-01-25 03:15:00,2226.1267899254844,18.941580448553424,0.0018492470220237917,synthetic
L7,2026-01-25 03:30:00,2399.70686244907,20.656842785079647,0.0028985396816522814,synthetic
L7,2026-01-25 03:45:00,1798.352467994297,25.92353086177913,0.0020979509759229235,synthetic
L7,2026-01-25 04:00:00,2365.1855343568977,21.734251683801908,0.0018347805142005368,synthetic
L7,2026-01-25 04:15:00,2532.162002415541,20.65779363555939,0.002926482800723988,synthetic
L7,2026-01-25 04:30:00,3226.072756184725,27.264189946344658,0.001827836938877877,synthetic
L7,2026-01-25 04:45:00,2420.5763987272667,27.411762323730724,0.0033408399423715965,synthetic
L7,2026-01-25 05:00:00,1787.429345876269,26.599456293147593,0.0016932301258275526,synthetic
L7,2026-01-25 05:15:00,1545.284048215176,27.055354826185056,0.0013929627624492194,synthetic
L7,2026-01-25 05:30:00,2850.8902182166435,23.166314595822996,0.0019001828150888747,synthetic
L7,2026-01-25 05:45:00,2752.290614497842,23.263465291308187,0.0018505494434977899,synthetic
L7,2026-01-25 06:00:00,2300.894847926519,21.66690739727903,0.0015153680141904303,synthetic
L7,2026-01-25 06:15:00,2363.431348445709,24.60382500377752,0.003561184446895062,synthetic
L7,2026-01-25 06:30:00,2979.7105916154023,22.09956602162695,0.00219117594068315,synthetic
L7,2026-01-25 06:45:00,3701.19330265633,22.440961658662882,0.00227854974420295,synthetic
L7,2026-01-25 07:00:00,2138.2958994163287,26.15964156233844,0.0017228724397178473,synthetic
L7,2026-01-25 07:15:00,2764.0100420751114,28.264341283851767,0.0016533983691529221,synthetic
L7,2026-01-25 07:30:00,3389.954690883833,25.433736915372343,0.00261533501343062,synthetic
L7,2026-01-25 07:45:00,2141.19771105798,30.459537114873243,0.0009944949364461436,synthetic
L7,2026-01-25 08:00:00,2688.7448775144203,21.46014394068211,0.001314281316325779,synthetic
L7,2026-01-25 08:15:00,2672.6431657768803,17.38329129884667,0.0018516148966354674,synthetic
L7,2026-01-25 08:30:00,1755.8674307686665,26.572660402522395,0.002810628383380587,synthetic
L7,2026-01-25 08:45:00,2821.319132231248,21.221399210471766,0.0017752898162183158,synthetic
L7,2026-01-25 09:00:00,2722.7121685951906,23.01470792960869,0.002249690934364518,synthetic
L7,2026-01-25 09:15:00,3099.660659709162,17.628732563563954,0.002016637207632855,synthetic
L7,2026-01-25 09:30:00,1845.441738244287,20.762843109555025,0.002777755047762085,synthetic
L7,2026-01-25 09:45:00,2707.1786773880817,18.59198130031475,0.0010491661890722473,synthetic
L7,2026-01-25 10:00:00,3694.848525832182,22.436508251686906,0.002441577922233666,synthetic
L7,2026-01-25 10:15:00,4195.799878976846,22.57961462202138,0.0018806606421544417,synthetic
L7,2026-01-25 10:30:00,3621.6930736595586,24.32385748157355,0.002554930516351645,synthetic
L7,2026-01-25 10:45:00,1852.5085159318255,28.46300267167863,0.001508430736339811,synthetic
L7,2026-01-25 11:00:00,3024.757931071411,26.436862553632146,0.002014635841917703,synthetic
L7,2026-01-25 11:15:00,2352.1344660279983,18.16018930964227,0.0019384959734523896,synthetic
L7,2026-01-25 11:30:00,2904.408427053543,26.188855568206282,0.0013985387172077523,synthetic
L7,2026-01-25 11:45:00,2144.003971840615,24.402316910789256,0.0012317521922318218,synthetic
L7,2026-01-25 12:00:00,1466.299121866344,23.647824844670048,0.0016517531828821146,synthetic
L7,2026-01-25 12:15:00,2451.9475881361204,23.91828169222599,0.0020779586773969996,synthetic
L7,2026-01-25 12:30:00,3220.273941559211,24.736388741110517,0.0015458526654173045,synthetic
L7,2026-01-25 12:45:00,2907.359823941144,21.509207552351164,0.0018019558621833094,synthetic
L7,2026-01-25 13:00:00,2990.1224591383343,23.343536912911294,0.0008685215873098576,synthetic
L7,2026-01-25 13:15:00,2855.7722325451523,28.2621808460106,0.001777610047709762,synthetic
L7,2026-01-25 13:30:00,2991.2597818889117,21.46593917606808,0.002614151987975004,synthetic
L7,2026-01-25 13:45:00,3081.2484665424254,20.29240328576966,0.00242310819558205,synthetic
L7,2026-01-25 14:00:00,2502.229371152675,23.777853547654136,0.001947846837783714,synthetic
L7,2026-01-25 14:15:00,2759.681204222124,19.92996075567715,0.002146191635008498,synthetic
L7,2026-01-25 14:30:00,3955.1460299061773,17.797980762764382,0.0015030437626435056,synthetic
L7,2026-01-25 14:45:00,2802.26234088082,22.75991816253066,0.0029746632099748403,synthetic
L7,2026-01-25 15:00:00,2730.645717446821,29.215038784430124,0.003240657503908343,synthetic
L7,2026-01-25 15:15:00,2774.0768452030075,23.861025254843184,0.0020988941784235845,synthetic
L7,2026-01-25 15:30:00,2543.105866812322,24.64287754001357,0.0035544115016368956,synthetic
L7,2026-01-25 15:45:00,2386.543706121022,16.33146591065595,0.0015918905770787948,synthetic
L7,2026-01-25 16:00:00,2850.2485375431106,25.57725177278741,0.0012493524559586283,synthetic
L7,2026-01-25 16:15:00,2335.885054589411,24.33611710071525,0.0015742257475435293,synthetic
L7,2026-01-25 16:30:00,2595.229250776405,21.606306619058323,0.0018683058409550055,synthetic
L7,2026-01-25 16:45:00,2130.8294113010734,24.648181697048546,0.003387239930721778,synthetic
L7,2026-01-25 17:00:00,2777.7684992647087,24.612437821768655,0.0018313045235564243,synthetic
L7,2026-01-25 17:15:00,3120.6203598067395,20.18584345791143,0.0014842065123175873,synthetic
L7,2026-01-25 17:30:00,2547.421300864141,25.194673416407674,0.001460924684253538,synthetic
L7,2026-01-25 17:45:00,1253.9675254396925,28.309687521097757,0.002684013267225968,synthetic
L7,2026-01-25 18:00:00,3125.06751171994,23.17941068829534,0.002598381048985422,synthetic
L7,2026-01-25 18:15:00,2786.5323667870275,20.876660871226413,0.001708713088187834,synthetic
L7,2026-01-25 18:30:00,1984.873355990309,23.36071174871378,0.0008745295303537069,synthetic
L7,2026-01-25 18:45:00,3256.7545744727568,27.076607502231944,0.0013228438731744292,synthetic
L7,2026-01-25 19:00:00,1693.13385548459,19.58525217852982,0.003032746302499726,synthetic
L7,2026-01-25 19:15:00,3452.6934830336168,26.08280973162305,0.0024132847307296824,synthetic
L7,2026-01-25 19:30:00,2658.6960338540066,21.55914794932627,0.002039276825334983,synthetic
L7,2026-01-25 19:45:00,1066.417145728322,24.871427092967053,0.0031212999038906348,synthetic
L7,2026-01-25 20:00:00,2828.397302829531,21.968407409835972,0.0031749957636869096,synthetic
L7,2026-01-25 20:15:00,2407.541494974526,21.95873896170638,0.001978436238823221,synthetic
L7,2026-01-25 20:30:00,2299.068509887342,29.483141698446172,0.001989456943681,synthetic
L7,2026-01-25 20:45:00,2168.8374517515226,18.92728827407943,0.001650771990732754,synthetic
L7,2026-01-25 21:00:00,2608.4046305808915,25.74731823916396,0.001829238027508919,synthetic
L7,2026-01-25 21:15:00,2350.664149559658,30.232767879316633,0.0011082050145199275,synthetic
L7,2026-01-25 21:30:00,1363.1830249043626,26.46787893530216,0.0011057681742895641,synthetic
L7,2026-01-25 21:45:00,3615.8888784075875,19.208050731458947,0.0009664046786564593,synthetic
L7,2026-01-25 22:00:00,2524.0624877075,19.38631016790454,0.0026506022041516667,synthetic
L7,2026-01-25 22:15:00,2173.006788567651,21.294148644072955,0.0010631586662524623,synthetic
L7,2026-01-25 22:30:00,1887.5349485673617,24.568468481471548,0.003169977379223693,synthetic
L7,2026-01-25 22:45:00,3254.9270885661035,24.81339369872059,0.001561773265280357,synthetic
L7,2026-01-25 23:00:00,1765.128982250502,19.421892404521106,0.0030424099440695216,synthetic
L7,2026-01-25 23:15:00,2796.470857337736,20.858073149590922,0.0017809673942807153,synthetic
L7,2026-01-25 23:30:00,2279.7727186510215,21.078663046871927,0.001060287937447714,synthetic
L7,2026-01-25 23:45:00,2321.6978443951207,23.349311490786384,0.0027702673388392816,synthetic
L7,2026-01-26 00:00:00,1905.4371376973522,31.14490364624787,0.0028411193765799352,synthetic
L7,2026-01-26 00:15:00,2253.370008584405,20.64052656375559,0.0014563693998397935,synthetic
L7,2026-01-26 00:30:00,2706.344921884938,20.482951800711163,0.0018010086400415298,synthetic
L7,2026-01-26 00:45:00,2869.424802971275,19.92069493748216,0.0014565224380634126,synthetic
L7,2026-01-26 01:00:00,2134.3734134762553,26.287960456472035,0.0019276839833253685,synthetic
L7,2026-01-26 01:15:00,2634.527230245062,23.851170253121634,0.002064697488464513,synthetic
L7,2026-01-26 01:30:00,3339.6871902987036,20.77358442658815,0.0017891701645307428,synthetic
L7,2026-01-26 01:45:00,1502.9074389966677,22.693935898398003,0.0009086651627654883,synthetic
L7,2026-01-26 02:00:00,2695.486339013861,21.150562916552275,0.0016514724109459866,synthetic
L7,2026-01-26 02:15:00,2015.435559310435,25.065208612281282,0.002422111258132425,synthetic
L7,2026-01-26 02:30:00,1942.0673960760973,33.66375578446681,0.0018746602744424503,synthetic
L7,2026-01-26 02:45:00,2887.9282893586324,25.983111860492052,0.0018035356234629765,synthetic
L7,2026-01-26 03:00:00,2307.418942559357,23.66524134561349,0.0014415340729815413,synthetic
L7,2026-01-26 03:15:00,1823.901749110728,21.60608824504337,0.00163396917848143,synthetic
L7,2026-01-26 03:30:00,3653.483898290391,19.16375970521454,0.002845368863949176,synthetic
L7,2026-01-26 03:45:00,3362.464450318917,26.64128303305093,0.0013161336459187353,synthetic
L7,2026-01-26 04:00:00,1308.7397114213982,26.44567504211875,0.002432493858011138,synthetic
L7,2026-01-26 04:15:00,1638.411747838511,22.322036411913096,0.002028233132542115,synthetic
L7,2026-01-26 04:30:00,3127.2890913494507,28.368002338593428,0.002146886397872841,synthetic
L7,2026-01-26 04:45:00,2494.890840213022,24.075984979986305,0.0015605862313912294,synthetic
L7,2026-01-26 05:00:00,3780.413743935569,26.789138647422487,0.0017889335803712497,synthetic
L7,2026-01-26 05:15:00,3143.7622069495274,25.06630920731884,0.0019965678918968254,synthetic
L7,2026-01-26 05:30:00,2915.6151771748787,23.362310832440503,0.0016875998212344822,synthetic
L7,2026-01-26 05:45:00,1964.2588618856853,20.562415399293048,0.0021988592624219297,synthetic
L7,2026-01-26 06:00:00,3053.8370123024197,23.476068267494384,0.0022744634096738426,synthetic
L7,2026-01-26 06:15:00,1781.449952579664,27.03138240802145,0.0033036239741719526,synthetic
L7,2026-01-26 06:30:00,3639.7760640552497,22.170713597162063,0.002166914017617423,synthetic
L7,2026-01-26 06:45:00,3003.939784093134,25.583069024171444,0.0008526544066886977,synthetic
L7,2026-01-26 07:00:00,2106.1219847345333,20.10215082471359,0.002697811448503208,synthetic
L7,2026-01-26 07:15:00,3279.3677482552666,26.80821001006929,0.0018776776150182847,synthetic
L7,2026-01-26 07:30:00,4313.897920178161,25.126588811363863,0.0032071552177621123,synthetic
L7,2026-01-26 07:45:00,2543.3156881371956,19.672401268188597,0.0028825546715031845,synthetic
L7,2026-01-26 08:00:00,3096.2974965777307,23.193547715322197,0.0016968395697730602,synthetic
L7,2026-01-26 08:15:00,2389.082889822479,27.35318727354613,0.002433141670322705,synthetic
L7,2026-01-26 08:30:00,2761.4535966852086,19.46748285364839,0.0016436269113512675,synthetic
L7,2026-01-26 08:45:00,1614.791116777358,20.144579140950235,0.0020016144958488165,synthetic
L7,2026-01-26 09:00:00,2699.618750275777,23.749810962768624,0.0024055908886123725,synthetic
L7,2026-01-26 09:15:00,2731.3756774780404,31.6799906295559,0.002667800123627906,synthetic
L7,2026-01-26 09:30:00,3995.2783993282187,21.578718897457808,0.002537123497331744,synthetic
L7,2026-01-26 09:45:00,1407.5977588535882,25.782986398507784,0.0020449937791476966,synthetic
L7,2026-01-26 10:00:00,2497.763909442399,24.936487467364863,0.00349005434004873,synthetic
L7,2026-01-26 10:15:00,3627.4443968383457,21.877728359044042,0.0017809877560837465,synthetic
L7,2026-01-26 10:30:00,2525.9245230248953,24.58008006642555,0.0010356796209804215,synthetic
L7,2026-01-26 10:45:00,2576.6340962508016,22.387795216458162,0.0011511804228744053,synthetic
L7,2026-01-26 11:00:00,2100.0535020848347,22.711902755580557,0.002884404638073406,synthetic
L7,2026-01-26 11:15:00,2028.5241262108143,18.01942115001672,0.0019540082480919174,synthetic
L7,2026-01-26 11:30:00,1385.3852886001305,23.912029554481244,0.002095434498832455,synthetic
L7,2026-01-26 11:45:00,2246.965021696209,27.236736623841182,0.001674485672045398,synthetic
L7,2026-01-26 12:00:00,1987.664360319271,24.206732789206868,0.001728378512420486,synthetic
L7,2026-01-26 12:15:00,2784.987960233093,27.925827938960747,0.0015277424834304232,synthetic
L7,2026-01-26 12:30:00,2132.878894254913,26.08917880540206,0.0022826904879980534,synthetic
L7,2026-01-26 12:45:00,2354.694490765075,23.785651297211206,0.0019415720494777397,synthetic
L7,2026-01-26 13:00:00,2374.4121169984846,21.739468009175454,0.002261003226682041,synthetic
L7,2026-01-26 13:15:00,2665.321068750932,22.249450624698945,0.00220366303119049,synthetic
L7,2026-01-26 13:30:00,2319.4639753885144,18.706162293826363,0.0017444727598202622,synthetic
L7,2026-01-26 13:45:00,1935.514015245265,23.038515995646026,0.0011247616248183277,synthetic
L7,2026-01-26 14:00:00,2761.7518396424434,24.52559553083095,0.0010725202424003856,synthetic
L7,2026-01-26 14:15:00,3468.58791571052,30.17551595207724,0.0038159909550170394,synthetic
L7,2026-01-26 14:30:00,2792.4956609693577,25.901953163803956,0.0028869040666539857,synthetic
L7,2026-01-26 14:45:00,2260.9292844681922,20.886525671503282,0.0028041095401347286,synthetic
L7,2026-01-26 15:00:00,2611.33458833259,18.818274208132298,0.0015952359158078629,synthetic
L7,2026-01-26 15:15:00,1223.544405343292,23.25641248606354,0.002005705840257872,synthetic
L7,2026-01-26 15:30:00,2599.6300203320175,26.922352008579896,0.0015107823245700976,synthetic
L7,2026-01-26 15:45:00,2411.7448542548595,23.205781187900204,0.0012127507429004658,synthetic
L7,2026-01-26 16:00:00,2027.9085422353112,25.951143030020145,0.0016467358877745796,synthetic
L7,2026-01-26 16:15:00,2158.489186320983,23.34794838269212,0.0027957109780577475,synthetic
L7,2026-01-26 16:30:00,2404.631158891454,26.581201564976155,0.0025044472201543816,synthetic
L7,2026-01-26 16:45:00,3414.5699587246736,18.24987111825962,0.0014179711990267873,synthetic
L7,2026-01-26 17:00:00,3486.2835000816667,29.775055632525962,0.001811110369905515,synthetic
L7,2026-01-26 17:15:00,2031.7498836783764,19.995059586394643,0.0024494739031619486,synthetic
L7,2026-01-26 17:30:00,2326.984291264757,26.8574363870272,0.0016574171628875977,synthetic
L7,2026-01-26 17:45:00,2345.3352307522237,23.02013761919176,0.002047751746899638,synthetic
L7,2026-01-26 18:00:00,3282.8727711960896,23.583019558679158,0.0022411084682388872,synthetic
L7,2026-01-26 18:15:00,2804.764717894764,23.132033138507467,0.002234558331106479,synthetic
L7,2026-01-26 18:30:00,2766.80870110155,24.920176506185374,0.0021524872566141716,synthetic
L7,2026-01-26 18:45:00,3086.1090816632563,25.64708835581122,0.001607781695730494,synthetic
L7,2026-01-26 19:00:00,2270.5823459441294,27.810101442563045,0.001669415247488711,synthetic
L7,2026-01-26 19:15:00,3681.998333534921,29.06861597735056,0.001319810089087625,synthetic
L7,2026-01-26 19:30:00,2698.743846657455,25.194557568396128,0.001063198043898637,synthetic
L7,2026-01-26 19:45:00,2083.7430387418226,30.169227261005894,0.0019311507549858626,synthetic
L7,2026-01-26 20:00:00,2534.6590244655554,24.33470115416092,0.002489755768752315,synthetic
L7,2026-01-26 20:15:00,3586.9883934296677,27.878785304110526,0.001171830563507632,synthetic
L7,2026-01-26 20:30:00,2393.897662091684,25.54339082246213,0.0021637839464745544,synthetic
L7,2026-01-26 20:45:00,3383.6816153122786,22.022863326868684,0.002470778728030037,synthetic
L7,2026-01-26 21:00:00,2249.7510292045044,24.652442955767437,0.0008979597387071927,synthetic
L7,2026-01-26 21:15:00,2148.7221383203396,25.81141875903285,0.0018376513399182687,synthetic
L7,2026-01-26 21:30:00,3174.91013562789,23.884086726950613,0.002987726120275024,synthetic
L7,2026-01-26 21:45:00,2070.739756335067,25.486283464791203,0.002331164610654424,synthetic
L7,2026-01-26 22:00:00,3292.2289801164206,27.11530665357682,0.0008777257105626272,synthetic
L7,2026-01-26 22:15:00,2953.1707192968115,23.915856688814785,0.0023950036774469663,synthetic
L7,2026-01-26 22:30:00,2071.012367183334,13.40200439274307,0.0015513579234630029,synthetic
L7,2026-01-26 22:45:00,2648.5612243240794,30.041772545376134,0.0024147841580556555,synthetic
L7,2026-01-26 23:00:00,2304.882510797133,22.928670851206817,0.0015859509400395358,synthetic
L7,2026-01-26 23:15:00,2951.263120801723,21.03619120500373,0.001968180533352821,synthetic
L7,2026-01-26 23:30:00,4059.214736367902,19.953202935649855,0.0016774743388622304,synthetic
L7,2026-01-26 23:45:00,2433.092685921056,22.78879475159888,0.0020018946336431034,synthetic
L7,2026-01-27 00:00:00,3084.318917178125,21.974107807258864,0.001659631895653393,synthetic
L7,2026-01-27 00:15:00,2717.5972620006114,21.346765930015113,0.0018658770550673133,synthetic
L7,2026-01-27 00:30:00,2717.3215462054895,21.544345428559538,0.0012946369950135937,synthetic
L7,2026-01-27 00:45:00,2581.0523130733027,25.90707416661536,0.002294395757248395,synthetic
L7,2026-01-27 01:00:00,2082.659438626881,31.309308387611164,0.002105171125186355,synthetic
L7,2026-01-27 01:15:00,2941.3007634833675,26.954057752853643,0.0010300806955375094,synthetic
L7,2026-01-27 01:30:00,2492.1059400580402,28.04135346511645,0.0025957499961211565,synthetic
L7,2026-01-27 01:45:00,2048.5439397081173,22.64132388679174,0.001894227224207302,synthetic
L8,2026-01-24 01:45:00,3129.4099169887277,1.8875225995592688,0.0012417202418397752,synthetic
L8,2026-01-24 02:00:00,3611.6493376233484,1.56679262903608,0.0014079387433914236,synthetic
L8,2026-01-24 02:15:00,3262.593793887987,2.143116100825462,0.0008717975935915579,synthetic
L8,2026-01-24 02:30:00,3932.1625267687195,2.0379138663167766,0.0009092746540463135,synthetic
L8,2026-01-24 02:45:00,2765.3635822356714,2.149079454703959,0.001512963559565995,synthetic
L8,2026-01-24 03:00:00,3827.5435089816315,1.6206645955151218,0.0011898184308833677,synthetic
L8,2026-01-24 03:15:00,3098.3396942458567,2.5372388265833132,0.0003342334535967517,synthetic
L8,2026-01-24 03:30:00,3406.106739605353,2.2131507240990924,0.0011364462926911028,synthetic
L8,2026-01-24 03:45:00,3322.903338238323,1.913600932700262,0.0008254905817691211,synthetic
L8,2026-01-24 04:00:00,3992.5842602476205,1.7193640562106065,0.0012694515473969973,synthetic
L8,2026-01-24 04:15:00,3577.1298988474346,2.3231460231296746,0.001122457140826052,synthetic
L8,2026-01-24 04:30:00,2645.643615752123,1.669469065380843,0.0004778371707931604,synthetic
L8,2026-01-24 04:45:00,2486.986364800122,2.678409447437621,0.0010806490511486432,synthetic
L8,2026-01-24 05:00:00,2960.196681924134,1.8160385180302008,0.0010631883181754823,synthetic
L8,2026-01-24 05:15:00,2391.9188471366024,2.5161515643816834,0.001109038745939436,synthetic
L8,2026-01-24 05:30:00,2158.246238938922,1.9446578644781851,0.0011726586555739927,synthetic
L8,2026-01-24 05:45:00,1297.5580245615668,2.4742240126460926,0.0014487897879465195,synthetic
L8,2026-01-24 06:00:00,1760.5897937370316,1.7795394479520452,0.0011241666968842897,synthetic
L8,2026-01-24 06:15:00,4588.32508888922,2.00565091356401,0.0010068695381423394,synthetic
L8,2026-01-24 06:30:00,2474.7998002961785,2.24142479905117,0.0013443902662564674,synthetic
L8,2026-01-24 06:45:00,4522.768239856916,2.198623141008747,0.0016728222170769302,synthetic
L8,2026-01-24 07:00:00,3322.523680924464,2.330228550097365,0.0012745212262504266,synthetic
L8,2026-01-24 07:15:00,2960.193582691116,1.8537583655595307,0.001061861838042427,synthetic
L8,2026-01-24 07:30:00,1799.515906543013,2.0254425118549433,0.0011297591649306756,synthetic
L8,2026-01-24 07:45:00,3003.735116460839,2.3745165727994215,0.0010768131278194775,synthetic
L8,2026-01-24 08:00:00,4513.747013574583,1.7884233494843145,0.0010055555245819983,synthetic
L8,2026-01-24 08:15:00,4246.109395213391,2.1717623183355204,0.001649551249451914,synthetic
L8,2026-01-24 08:30:00,3219.390922158063,1.934251928066675,0.0007752839877050703,synthetic
L8,2026-01-24 08:45:00,2081.0653072759874,2.0617622319747815,0.00134647174847281,synthetic
L8,2026-01-24 09:00:00,2234.267723800678,2.0253650649243347,0.0009622429171898279,synthetic
L8,2026-01-24 09:15:00,2317.926525286032,1.7635150547645106,0.0005558742489583828,synthetic
L8,2026-01-24 09:30:00,4022.52394189016,1.9217920423632657,0.000943504676924048,synthetic
L8,2026-01-24 09:45:00,4305.376348887007,2.043479675623012,0.0008359672498738257,synthetic
L8,2026-01-24 10:00:00,3156.714267974068,1.9691828003863614,0.0011732731955252978,synthetic
L8,2026-01-24 10:15:00,2757.5356515814774,2.471820784938272,0.0010273900667975712,synthetic
L8,2026-01-24 10:30:00,4238.9683973287865,2.3029866670449084,0.0006933919409056094,synthetic
L8,2026-01-24 10:45:00,2217.141167308036,2.086994149548049,0.0014413023740469145,synthetic
L8,2026-01-24 11:00:00,3041.458662080293,1.7710561451841493,0.0013270402013427173,synthetic
L8,2026-01-24 11:15:00,3370.3727996369043,1.752793072430614,0.0014758166596289205,synthetic
L8,2026-01-24 11:30:00,2309.7595142588807,2.592143310584123,0.0010710893992204348,synthetic
L8,2026-01-24 11:45:00,2491.2686228869543,1.6970343691783416,0.000989280079515793,synthetic
L8,2026-01-24 12:00:00,2429.0099366499176,2.034157885445157,0.0012110681447855863,synthetic
L8,2026-01-24 12:15:00,4133.381484790469,2.108284614304604,0.0008267574937237294,synthetic
L8,2026-01-24 12:30:00,4531.49382164567,1.9066029045550081,0.0010390178664159509,synthetic
L8,2026-01-24 12:45:00,3091.834024189249,1.6993388706267922,0.0009472966302035904,synthetic
L8,2026-01-24 13:00:00,2785.42513036577,1.7645310082980539,0.0005616897048430238,synthetic
L8,2026-01-24 13:15:00,2520.127140005363,1.8360484993087915,0.0010382366514517217,synthetic
L8,2026-01-24 13:30:00,3001.3970507602635,1.7871521392706662,0.0008677099324770094,synthetic
L8,2026-01-24 13:45:00,2559.8225988505683,2.398316117954279,0.0009272343507945089,synthetic
L8,2026-01-24 14:00:00,2922.3758061158233,1.9972622019582114,0.0011091354836949864,synthetic
L8,2026-01-24 14:15:00,3330.586258403139,1.8428596696557165,0.0013817599401959877,synthetic
L8,2026-01-24 14:30:00,2675.7496457677053,2.032087413160162,0.0007453689728356065,synthetic
L8,2026-01-24 14:45:00,2848.329549908722,2.2003867715884744,0.000899032535461193,synthetic
L8,2026-01-24 15:00:00,2851.636411942156,1.896614088182726,0.0007704751910920568,synthetic
L8,2026-01-24 15:15:00,2745.949252219089,2.2705943885527744,0.0007509458236603025,synthetic
L8,2026-01-24 15:30:00,2646.841698387031,1.6186559676930323,0.0008216293169050683,synthetic
L8,2026-01-24 15:45:00,3609.7572823494447,2.351391089634924,0.0009410649151554417,synthetic
L8,2026-01-24 16:00:00,1583.4111768188461,1.9973142980683338,0.0011757614970632512,synthetic
L8,2026-01-24 16:15:00,4259.423887201011,1.9855962944744814,0.0010961337294354515,synthetic
L8,2026-01-24 16:30:00,3108.423570562398,1.7920957026605442,0.0006829429002750252,synthetic
L8,2026-01-24 16:45:00,3488.0140607892117,1.631644960845976,0.0013882480971751459,synthetic
L8,2026-01-24 17:00:00,3580.0622265191005,1.4999984192553826,0.0012833236919431114,synthetic
L8,2026-01-24 17:15:00,2433.552671975543,1.771166999315064,0.0007296443048170889,synthetic
L8,2026-01-24 17:30:00,2268.5131550566066,2.1763019661807057,0.0013672332675758682,synthetic
L8,2026-01-24 17:45:00,2174.1845722769385,1.7116164733086014,0.001098081523778883,synthetic
L8,2026-01-24 18:00:00,2802.3455761371292,1.5354655442827072,0.0009530634091224261,synthetic
L8,2026-01-24 18:15:00,3559.363753240823,1.727280406748664,0.0011074240133437936,synthetic
L8,2026-01-24 18:30:00,2532.990379823341,1.8845500047487054,0.0009922687613123434,synthetic
L8,2026-01-24 18:45:00,3486.3453121426437,1.8963496332012941,0.0011635235963444218,synthetic
L8,2026-01-24 19:00:00,1105.6630249110408,1.9613321275271707,0.0010561946569393502,synthetic
L8,2026-01-24 19:15:00,2691.5462384198004,2.3097819038155634,0.0008987721843183392,synthetic
L8,2026-01-24 19:30:00,3933.70989408925,2.3747763314274466,0.00039225197225158505,synthetic
L8,2026-01-24 19:45:00,2863.2229687736517,2.6016387516167967,0.001158154762189578,synthetic
L8,2026-01-24 20:00:00,2336.6850910670664,1.5125278049904294,0.0008879034164839799,synthetic
L8,2026-01-24 20:15:00,2474.5254222899225,1.7432348238990996,0.0012333839828935738,synthetic
L8,2026-01-24 20:30:00,577.5819495454289,2.2095455471179264,0.001144502518682716,synthetic
L8,2026-01-24 20:45:00,2190.5584236704635,1.8637906353424925,0.0008957007366531972,synthetic
L8,2026-01-24 21:00:00,3845.793098010066,2.2582359409547696,0.0013068964573232005,synthetic
L8,2026-01-24 21:15:00,2533.917786483015,2.062134029034448,0.0010614524985509714,synthetic
L8,2026-01-24 21:30:00,2628.3645103990198,2.4737612630110397,0.0010490928542134263,synthetic
L8,2026-01-24 21:45:00,1134.5502503708738,2.3128148341798056,0.0009585667939710573,synthetic
L8,2026-01-24 22:00:00,1695.3297655099502,2.3183049879676947,0.0015050667136719393,synthetic
L8,2026-01-24 22:15:00,3952.039342879802,1.8764385173918912,0.0007860199812713025,synthetic
L8,2026-01-24 22:30:00,3493.835264529249,1.9707617462095184,0.0009031976387622835,synthetic
L8,2026-01-24 22:45:00,1962.048774848455,1.9084239627297932,0.0006287994564760011,synthetic
L8,2026-01-24 23:00:00,2495.5420867414236,1.548232356905028,0.0012180193231973518,synthetic
L8,2026-01-24 23:15:00,2976.6621256009735,2.44153077664866,0.0008253552980926979,synthetic
L8,2026-01-24 23:30:00,2043.0978142745953,2.2236161926529636,0.0008589893254821035,synthetic
L8,2026-01-24 23:45:00,1396.6848931891193,1.8964918627757186,0.0008449190103528457,synthetic
L8,2026-01-25 00:00:00,2872.6316900484517,2.3913777522379918,0.0010188165748187164,synthetic
L8,2026-01-25 00:15:00,3458.0868497385927,1.8108897059758533,0.0006247721246022562,synthetic
L8,2026-01-25 00:30:00,3473.4858557839634,1.4485596594634174,0.00032702642016932176,synthetic
L8,2026-01-25 00:45:00,3700.189908433717,2.3022109258680845,0.0011373112112178316,synthetic
L8,2026-01-25 01:00:00,1757.154190576141,1.6164319300652008,0.00036593268813888704,synthetic
L8,2026-01-25 01:15:00,3046.321527861551,1.941267360312805,0.0012562413351932139,synthetic
L8,2026-01-25 01:30:00,2785.2389086167027,2.061836912235128,0.0014675583248605442,synthetic
L8,2026-01-25 01:45:00,2930.223451602246,2.1156396034216285,0.0009507328588194901,synthetic
L8,2026-01-25 02:00:00,2830.5746930926903,2.254520316861139,0.0013898478840161468,synthetic
L8,2026-01-25 02:15:00,2471.6414555139872,2.1742554278802535,0.0009927230741370342,synthetic
L8,2026-01-25 02:30:00,585.7676366275159,2.164967757968608,0.001479772347723361,synthetic
L8,2026-01-25 02:45:00,3929.463216456539,1.7627744653830526,0.0008631346443660368,synthetic
L8,2026-01-25 03:00:00,3263.992132380071,2.0882730671802974,0.0002905354571706636,synthetic
L8,2026-01-25 03:15:00,1812.5681699707939,1.5483350089849681,0.0009760264767680494,synthetic
L8,2026-01-25 03:30:00,3378.505322394204,2.468641309535849,0.0015123889580232214,synthetic
L8,2026-01-25 03:45:00,2642.156154398824,1.579230552854533,0.0011604904917821254,synthetic
L8,2026-01-25 04:00:00,2664.8221468658157,1.8960680483730965,0.0008454030314386468,synthetic
L8,2026-01-25 04:15:00,2385.268318808774,1.6043377282919649,0.0010986703507854195,synthetic
L8,2026-01-25 04:30:00,3429.544378121812,1.7809501142403044,0.0012913374515357658,synthetic
L8,2026-01-25 04:45:00,2360.1411427870407,2.0040285246296152,0.0009743150683256587,synthetic
L8,2026-01-25 05:00:00,2122.53225112752,1.8413725704451995,0.001787917025602714,synthetic
L8,2026-01-25 05:15:00,3905.3958484847963,2.3432738774436865,0.0008447746130441538,synthetic
L8,2026-01-25 05:30:00,2856.89487218662,2.068070304788839,0.0013007532166134244,synthetic
L8,2026-01-25 05:45:00,2882.0108880062335,1.8611270812314222,0.0012285811709445398,synthetic
L8,2026-01-25 06:00:00,3553.971296221332,1.959925421007786,0.0007900517725905828,synthetic
L8,2026-01-25 06:15:00,2465.930639323059,2.3659101371167806,0.0008726679197956982,synthetic
L8,2026-01-25 06:30:00,2625.4774618824918,2.2726612649853397,0.0013054295942438094,synthetic
L8,2026-01-25 06:45:00,3244.5722157782684,1.6583687317953766,0.0010434363662812725,synthetic
L8,2026-01-25 07:00:00,1766.8979180289873,1.7958044857581186,0.0011014215180181817,synthetic
L8,2026-01-25 07:15:00,3176.8792374145714,2.1424369456053114,0.0005092097938886929,synthetic
L8,2026-01-25 07:30:00,2395.430832654906,2.106009975808112,0.0011967995965486305,synthetic
L8,2026-01-25 07:45:00,3684.378073964119,1.6848855375803713,0.0010861890532247703,synthetic
L8,2026-01-25 08:00:00,3437.330661479927,2.224737976791987,0.0009808269932076539,synthetic
L8,2026-01-25 08:15:00,3331.638685580024,1.7327377579440812,0.0011082675589177229,synthetic
L8,2026-01-25 08:30:00,1714.4330811563543,2.3911480321569023,0.0008772346878627251,synthetic
L8,2026-01-25 08:45:00,2917.283683860944,2.1588347468748865,0.0008224292488349578,synthetic
L8,2026-01-25 09:00:00,2058.186751668578,1.6604226648062836,0.0009274343405082671,synthetic
L8,2026-01-25 09:15:00,2970.508877618379,1.8412769895609764,0.0008607390465045108,synthetic
L8,2026-01-25 09:30:00,1147.776258488209,1.8360618156414128,0.00165415886831296,synthetic
L8,2026-01-25 09:45:00,1767.3341852998058,2.047963016390699,0.0012735612186530769,synthetic
L8,2026-01-25 10:00:00,3951.22688707215,1.938806930596253,0.0007094593228084897,synthetic
L8,2026-01-25 10:15:00,3295.2425408052486,1.656353325985465,0.0016108888006782526,synthetic
L8,2026-01-25 10:30:00,2716.9473220162663,1.5817222561332271,0.0008701430165691062,synthetic
L8,2026-01-25 10:45:00,2273.005341851022,2.1647070003193583,0.0010088366102392855,synthetic
L8,2026-01-25 11:00:00,2132.5968659303253,2.085871059369249,0.001269225158479396,synthetic
L8,2026-01-25 11:15:00,3160.1246040708206,2.0316612671615095,0.0004090034368307155,synthetic
L8,2026-01-25 11:30:00,2725.094152326123,2.0812195576881383,0.0009288922459177093,synthetic
L8,2026-01-25 11:45:00,4237.317746653822,1.8143242557424895,0.0008279998447098498,synthetic
L8,2026-01-25 12:00:00,2852.18902399172,2.055197707332543,0.0010615240238632405,synthetic
L8,2026-01-25 12:15:00,3046.976393795627,2.7615516694952804,0.0011110149049796327,synthetic
L8,2026-01-25 12:30:00,1889.197225555703,2.3523701362241427,0.0009768221904002945,synthetic
L8,2026-01-25 12:45:00,2711.4406198582883,1.913477464712049,0.0009629058105463037,synthetic
L8,2026-01-25 13:00:00,3141.5931240543887,1.842988475869628,0.0013195394117906335,synthetic
L8,2026-01-25 13:15:00,2701.7714310294505,1.14186818075253,0.0010904457791002114,synthetic
L8,2026-01-25 13:30:00,2611.497173140614,2.3206082458954094,0.001012427503015583,synthetic
L8,2026-01-25 13:45:00,3261.527700492258,2.235981606132444,0.0010443611774380419,synthetic
L8,2026-01-25 14:00:00,4211.858625248791,1.8368516092170522,0.0015507666992590654,synthetic
L8,2026-01-25 14:15:00,3115.975496246262,1.5704876951368618,0.0010518021930952318,synthetic
L8,2026-01-25 14:30:00,3915.34902677851,1.6534197670430824,0.0008456654485102885,synthetic
L8,2026-01-25 14:45:00,3497.281902015026,2.133319358743827,0.00042730027341668234,synthetic
L8,2026-01-25 15:00:00,3867.4826997342807,1.9731977799012457,0.0005698187877895139,synthetic
L8,2026-01-25 15:15:00,2512.22406132269,2.2074776052821843,0.0008598922314760717,synthetic
L8,2026-01-25 15:30:00,2834.4580040124783,2.025932941510455,0.0009674869468137557,synthetic
L8,2026-01-25 15:45:00,2837.7811433882684,2.290027649634945,0.0008333135621169284,synthetic
L8,2026-01-25 16:00:00,3437.0217892511805,2.110872542117674,0.0011053431931137428,synthetic
L8,2026-01-25 16:15:00,3633.930257769491,2.2486386140482044,0.0008294475866475076,synthetic
L8,2026-01-25 16:30:00,3100.044952889513,1.3730949767234188,0.000725653218959371,synthetic
L8,2026-01-25 16:45:00,3701.365261900691,1.629696328850762,0.0011837931506072238,synthetic
L8,2026-01-25 17:00:00,2549.3348184149017,1.8906944990337118,0.001410818349063404,synthetic
L8,2026-01-25 17:15:00,3708.3020423193,2.3238706354700724,0.0006678497206760356,synthetic
L8,2026-01-25 17:30:00,3812.647553748694,2.564158917820322,0.0010731147591123435,synthetic
L8,2026-01-25 17:45:00,3541.997076739731,1.9507292652839365,0.0004284986025538547,synthetic
L8,2026-01-25 18:00:00,3107.3358267849703,1.816525980833546,0.0005576385607818522,synthetic
L8,2026-01-25 18:15:00,3570.6586659239733,1.413509436722659,0.0008233702516068482,synthetic
L8,2026-01-25 18:30:00,2284.796427809208,2.2590691292219494,0.001340473129713158,synthetic
L8,2026-01-25 18:45:00,3158.689811488167,1.8349428274416568,0.0007663881910883576,synthetic
L8,2026-01-25 19:00:00,3240.408381460098,2.8875004008074465,0.0007551698575703353,synthetic
L8,2026-01-25 19:15:00,1936.387469478812,1.778178823989646,0.0010108261845683348,synthetic
L8,2026-01-25 19:30:00,3379.6674023516166,2.6315825290581993,0.0010111250833449552,synthetic
L8,2026-01-25 19:45:00,2000.9450194545477,2.22451021507624,0.0007644605581735991,synthetic
L8,2026-01-25 20:00:00,2657.665361672455,1.69152068020359,0.0015958664701789715,synthetic
L8,2026-01-25 20:15:00,3031.8087674210387,2.069643136593076,0.0009203909880653881,synthetic
L8,2026-01-25 20:30:00,2415.410892293755,2.2314141579651396,0.001034075494725424,synthetic
L8,2026-01-25 20:45:00,3066.0432308962545,1.9324243422450251,0.0008794661386868674,synthetic
L8,2026-01-25 21:00:00,3053.245592348976,2.25139481316569,0.0011319914686453538,synthetic
L8,2026-01-25 21:15:00,2343.854688512927,2.244787147804598,0.001370487267911235,synthetic
L8,2026-01-25 21:30:00,3454.3795670594645,2.1789015501782396,0.0014990991090863717,synthetic
L8,2026-01-25 21:45:00,2388.6747973550146,1.9950579895857483,0.0007713202974208359,synthetic
L8,2026-01-25 22:00:00,4830.379499787756,1.647517973208162,0.0013302385528903638,synthetic
L8,2026-01-25 22:15:00,2912.416941335516,1.9769643873574299,0.0011649042458653054,synthetic
L8,2026-01-25 22:30:00,2062.964684007974,2.0528193991147528,0.0012923609828380232,synthetic
L8,2026-01-25 22:45:00,2212.5265870289822,1.4371847386886527,0.0009724362181921608,synthetic
L8,2026-01-25 23:00:00,3918.064371758641,2.0507705947974033,0.0009438877680153459,synthetic
L8,2026-01-25 23:15:00,2672.678680225237,1.970959620556957,0.001280714393714198,synthetic
L8,2026-01-25 23:30:00,1908.9889537360255,1.6110121787645137,0.0012864077518168861,synthetic
L8,2026-01-25 23:45:00,3682.970197702213,1.900098082792473,0.0014697161691585659,synthetic
L8,2026-01-26 00:00:00,2667.5408897775337,1.9064460959497103,0.0010595642666351467,synthetic
L8,2026-01-26 00:15:00,3522.735608895481,2.5790283600480257,0.000967925611709573,synthetic
L8,2026-01-26 00:30:00,3748.4528205249017,2.06603550385321,0.00026204392600173883,synthetic
L8,2026-01-26 00:45:00,3219.570831046836,2.3108135753943797,0.0005166218386013998,synthetic
L8,2026-01-26 01:00:00,4916.7259165482665,1.9646554086528054,0.0008817245184449821,synthetic
L8,2026-01-26 01:15:00,1620.206005653421,1.437825044949475,0.0006696823206261355,synthetic
L8,2026-01-26 01:30:00,2345.6399397825535,2.201702554646487,0.001244239169629974,synthetic
L8,2026-01-26 01:45:00,2795.239996316834,1.8025439811237376,0.0006069937115263139,synthetic
L8,2026-01-26 02:00:00,4808.938822886497,1.8993199610036269,0.0008496087014949137,synthetic
L8,2026-01-26 02:15:00,4438.40197608177,1.6841086252653588,0.0008613920520584535,synthetic
L8,2026-01-26 02:30:00,4030.952693915133,2.0218303591764077,0.0013614229250198339,synthetic
L8,2026-01-26 02:45:00,2364.700847403272,2.319553508486736,0.0008175283752941068,synthetic
L8,2026-01-26 03:00:00,2457.9882081836563,2.279821432542388,0.0011357236354143964,synthetic
L8,2026-01-26 03:15:00,2337.1519718876366,2.475856852335549,0.001058711838256815,synthetic
L8,2026-01-26 03:30:00,2373.25848956739,2.5183878373862334,0.0012709865456341839,synthetic
L8,2026-01-26 03:45:00,4194.163685820779,1.386237730922533,0.0012550645156349442,synthetic
L8,2026-01-26 04:00:00,2804.986301283325,1.6419138317212605,0.0009899679661391368,synthetic
L8,2026-01-26 04:15:00,2910.801468284846,1.457542526502034,0.000491111646217846,synthetic
L8,2026-01-26 04:30:00,3619.5094295387453,2.189579123116877,0.0009304777340063112,synthetic
L8,2026-01-26 04:45:00,1669.1776207728203,1.7920754648602542,0.0009940133066403541,synthetic
L8,2026-01-26 05:00:00,3042.1166570153114,1.8532459004468211,0.0010858027699458335,synthetic
L8,2026-01-26 05:15:00,2122.5026170616634,1.9350207704217635,0.000778733456433757,synthetic
L8,2026-01-26 05:30:00,2764.468063553345,2.1147712064272253,0.001342270335522584,synthetic
L8,2026-01-26 05:45:00,2530.8634448326297,1.5544036855980632,0.001004085825494498,synthetic
L8,2026-01-26 06:00:00,2489.6154031749943,1.622340961209774,0.0007238507956563624,synthetic
L8,2026-01-26 06:15:00,3180.465445365092,2.000388861959332,0.0008625316483774959,synthetic
L8,2026-01-26 06:30:00,3176.970721914009,2.35962378084634,0.0015785627961900492,synthetic
L8,2026-01-26 06:45:00,2824.143528612812,1.9923807790246746,0.0011993133678839495,synthetic
L8,2026-01-26 07:00:00,3296.547474392925,1.7625020880853903,0.0013145369666693212,synthetic
L8,2026-01-26 07:15:00,2305.1083673171606,1.3555373958987091,0.0006875239090859758,synthetic
L8,2026-01-26 07:30:00,3545.268695231542,2.2858026755180836,0.0007933510923448598,synthetic
L8,2026-01-26 07:45:00,2835.0407822739153,1.779220505182856,0.0007955733082356266,synthetic
L8,2026-01-26 08:00:00,2613.0691502896825,1.6557689252744836,0.0010553181212765866,synthetic
L8,2026-01-26 08:15:00,2364.192950637615,1.4854024320623656,0.0009477994506743323,synthetic
L8,2026-01-26 08:30:00,2806.8820316266547,1.5682697566574104,0.0008531516766228938,synthetic
L8,2026-01-26 08:45:00,4496.511405476738,1.7116357338638442,0.0008907791222489638,synthetic
L8,2026-01-26 09:00:00,2949.3489839179283,1.9283453791417546,0.0007617894439974791,synthetic
L8,2026-01-26 09:15:00,2084.4771710852488,1.6373774885718029,0.000946048213929577,synthetic
L8,2026-01-26 09:30:00,3735.055253428037,2.0557124112642913,0.0013339646751501242,synthetic
L8,2026-01-26 09:45:00,2622.4572513665967,1.9260656780245693,0.0005460581945350739,synthetic
L8,2026-01-26 10:00:00,3227.0072034819764,2.6665976867553582,0.001103943830090569,synthetic
L8,2026-01-26 10:15:00,2515.4715596587375,1.4886670650822014,0.001414027808463887,synthetic
L8,2026-01-26 10:30:00,4024.618652914536,2.0484438290937144,0.0009450438704303299,synthetic
L8,2026-01-26 10:45:00,2527.392194683229,2.052201496712287,0.0008413371912562313,synthetic
L8,2026-01-26 11:00:00,4118.286382862029,1.6908327788230555,0.0012772694457851767,synthetic
L8,2026-01-26 11:15:00,2160.591532376971,2.0285757192342384,0.000704733436939347,synthetic
L8,2026-01-26 11:30:00,2765.6748914276163,2.230878309922015,0.0009931925410183809,synthetic
L8,2026-01-26 11:45:00,4119.996628725425,2.0289474447673497,0.0006880467698842819,synthetic
L8,2026-01-26 12:00:00,3134.539379825071,2.415338865445951,0.0004389697089927161,synthetic
L8,2026-01-26 12:15:00,4817.172753444506,1.3466937145713984,0.0009544047205615614,synthetic
L8,2026-01-26 12:30:00,2784.687640609586,1.7473299761591838,0.000620981481019905,synthetic
L8,2026-01-26 12:45:00,3205.634282368539,2.4425168141692835,0.0009964988460012495,synthetic
L8,2026-01-26 13:00:00,4524.1194176390545,2.273607899979155,0.001334508887314212,synthetic
L8,2026-01-26 13:15:00,1788.8614266061854,2.162153513379886,0.0015562766220038869,synthetic
L8,2026-01-26 13:30:00,1689.7999734547698,2.369964621955838,0.0010280587851829626,synthetic
L8,2026-01-26 13:45:00,2363.5934582324735,1.425032636389469,0.0013057647495926797,synthetic
L8,2026-01-26 14:00:00,3650.6981515786606,2.238683198816846,0.00111968879503199,synthetic
L8,2026-01-26 14:15:00,1712.1190533344488,2.319311048725827,0.0008850659158374823,synthetic
L8,2026-01-26 14:30:00,3477.6392452496157,1.802389950147279,0.00042256709382073167,synthetic
L8,2026-01-26 14:45:00,3421.3653555911146,2.7887711353673676,0.0014879476981246357,synthetic
L8,2026-01-26 15:00:00,4611.512186561566,2.0589046892186174,0.0006852693432156632,synthetic
L8,2026-01-26 15:15:00,3836.387940409898,1.3421692872474378,0.0014148312734253308,synthetic
L8,2026-01-26 15:30:00,3291.2401899982206,2.1143815993801263,0.0011610422887786754,synthetic
L8,2026-01-26 15:45:00,4087.306348122368,1.7840419910031804,0.0007071961644257924,synthetic
L8,2026-01-26 16:00:00,3431.1231528918934,2.3494985821788554,0.001093599508545686,synthetic
L8,2026-01-26 16:15:00,2631.9439562982384,2.164383210017389,0.0016398733183855987,synthetic
L8,2026-01-26 16:30:00,2084.3153783609105,1.8206233783171428,0.0014606957742591313,synthetic
L8,2026-01-26 16:45:00,2544.507517045535,2.450735575478869,0.0008461860831596654,synthetic
L8,2026-01-26 17:00:00,2967.940900362306,2.281835391793793,0.0007864057725445954,synthetic
L8,2026-01-26 17:15:00,3140.014724279683,1.7516240036953696,0.0010300624111948217,synthetic
L8,2026-01-26 17:30:00,1291.843521530593,1.9543864758317457,0.0009503458813090491,synthetic
L8,2026-01-26 17:45:00,2824.3517320608044,2.155075037229224,0.0013599212156928191,synthetic
L8,2026-01-26 18:00:00,3022.865415639556,1.8907210211682135,0.0012218767409265413,synthetic
L8,2026-01-26 18:15:00,3438.029955903872,1.8996801788458235,0.0004923275195414734,synthetic
L8,2026-01-26 18:30:00,4301.44070600508,2.011017508479345,0.0011376025766271735,synthetic
L8,2026-01-26 18:45:00,3148.522828356216,1.6802604247887831,0.0009462727117397896,synthetic
L8,2026-01-26 19:00:00,2272.3496990018257,1.3301703984269095,0.00101113244080842,synthetic
L8,2026-01-26 19:15:00,1545.5364931188224,2.0717404586996113,0.0010746829042781977,synthetic
L8,2026-01-26 19:30:00,3549.6087664899055,1.4033300152114443,0.0013596187015829805,synthetic
L8,2026-01-26 19:45:00,2304.7301124180694,1.7020883890565839,0.0012933378890638062,synthetic
L8,2026-01-26 20:00:00,3693.4695817290776,1.4685252923154284,0.0007750771777938113,synthetic
L8,2026-01-26 20:15:00,4117.936121730055,1.5054666656716091,0.0009824164096930992,synthetic
L8,2026-01-26 20:30:00,1764.7401872166608,2.1279065522357876,0.0008654435821428366,synthetic
L8,2026-01-26 20:45:00,3443.11404700717,1.9333075504819779,0.0004954462093280207,synthetic
L8,2026-01-26 21:00:00,4034.097928271475,1.922479863359563,0.0009671888477196729,synthetic
L8,2026-01-26 21:15:00,3815.2314602242254,1.6052294649127972,0.0015534263282677287,synthetic
L8,2026-01-26 21:30:00,1322.8964504716355,1.8032452733484317,0.00048638698187507593,synthetic
L8,2026-01-26 21:45:00,2317.0783641650364,2.112936547763056,0.0009927814619019799,synthetic
L8,2026-01-26 22:00:00,1975.8555953996615,1.9843738204080499,0.0009831585563770974,synthetic
L8,2026-01-26 22:15:00,3418.7782041176406,2.2468022183125957,0.001086320641529296,synthetic
L8,2026-01-26 22:30:00,3330.6612987883977,2.2895276036377745,0.0007111825127818209,synthetic
L8,2026-01-26 22:45:00,841.6864976474999,1.9243340425225368,0.000572466822760014,synthetic
L8,2026-01-26 23:00:00,2759.334702937727,1.4443252142238525,0.0005864207029616122,synthetic
L8,2026-01-26 23:15:00,3640.5758642728856,1.7730065302801352,0.0013992801274994437,synthetic
L8,2026-01-26 23:30:00,3118.380792979298,1.9706932157381924,0.000705194207691443,synthetic
L8,2026-01-26 23:45:00,3117.013535599889,1.7670538843987658,0.0008501313425040482,synthetic
L8,2026-01-27 00:00:00,2708.0050506250313,1.683612736599874,0.0016313897795838922,synthetic
L8,2026-01-27 00:15:00,2152.8472471402574,2.020925685267046,0.0007797233029670633,synthetic
L8,2026-01-27 00:30:00,2986.355340887613,2.729090930819984,0.0011027198793852778,synthetic
L8,2026-01-27 00:45:00,3041.6747609880995,1.8535435813890875,0.001319143502987652,synthetic
L8,2026-01-27 01:00:00,3492.2036162663644,1.9991582442524676,0.0013047160560937729,synthetic
L8,2026-01-27 01:15:00,3557.1999394363693,1.6063892368307036,0.0006005270928868959,synthetic
L8,2026-01-27 01:30:00,3068.6891353305928,2.373020316512454,0.0007859942656895504,synthetic
L8,2026-01-27 01:45:00,3875.9266916678653,2.2624229130054268,0.0010907091928755955,synthetic
