node_id,timestamp,cpu_pct,mem_pct,fs_pct,energy_w,rx_bps,tx_bps,source
cloud-vm2,2026-01-24 01:45:00,0.16220441529590962,0.5183481707650968,0.6939247095904458,83.97820281731859,773917.206208803,837938.9395822962,synthetic
cloud-vm2,2026-01-24 02:00:00,0.16937648346846707,0.5281048018261286,0.683509336686408,93.81746155279872,640910.3859917861,810273.9362233503,synthetic
cloud-vm2,2026-01-24 02:15:00,0.23709002029383547,0.5105101754114586,0.6971252886794416,95.4688942541136,653324.6516344661,685618.7841745426,synthetic
cloud-vm2,2026-01-24 02:30:00,0.2708319088691025,0.5030845441054821,0.7132473696562724,76.69566562098959,822157.6917296915,921489.7488054059,synthetic
cloud-vm2,2026-01-24 02:45:00,0.2192123126889675,0.5405285136109443,0.7046074201011846,83.2277600201186,812192.4127955232,931136.4861732229,synthetic
cloud-vm2,2026-01-24 03:00:00,0.1641031711691427,0.5277499169562893,0.7201780937160589,79.82821114953151,649182.4193076678,1064215.3362359067,synthetic
cloud-vm2,2026-01-24 03:15:00,0.21355754089848275,0.5298073719880376,0.7017723014526811,89.9416887060576,604644.8422694383,970966.031543271,synthetic
cloud-vm2,2026-01-24 03:30:00,0.2970988817735044,0.5500423029598923,0.724478027535929,86.43296773646964,796317.3500208498,778732.5605253119,synthetic
cloud-vm2,2026-01-24 03:45:00,0.20409691242875647,0.49890315331362856,0.7017752122551705,81.81715336310083,730041.8357915215,729536.4899658982,synthetic
cloud-vm2,2026-01-24 04:00:00,0.258473634375744,0.5089594746368116,0.7002248029615373,85.3628654029551,681558.1254197363,685781.0279773136,synthetic
cloud-vm2,2026-01-24 04:15:00,0.17038682536645153,0.5231586669766939,0.687206099120785,82.61290689296146,617812.7289810055,1026786.9214767364,synthetic
cloud-vm2,2026-01-24 04:30:00,0.19831655793454453,0.5087137352447751,0.7111056274029276,93.07123047187449,683169.6578714594,756619.0858866561,synthetic
cloud-vm2,2026-01-24 04:45:00,0.22478260824502172,0.535662730705449,0.6949787487105952,87.7347975750802,647829.1540112298,1027627.5842765569,synthetic
cloud-vm2,2026-01-24 05:00:00,0.21589313233051458,0.5162520155819204,0.6935295236059127,88.34911710458219,583566.1820427005,913008.644903448,synthetic
cloud-vm2,2026-01-24 05:15:00,0.16934445279555357,0.5001493438500563,0.7128123056376257,71.66541260983551,662904.2328587235,889588.3457912753,synthetic
cloud-vm2,2026-01-24 05:30:00,0.16761930171477601,0.5213154335037532,0.7115822266879596,84.66605660585594,676542.4045639607,813175.8024927642,synthetic
cloud-vm2,2026-01-24 05:45:00,0.23953137612410635,0.5234067754161358,0.7113205136721067,95.41605479529517,612460.4933079769,929280.7495602701,synthetic
cloud-vm2,2026-01-24 06:00:00,0.24766203250600582,0.5386936412579266,0.6963780886594502,91.63064535018341,740382.5688609518,848143.5084595837,synthetic
cloud-vm2,2026-01-24 06:15:00,0.2604857423248768,0.5278628180629485,0.6994902413469475,75.76455207039848,778883.2392310989,805694.4050237427,synthetic
cloud-vm2,2026-01-24 06:30:00,0.2721572193301147,0.5292229278271967,0.6994014560230415,83.43287083658203,746989.7693655413,933520.574397784,synthetic
cloud-vm2,2026-01-24 06:45:00,0.20538477745290387,0.5264058336801445,0.7078251818067239,78.99240267040639,622375.1614786006,832723.3468934643,synthetic
cloud-vm2,2026-01-24 07:00:00,0.18755203023073627,0.5162355495741614,0.7155356466849423,93.55550780181436,725582.1504188372,754199.8265513408,synthetic
cloud-vm2,2026-01-24 07:15:00,0.2540396375511388,0.5056756176977747,0.7036814655519841,86.22139141137954,657796.139746004,921979.2130552782,synthetic
cloud-vm2,2026-01-24 07:30:00,0.22852277127406348,0.5257767670331875,0.7197489108535735,81.16102220134282,526425.4021434048,842321.7213245722,synthetic
cloud-vm2,2026-01-24 07:45:00,0.16070178965329635,0.5133375046823272,0.7089719441803306,85.17078971770394,717272.9378497746,908669.2014109365,synthetic
cloud-vm2,2026-01-24 08:00:00,0.15865457337924355,0.5537964524088204,0.6976520060588558,71.96317235465759,664613.1640956948,795536.8169974976,synthetic
cloud-vm2,2026-01-24 08:15:00,0.21967720805425237,0.5468436458954644,0.7082871140612897,79.57519348271711,909354.8002069307,704905.4434382853,synthetic
cloud-vm2,2026-01-24 08:30:00,0.19290901354064002,0.5326567826470322,0.7170594027870877,85.18221862913155,795727.0863278559,1058208.875501713,synthetic
cloud-vm2,2026-01-24 08:45:00,0.1989428018103721,0.5275693387858598,0.7199828898334133,89.22837684226661,721115.0156934524,1035593.369291629,synthetic
cloud-vm2,2026-01-24 09:00:00,0.2429013345884078,0.5182408189803764,0.7118689134459908,75.2934293970133,674917.0501288179,956054.1953514353,synthetic
cloud-vm2,2026-01-24 09:15:00,0.23036148579940144,0.4947775253730573,0.7002567445365799,83.09422346148786,666372.2255058018,803462.7177550872,synthetic
cloud-vm2,2026-01-24 09:30:00,0.25319492993673726,0.5156765555335607,0.6978330674594407,90.04842869259411,549631.0596366893,813961.8432206713,synthetic
cloud-vm2,2026-01-24 09:45:00,0.12273855574506536,0.5220280006681052,0.7057606950356139,77.74273337813364,476101.2772800089,1015879.2935075758,synthetic
cloud-vm2,2026-01-24 10:00:00,0.21013591668884804,0.5245891294888932,0.7167397449527104,86.14591417392087,562744.0890918435,807540.3954919104,synthetic
cloud-vm2,2026-01-24 10:15:00,0.2277875408958883,0.5293907273403166,0.7043376912221445,85.32987251553001,645228.298182957,774093.2756383243,synthetic
cloud-vm2,2026-01-24 10:30:00,0.13893656573249263,0.5384266039575537,0.7045453187186881,93.57190160178301,439446.0721791016,1074668.1610763744,synthetic
cloud-vm2,2026-01-24 10:45:00,0.17380417434760112,0.5061569185661426,0.7005139785431709,83.8493190344418,595567.820772725,844278.6782063353,synthetic
cloud-vm2,2026-01-24 11:00:00,0.16638059350684326,0.5063384878558198,0.6967210893736878,84.14199700812465,625238.6966875574,1062211.0394216615,synthetic
cloud-vm2,2026-01-24 11:15:00,0.20086792684239665,0.5490171335948631,0.6983786549335608,89.27479876582345,628457.3446514542,682192.9707171997,synthetic
cloud-vm2,2026-01-24 11:30:00,0.26511415874776256,0.535419631783863,0.7013542598524553,78.36825665975327,583827.6401811856,912182.1859341402,synthetic
cloud-vm2,2026-01-24 11:45:00,0.28090357618659606,0.5121845811573336,0.7171809999623981,83.89558396724571,615848.6185618599,1098529.9119059937,synthetic
cloud-vm2,2026-01-24 12:00:00,0.1674284978770687,0.5178557766209553,0.6976028622146919,82.72137494579745,822389.3828123861,853570.0893590634,synthetic
cloud-vm2,2026-01-24 12:15:00,0.22106229001974298,0.517945721066502,0.7005261207591138,84.3054409364745,716214.5281490603,818319.4609278644,synthetic
cloud-vm2,2026-01-24 12:30:00,0.2223519140856926,0.5206314824456276,0.6913462233959349,89.2420322448142,593969.922310185,709869.7698881896,synthetic
cloud-vm2,2026-01-24 12:45:00,0.21550503086058992,0.5294536618447723,0.7071663106647315,87.77080742541087,643165.2211638037,979881.1665322296,synthetic
cloud-vm2,2026-01-24 13:00:00,0.21595918538956937,0.5706998549219966,0.7136667917871827,81.25658845735661,647168.6664347734,757584.6300831175,synthetic
cloud-vm2,2026-01-24 13:15:00,0.21214970009805315,0.523795131223253,0.7162449784595675,85.68349601663606,573204.4566259849,838622.9728732014,synthetic
cloud-vm2,2026-01-24 13:30:00,0.2675028048322568,0.5332519630085051,0.7020336452469571,92.45220807050262,573086.9782256145,701859.7264248866,synthetic
cloud-vm2,2026-01-24 13:45:00,0.24409866057472232,0.48627046587619716,0.7057435428327923,80.84317150601348,751052.4020326713,1036827.3520116919,synthetic
cloud-vm2,2026-01-24 14:00:00,0.15759384409606933,0.5103020001444233,0.6984644967782996,85.72583390198507,608021.5622483185,988586.2372870819,synthetic
cloud-vm2,2026-01-24 14:15:00,0.231828843235222,0.5445763000543321,0.7052801867969452,84.03419661530685,540530.3612969129,846209.8300944243,synthetic
cloud-vm2,2026-01-24 14:30:00,0.2356949349804581,0.5280463078271324,0.7031396515249921,84.68497492081612,645685.9655930557,711502.1277295686,synthetic
cloud-vm2,2026-01-24 14:45:00,0.21259869148607158,0.4322177083027033,0.7005826438725148,76.84671188875299,661800.9753129124,1034308.8459091159,synthetic
cloud-vm2,2026-01-24 15:00:00,0.2452569748201092,0.533480464046324,0.7013775369227713,92.05381427156102,452729.57758061646,806088.1927543423,synthetic
cloud-vm2,2026-01-24 15:15:00,0.2075229613719615,0.5583632878925754,0.7045192228339364,81.12824049555908,645925.3642182807,717375.4191018977,synthetic
cloud-vm2,2026-01-24 15:30:00,0.20801870884305004,0.48008184827760414,0.6970584756515443,90.13035985076766,736797.993434826,638545.8385032947,synthetic
cloud-vm2,2026-01-24 15:45:00,0.20484962178708174,0.5503877535129102,0.6975750320792197,81.89311695976244,695122.9385521833,772484.184172747,synthetic
cloud-vm2,2026-01-24 16:00:00,0.11927023656801325,0.46456088738748147,0.7170736201367155,81.8724767405212,872979.5115194971,675443.4252964072,synthetic
cloud-vm2,2026-01-24 16:15:00,0.19678406424376504,0.5387599789010683,0.7271054676884637,91.06561625232733,775110.9482312179,775261.499617261,synthetic
cloud-vm2,2026-01-24 16:30:00,0.17326997702181718,0.5198270274797552,0.6879563305146595,89.96942301738962,794893.4024750853,939329.0480437258,synthetic
cloud-vm2,2026-01-24 16:45:00,0.15254208087229773,0.4730005756951077,0.6874052879562393,86.04332949481991,930008.5935914327,804951.980322972,synthetic
cloud-vm2,2026-01-24 17:00:00,0.25736073138958093,0.5289227565447957,0.6904284717219185,88.8057527490316,725815.6261774597,892683.2058536453,synthetic
cloud-vm2,2026-01-24 17:15:00,0.22016830074137833,0.5430167949830412,0.6989671158496144,83.557236098718,666307.0207932701,763199.8408561322,synthetic
cloud-vm2,2026-01-24 17:30:00,0.1988067567622181,0.5272777400764315,0.7089578051103725,84.95816186140556,747374.0293431332,857820.2879637078,synthetic
cloud-vm2,2026-01-24 17:45:00,0.17740786595590297,0.5316965527411923,0.7059125294204827,81.69187803768091,594076.3566605006,1080508.0986503225,synthetic
cloud-vm2,2026-01-24 18:00:00,0.21184678338514962,0.5117664777532188,0.7017203113678047,89.5203247465013,660768.6319494969,808181.6706367724,synthetic
cloud-vm2,2026-01-24 18:15:00,0.23965744373270054,0.4827722048955796,0.7052893554695789,81.53293334416324,585227.2356921686,896131.5325143591,synthetic
cloud-vm2,2026-01-24 18:30:00,0.16692136625812237,0.5338372804467413,0.6930791384337163,92.42578172468926,689798.4557562881,662136.7327037874,synthetic
cloud-vm2,2026-01-24 18:45:00,0.1998068651089356,0.5549950783889259,0.6975587722824738,83.42082915840088,584809.0911980179,1032412.7346900245,synthetic
cloud-vm2,2026-01-24 19:00:00,0.2347226599540469,0.5425916170845492,0.699799054516242,85.10254282008167,581307.1500138282,792735.2045266161,synthetic
cloud-vm2,2026-01-24 19:15:00,0.12255995483663482,0.4802424834079731,0.6841578366112814,88.79364010327167,691347.3293105505,976064.0379887801,synthetic
cloud-vm2,2026-01-24 19:30:00,0.19769720950378386,0.48970211185578133,0.688386897952774,85.11932210594792,636228.8559219433,835218.3645089314,synthetic
cloud-vm2,2026-01-24 19:45:00,0.18282834517809846,0.5030806451640533,0.6887843393872234,83.51045842857344,457247.8864283253,923389.5238024967,synthetic
cloud-vm2,2026-01-24 20:00:00,0.19464680568979864,0.48814049097439716,0.7076410822368377,84.84988276095764,504444.30786879105,930521.4912653201,synthetic
cloud-vm2,2026-01-24 20:15:00,0.17993485774512388,0.5208837983911208,0.7024535494857241,89.46909176778792,535273.3508538536,795707.159258474,synthetic
cloud-vm2,2026-01-24 20:30:00,0.20550498420829183,0.5278683161036105,0.7061106120007394,81.68573888931647,561702.8093886026,981028.7722914222,synthetic
cloud-vm2,2026-01-24 20:45:00,0.2769450888169087,0.4913949343351527,0.6816034501019753,84.36881496363368,691442.3329478638,758921.816320828,synthetic
cloud-vm2,2026-01-24 21:00:00,0.18704310104285798,0.5355425691855106,0.6851643331394839,85.05143363668738,671893.8847071636,943352.1064033052,synthetic
cloud-vm2,2026-01-24 21:15:00,0.21166844036376428,0.5320220788804003,0.7066321544025649,89.32292597763828,756527.93716992,803175.3647000163,synthetic
cloud-vm2,2026-01-24 21:30:00,0.27978985673636453,0.5090368175031259,0.6722133035833394,84.50077313064281,725280.1822941771,891946.9538358472,synthetic
cloud-vm2,2026-01-24 21:45:00,0.17799937686509779,0.5165495602803203,0.712246293575998,94.04149547246861,757190.2956182658,794560.8397174887,synthetic
cloud-vm2,2026-01-24 22:00:00,0.2725870139571588,0.4810039764869394,0.6817668285647721,84.21730711142452,710839.6191459124,855997.1169647914,synthetic
cloud-vm2,2026-01-24 22:15:00,0.2002129202650843,0.5133547568742586,0.7084334489192498,83.8115818079736,670967.930909149,721036.7557969879,synthetic
cloud-vm2,2026-01-24 22:30:00,0.27127584903459706,0.5201476994826065,0.6911141537524303,84.14483939191135,759935.1742287655,879706.8381626552,synthetic
cloud-vm2,2026-01-24 22:45:00,0.23000804499785277,0.5233749519045638,0.7104890371517157,78.41679285670995,741941.2791740099,855302.5401951503,synthetic
cloud-vm2,2026-01-24 23:00:00,0.21228433450329687,0.5275775382404035,0.7320816091391649,79.81636576620657,687609.5367553991,785181.5735113033,synthetic
cloud-vm2,2026-01-24 23:15:00,0.19737477272453655,0.5248848348646115,0.6772682236987887,82.34666555130454,777107.1870860142,843396.6440331645,synthetic
cloud-vm2,2026-01-24 23:30:00,0.1750383424048316,0.5147131260546866,0.7069537714786064,90.67914924425065,415421.17574966035,866080.5371401492,synthetic
cloud-vm2,2026-01-24 23:45:00,0.20303166199857411,0.5257238988510864,0.6819183728640625,84.83436970318995,620953.682585955,776037.1536081865,synthetic
cloud-vm2,2026-01-25 00:00:00,0.23589445836080097,0.540040639866205,0.704267689222175,82.57677905192146,619420.9534348269,834548.9709124397,synthetic
cloud-vm2,2026-01-25 00:15:00,0.19947554276013318,0.5180900385338071,0.697932278364481,91.13267372803298,765268.287748157,729333.7670926095,synthetic
cloud-vm2,2026-01-25 00:30:00,0.1873350877975257,0.5263518978166336,0.7012978232246184,92.7558856644613,807139.499695077,1131487.9646753208,synthetic
cloud-vm2,2026-01-25 00:45:00,0.1899686986328891,0.5162765787467176,0.6908831372367176,91.2769123045388,504982.0629789737,977094.2392249822,synthetic
cloud-vm2,2026-01-25 01:00:00,0.23969906454332213,0.5070648216704086,0.707805411094965,80.73455001382422,791116.7174149276,882771.2926757862,synthetic
cloud-vm2,2026-01-25 01:15:00,0.24900645820399425,0.5304575933383521,0.6855164216202961,82.52375689903172,532855.4813973731,990653.5512972034,synthetic
cloud-vm2,2026-01-25 01:30:00,0.1733139794492652,0.5088954811165959,0.7124163726289874,94.06868035157359,535878.4754439178,612489.7027979466,synthetic
cloud-vm2,2026-01-25 01:45:00,0.17325648570210042,0.5277229380198438,0.6959074969338981,86.20569846000011,626571.4297672636,543078.4314599193,synthetic
cloud-vm2,2026-01-25 02:00:00,0.2151743567866845,0.5205651074302009,0.6859730932259691,83.66186467551961,618179.3527867416,802085.0725900113,synthetic
cloud-vm2,2026-01-25 02:15:00,0.2611012825902902,0.5139213064695971,0.7159493682334069,88.59173980665419,494158.2720283123,684572.3027677468,synthetic
cloud-vm2,2026-01-25 02:30:00,0.2458396123325024,0.5134371433570668,0.6993265734719084,90.03649533679057,714987.7973492567,821607.3370662004,synthetic
cloud-vm2,2026-01-25 02:45:00,0.14992591151280354,0.5098375801516862,0.7190763597044202,82.14275214535868,717940.2424726603,874678.7968713879,synthetic
cloud-vm2,2026-01-25 03:00:00,0.18943696120032552,0.4870839765582197,0.7122135612931334,86.09719979309966,755404.1596163671,960449.7398008733,synthetic
cloud-vm2,2026-01-25 03:15:00,0.16277585781241952,0.5276579019032338,0.6920185429521356,89.63280034608529,606654.4670222135,713408.3218869744,synthetic
cloud-vm2,2026-01-25 03:30:00,0.18929949912338967,0.5246309365055665,0.6991501019906324,79.19856427020073,646041.7285027552,897955.6823392085,synthetic
cloud-vm2,2026-01-25 03:45:00,0.26417639984141417,0.5369934050489699,0.7012103793966357,85.0617272871307,646957.2835097357,851726.7631782679,synthetic
cloud-vm2,2026-01-25 04:00:00,0.14309597404867933,0.5093708619538642,0.7152630319998643,79.42805173474642,818799.5441468464,891701.1171919701,synthetic
cloud-vm2,2026-01-25 04:15:00,0.1352453882687924,0.5579076725095333,0.7043751771336711,80.08209751536594,366575.5217366782,787627.365909568,synthetic
cloud-vm2,2026-01-25 04:30:00,0.1668578338626559,0.5124052810430073,0.7017629262109646,82.18449961259847,554305.5651010897,1015976.2167834544,synthetic
cloud-vm2,2026-01-25 04:45:00,0.21149242410303973,0.5024978071561061,0.6980012041290169,87.38559768939736,650554.0842791798,837578.9621884328,synthetic
cloud-vm2,2026-01-25 05:00:00,0.22483019282563027,0.5001263016031468,0.6994944296414536,83.38988685680933,541442.9765084498,1062901.8668204523,synthetic
cloud-vm2,2026-01-25 05:15:00,0.21749793739446133,0.48532155193540677,0.7130459208567832,81.75790937515796,624167.9642728883,755153.3615581332,synthetic
cloud-vm2,2026-01-25 05:30:00,0.24702741612924067,0.5506525578478626,0.7000370535079747,85.2577728166248,637392.446363009,939139.2807946664,synthetic
cloud-vm2,2026-01-25 05:45:00,0.12947657623064285,0.5474213478153732,0.6960500272870183,79.26518635866785,584231.3891207532,842839.7823327365,synthetic
cloud-vm2,2026-01-25 06:00:00,0.24753346153435749,0.5320149032576952,0.694354928343863,87.14401608916955,656446.8926102673,810670.9099999884,synthetic
cloud-vm2,2026-01-25 06:15:00,0.18751618719814836,0.5020782238444844,0.6944623484616383,90.65693380979155,712814.9277757814,925877.8408561056,synthetic
cloud-vm2,2026-01-25 06:30:00,0.22925977239219472,0.5562253536311824,0.6859790400395723,84.60397979505994,626373.3554968998,814099.1824972492,synthetic
cloud-vm2,2026-01-25 06:45:00,0.14706298292947184,0.5129656167695669,0.6924962469167352,83.98675503349895,604680.5266031264,530564.1595411206,synthetic
cloud-vm2,2026-01-25 07:00:00,0.20019826788036282,0.5146194833754669,0.7149842027565032,86.86720176607784,633423.5083346128,482455.8252190831,synthetic
cloud-vm2,2026-01-25 07:15:00,0.20945083082356056,0.5487451816087215,0.697934007394325,74.85765290584227,649256.3653354411,1002690.6592340858,synthetic
cloud-vm2,2026-01-25 07:30:00,0.24623004149993674,0.5331782116896174,0.7070441166855609,87.68408728298934,475968.0434665578,997631.0149455635,synthetic
cloud-vm2,2026-01-25 07:45:00,0.1365898150956894,0.5640220627750919,0.6752124348209916,100.50942901872432,696155.3917961279,1076480.9135507136,synthetic
cloud-vm2,2026-01-25 08:00:00,0.20123010194139618,0.5249744452063804,0.7056831130896587,84.38661889442639,604899.8770553205,847896.6102061387,synthetic
cloud-vm2,2026-01-25 08:15:00,0.15659058835431428,0.5120593840084255,0.6983864729563088,84.40437483141835,776153.5074811052,694883.823760253,synthetic
cloud-vm2,2026-01-25 08:30:00,0.220219841768331,0.5077639023308042,0.6951855997710948,88.71803500049842,709105.3475642474,799649.9388818798,synthetic
cloud-vm2,2026-01-25 08:45:00,0.23108866145824505,0.4830600764561875,0.7018095995742113,93.22666334098982,767006.6404219655,851370.9418433575,synthetic
cloud-vm2,2026-01-25 09:00:00,0.2514868097003235,0.5144280845438759,0.6950417474618796,89.87483922217068,548899.6206285092,729155.4130857869,synthetic
cloud-vm2,2026-01-25 09:15:00,0.17859882182766504,0.5428918667765477,0.6787612508011164,74.22196560708224,612861.3358812573,1047828.966756864,synthetic
cloud-vm2,2026-01-25 09:30:00,0.23708905942755162,0.5319766834531214,0.7092224794117193,87.81699418831373,525754.151254259,1118740.3455572485,synthetic
cloud-vm2,2026-01-25 09:45:00,0.25443606349908215,0.5204061601312081,0.7024301756134819,97.85965072620837,579480.8791070674,907393.6840876213,synthetic
cloud-vm2,2026-01-25 10:00:00,0.13427012120578136,0.5001013111236734,0.6968605754525214,88.11220523379733,775210.5424508592,848696.3503962165,synthetic
cloud-vm2,2026-01-25 10:15:00,0.22449379680393802,0.5245374603602547,0.6903381462792756,79.22699043364125,798749.0577922495,694603.9625830682,synthetic
cloud-vm2,2026-01-25 10:30:00,0.23834045015120425,0.5402562741039075,0.6853014248389286,86.40914812209307,535186.670519554,1035572.0675387261,synthetic
cloud-vm2,2026-01-25 10:45:00,0.18965094454450251,0.5286143851293997,0.7022389270706806,78.59656374329467,604172.2331682716,859156.8173018856,synthetic
cloud-vm2,2026-01-25 11:00:00,0.15156905689899566,0.5233347033926672,0.7161344096022535,91.1640184463443,642380.432797605,815300.2721907265,synthetic
cloud-vm2,2026-01-25 11:15:00,0.23771823024438654,0.5040608469343759,0.7020316647674103,80.22058705986038,708560.5641809781,907740.8906409445,synthetic
cloud-vm2,2026-01-25 11:30:00,0.15201964689768974,0.5373436362822402,0.6861723839390717,85.37121817346012,474018.9736463508,779714.6165212977,synthetic
cloud-vm2,2026-01-25 11:45:00,0.1928659426195639,0.4573619036251164,0.702251167270384,80.71109999004076,489699.9918471562,867625.0207746183,synthetic
cloud-vm2,2026-01-25 12:00:00,0.19839503768786684,0.5276569141773029,0.6994665703775327,82.26775971226004,698962.6143872403,676903.9778985208,synthetic
cloud-vm2,2026-01-25 12:15:00,0.22862152206816,0.571406439618892,0.7086404362607422,92.43075322930247,455096.14310820756,980450.4627102921,synthetic
cloud-vm2,2026-01-25 12:30:00,0.1749347376194987,0.4898325322533631,0.7060673317741172,85.51728582446849,605320.2593861129,837470.6750637193,synthetic
cloud-vm2,2026-01-25 12:45:00,0.17261665244688582,0.5151726109059727,0.6701417746589007,82.2039876313714,666209.1808558841,989056.1032760814,synthetic
cloud-vm2,2026-01-25 13:00:00,0.20395661915052446,0.5198417801975055,0.7054524220442845,79.27386014556639,691566.5969933118,825863.6586590057,synthetic
cloud-vm2,2026-01-25 13:15:00,0.24025561910478999,0.5107483437188685,0.6899652059049591,75.64149256800282,635828.1904456168,833656.0349459226,synthetic
cloud-vm2,2026-01-25 13:30:00,0.2914980000261259,0.5407274848511796,0.6857827125855129,78.74359683238657,613424.3280952469,704521.9086049651,synthetic
cloud-vm2,2026-01-25 13:45:00,0.13970075200884902,0.529449020287106,0.6981152658962643,85.5597962072219,734457.0859716479,941170.8367621772,synthetic
cloud-vm2,2026-01-25 14:00:00,0.21261368071146314,0.5230460074509464,0.7041097110903001,89.90116884361332,678520.5926365758,744899.205517229,synthetic
cloud-vm2,2026-01-25 14:15:00,0.15653859895062833,0.5359454512233857,0.6835926538971318,82.198242537889,585298.337804854,791629.3152160926,synthetic
cloud-vm2,2026-01-25 14:30:00,0.2407524497282697,0.5203350141814349,0.7070457641705755,92.85271800359507,653772.2896682238,850125.6623299044,synthetic
cloud-vm2,2026-01-25 14:45:00,0.1624582181076307,0.5835972897764703,0.707633388475316,81.41249788885887,688316.9022656193,864546.9020427228,synthetic
cloud-vm2,2026-01-25 15:00:00,0.17301407127270707,0.5230269386731349,0.7004697619629949,83.80994138560061,821823.7241451382,645268.3671738689,synthetic
cloud-vm2,2026-01-25 15:15:00,0.17642916563744016,0.5239056419697941,0.6913237636977295,79.60211639831374,728632.3668291579,822303.2961414381,synthetic
cloud-vm2,2026-01-25 15:30:00,0.19695204245120784,0.48579063900853453,0.690206219958107,89.95380867283927,771455.6855953943,945427.6262372456,synthetic
cloud-vm2,2026-01-25 15:45:00,0.21292790387434832,0.5091309934539315,0.7102593213158023,95.48755307022284,588939.260370037,804599.4358571317,synthetic
cloud-vm2,2026-01-25 16:00:00,0.21934805574434055,0.5429475536359962,0.6848877731350409,76.19091519531901,597581.7093744997,823032.1894944014,synthetic
cloud-vm2,2026-01-25 16:15:00,0.19976929815268868,0.49329086299280256,0.7106447046081917,83.26918965682651,626462.0007187009,869488.7261011272,synthetic
cloud-vm2,2026-01-25 16:30:00,0.14680435910237677,0.4768488565139609,0.6983480084086956,91.32389923525018,635642.7353361836,834884.7480943601,synthetic
cloud-vm2,2026-01-25 16:45:00,0.22911144601240757,0.5206463094237516,0.6990416550035714,77.76527239287199,549197.504219711,726338.1397134875,synthetic
cloud-vm2,2026-01-25 17:00:00,0.19788165345347888,0.5474148901494996,0.6829191229458667,87.83341953485544,776593.3626556818,845638.4651599715,synthetic
cloud-vm2,2026-01-25 17:15:00,0.24646939160058795,0.5208476245739225,0.6985328336987141,91.10736100103786,738335.1637758792,969288.7804007075,synthetic
cloud-vm2,2026-01-25 17:30:00,0.17169044882080253,0.5132775079474732,0.7061358551601137,85.39114407178418,619432.2138698492,723858.8863279491,synthetic
cloud-vm2,2026-01-25 17:45:00,0.13590901090596025,0.4828302412451804,0.6866358991214802,87.75131535470067,714171.0649013853,805062.1732617018,synthetic
cloud-vm2,2026-01-25 18:00:00,0.198638959892677,0.5290450824540439,0.7049863586725185,93.80451193063804,672289.9163003837,684204.2411277908,synthetic
cloud-vm2,2026-01-25 18:15:00,0.2518381075313706,0.533225502177661,0.7008901225367902,94.74213277050573,721982.7980931374,962965.8340588415,synthetic
cloud-vm2,2026-01-25 18:30:00,0.20643768546464206,0.484365350017978,0.6935624438616769,84.69016393482758,515569.28764743696,838917.0151794546,synthetic
cloud-vm2,2026-01-25 18:45:00,0.19201320803308575,0.5426906489739444,0.708546730864913,82.33811075350384,635433.8926802565,747976.0439672964,synthetic
cloud-vm2,2026-01-25 19:00:00,0.1651861192937027,0.5353139105178422,0.6779774323102143,80.40009944463152,644196.1472094205,861071.8720171812,synthetic
cloud-vm2,2026-01-25 19:15:00,0.2703106586672329,0.5426463188509469,0.7034668074874371,89.88482075214357,712364.2099611651,705567.9742125457,synthetic
cloud-vm2,2026-01-25 19:30:00,0.15881589620460884,0.5316705018366669,0.7161943515807329,78.14112221104516,587156.2398817866,725980.5362247513,synthetic
cloud-vm2,2026-01-25 19:45:00,0.17098422969487043,0.5330736541762264,0.7143994313910066,83.73712981004398,400006.9275917604,674783.9764177863,synthetic
cloud-vm2,2026-01-25 20:00:00,0.22280136784336094,0.5304144179740348,0.7038980672053852,85.51344885477234,541830.028231708,721986.4914931121,synthetic
cloud-vm2,2026-01-25 20:15:00,0.12575917240452844,0.5373694464300239,0.6969831922386915,82.48498743640623,643895.2014289093,1012880.5100799768,synthetic
cloud-vm2,2026-01-25 20:30:00,0.2509836266152536,0.48362484461752164,0.6936419744345237,86.39910132509561,656388.4225503332,762025.8002460885,synthetic
cloud-vm2,2026-01-25 20:45:00,0.22496772456869424,0.4899788113275697,0.6969707420609436,97.82256659146378,818374.8122624984,905947.0147181775,synthetic
cloud-vm2,2026-01-25 21:00:00,0.23596924287244442,0.5052798419962046,0.705438072479179,84.39200704826729,708274.6440658099,749643.8296052894,synthetic
cloud-vm2,2026-01-25 21:15:00,0.22232468047798618,0.517403596566549,0.6919275619454058,82.82297186286306,658153.0279231489,941144.0494915863,synthetic
cloud-vm2,2026-01-25 21:30:00,0.1935550593017452,0.5277627384661636,0.7075742381805038,90.07665912190926,646760.8723218562,726870.1598882421,synthetic
cloud-vm2,2026-01-25 21:45:00,0.15747405159378308,0.526493633064577,0.7213316051800331,86.19791822072762,760418.3382169693,854707.3513314108,synthetic
cloud-vm2,2026-01-25 22:00:00,0.19439698235100158,0.5423421162291207,0.699381167648726,92.19667885605688,590988.9547842562,856342.1571842738,synthetic
cloud-vm2,2026-01-25 22:15:00,0.1609905475298946,0.542969905971607,0.686556051967167,85.8234380990986,635971.6212259401,1129336.6403711908,synthetic
cloud-vm2,2026-01-25 22:30:00,0.21944621240305534,0.5025522978341241,0.6865525525368358,83.75788396014484,541074.1879861698,925651.0345576198,synthetic
cloud-vm2,2026-01-25 22:45:00,0.23227119322192408,0.5247715222010094,0.7077656555171157,76.08137555952723,791890.6048695304,778851.5182804872,synthetic
cloud-vm2,2026-01-25 23:00:00,0.2590723452479283,0.5030433690455632,0.6994025382103956,76.9013265309413,689249.8937001614,932205.8756380617,synthetic
cloud-vm2,2026-01-25 23:15:00,0.21487070562211455,0.5162350592329287,0.7087683089606405,75.82150654786449,579247.6703996054,1106580.936458225,synthetic
cloud-vm2,2026-01-25 23:30:00,0.23698301426380747,0.52643582738097,0.6946636575084064,86.8966958314212,638554.4989681692,654443.6691418847,synthetic
cloud-vm2,2026-01-25 23:45:00,0.18811421051079433,0.4518257584705662,0.7083062354753983,78.1887526006627,700965.076320628,748902.1548917528,synthetic
cloud-vm2,2026-01-26 00:00:00,0.1808689144796722,0.5682248807927937,0.6984170082655027,91.27788682959691,624928.1087277725,821572.2929064047,synthetic
cloud-vm2,2026-01-26 00:15:00,0.21894687563267207,0.5313281735479495,0.6926749594467605,85.15123282427977,596552.9378287399,799949.4127429659,synthetic
cloud-vm2,2026-01-26 00:30:00,0.18454108509132366,0.5080859344917319,0.6959900152119761,83.77906540449166,584572.6314015669,810069.196200415,synthetic
cloud-vm2,2026-01-26 00:45:00,0.21076743155310632,0.5585473951046046,0.6880294564457676,80.78072462397832,683896.1899241115,693492.1281288108,synthetic
cloud-vm2,2026-01-26 01:00:00,0.15755231242658319,0.5130513765902761,0.7198935955858161,88.11129374135103,614194.5720789315,1018474.7264260014,synthetic
cloud-vm2,2026-01-26 01:15:00,0.16473489270094796,0.5226503877165611,0.6990361818644151,80.97751090228795,604624.2265237254,679286.9681828057,synthetic
cloud-vm2,2026-01-26 01:30:00,0.22541637204073162,0.5102576837920475,0.7064451408868219,80.0731099796506,516393.82449445943,825974.4628453001,synthetic
cloud-vm2,2026-01-26 01:45:00,0.23546760301624386,0.5530398367488668,0.694631308671292,90.94174960302675,657764.057652717,975499.6710112838,synthetic
cloud-vm2,2026-01-26 02:00:00,0.16057375324133277,0.5179003058738824,0.6894807217802017,86.77310580387511,631877.6561208091,846377.8171424976,synthetic
cloud-vm2,2026-01-26 02:15:00,0.22682457242025683,0.5229896820147902,0.6976611948908206,83.82535285875863,617835.1651358035,732472.6999716677,synthetic
cloud-vm2,2026-01-26 02:30:00,0.17869057307858902,0.5440756430605089,0.711011925333792,88.20716492366859,669877.0677488719,688158.921235125,synthetic
cloud-vm2,2026-01-26 02:45:00,0.2006602070480124,0.5317027891492215,0.6947926820860171,85.0446593655535,724800.2262735898,822400.0964766662,synthetic
cloud-vm2,2026-01-26 03:00:00,0.2566777766316259,0.5189130386973185,0.6912946802727058,86.91506575225841,720156.5471940469,759156.452097944,synthetic
cloud-vm2,2026-01-26 03:15:00,0.23229948936091796,0.5422078194471492,0.7015546424436914,80.91576048812273,705272.8500899762,874627.7310043573,synthetic
cloud-vm2,2026-01-26 03:30:00,0.23183487952088772,0.570769664588559,0.7049902260071774,95.35199304455311,625932.9721364279,681825.8622730984,synthetic
cloud-vm2,2026-01-26 03:45:00,0.2763516143382787,0.5263482089759884,0.7164284816885318,82.10190016161887,593300.1664058758,947564.2884265146,synthetic
cloud-vm2,2026-01-26 04:00:00,0.1718448263580081,0.5223352017574513,0.7035375047837249,92.78008163474989,545608.4358677563,863865.9427797358,synthetic
cloud-vm2,2026-01-26 04:15:00,0.1605650010002982,0.5234125416723816,0.7064399267853123,84.05565575347762,590684.3492661918,872780.3673222973,synthetic
cloud-vm2,2026-01-26 04:30:00,0.17111510919085637,0.5462085900166304,0.7071927523692032,89.03548557827482,651965.009513657,1022929.213388802,synthetic
cloud-vm2,2026-01-26 04:45:00,0.1898199578637354,0.5080160452993415,0.6884698461806736,88.67111749513069,571371.3878347517,797464.5401953761,synthetic
cloud-vm2,2026-01-26 05:00:00,0.10581797542832427,0.5144336488057668,0.6903666792953045,90.73425877575023,659605.7139117443,762901.9966320131,synthetic
cloud-vm2,2026-01-26 05:15:00,0.1917028705321276,0.4892511410174672,0.6891610371039435,80.79688146417928,553454.3322088136,784268.3645983753,synthetic
cloud-vm2,2026-01-26 05:30:00,0.17821717072420354,0.49632264274720056,0.6866785424430835,90.37817700639431,483900.81109929783,826896.8116572091,synthetic
cloud-vm2,2026-01-26 05:45:00,0.23135039069591196,0.5096439999460406,0.707954598748704,94.2321992545572,731940.6120864796,839084.2126250406,synthetic
cloud-vm2,2026-01-26 06:00:00,0.21409677516040163,0.5188812601187915,0.7029005009166375,83.70653510379071,602558.5404634156,750316.2716077872,synthetic
cloud-vm2,2026-01-26 06:15:00,0.17597213488922653,0.5553816665154024,0.7007949606309144,85.17353033571061,566296.6346776108,607229.7696360329,synthetic
cloud-vm2,2026-01-26 06:30:00,0.22359843381451616,0.5307198560985045,0.6740728348459772,82.38276678759922,540615.2858702561,782688.5198945154,synthetic
cloud-vm2,2026-01-26 06:45:00,0.2289305223929508,0.5017584297962041,0.7205547685861862,83.2678187390745,692303.59747304,893179.0799544267,synthetic
cloud-vm2,2026-01-26 07:00:00,0.16925816840834357,0.5054403902927177,0.6910572799584644,93.55711399466244,787490.7711467968,866350.996750419,synthetic
cloud-vm2,2026-01-26 07:15:00,0.18027902978470328,0.5474949736646131,0.7205181275593895,79.97882736934898,609692.6138993856,993946.5363790992,synthetic
cloud-vm2,2026-01-26 07:30:00,0.11098547251608071,0.5425322069725839,0.6855075851934868,80.28940589074614,628443.6625337418,1084658.3852756545,synthetic
cloud-vm2,2026-01-26 07:45:00,0.15637360102522863,0.520562998204484,0.6918759884144345,93.05450468207188,757163.1839889073,941120.0525750162,synthetic
cloud-vm2,2026-01-26 08:00:00,0.17030121758305689,0.5111494706892233,0.6779715061749036,88.12274212944182,468955.4295641688,1015902.4770889871,synthetic
cloud-vm2,2026-01-26 08:15:00,0.2029666470642409,0.5424986567140929,0.703621249759427,95.60185124521263,846686.8642912667,942012.9150715744,synthetic
cloud-vm2,2026-01-26 08:30:00,0.1621846928256074,0.5001334574655063,0.6889874317918876,82.74780681087073,894410.030232637,1055187.9107112861,synthetic
cloud-vm2,2026-01-26 08:45:00,0.17946192051803564,0.5278406079611505,0.6892699984590164,85.63140568618785,379366.2470579917,1072102.4361149522,synthetic
cloud-vm2,2026-01-26 09:00:00,0.15098677273669606,0.5654531798178667,0.686274857828256,81.69661528114098,640249.6771083242,964139.8204934712,synthetic
cloud-vm2,2026-01-26 09:15:00,0.20684455594125084,0.5241071136450292,0.7077735506273786,85.71650584323848,578105.2968130436,934765.6175709502,synthetic
cloud-vm2,2026-01-26 09:30:00,0.21702858378339632,0.504487810414768,0.7071146365156754,76.12951651357848,623522.8229095266,825372.1393675159,synthetic
cloud-vm2,2026-01-26 09:45:00,0.2160946139367929,0.5282073740534308,0.7181203389107879,88.42477278327505,608161.4930384076,845039.5262843309,synthetic
cloud-vm2,2026-01-26 10:00:00,0.20049444527621038,0.5105998256196931,0.6931429337892703,86.61737041746169,731175.9098479359,809459.5202379685,synthetic
cloud-vm2,2026-01-26 10:15:00,0.13835708013994424,0.4921176831249317,0.7021881937104679,84.71222668767041,638743.0093032009,924550.1933074067,synthetic
cloud-vm2,2026-01-26 10:30:00,0.17520185344428596,0.5340207205374422,0.6871066480259804,83.04817837700168,558909.2785800043,763558.2355168782,synthetic
cloud-vm2,2026-01-26 10:45:00,0.18370773310726063,0.5423566880109945,0.6966496097726468,80.5262300631595,632781.4838704875,827067.2548264108,synthetic
cloud-vm2,2026-01-26 11:00:00,0.183868187483175,0.5137818665585485,0.6948115468671882,88.6385645601638,701478.423696241,567379.613778604,synthetic
cloud-vm2,2026-01-26 11:15:00,0.20299924871959346,0.5124552865180746,0.7046444995749541,79.14455007148297,531627.8672234719,1056770.787372701,synthetic
cloud-vm2,2026-01-26 11:30:00,0.25702165489484075,0.5007686921775635,0.7101702180641819,87.55947956024622,485376.63110300194,823543.0500896418,synthetic
cloud-vm2,2026-01-26 11:45:00,0.23248384850738402,0.5170012879906487,0.709910666908315,95.37225697404729,849274.280083532,904669.6524803892,synthetic
cloud-vm2,2026-01-26 12:00:00,0.16049928880605224,0.5087526323415362,0.6915718772778239,92.42760744322149,585757.3320291564,1024934.4033653683,synthetic
cloud-vm2,2026-01-26 12:15:00,0.22713611501186537,0.4997793462659349,0.70998467904623,77.47436028664673,636264.7013080477,886035.2124929415,synthetic
cloud-vm2,2026-01-26 12:30:00,0.22561209470662946,0.5578433766079921,0.699559148628922,82.31630969828349,610220.4594174428,1023321.2442512118,synthetic
cloud-vm2,2026-01-26 12:45:00,0.16775730108193743,0.5293298563349902,0.6967540310410298,87.10725370277669,704808.7704082142,700991.462541836,synthetic
cloud-vm2,2026-01-26 13:00:00,0.23395463690541757,0.531447902160587,0.6929148851318108,84.64859038992824,827278.9923091044,1137685.1907517242,synthetic
cloud-vm2,2026-01-26 13:15:00,0.19358493456218948,0.5376679913786485,0.6944006420563844,78.0029714085879,707993.3841729284,980453.2238186519,synthetic
cloud-vm2,2026-01-26 13:30:00,0.14360186039942222,0.5354207243351962,0.7174231384619623,86.92657975736745,498163.4852460009,875104.2990983969,synthetic
cloud-vm2,2026-01-26 13:45:00,0.21820810898548568,0.5117378009440657,0.7030741076649402,84.9499155244185,511587.657299147,1021009.5199150534,synthetic
cloud-vm2,2026-01-26 14:00:00,0.20867847294458097,0.5254510524594294,0.701746118475012,94.5716270430189,610103.5224673083,709763.8136812754,synthetic
cloud-vm2,2026-01-26 14:15:00,0.1908928948325669,0.5146193903147868,0.6973775314146304,83.73385648691277,623176.6800466734,815366.2145476608,synthetic
cloud-vm2,2026-01-26 14:30:00,0.19850187660066804,0.5287692724955332,0.7244597861143802,90.84001692663296,477804.87304533995,1023310.0475682855,synthetic
cloud-vm2,2026-01-26 14:45:00,0.17123658084446153,0.5268338177191633,0.7130501048884642,78.66455798435013,731934.0920174441,625952.7782926043,synthetic
cloud-vm2,2026-01-26 15:00:00,0.22440522015188438,0.5123467947827159,0.6927893788520121,79.85995351051746,541367.9442118522,917254.9329950566,synthetic
cloud-vm2,2026-01-26 15:15:00,0.19826197461964298,0.49341402554156405,0.6972638494529537,88.60830979904745,799330.1562125755,913861.1391814185,synthetic
cloud-vm2,2026-01-26 15:30:00,0.20665795375792914,0.5229247411393102,0.6978575545662908,90.41865390303687,832063.259720572,1086307.0980186595,synthetic
cloud-vm2,2026-01-26 15:45:00,0.21428567697715492,0.515914610243854,0.7014587197828259,80.21303636962804,625174.6467367823,660045.3496333316,synthetic
cloud-vm2,2026-01-26 16:00:00,0.15381657542294702,0.48219255504582487,0.6929877400736856,85.12038703241956,693897.2640418184,1043155.726843796,synthetic
cloud-vm2,2026-01-26 16:15:00,0.16422867912471795,0.5301532353777744,0.7043881652336169,78.0921041323546,526805.2777915798,782863.5108221316,synthetic
cloud-vm2,2026-01-26 16:30:00,0.11160222161535165,0.5393068422448555,0.7145208813203932,84.0939008684726,712367.6326479114,796358.8648105774,synthetic
cloud-vm2,2026-01-26 16:45:00,0.2225896903396163,0.570567129504179,0.6868637189099583,89.18461392812063,600180.757656563,703359.4735648248,synthetic
cloud-vm2,2026-01-26 17:00:00,0.15151159905012934,0.5121760499335868,0.6887185326290793,82.82520750431928,541276.4678411647,719457.755503969,synthetic
cloud-vm2,2026-01-26 17:15:00,0.2053027883958261,0.5092257620690187,0.6951684144470269,83.75482647028099,621066.5011747016,898422.6816944707,synthetic
cloud-vm2,2026-01-26 17:30:00,0.21483952899758213,0.4978115793912152,0.6956320443989217,79.35102300851975,603425.1991594638,716520.1702262373,synthetic
cloud-vm2,2026-01-26 17:45:00,0.22409411355570083,0.5241728381297401,0.7199846587474593,81.75820793187538,617484.0596996245,938834.1200383499,synthetic
cloud-vm2,2026-01-26 18:00:00,0.15183932344655765,0.5240463636111671,0.7100170922001483,93.79055458107169,744967.9902816359,770444.0743636296,synthetic
cloud-vm2,2026-01-26 18:15:00,0.19739353527437237,0.503774073304265,0.7094432235211826,85.36462445858567,571469.2407364268,704435.9432981623,synthetic
cloud-vm2,2026-01-26 18:30:00,0.26681121683151,0.5165014023599233,0.6973563430648659,79.98846116674702,823502.2999773875,786662.9024368126,synthetic
cloud-vm2,2026-01-26 18:45:00,0.26857258719937266,0.4804266866622129,0.6971368659321319,83.42614025041004,517494.0367174646,890404.8630107567,synthetic
cloud-vm2,2026-01-26 19:00:00,0.23949292376107806,0.5385275349566649,0.6854829458623459,77.01286189416719,811543.0273178596,816717.6085682777,synthetic
cloud-vm2,2026-01-26 19:15:00,0.2134997255527536,0.5045864148065566,0.7078174022804782,79.92920153929894,548348.9378093306,854105.2141999358,synthetic
cloud-vm2,2026-01-26 19:30:00,0.1597957444461849,0.5193068729717404,0.7049105460480878,91.80169869523226,649898.6767463385,933544.8954203301,synthetic
cloud-vm2,2026-01-26 19:45:00,0.22874486501564212,0.49146613157404445,0.7128599736467828,84.28758787806697,600980.388652198,979890.5741940339,synthetic
cloud-vm2,2026-01-26 20:00:00,0.19367915085012638,0.5083529280107686,0.6978917028664383,94.45365088050603,615627.1328462146,812788.5629692683,synthetic
cloud-vm2,2026-01-26 20:15:00,0.2224211310109138,0.5144081769296495,0.698582208537996,84.52326080751972,730135.7236355549,724693.358130861,synthetic
cloud-vm2,2026-01-26 20:30:00,0.17468626180591534,0.5197741830607834,0.7017004552856063,84.82010651904253,799982.6797228811,859131.3374707019,synthetic
cloud-vm2,2026-01-26 20:45:00,0.19308267548640284,0.5295946503104503,0.7089189757550709,88.20447079271062,769052.4704955642,906477.9503324886,synthetic
cloud-vm2,2026-01-26 21:00:00,0.206565894403057,0.5487815016697244,0.6852978437790251,71.637062088903,609514.3667658152,674712.9632833659,synthetic
cloud-vm2,2026-01-26 21:15:00,0.20985112365975434,0.5346542188553871,0.7073605613373837,86.02469661826787,668425.5222404554,743127.0043590898,synthetic
cloud-vm2,2026-01-26 21:30:00,0.21974890857840995,0.5392432908629249,0.6997950443782717,84.75506755969523,571792.2126331638,763697.572484447,synthetic
cloud-vm2,2026-01-26 21:45:00,0.17683220061900404,0.5489220821988627,0.689413627320463,92.43019446757573,550844.9687425306,825061.3373535548,synthetic
cloud-vm2,2026-01-26 22:00:00,0.1462686219155919,0.531394157630454,0.6791539424734593,89.82339697081808,535369.9094271332,758675.9315647857,synthetic
cloud-vm2,2026-01-26 22:15:00,0.26499140159599177,0.5192658560876201,0.6986352628812165,79.33154157226599,606242.669301587,934844.8870116279,synthetic
cloud-vm2,2026-01-26 22:30:00,0.29957016676093434,0.5401822381251011,0.7144771298327407,91.2106930931379,674960.5631014942,657384.0158249899,synthetic
cloud-vm2,2026-01-26 22:45:00,0.21789682844809516,0.5414601857192332,0.716746846667414,83.68842737209502,458818.4840248495,660433.7563366691,synthetic
cloud-vm2,2026-01-26 23:00:00,0.1470403162107956,0.5329713167593207,0.703553762106701,80.47773386851978,645364.6297419234,809933.3426186246,synthetic
cloud-vm2,2026-01-26 23:15:00,0.16907219532628492,0.49090744805927794,0.7196200566384224,85.98551625435601,801602.5124549525,828921.6635032172,synthetic
cloud-vm2,2026-01-26 23:30:00,0.2203647027620388,0.5031707969381071,0.6995705891704325,83.98615322168091,762191.1069074125,675442.7352570276,synthetic
cloud-vm2,2026-01-26 23:45:00,0.25364462446725144,0.5145029179193903,0.7095330355164278,92.69232657014263,591481.5923473334,777190.1388822922,synthetic
cloud-vm2,2026-01-27 00:00:00,0.15148437461832576,0.535592420414718,0.6954876911109357,86.70311014245605,510312.7090717214,801874.7419097093,synthetic
cloud-vm2,2026-01-27 00:15:00,0.19502668716604396,0.5195730716185888,0.6948540116071584,86.02829460443003,695983.0306464827,802804.2463573426,synthetic
cloud-vm2,2026-01-27 00:30:00,0.20783728257775877,0.5427373726690112,0.6932249088311936,89.5032354142772,418257.17497925,868225.777994715,synthetic
cloud-vm2,2026-01-27 00:45:00,0.234583138051435,0.5463047325748857,0.6793947105287569,90.46435809046356,761015.4115882678,770610.5338691726,synthetic
cloud-vm2,2026-01-27 01:00:00,0.18625595622398483,0.5439834093735442,0.712870922599469,88.9180254714865,628641.254211676,1027340.3560009928,synthetic
cloud-vm2,2026-01-27 01:15:00,0.13744741234712304,0.5441108112896058,0.6935836756086198,92.09731736407477,833130.03205774,908584.5567680286,synthetic
cloud-vm2,2026-01-27 01:30:00,0.2248479023781161,0.49926012190682567,0.691985612202448,88.04341206456894,477303.4514423534,753146.3775230413,synthetic
cloud-vm2,2026-01-27 01:45:00,0.24499183860684953,0.5296527099891155,0.6882002831838732,85.83825732363351,741814.6225207833,861341.3792041087,synthetic
edge-srv1,2026-01-24 01:45:00,0.1586791406271334,0.5958120728542717,0.591063538957107,52.05658492938356,43648.83203340069,78360.51257906949,synthetic
edge-srv1,2026-01-24 02:00:00,0.2731699243189477,0.5199915408759479,0.5516781805039721,44.5608216069815,68432.33659819659,48284.7866001885,synthetic
edge-srv1,2026-01-24 02:15:00,0.09053325619591061,0.5116912589205489,0.5648836212426637,46.02353343010265,58119.69651829689,37043.12494139698,synthetic
edge-srv1,2026-01-24 02:30:00,0.18483555907685773,0.6339092027285862,0.5609899880095014,50.894772892958244,46736.524987264704,54334.80834397481,synthetic
edge-srv1,2026-01-24 02:45:00,0.1344196856983325,0.44388670109689865,0.5413514362561804,40.51253514572669,46755.103613508145,82428.18018800407,synthetic
edge-srv1,2026-01-24 03:00:00,0.2089080343518489,0.6123246316176756,0.5621494695677404,40.035765960830304,35792.025444344225,85182.0111338587,synthetic
edge-srv1,2026-01-24 03:15:00,0.16890934551465456,0.5713150165347705,0.6170315873859304,44.01750789800946,79576.826824744,39905.26989759902,synthetic
edge-srv1,2026-01-24 03:30:00,0.3181914931979735,0.6784947964127945,0.5418880917371368,49.13586399810611,61572.35339063575,48415.813915699284,synthetic
edge-srv1,2026-01-24 03:45:00,0.2405266523352203,0.5703919074507674,0.5625839467855975,38.34561373693255,42743.9996085346,54088.81490930154,synthetic
edge-srv1,2026-01-24 04:00:00,0.0950557467378231,0.6395690528551138,0.5877333685260834,36.659827000554515,76170.95499204037,62139.28867413005,synthetic
edge-srv1,2026-01-24 04:15:00,0.2536982409290959,0.5761851695257325,0.5842075984283285,49.11860463521896,48791.02380411254,40034.88172124165,synthetic
edge-srv1,2026-01-24 04:30:00,0.13802785149903496,0.6068248892091685,0.550351492531581,41.98510843716498,31869.987459755346,38714.861144917086,synthetic
edge-srv1,2026-01-24 04:45:00,0.15384029028979732,0.644210191855203,0.4784983389112792,43.03886993539859,80424.44578438267,51919.62347903381,synthetic
edge-srv1,2026-01-24 05:00:00,0.22510552160856975,0.5722466570205251,0.565501084559454,35.71594799029917,49258.060208677736,71897.58439695013,synthetic
edge-srv1,2026-01-24 05:15:00,0.16066020642158924,0.6597932930699042,0.4834157722413085,41.60510342824009,51822.01819582421,44026.92452542321,synthetic
edge-srv1,2026-01-24 05:30:00,0.2714284653058364,0.540378127373611,0.594098116928237,44.96216351684425,60823.60040698355,67452.32278062115,synthetic
edge-srv1,2026-01-24 05:45:00,0.13803919507892837,0.6176755705535028,0.5550842161357978,49.65188928811446,82851.78445580229,93288.16195511994,synthetic
edge-srv1,2026-01-24 06:00:00,0.15048427579269097,0.6553583833672711,0.5799902205961597,41.143849168826804,60400.745817326235,41360.845776902774,synthetic
edge-srv1,2026-01-24 06:15:00,0.1474903285161513,0.6396022495074201,0.5229366658545685,53.28688060116248,36017.657477095396,65458.19331496813,synthetic
edge-srv1,2026-01-24 06:30:00,0.1547489001315969,0.7149866926041246,0.5034247758009984,41.577219879100994,70877.5400822436,92544.64814251699,synthetic
edge-srv1,2026-01-24 06:45:00,0.287935324443825,0.5541936409613604,0.5578226315242351,41.584540992074125,50300.20551476552,60798.0954119962,synthetic
edge-srv1,2026-01-24 07:00:00,0.25030370348882425,0.5172510449190847,0.5489918968013158,52.68678775948901,97758.47943058933,57379.26680111478,synthetic
edge-srv1,2026-01-24 07:15:00,0.3367955163209657,0.5403398934902928,0.535253775215285,46.05730076181958,59977.6055600422,95596.90791474242,synthetic
edge-srv1,2026-01-24 07:30:00,0.38141153631194036,0.6396265539929062,0.552539838421983,42.23987635494212,15299.290042026674,63263.55426262595,synthetic
edge-srv1,2026-01-24 07:45:00,0.11754263744541282,0.6298753760561627,0.6330230767609678,44.22433434409703,67147.29944311347,94298.89055452248,synthetic
edge-srv1,2026-01-24 08:00:00,0.20563353018618313,0.6061353995788449,0.5750357664210718,51.7653678877103,98891.95584520456,79437.23860479837,synthetic
edge-srv1,2026-01-24 08:15:00,0.10590397466852537,0.5326225770535722,0.5814849581758996,52.331014098128406,91518.40577090779,62457.41763598359,synthetic
edge-srv1,2026-01-24 08:30:00,0.13779152578013865,0.6460120375997436,0.5753181067466007,40.91603410364872,96619.0857751313,80553.19167314567,synthetic
edge-srv1,2026-01-24 08:45:00,0.14959339917954645,0.5265177133409675,0.5943838643155658,44.78783094960446,39604.79629237073,77049.88930461284,synthetic
edge-srv1,2026-01-24 09:00:00,0.11542761006893806,0.669536974942614,0.5442978498129777,45.450784138337866,78243.04791953557,92459.42206205442,synthetic
edge-srv1,2026-01-24 09:15:00,0.11584901816812691,0.7714463053883919,0.4883571607697412,40.068799447417014,45560.10920526576,57936.39816696959,synthetic
edge-srv1,2026-01-24 09:30:00,0.18845724971837963,0.621987068794293,0.5443424160098197,44.72157473675003,64485.78798833849,70906.53346919564,synthetic
edge-srv1,2026-01-24 09:45:00,0.10266252652908744,0.6349864881394646,0.5743520712998951,45.0266143022585,34540.95142520535,68646.65504869798,synthetic
edge-srv1,2026-01-24 10:00:00,0.2673701567310106,0.5704284138662664,0.5209059881465479,50.70104739468368,47110.88470234568,85491.25911607526,synthetic
edge-srv1,2026-01-24 10:15:00,0.12657971700659887,0.49138720073479103,0.5447090214853202,51.037125141556004,46475.06605272769,47446.057722228135,synthetic
edge-srv1,2026-01-24 10:30:00,0.4247655176077114,0.5638368382181866,0.5292469077099307,43.35395300820496,77971.10560285233,92373.49506123282,synthetic
edge-srv1,2026-01-24 10:45:00,0.1638892439228484,0.534426285534075,0.5950608775552939,43.93023428069594,76014.38243339311,80259.23298774916,synthetic
edge-srv1,2026-01-24 11:00:00,0.20576141135336418,0.513179725415099,0.5724837104621969,48.321461510278176,65536.39458661641,41027.64838007518,synthetic
edge-srv1,2026-01-24 11:15:00,0.0963727052427172,0.7033415965197389,0.5695462186193189,42.07405775536494,32991.57163889229,96581.782160571,synthetic
edge-srv1,2026-01-24 11:30:00,0.33648734065021113,0.6163717510815464,0.5686480393936292,47.94320075868701,53767.2113210056,119150.04777755009,synthetic
edge-srv1,2026-01-24 11:45:00,0.28956005446423333,0.622781254836839,0.5488825224234363,44.56046756315393,45077.67034114548,92040.34733008698,synthetic
edge-srv1,2026-01-24 12:00:00,0.223753269658889,0.581458658088225,0.5559266884758252,40.1530071113069,77393.51513388983,101393.66487898232,synthetic
edge-srv1,2026-01-24 12:15:00,0.09225579609763476,0.5896277350533938,0.5144444625840305,40.215816435601766,83563.69705634369,71878.17039525694,synthetic
edge-srv1,2026-01-24 12:30:00,0.21685335021796964,0.6578730409343599,0.484406740637483,52.23529348015551,81127.71172061766,33446.89176575278,synthetic
edge-srv1,2026-01-24 12:45:00,0.11028551631861962,0.598059772878287,0.5545024339103508,44.217892604283506,44895.61161165959,29429.350074314454,synthetic
edge-srv1,2026-01-24 13:00:00,0.31698842107786884,0.6318416362814839,0.5597197076881644,53.20177046949156,5209.337554210419,75611.80496509069,synthetic
edge-srv1,2026-01-24 13:15:00,0.2647355785482538,0.5882397421292991,0.5862779370527613,42.43181869642545,24660.762037398912,56976.46622994044,synthetic
edge-srv1,2026-01-24 13:30:00,0.2076351230790189,0.5794708265560772,0.5971400744824711,46.45602600565746,88432.53956164417,49879.32187679827,synthetic
edge-srv1,2026-01-24 13:45:00,0.005089946940214224,0.5155851500638883,0.5970999545499684,56.9633836150912,51974.90121360352,68619.57295268914,synthetic
edge-srv1,2026-01-24 14:00:00,0.12132672170727755,0.4813350562579723,0.5200592922011837,39.713066276683605,44985.50763469775,83542.87633294833,synthetic
edge-srv1,2026-01-24 14:15:00,0.2550208905279898,0.5843062859360159,0.539432048951507,35.51092750050112,92853.20586872468,38039.33397123276,synthetic
edge-srv1,2026-01-24 14:30:00,0.2970306953378525,0.603389801519594,0.5644100288764414,51.43295065643616,85303.19890976654,60124.69235383153,synthetic
edge-srv1,2026-01-24 14:45:00,0.2887335849193705,0.5228321977974726,0.6259571403322653,40.865954473034634,60488.97443839573,103217.15502864693,synthetic
edge-srv1,2026-01-24 15:00:00,0.07263895982068358,0.5979315080979221,0.5944029761114176,44.89646817946883,54131.93817872052,46343.65563512976,synthetic
edge-srv1,2026-01-24 15:15:00,0.22412418454503233,0.6032251537794301,0.5835819148599515,42.070408947742074,57357.975743737494,89134.74611762904,synthetic
edge-srv1,2026-01-24 15:30:00,0.2812412173186344,0.47063951963643724,0.5383663613335213,46.34081390477658,64543.25596774932,59335.92324592213,synthetic
edge-srv1,2026-01-24 15:45:00,0.06733315475342039,0.5450925204312299,0.5235040110653463,40.24731896407129,92000.94562639216,82007.46271669897,synthetic
edge-srv1,2026-01-24 16:00:00,0.1993676387701411,0.6244358336241281,0.5736672365014972,44.10029956058347,68449.34848474454,94141.20515846308,synthetic
edge-srv1,2026-01-24 16:15:00,0.2219073918646765,0.6232235237637446,0.5169801620729693,47.249076632782675,74520.58066078283,86308.19887367048,synthetic
edge-srv1,2026-01-24 16:30:00,0.17593883321226123,0.5307795050160143,0.542846909470591,39.95845556862869,83385.40218140342,90001.51124870528,synthetic
edge-srv1,2026-01-24 16:45:00,0.051827051567903876,0.6095068830299841,0.5465566615299423,41.499579851770555,36606.47997951162,44664.94226502496,synthetic
edge-srv1,2026-01-24 17:00:00,0.17394415119410173,0.6613444335216283,0.5977873626736843,43.26308583200734,75097.23784948085,94500.51354830858,synthetic
edge-srv1,2026-01-24 17:15:00,0.1738155655795981,0.6466243775394539,0.5393590809112098,37.85592282886861,54108.62490676777,51240.75147803396,synthetic
edge-srv1,2026-01-24 17:30:00,0.18815420763617968,0.5942828527791639,0.47682251084282157,42.887195086006265,9678.096084544683,75709.91884257384,synthetic
edge-srv1,2026-01-24 17:45:00,0.15492228596599444,0.5719214212005425,0.5651333394298741,45.59398269951451,17436.609160283762,75681.41611393899,synthetic
edge-srv1,2026-01-24 18:00:00,0.16455902774068262,0.5622393309399297,0.5290293444068822,43.00225529205786,39637.64776962629,80672.69629513078,synthetic
edge-srv1,2026-01-24 18:15:00,0.19682349741224178,0.6280691869745794,0.5512789307331325,43.643117535341375,70624.46457185163,77413.04687332419,synthetic
edge-srv1,2026-01-24 18:30:00,0.2353963683975769,0.6117062383885733,0.5473988589747363,44.90049164546707,62275.991306805925,51436.18047245609,synthetic
edge-srv1,2026-01-24 18:45:00,0.17564585897146665,0.637764240366132,0.541788880125467,41.72128268783843,63687.33414351328,40302.91692949424,synthetic
edge-srv1,2026-01-24 19:00:00,0.16722808573055986,0.6079124287872691,0.5737102174535411,48.45531282933439,99018.86965373384,89191.67095915892,synthetic
edge-srv1,2026-01-24 19:15:00,0.20738832306035665,0.6491258370208465,0.5040140536494189,52.17989062400888,34618.20770280375,74088.36070541614,synthetic
edge-srv1,2026-01-24 19:30:00,0.04632672592838549,0.605675551977462,0.5344895732513693,42.67809803902276,59451.332916325526,95286.29050107198,synthetic
edge-srv1,2026-01-24 19:45:00,0.23816281017811666,0.6470813229679011,0.5705211373935215,47.42599115738854,66088.71045627631,69015.8754478669,synthetic
edge-srv1,2026-01-24 20:00:00,0.1999549522301633,0.6522493662219984,0.531577456739669,43.80191422282677,45274.537669233294,39086.384065106875,synthetic
edge-srv1,2026-01-24 20:15:00,0.20317548212780495,0.5517284021865112,0.5017357987219009,46.82743672519253,60566.53490165882,91254.85298209033,synthetic
edge-srv1,2026-01-24 20:30:00,0.2768587446075571,0.49151135718775524,0.5700566602977021,52.828897656016274,28001.0133183131,61851.84658745564,synthetic
edge-srv1,2026-01-24 20:45:00,0.04377475759614016,0.6926095713608732,0.5836928389132462,47.543297715090496,88198.12434550056,77524.07606326247,synthetic
edge-srv1,2026-01-24 21:00:00,0.0420932904112829,0.6153995238427357,0.5486501437707099,36.1329273059516,46367.70894939132,55755.892573450576,synthetic
edge-srv1,2026-01-24 21:15:00,0.22190430762588156,0.4971308462702327,0.49117463204591405,47.269978157234796,100628.00329557006,106174.63762514119,synthetic
edge-srv1,2026-01-24 21:30:00,0.19943065158971876,0.5571708301668773,0.5711790924009645,51.16431871654505,59350.5135216509,50715.573867969666,synthetic
edge-srv1,2026-01-24 21:45:00,0.2136141554553546,0.6463124575421897,0.5002033635574095,43.89201915000949,80561.07130798366,62576.545409664155,synthetic
edge-srv1,2026-01-24 22:00:00,0.16302983398620435,0.5832193901320264,0.559263978305445,49.97817403058916,58933.94262017691,72363.87145934097,synthetic
edge-srv1,2026-01-24 22:15:00,0.2531482939391945,0.5692763148408524,0.5233760852577353,41.54942229424027,59385.1233547894,45971.98880408692,synthetic
edge-srv1,2026-01-24 22:30:00,0.2746111074392896,0.684052911618778,0.5152048214269911,37.57230420238863,48319.413335559846,77271.42962892709,synthetic
edge-srv1,2026-01-24 22:45:00,0.23871858351612218,0.5371627712169713,0.5367426994876093,45.7058450941632,62382.47858732555,105462.03050428478,synthetic
edge-srv1,2026-01-24 23:00:00,0.17913372332763336,0.5521107985347099,0.5445010733071822,36.217616396268426,66359.97388828095,59209.83246473837,synthetic
edge-srv1,2026-01-24 23:15:00,0.031384848990847786,0.612683188502896,0.5306737524884066,43.801144935532044,44314.8298216964,78693.14201869797,synthetic
edge-srv1,2026-01-24 23:30:00,0.26153889664297025,0.6234272959232329,0.5676610983464545,51.434211313227514,57499.111682802315,9512.421507151783,synthetic
edge-srv1,2026-01-24 23:45:00,0.2977382932974074,0.6297805820604438,0.536617918646235,35.451185471268595,47798.02267885773,69143.5575893335,synthetic
edge-srv1,2026-01-25 00:00:00,0.2515646729587184,0.6546742826741367,0.5794057261501547,38.602516020430514,105993.28139229678,63113.06970962348,synthetic
edge-srv1,2026-01-25 00:15:00,0.12962860581059948,0.611914717240891,0.5584351949693044,39.83983877419211,58205.384601767626,51993.05274697153,synthetic
edge-srv1,2026-01-25 00:30:00,0.25390355149342064,0.6293630363363045,0.5290732838021108,44.6834007014452,90904.64303393118,93791.9103318277,synthetic
edge-srv1,2026-01-25 00:45:00,0.2688423766369157,0.584447444441095,0.5240218034850315,43.17141607176895,56087.553383846236,62822.63900427578,synthetic
edge-srv1,2026-01-25 01:00:00,0.3247052998239269,0.6037618981942028,0.5005751110285769,51.995681908480435,65185.75283069816,66095.49528394107,synthetic
edge-srv1,2026-01-25 01:15:00,0.1299112060617634,0.6064520508032181,0.5587219953360048,49.77174164545849,33572.71856709462,61701.75675464043,synthetic
edge-srv1,2026-01-25 01:30:00,0.18188363323646894,0.6129058881491422,0.5393623735824593,47.47636473034299,51058.548162642706,27830.05082116832,synthetic
edge-srv1,2026-01-25 01:45:00,0.2597817640914764,0.6463523884549656,0.4788341341580946,45.72815157171942,64210.69341578493,45096.29831830686,synthetic
edge-srv1,2026-01-25 02:00:00,0.20459280571505264,0.6333087409166899,0.5339285538169181,46.96614888492414,91720.07661919734,91144.05669464477,synthetic
edge-srv1,2026-01-25 02:15:00,0.11061379183589802,0.602653020174011,0.5229689791223515,40.69008822343312,64439.65555352542,23581.085768640623,synthetic
edge-srv1,2026-01-25 02:30:00,0.23316930280213627,0.5514524409035376,0.5972703277651199,49.286051767783064,87674.40722385998,53141.06230845448,synthetic
edge-srv1,2026-01-25 02:45:00,0.24629293070521335,0.6040602754837625,0.49891664164320076,39.439778728204,72814.5822040584,61206.15876162519,synthetic
edge-srv1,2026-01-25 03:00:00,0.20703703170648016,0.5983189329062554,0.5067594760079784,49.17688496951116,92548.02678929371,108359.68108041445,synthetic
edge-srv1,2026-01-25 03:15:00,0.21756679417439553,0.6115908947887919,0.5832990892931711,50.930712510594155,58819.15565389889,86909.28284092012,synthetic
edge-srv1,2026-01-25 03:30:00,0.1793035278651416,0.7323915184284241,0.5907028947239189,46.054323010440434,107804.45421303608,57742.24840483181,synthetic
edge-srv1,2026-01-25 03:45:00,0.31826231485728473,0.5685736332875259,0.5276505118382308,44.11893470519012,50292.07594171754,98699.30133654212,synthetic
edge-srv1,2026-01-25 04:00:00,0.1279446253029859,0.6253373411475216,0.5310374253157327,47.001549541548364,44670.76331604662,53708.65194897537,synthetic
edge-srv1,2026-01-25 04:15:00,0.1530143389788977,0.6641077240346579,0.5684870618965995,30.692408149496636,35798.94300621931,92200.19568214813,synthetic
edge-srv1,2026-01-25 04:30:00,0.20087884108220205,0.6058801148459629,0.4801870060916407,46.51129109242731,106620.4934311614,40104.70058969366,synthetic
edge-srv1,2026-01-25 04:45:00,0.27031632221607144,0.7402707071503298,0.49416418946483337,44.43323001080096,76388.95145235796,93611.67229936147,synthetic
edge-srv1,2026-01-25 05:00:00,0.08021014639243707,0.5773176424961114,0.5415779979744787,44.74685943471504,53317.58533239383,61065.059799638315,synthetic
edge-srv1,2026-01-25 05:15:00,0.09517626001876488,0.6194453533392028,0.5964967169838739,48.53266256448914,84980.4539374699,47372.90669929207,synthetic
edge-srv1,2026-01-25 05:30:00,0.03698171938122258,0.5520716553064211,0.5369280973549979,44.62615539217636,73753.84370235563,65222.84051232109,synthetic
edge-srv1,2026-01-25 05:45:00,0.20261561802026168,0.5789085158914024,0.5530281037520547,39.298965716744206,99322.54942751181,76101.57195384473,synthetic
edge-srv1,2026-01-25 06:00:00,0.1105355346234765,0.6149360346237994,0.5840136781769204,44.29298664587311,29043.343345201774,59115.534528434335,synthetic
edge-srv1,2026-01-25 06:15:00,0.16923599119856667,0.6507782437384637,0.6132065419983445,45.33777742040412,54692.79783371491,82186.97713189712,synthetic
edge-srv1,2026-01-25 06:30:00,0.25291025519133664,0.6191456900414144,0.5326945458055506,45.57466955790506,50749.57232114349,57174.13455939051,synthetic
edge-srv1,2026-01-25 06:45:00,0.1486765823373723,0.6755468909600841,0.5494948982879972,45.80959683642534,20526.346471827972,83648.19266648988,synthetic
edge-srv1,2026-01-25 07:00:00,0.21850256181946917,0.5943020813644396,0.6046616566402854,50.196845224592764,81206.54409559388,79728.88536480519,synthetic
edge-srv1,2026-01-25 07:15:00,0.17605296737986226,0.5800698882096597,0.5043340217442572,39.56982723482926,54592.06888393283,68659.69279642543,synthetic
edge-srv1,2026-01-25 07:30:00,0.253769145207715,0.7622391064367632,0.5808274321166147,45.87850228082425,74792.62409973124,60289.589127949104,synthetic
edge-srv1,2026-01-25 07:45:00,0.2380102453878407,0.6236542589665218,0.5194505340291623,51.4496484930912,107195.43868659224,73333.89750683586,synthetic
edge-srv1,2026-01-25 08:00:00,0.1446453043060312,0.5568311072412871,0.5530741710130948,36.32694251531402,52935.126163447836,82105.58234674139,synthetic
edge-srv1,2026-01-25 08:15:00,0.1865078597279638,0.5583441742651158,0.5427214285779918,45.89823340390027,51576.94034685689,115359.58136009538,synthetic
edge-srv1,2026-01-25 08:30:00,0.28349947181763957,0.5434392051281196,0.5212596519789632,42.07310749013478,62373.28339447992,90667.24927955998,synthetic
edge-srv1,2026-01-25 08:45:00,0.23147014962032778,0.6561941613514073,0.5205069421702518,43.146448077634474,79744.9470596682,91471.7788959485,synthetic
edge-srv1,2026-01-25 09:00:00,0.08824303537990949,0.5781373624264055,0.5582924309276127,40.47596248392789,48665.739493797,137947.26828692624,synthetic
edge-srv1,2026-01-25 09:15:00,0.25244944489371063,0.6076417485393891,0.5798661798448805,44.15224642149778,47380.76805735739,81351.08648889257,synthetic
edge-srv1,2026-01-25 09:30:00,0.11323115020510095,0.5961894795337038,0.546107913904345,54.20627807213452,81143.78540482731,80662.15724885745,synthetic
edge-srv1,2026-01-25 09:45:00,0.31300104559688047,0.6438895444764561,0.5521033947619965,38.677848194113935,67572.78647676071,85488.33163507639,synthetic
edge-srv1,2026-01-25 10:00:00,0.281927907187282,0.5491953544269588,0.5671352219887315,39.15194998760586,19105.434739903583,47802.74849305843,synthetic
edge-srv1,2026-01-25 10:15:00,0.9626322781420935,0.91010428872633,0.5208514368096112,74.3181769750028,35492.16401061784,60234.163998787364,synthetic
edge-srv1,2026-01-25 10:30:00,0.9480920125104395,0.9123794696929636,0.5721907752523877,84.27282578825533,90024.71727654421,58864.27613276865,synthetic
edge-srv1,2026-01-25 10:45:00,0.8736410016341373,0.8730565960693363,0.5745802929117925,79.53889325834093,68038.56566157626,84247.50749883035,synthetic
edge-srv1,2026-01-25 11:00:00,0.9109039514986851,0.8978407063411055,0.6281087889625123,72.70564679439444,44756.08137925502,66168.15963113363,synthetic
edge-srv1,2026-01-25 11:15:00,0.9528656723448743,0.8726941587482542,0.5387168742832126,71.83858249660636,56591.806855300354,73040.91536043466,synthetic
edge-srv1,2026-01-25 11:30:00,0.9365130053280436,0.9196640768223543,0.5362575459499562,77.55134439955766,60264.733456033406,93924.00164326622,synthetic
edge-srv1,2026-01-25 11:45:00,0.8807271484283605,0.899075300147978,0.5730689761472124,84.24474613270593,74714.66720560327,88989.31625149105,synthetic
edge-srv1,2026-01-25 12:00:00,0.9383222646738859,0.8442854873593494,0.5745731250673642,77.25296746078259,32834.732102824215,66442.13793309257,synthetic
edge-srv1,2026-01-25 12:15:00,0.8558749821175824,0.8848457395646154,0.5339473853986987,83.22799821361606,43181.01722659084,55260.10786867911,synthetic
edge-srv1,2026-01-25 12:30:00,0.9133153347272837,0.9294433648547163,0.5379051196920985,79.40772308327463,65459.11509726778,94976.04409637014,synthetic
edge-srv1,2026-01-25 12:45:00,0.9541387030820015,0.8745630689635989,0.5662339251465413,79.88500183138358,58003.30839009099,87025.60598001705,synthetic
edge-srv1,2026-01-25 13:00:00,0.9205518264671396,0.893431450902852,0.5251724727779602,72.65711796278173,71437.1836527342,34662.34999750159,synthetic
edge-srv1,2026-01-25 13:15:00,0.9050318735011417,0.8963763651321743,0.5376839803595496,81.75009168699903,35409.85205280804,63110.613344017824,synthetic
edge-srv1,2026-01-25 13:30:00,0.9466803876131705,0.848901313025062,0.552687783021053,76.66027185090557,67142.57352542641,73641.34016436877,synthetic
edge-srv1,2026-01-25 13:45:00,0.9492425544525975,0.8953212384764054,0.5798781605446678,81.45236981444363,81831.67238754945,87134.25377666269,synthetic
edge-srv1,2026-01-25 14:00:00,0.9593011907860085,0.8381849454389613,0.5318620415146138,74.74332007205555,69736.37094298567,90022.23288867497,synthetic
edge-srv1,2026-01-25 14:15:00,0.9462302728533917,0.8612312768079581,0.4947284661390799,78.70819739003964,62782.23479523184,76245.93202586041,synthetic
edge-srv1,2026-01-25 14:30:00,0.9524412438181145,0.9122716890248258,0.4925020759744537,79.40801181575053,58082.327948680584,82875.44568989483,synthetic
edge-srv1,2026-01-25 14:45:00,0.9419872567231261,0.8907026887092507,0.512217607998816,77.38386673369654,43302.976944569964,71411.00965231938,synthetic
edge-srv1,2026-01-25 15:00:00,0.9279658594734942,0.8708656657676042,0.5106049684540019,79.61818077234463,58560.02815120423,55175.262860027666,synthetic
edge-srv1,2026-01-25 15:15:00,0.9226852699929144,0.8933938306373557,0.5453616772414027,76.93441169922997,85194.11705760812,64252.18339709241,synthetic
edge-srv1,2026-01-25 15:30:00,0.912882208427078,0.878197232567346,0.5143335953920719,75.40376098783489,57619.429867997496,70417.80610608238,synthetic
edge-srv1,2026-01-25 15:45:00,0.8836289512082083,0.880377355070555,0.5289173512053639,84.42193353117585,42203.9202130318,69237.05649959102,synthetic
edge-srv1,2026-01-25 16:00:00,0.8913406547354058,0.8997045558016041,0.5267774234505386,82.19581146544577,50155.05822469227,28517.39610224365,synthetic
edge-srv1,2026-01-25 16:15:00,0.9115395655419437,0.8581789677802261,0.5367847641745602,74.95654101980729,64017.005945518606,61255.36663155251,synthetic
edge-srv1,2026-01-25 16:30:00,0.9272435647880729,0.8812100921666407,0.5896751299456937,80.27377722237846,52529.72005638306,71236.52436796133,synthetic
edge-srv1,2026-01-25 16:45:00,0.9632243779401279,0.8706319541618004,0.5698584276829155,75.02928458119538,69706.06566126281,63809.86017807458,synthetic
edge-srv1,2026-01-25 17:00:00,0.9187460831637346,0.8324318987619923,0.5504838824582802,73.26126142535071,70456.87521498061,64569.876498745114,synthetic
edge-srv1,2026-01-25 17:15:00,0.10904619348716525,0.6140658669889258,0.5361692115825749,49.35987749859504,77779.66360809296,80735.81015770092,synthetic
edge-srv1,2026-01-25 17:30:00,0.027518156596001514,0.48825091484251226,0.5370030203013094,41.527673790373235,88471.18944530065,46262.94188493006,synthetic
edge-srv1,2026-01-25 17:45:00,0.17868691727398583,0.539857455254027,0.5598323940985586,36.91520299917527,79917.17448744722,34183.07129307336,synthetic
edge-srv1,2026-01-25 18:00:00,0.1534724852574716,0.49556982065833105,0.5675250722005687,42.3324023715856,41315.2187170408,62340.26460159315,synthetic
edge-srv1,2026-01-25 18:15:00,0.07591844701215562,0.6010400777490784,0.522771474816982,49.445636587635036,41929.311068474555,86810.51692103938,synthetic
edge-srv1,2026-01-25 18:30:00,0.23624150050497375,0.5926916865567999,0.551094422668427,42.28998048237015,58484.57047080351,107126.16686870604,synthetic
edge-srv1,2026-01-25 18:45:00,0.16400236945082808,0.5718944581260325,0.48905141294010923,41.52978338071179,50976.49285521171,87206.82126008428,synthetic
edge-srv1,2026-01-25 19:00:00,0.11394112330838142,0.7206555667440309,0.556351413525118,35.89324829037681,37233.465460781146,37698.19728288536,synthetic
edge-srv1,2026-01-25 19:15:00,0.15563420754876425,0.6329389724446146,0.5728644772587607,53.76323777275469,51166.164116540116,64887.920733711035,synthetic
edge-srv1,2026-01-25 19:30:00,0.28570436311436925,0.6435659016867801,0.5415979411935737,49.12856820712655,50509.741327619224,75645.95638379364,synthetic
edge-srv1,2026-01-25 19:45:00,0.2482349555004178,0.5441355907234738,0.6044958098842033,48.84947990637382,46563.04520477589,73907.00457231903,synthetic
edge-srv1,2026-01-25 20:00:00,0.18959791508012083,0.5400513065201392,0.5235628465769185,49.838626933897366,53684.21027689989,81864.70016474323,synthetic
edge-srv1,2026-01-25 20:15:00,0.24952840147718822,0.6022083299458173,0.5565232124590979,47.88354180771701,83569.01700636663,49824.92317786327,synthetic
edge-srv1,2026-01-25 20:30:00,0.1071270434890609,0.6103804283791335,0.5489252576000214,43.778355724102354,63984.76082498478,71428.74792611634,synthetic
edge-srv1,2026-01-25 20:45:00,0.20258960805816245,0.4886213059731326,0.5469910699766978,44.181179479388994,109436.18152110939,79247.10225507483,synthetic
edge-srv1,2026-01-25 21:00:00,0.21178578643891766,0.589181578629028,0.5465703349598576,42.862178177039375,63410.163720392986,88164.76097268051,synthetic
edge-srv1,2026-01-25 21:15:00,0.16241307932010185,0.6008443249724102,0.5532131509002842,58.173703772075,54198.68452125497,52274.20033451857,synthetic
edge-srv1,2026-01-25 21:30:00,0.23483666687659344,0.5870910500537322,0.575438762303911,47.77956015649721,60082.657653097325,62406.54892065624,synthetic
edge-srv1,2026-01-25 21:45:00,0.13756532362844393,0.5511965752591994,0.5913320870882424,42.680997793242824,65129.8395688708,10516.011038386518,synthetic
edge-srv1,2026-01-25 22:00:00,0.24078565662208945,0.5676278890847316,0.5499324926648753,47.3274838708314,68705.07914342127,56327.83671328897,synthetic
edge-srv1,2026-01-25 22:15:00,0.24414870172250336,0.5893884483856322,0.5744594821651491,39.945655410718416,101534.22651718048,58462.87235463705,synthetic
edge-srv1,2026-01-25 22:30:00,0.0,0.6054480014166028,0.5289469916119965,52.52253359294613,43093.59070044863,47569.14082031626,synthetic
edge-srv1,2026-01-25 22:45:00,0.2952244562808094,0.636287494953034,0.5729786635817871,41.6946545209643,77180.92116355471,73643.46730511833,synthetic
edge-srv1,2026-01-25 23:00:00,0.0,0.6648513722970523,0.5271402542851903,47.50542716311233,64155.011952282475,68769.2004950041,synthetic
edge-srv1,2026-01-25 23:15:00,0.15071607795550998,0.582339136588365,0.582719798082644,50.329888148715675,28578.045148587647,20297.294693292548,synthetic
edge-srv1,2026-01-25 23:30:00,0.2820278427406204,0.5726306282330785,0.6163192263217973,46.92384272102496,75413.97564189526,74741.17532463864,synthetic
edge-srv1,2026-01-25 23:45:00,0.17461706197980476,0.6262593404120583,0.5463374833608583,45.47234995909819,85352.47121607809,49576.869122641394,synthetic
edge-srv1,2026-01-26 00:00:00,0.08270512140243665,0.6366506949846512,0.4842236952757778,45.05401042428007,42856.471924451405,80685.15710219133,synthetic
edge-srv1,2026-01-26 00:15:00,0.11250103506266636,0.5739479740044668,0.5335578120026554,44.717794515564464,59821.32264216059,41799.27254996936,synthetic
edge-srv1,2026-01-26 00:30:00,0.2821524597056496,0.6474236086179703,0.5869562540286791,42.11650755536249,25492.91475984593,70660.14384768068,synthetic
edge-srv1,2026-01-26 00:45:00,0.04627963755610895,0.6587751204693584,0.5665923036107574,42.75258285115148,34823.870806313265,63770.40676449687,synthetic
edge-srv1,2026-01-26 01:00:00,0.2903192880769614,0.6775011879395203,0.557467407960251,52.39795186825467,80960.59155234505,76668.24146890726,synthetic
edge-srv1,2026-01-26 01:15:00,0.19559183207661687,0.7066992544031894,0.5802600506786452,44.457316836574215,50671.66987985131,72743.34010832963,synthetic
edge-srv1,2026-01-26 01:30:00,0.10460837356460533,0.5480150316804336,0.5645336031774527,41.071018653086135,37823.940501239216,64386.388149528,synthetic
edge-srv1,2026-01-26 01:45:00,0.15335079421578474,0.6008338925599507,0.5865317556235341,42.41851201569246,64589.2072891686,36202.009091026615,synthetic
edge-srv1,2026-01-26 02:00:00,0.11862205271186871,0.6006766617971195,0.5775827102994097,50.501853403486116,49551.751371379534,37501.424803857306,synthetic
edge-srv1,2026-01-26 02:15:00,0.2692980160686823,0.5941155858880495,0.5956510135821088,48.378033165822394,50583.56684448928,57154.48733997118,synthetic
edge-srv1,2026-01-26 02:30:00,0.25859422478102706,0.5610442248233918,0.5607638825171877,47.801645891161286,74786.52051349806,69817.84255354908,synthetic
edge-srv1,2026-01-26 02:45:00,0.06246710928991628,0.5108662798061356,0.5771577820448187,43.712394005451046,36765.33282131307,56618.545161619426,synthetic
edge-srv1,2026-01-26 03:00:00,0.16771263051845328,0.6055607667617402,0.5407861878074265,47.86681235086473,41892.69574636336,83754.66247274824,synthetic
edge-srv1,2026-01-26 03:15:00,0.13094514701245785,0.5538986604271252,0.5319561756532298,41.78219437524676,63081.599842977375,63857.139777342956,synthetic
edge-srv1,2026-01-26 03:30:00,0.3034807974767496,0.6051596088448574,0.6012030292125692,43.70192984327113,79388.1958149641,48769.720054850775,synthetic
edge-srv1,2026-01-26 03:45:00,0.09199207054988633,0.5523573874980687,0.5564861402896807,49.84902243695873,84763.206029797,63881.881554265994,synthetic
edge-srv1,2026-01-26 04:00:00,0.32833832837480115,0.5340204992493395,0.5741464169758714,49.37138839459532,46698.76559276754,74968.91639896415,synthetic
edge-srv1,2026-01-26 04:15:00,0.197336420838645,0.6140579016226139,0.5537122004323417,40.09045077024599,78747.53933839296,77147.46381414085,synthetic
edge-srv1,2026-01-26 04:30:00,0.107045247489593,0.6090552916083898,0.5324045304724011,40.72236773545712,44317.15413059182,111324.34090384885,synthetic
edge-srv1,2026-01-26 04:45:00,0.14581806527925778,0.634756918279256,0.5503294867774721,45.54351076406705,96524.186938136,55283.994519924774,synthetic
edge-srv1,2026-01-26 05:00:00,0.13587049273852397,0.7311518259850575,0.5930798205330314,53.63066187334755,37324.57949160543,68383.46944501119,synthetic
edge-srv1,2026-01-26 05:15:00,0.09803052783875953,0.6166373718726508,0.5666572022283828,35.42217417765503,86569.57621583462,79374.72683002739,synthetic
edge-srv1,2026-01-26 05:30:00,0.20758614877843007,0.6291049060238477,0.4986558052080863,46.39166469785252,46870.277863625524,69484.69489758206,synthetic
edge-srv1,2026-01-26 05:45:00,0.10176675594465254,0.5353463202679605,0.5435426663027154,38.119783342134255,100264.929095892,58986.40078824963,synthetic
edge-srv1,2026-01-26 06:00:00,0.025570703300944908,0.5227855535678175,0.6034688137811414,41.82834503237227,71826.41457704968,35916.34212042664,synthetic
edge-srv1,2026-01-26 06:15:00,0.16962588233214615,0.6949697668064,0.5435860941445013,43.17785790967879,39679.669411835566,58761.63970083366,synthetic
edge-srv1,2026-01-26 06:30:00,0.05577150428656941,0.5445912132040017,0.4959856392479746,42.89745828281555,49555.230409149866,46378.54692020838,synthetic
edge-srv1,2026-01-26 06:45:00,0.1398271305545984,0.5373633557118814,0.6067914665626764,42.33102030170396,75623.62410447483,32014.653015276876,synthetic
edge-srv1,2026-01-26 07:00:00,0.12727176891173153,0.5976540647270068,0.5704717752943839,45.03603530188185,81052.88835231123,52495.0654832471,synthetic
edge-srv1,2026-01-26 07:15:00,0.13030271423793488,0.5945884551973567,0.5478996142356161,42.323722166847105,58585.68816551075,46963.982143138,synthetic
edge-srv1,2026-01-26 07:30:00,0.3600770481272123,0.5458496096134025,0.538857467917538,37.687713075729235,60893.165619269326,82843.30399644485,synthetic
edge-srv1,2026-01-26 07:45:00,0.20451292537356566,0.581701606877214,0.5824705578937521,48.89934806261388,75167.06065288131,83224.02042311446,synthetic
edge-srv1,2026-01-26 08:00:00,0.21962968071962657,0.6737625430590062,0.5337404979932143,48.764360835744405,62635.968540216396,50114.65562922075,synthetic
edge-srv1,2026-01-26 08:15:00,0.05788813629261644,0.5516403834700921,0.5844476927354797,49.21587155011335,34129.90281323249,64274.970127611334,synthetic
edge-srv1,2026-01-26 08:30:00,0.14768294930904624,0.5163796509380296,0.5662658585717277,37.29632751867959,43740.51950719638,29118.66143352422,synthetic
edge-srv1,2026-01-26 08:45:00,0.21722421039532097,0.6565556172539875,0.5573404577646205,46.49459076292075,64702.398863033304,59124.52109598073,synthetic
edge-srv1,2026-01-26 09:00:00,0.1180376869669595,0.6295378147162822,0.5543654441600679,48.379894279034616,84309.64832995387,78777.6018154516,synthetic
edge-srv1,2026-01-26 09:15:00,0.2726450274814388,0.5627688827610803,0.5447509588985747,39.84398965780208,92319.64848324095,88148.63357151026,synthetic
edge-srv1,2026-01-26 09:30:00,0.1037842731279176,0.5050699790323849,0.581369203606278,45.04586624091065,75590.58841542901,54312.964202791096,synthetic
edge-srv1,2026-01-26 09:45:00,0.17709070913078595,0.5553225986136862,0.524039715036945,44.41866677344817,65745.81522072728,93140.80693160543,synthetic
edge-srv1,2026-01-26 10:00:00,0.15311586880195532,0.5967177337890437,0.5013422461950938,54.21075329284132,74976.27771964954,36654.77772670362,synthetic
edge-srv1,2026-01-26 10:15:00,0.21314565275055328,0.6699403253930292,0.5684332036867743,54.62248018506287,46664.98299586288,42552.188418836566,synthetic
edge-srv1,2026-01-26 10:30:00,0.14876079425156594,0.5378050815078206,0.5689371498420145,36.678218033349,56935.38079483571,85612.56104403328,synthetic
edge-srv1,2026-01-26 10:45:00,0.17832850983432502,0.5949288071093116,0.564407234575353,57.46963502863995,43517.38557321047,106764.66702839144,synthetic
edge-srv1,2026-01-26 11:00:00,0.18110959265776116,0.6405086795936938,0.5622318510885412,40.42387139423338,35025.147785845766,80855.5037400413,synthetic
edge-srv1,2026-01-26 11:15:00,0.14124897940869593,0.4571239595926847,0.5403837886498736,49.90336647163713,66670.9802327241,69112.46749625173,synthetic
edge-srv1,2026-01-26 11:30:00,0.23880750947976903,0.6620271700763339,0.5736244811315658,49.85248990431865,63710.26613169487,21705.957576511413,synthetic
edge-srv1,2026-01-26 11:45:00,0.21907106998699405,0.5290529656676137,0.5486332561973638,40.02154886579097,73753.04969018025,25506.164767043454,synthetic
edge-srv1,2026-01-26 12:00:00,0.19291088437974663,0.619919729607416,0.5353865931755447,47.4663389691955,70922.23661784895,72847.00981170911,synthetic
edge-srv1,2026-01-26 12:15:00,0.16556333332304335,0.6148009889766446,0.540643260632338,44.46233127866968,64852.88542647724,62122.62126943416,synthetic
edge-srv1,2026-01-26 12:30:00,0.2637235224415998,0.6650751834878307,0.610619190963275,47.77165002316195,71132.33331355109,45671.625992653404,synthetic
edge-srv1,2026-01-26 12:45:00,0.1811332604948655,0.6330554628536124,0.49795071753863707,46.15336151190313,59146.33807545047,71441.71677826112,synthetic
edge-srv1,2026-01-26 13:00:00,0.17546421697392503,0.4573625704962011,0.564993643128874,50.981697426851234,68257.82790444802,72532.8900851718,synthetic
edge-srv1,2026-01-26 13:15:00,0.2083752023910501,0.5529132451706404,0.49962668717128855,45.37699771573031,45477.11194627281,90777.149107886,synthetic
edge-srv1,2026-01-26 13:30:00,0.33572693463766806,0.6082923077611968,0.5467529998503109,44.160629652868444,67394.1185127826,73005.25022627942,synthetic
edge-srv1,2026-01-26 13:45:00,0.0927715033583037,0.5883012068328127,0.5369911754453744,50.4803211652859,73368.35370572019,97024.67610335645,synthetic
edge-srv1,2026-01-26 14:00:00,0.2615885514444284,0.6286566437854062,0.48744915109960374,47.901979824293015,46606.371438555936,70175.8686500739,synthetic
edge-srv1,2026-01-26 14:15:00,0.04854630710095162,0.6473619933401823,0.561671127713013,48.65906697160444,61036.64197985693,67462.63011423861,synthetic
edge-srv1,2026-01-26 14:30:00,0.21738185265828994,0.6365071041857807,0.5385988581342341,41.67706663870702,47527.949807412806,93414.86809743801,synthetic
edge-srv1,2026-01-26 14:45:00,0.32600662620869847,0.587143503446732,0.4870238097231627,39.773686093007626,49469.8660696777,48474.30063908844,synthetic
edge-srv1,2026-01-26 15:00:00,0.23909348195738458,0.48921977933277117,0.5751870427232276,42.16138928373649,37501.41289795691,131917.84397185556,synthetic
edge-srv1,2026-01-26 15:15:00,0.21365000628318342,0.572671125068711,0.5930501853396681,41.89589307159706,85315.49850333111,78255.6645196682,synthetic
edge-srv1,2026-01-26 15:30:00,0.15516404249575397,0.6249820888883373,0.5947037302688972,48.930996343264574,81313.70349440095,78378.2435624288,synthetic
edge-srv1,2026-01-26 15:45:00,0.20248377603908435,0.5345731648469714,0.5607686932195441,49.87992025147026,70748.67708454674,81552.11142739715,synthetic
edge-srv1,2026-01-26 16:00:00,0.1798349747677315,0.6378764838072946,0.5513817441573136,44.224348552338,99443.91903887628,111297.00245729613,synthetic
edge-srv1,2026-01-26 16:15:00,0.1371218713654916,0.6545035978360383,0.5898446986268739,52.15459509412176,56215.08606863217,87435.16305679735,synthetic
edge-srv1,2026-01-26 16:30:00,0.17680995076201042,0.6076120185777505,0.600471507560203,51.84234696882565,120635.24830221268,34688.76846191368,synthetic
edge-srv1,2026-01-26 16:45:00,0.21587049285011517,0.41617320802125624,0.5840070610862688,46.2169945820027,55449.41169273559,100876.34846488509,synthetic
edge-srv1,2026-01-26 17:00:00,0.13862263451754878,0.5233146982372918,0.521753871933106,40.8905411422848,65103.867035120325,62500.27525220962,synthetic
edge-srv1,2026-01-26 17:15:00,0.13549745434522528,0.7131713495133649,0.5560403455964477,52.8768832471777,52044.441721195835,72357.41160246512,synthetic
edge-srv1,2026-01-26 17:30:00,0.09118052499262606,0.5672077324182973,0.5631854843287429,44.69491324485796,67446.5112012061,41856.41261214414,synthetic
edge-srv1,2026-01-26 17:45:00,0.2312580020871117,0.4809514066122602,0.4957114909324832,45.630825982154875,76712.29855772489,81576.44439872571,synthetic
edge-srv1,2026-01-26 18:00:00,0.24362586095736483,0.6741148432986164,0.5640808197886232,43.301974871967154,57721.672138938324,55669.76561851385,synthetic
edge-srv1,2026-01-26 18:15:00,0.21853283553892142,0.6008013354926204,0.6181897547793818,40.55104836851401,95534.39694235241,72203.73203585642,synthetic
edge-srv1,2026-01-26 18:30:00,0.2772136394182933,0.6662964293374635,0.5691980849740238,37.65680284842354,64782.985692669215,63749.82188206277,synthetic
edge-srv1,2026-01-26 18:45:00,0.20702941096645822,0.6166175205131619,0.5942023924432527,48.16434161778644,65409.70772220398,112350.28163818874,synthetic
edge-srv1,2026-01-26 19:00:00,0.23136087498926056,0.6275135481727301,0.5554874419038612,41.0829947305169,41820.04610972565,113609.72660320297,synthetic
edge-srv1,2026-01-26 19:15:00,0.22430699405100504,0.621780554862871,0.5478034502804854,60.29765614498412,68369.9814910077,71023.28974472432,synthetic
edge-srv1,2026-01-26 19:30:00,0.19267679844654337,0.64184929871526,0.5614381417024293,39.5696320869376,57319.45558381269,71407.50965011481,synthetic
edge-srv1,2026-01-26 19:45:00,0.15753425374962823,0.7366458269133659,0.525525200560467,38.71308762509315,47835.20541325426,61784.25474031067,synthetic
edge-srv1,2026-01-26 20:00:00,0.3771322092633529,0.6582603801575513,0.5210867443829684,47.550693578067204,44470.511837032725,94332.1384130613,synthetic
edge-srv1,2026-01-26 20:15:00,0.16384392161171935,0.5051796409292679,0.587989136715081,52.646567394836474,113435.2675951337,62763.762852665706,synthetic
edge-srv1,2026-01-26 20:30:00,0.1467297831103651,0.6267996909167342,0.5911702702859956,45.322948284716105,54730.45499641929,60730.579957794616,synthetic
edge-srv1,2026-01-26 20:45:00,0.2347207858760086,0.6684888460861931,0.5202668105323796,47.86121210093637,30860.291584374645,91529.04300062922,synthetic
edge-srv1,2026-01-26 21:00:00,0.22014835322360043,0.6721620483921688,0.579039964136616,35.78226291270645,46035.57080534855,58157.41990303371,synthetic
edge-srv1,2026-01-26 21:15:00,0.08761667619117382,0.574403701016454,0.5473912007318195,41.61244227154117,58968.643210475726,69169.38924213233,synthetic
edge-srv1,2026-01-26 21:30:00,0.2898142603650991,0.6698966667112877,0.560194257234713,39.63192135431217,70933.3406523297,35211.162806758155,synthetic
edge-srv1,2026-01-26 21:45:00,0.19246443397193336,0.6556645439730723,0.5638065591830519,35.52477075026059,71095.93043450627,85492.18759270967,synthetic
edge-srv1,2026-01-26 22:00:00,0.11112551238274236,0.7543510462181837,0.5798305140437297,45.58490117011944,73532.2910355305,112699.07266200111,synthetic
edge-srv1,2026-01-26 22:15:00,0.29510272914830993,0.5549998958250892,0.5524815460558957,33.78586189194783,47102.79386725341,85866.95820159542,synthetic
edge-srv1,2026-01-26 22:30:00,0.2500540457276923,0.5695559654159744,0.5923048598590581,38.389020169562755,66808.80887003092,102159.5816860407,synthetic
edge-srv1,2026-01-26 22:45:00,0.09883664064416688,0.5816328570924028,0.5592823851927978,42.31403102993291,42478.81071778843,51385.75300409872,synthetic
edge-srv1,2026-01-26 23:00:00,0.342174627220618,0.5705866709976735,0.5687255281740861,40.84357082024462,47607.140339719765,75199.13420462041,synthetic
edge-srv1,2026-01-26 23:15:00,0.25270378946929545,0.5465987550141838,0.5250021222538827,46.98204251103534,41645.82050999481,49250.481663873434,synthetic
edge-srv1,2026-01-26 23:30:00,0.19918431074999632,0.4342394696595754,0.614759770321145,46.5279009595124,36232.222908034615,64989.15799721046,synthetic
edge-srv1,2026-01-26 23:45:00,0.3272175044497424,0.5739180315766119,0.5640947476961491,49.46899372967729,81284.18977716018,86988.6525017551,synthetic
edge-srv1,2026-01-27 00:00:00,0.21274382270637127,0.6221614835819942,0.571389922760353,48.76191866356339,73772.23401957775,72240.05348827256,synthetic
edge-srv1,2026-01-27 00:15:00,0.19775335399167746,0.5704066892696453,0.5017544256636538,50.704063946806905,79533.3073995626,38921.89750277312,synthetic
edge-srv1,2026-01-27 00:30:00,0.1471759907182409,0.7161228710117465,0.525318939307627,44.990407999954726,60786.26132048592,41069.35967816942,synthetic
edge-srv1,2026-01-27 00:45:00,0.2465480351445663,0.6008025487629517,0.587136510637562,46.51733450408335,75536.15397730294,39614.39350720298,synthetic
edge-srv1,2026-01-27 01:00:00,0.2381282373859184,0.6774617433110481,0.5586067335487782,47.55756850959595,24774.211907149103,80811.95697867099,synthetic
edge-srv1,2026-01-27 01:15:00,0.2011744111911769,0.6156852247637981,0.49258660795513226,45.70828348695513,77261.7503609071,115405.6797844467,synthetic
edge-srv1,2026-01-27 01:30:00,0.1368010916905918,0.6495844385935955,0.5811486978695146,43.01402845041463,63542.396600100605,99974.08136800468,synthetic
edge-srv1,2026-01-27 01:45:00,0.21039438833328591,0.6167544932360137,0.5336865158694184,43.33778732830115,72542.19200298331,28288.325618786585,synthetic
fog-node1,2026-01-24 01:45:00,0.3016904720699488,0.4973621777174031,0.6203435469524041,88.14910488262987,335460.2998843526,570261.29809332,synthetic
fog-node1,2026-01-24 02:00:00,0.1647950187176297,0.5088809923112785,0.5846695910604226,86.93804778139413,444138.2615235024,504476.65989001386,synthetic
fog-node1,2026-01-24 02:15:00,0.29634279567882704,0.5555138970153126,0.6069954363543012,84.59205521681771,434115.793295862,419654.10116857925,synthetic
fog-node1,2026-01-24 02:30:00,0.2373638843713471,0.5025799719501565,0.5985736786574812,71.46963591777522,355128.0727324939,476784.31160830427,synthetic
fog-node1,2026-01-24 02:45:00,0.23942266984597357,0.4299746887336908,0.5789443387377667,75.8259252828999,488753.93513536453,473046.26982875465,synthetic
fog-node1,2026-01-24 03:00:00,0.2704875609811645,0.49718043701646136,0.5878179371235336,73.97667118393188,329370.75883619196,437300.6078745098,synthetic
fog-node1,2026-01-24 03:15:00,0.2790599405997126,0.5821851239932492,0.6276574447808146,84.3652021617548,353318.1296967168,538563.463579025,synthetic
fog-node1,2026-01-24 03:30:00,0.2086828411585546,0.5259909870495512,0.6040331508526896,81.02391165050031,530914.0169873332,521118.15689342836,synthetic
fog-node1,2026-01-24 03:45:00,0.2858862804375032,0.47567333168574233,0.5798169931726631,71.65692539821643,469486.555018713,356841.5271557524,synthetic
fog-node1,2026-01-24 04:00:00,0.2556685269012612,0.5177331954329167,0.6061065657469739,78.86753472193263,371359.2555287182,351362.6604284578,synthetic
fog-node1,2026-01-24 04:15:00,0.1871972603565981,0.4777395972533078,0.597077719368109,71.03532598568734,422990.45677148405,538221.6007885179,synthetic
fog-node1,2026-01-24 04:30:00,0.24150627582101303,0.4593857744135943,0.6690809280448836,79.68106107158144,412383.3795619071,426624.2214084919,synthetic
fog-node1,2026-01-24 04:45:00,0.3190639507779463,0.4895489191029778,0.6057024768268454,70.06776497607689,180350.89080180973,527183.7039590292,synthetic
fog-node1,2026-01-24 05:00:00,0.3338297399122848,0.5027457931771658,0.5923875030586727,83.17296496030768,327482.08404212946,570283.842029827,synthetic
fog-node1,2026-01-24 05:15:00,0.2858674228804339,0.4438353349269981,0.628400558355742,82.26777575620444,395932.2706312575,385614.24463349965,synthetic
fog-node1,2026-01-24 05:30:00,0.1904828255915815,0.46552522128384094,0.563179276654143,91.44769096008129,371471.0818752555,372961.64708814333,synthetic
fog-node1,2026-01-24 05:45:00,0.2745303451227944,0.5003100668954706,0.6018864031276219,85.08723973698406,419768.2051864336,650698.8514155765,synthetic
fog-node1,2026-01-24 06:00:00,0.29254304519295965,0.4877548047203314,0.6398885698936214,77.46251446506498,490358.5850358336,531641.3704666214,synthetic
fog-node1,2026-01-24 06:15:00,0.2862853991659361,0.5118443381343827,0.5976760143128049,84.90842055964691,374277.1372276858,462268.3408994056,synthetic
fog-node1,2026-01-24 06:30:00,0.2892477144343959,0.46355995018074314,0.5653339791070384,71.61401671432893,315387.6163101708,415945.3592618363,synthetic
fog-node1,2026-01-24 06:45:00,0.26816315396237655,0.5214234124565991,0.592081640711788,74.22516437791349,425988.13268088363,454060.3235983448,synthetic
fog-node1,2026-01-24 07:00:00,0.24637938305847282,0.4644872270881941,0.6290903608191807,81.99885519245066,373870.1333145757,392848.48974980204,synthetic
fog-node1,2026-01-24 07:15:00,0.21958162520479907,0.5492820290581288,0.6075213919264154,67.05050202351244,387514.9199342478,579507.0956681531,synthetic
fog-node1,2026-01-24 07:30:00,0.15510322407492516,0.4485272514686505,0.5832228778097496,79.7770352903967,376658.1024677537,430092.3961754311,synthetic
fog-node1,2026-01-24 07:45:00,0.26698208833566756,0.4672233718884976,0.5862951438564195,73.87842024728948,579347.0240008789,598418.112939464,synthetic
fog-node1,2026-01-24 08:00:00,0.25930264218260946,0.5125211240909548,0.5888059945770037,80.60784233091958,220743.6591201644,463943.397220699,synthetic
fog-node1,2026-01-24 08:15:00,0.2778787921412408,0.5499269975449291,0.60722395768108,73.53358185171642,368933.2877493883,406098.4834744417,synthetic
fog-node1,2026-01-24 08:30:00,0.1831228153353553,0.5094512910834851,0.626763922658773,82.54548882473114,399704.8779481286,461632.8570787579,synthetic
fog-node1,2026-01-24 08:45:00,0.282250834465753,0.5168857376054717,0.6210484602559834,80.11596454200433,337508.60061737767,263824.9900248725,synthetic
fog-node1,2026-01-24 09:00:00,0.35272725473103883,0.5005261070501917,0.6091202436421825,88.40219550128798,471986.06657026266,489130.8280993394,synthetic
fog-node1,2026-01-24 09:15:00,0.2539225065388956,0.4692080463765442,0.5733671047988503,80.04040720460974,465060.6142975711,484689.2727982857,synthetic
fog-node1,2026-01-24 09:30:00,0.24691673403967296,0.4852958495528186,0.5734413497201312,75.3881431702312,396179.6305209168,574226.8471893171,synthetic
fog-node1,2026-01-24 09:45:00,0.26545011780428507,0.4636427084005617,0.6106650404242753,78.5186848650363,378346.09957250446,330232.55648149585,synthetic
fog-node1,2026-01-24 10:00:00,0.3516168512355169,0.46163870096669385,0.5730905780413421,71.93458161789961,391043.4532614682,604567.9724777193,synthetic
fog-node1,2026-01-24 10:15:00,0.19881761191500547,0.5120524675795924,0.5954886595786278,82.43682352823264,391617.06770817516,573853.936549789,synthetic
fog-node1,2026-01-24 10:30:00,0.26016034666969523,0.46630466053736114,0.6060830089237235,83.53910147789163,393730.157749939,612683.9207328797,synthetic
fog-node1,2026-01-24 10:45:00,0.21001712888511778,0.5095866202017009,0.5772481200927462,94.8151762201569,384960.07187865605,495255.07615962764,synthetic
fog-node1,2026-01-24 11:00:00,0.22264976395775024,0.4609453174333671,0.5795147533128228,76.26898405637357,420195.94516739144,591250.715069248,synthetic
fog-node1,2026-01-24 11:15:00,0.24752048460590304,0.5088914906035027,0.5981175787086436,78.3932325579489,460256.9651862292,367588.03685837856,synthetic
fog-node1,2026-01-24 11:30:00,0.3173661620806779,0.4853395229311111,0.6100730057504811,76.5454488533707,301579.1881921139,564174.2808684079,synthetic
fog-node1,2026-01-24 11:45:00,0.34004953003443683,0.5421984660095194,0.6212303754082751,81.27268220678735,315946.8880613481,430595.3514110049,synthetic
fog-node1,2026-01-24 12:00:00,0.2724071072313353,0.509711566867372,0.612141068695411,82.29014320687769,260118.5576413181,351373.83508193574,synthetic
fog-node1,2026-01-24 12:15:00,0.23117026384882572,0.5370734867898243,0.6014731318998439,79.67975093342893,469311.792028608,398827.35336520756,synthetic
fog-node1,2026-01-24 12:30:00,0.37463694333192593,0.47733059850724424,0.585076104928859,86.51795550123819,420025.86345523706,500497.80247663433,synthetic
fog-node1,2026-01-24 12:45:00,0.228622275933524,0.501684300207325,0.5785818600831096,76.29812297747134,440421.40127462166,425813.0712604157,synthetic
fog-node1,2026-01-24 13:00:00,0.22144320428201314,0.47056738525651165,0.589782458233417,85.91704428734427,285640.1409309225,533846.617852622,synthetic
fog-node1,2026-01-24 13:15:00,0.16125284777106363,0.4875918427176675,0.6081987116996114,83.2309871218465,542795.849830411,337258.62004963844,synthetic
fog-node1,2026-01-24 13:30:00,0.3198045784622372,0.49213687331766115,0.6067324741325468,79.92782048060631,351291.92734837136,308561.2210745724,synthetic
fog-node1,2026-01-24 13:45:00,0.2984122796185647,0.47822425337938584,0.5580019602854975,78.11038015545712,413456.46456890047,623514.8690729218,synthetic
fog-node1,2026-01-24 14:00:00,0.3708902768058223,0.46353491423462917,0.58428645943465,94.56000655238822,468350.7728542698,581342.0116461291,synthetic
fog-node1,2026-01-24 14:15:00,0.1805238323890937,0.45759448029042044,0.6240901510321231,75.09794809554752,321041.6195363143,405563.28476775734,synthetic
fog-node1,2026-01-24 14:30:00,0.3229085403739555,0.4298075565287781,0.6015843009560827,81.78759906181048,356294.05131898663,499730.03208765143,synthetic
fog-node1,2026-01-24 14:45:00,0.2535067759183064,0.46830960609489625,0.5716598217379403,75.49868557854721,414333.7419680699,591755.6354181191,synthetic
fog-node1,2026-01-24 15:00:00,0.2903050108400068,0.5188248169001554,0.647116423631963,90.71372449172783,628597.8460371764,537728.0547461545,synthetic
fog-node1,2026-01-24 15:15:00,0.16761114294477644,0.4520450440396015,0.5994211653537047,85.32095797279523,424089.9794281619,513340.07865651307,synthetic
fog-node1,2026-01-24 15:30:00,0.32340409113326485,0.45895631461240083,0.6076866791862682,75.92990072695314,528508.8920504574,598563.8673181337,synthetic
fog-node1,2026-01-24 15:45:00,0.2893258375665915,0.5537269571369875,0.6079904951209026,83.07556996058737,496453.85161535646,434235.87723189016,synthetic
fog-node1,2026-01-24 16:00:00,0.24805449826068912,0.48090511850455236,0.5926480906767962,81.54617432765933,429440.8029195615,502806.06037981657,synthetic
fog-node1,2026-01-24 16:15:00,0.28225563438305606,0.509631380274945,0.5854485263635721,76.90025142815156,320864.3382695457,498393.62255368475,synthetic
fog-node1,2026-01-24 16:30:00,0.21172523494788753,0.5192695143950148,0.6424334997013188,84.54898530336904,484780.2888654588,475451.41570960614,synthetic
fog-node1,2026-01-24 16:45:00,0.22102799572091503,0.5198757838934384,0.620064117392355,82.33583234662646,280151.1726681562,464917.50397213234,synthetic
fog-node1,2026-01-24 17:00:00,0.2268277693187302,0.4543305730817582,0.6164387440221735,81.29419228331571,528070.0098941673,506558.14140456414,synthetic
fog-node1,2026-01-24 17:15:00,0.1573636069154861,0.4930682096030153,0.6115257838343642,79.74848173254603,416000.4246574604,503096.67463869747,synthetic
fog-node1,2026-01-24 17:30:00,0.29308792471016837,0.4514531819144482,0.5799336521927663,82.58632695559791,187982.11621614592,405641.5121718927,synthetic
fog-node1,2026-01-24 17:45:00,0.30957968070912834,0.5733895357673097,0.6255506038348054,81.37632596895476,372759.5123974529,572161.6318910402,synthetic
fog-node1,2026-01-24 18:00:00,0.2149327925118079,0.452153742079532,0.583137346839765,80.35455999815011,452315.82567383524,412125.33130103676,synthetic
fog-node1,2026-01-24 18:15:00,0.26741015079724095,0.4685647934339054,0.6056657359630129,76.15390450407462,381038.0901568187,480358.98999075434,synthetic
fog-node1,2026-01-24 18:30:00,0.2367229762685382,0.4687819743547549,0.5672122018907086,90.16259744457496,457200.4648794859,473424.75745519536,synthetic
fog-node1,2026-01-24 18:45:00,0.2664136981040515,0.45510018569831356,0.5591828229870496,73.69748033990872,331998.06658301636,532229.3251393294,synthetic
fog-node1,2026-01-24 19:00:00,0.21862113793944854,0.5405778172926964,0.6063658240530623,82.56581731327847,295521.4101769914,309280.64538044005,synthetic
fog-node1,2026-01-24 19:15:00,0.2058287421956182,0.5726734370325048,0.5838180146561018,78.0785555461914,394284.3677561916,580181.8833436512,synthetic
fog-node1,2026-01-24 19:30:00,0.30260374430118714,0.4857275264206215,0.5602166485740545,90.5572836166958,402525.25338319317,439070.8687149052,synthetic
fog-node1,2026-01-24 19:45:00,0.24680647074377537,0.4603873055946677,0.6108121900589415,74.57910477665696,372129.2519150143,609796.6965299349,synthetic
fog-node1,2026-01-24 20:00:00,0.3511054475426738,0.4328922350382194,0.6424016154210157,75.588420429438,498183.2917313754,456965.1567935461,synthetic
fog-node1,2026-01-24 20:15:00,0.252315498239707,0.49267673844433696,0.6277912051716013,74.18109162042904,331983.4099888754,495604.07728393906,synthetic
fog-node1,2026-01-24 20:30:00,0.2036960979824754,0.49050903730515666,0.5948536422946865,81.94079030570366,425053.24858658796,672240.7436061581,synthetic
fog-node1,2026-01-24 20:45:00,0.31134704382179695,0.4804611162091957,0.6001769061339389,71.76169604258814,405437.59769309004,475039.56120856985,synthetic
fog-node1,2026-01-24 21:00:00,0.28154000820730096,0.5066412576192868,0.6177541251356783,77.1288290314534,275462.7238291133,611496.4896206113,synthetic
fog-node1,2026-01-24 21:15:00,0.2863436431848212,0.5118551942844646,0.6224425603966981,67.08580506287429,294477.585306519,503514.05770081043,synthetic
fog-node1,2026-01-24 21:30:00,0.30953003394339595,0.5096924977381371,0.593129285623486,81.44252812476854,400952.8812998905,537387.694726414,synthetic
fog-node1,2026-01-24 21:45:00,0.21736018530771029,0.4905162538409454,0.6006835543144915,76.99871084746242,558495.999894957,506296.2730470237,synthetic
fog-node1,2026-01-24 22:00:00,0.24363733455073563,0.46695134511277214,0.6060122961352907,71.07165953640889,446341.5849519049,576306.6463670111,synthetic
fog-node1,2026-01-24 22:15:00,0.24142750842561034,0.5199749929342015,0.6110775264055767,86.51365641784435,261949.21398842937,438302.1548432254,synthetic
fog-node1,2026-01-24 22:30:00,0.18546267315421908,0.500375412782646,0.5973384711597747,72.15399860969036,151160.954790453,411435.6329282733,synthetic
fog-node1,2026-01-24 22:45:00,0.23682049249208784,0.5266507257450395,0.597598295098625,84.78166214016929,458644.2874403504,442528.14286606805,synthetic
fog-node1,2026-01-24 23:00:00,0.3168189728938412,0.523702266484167,0.6275966465950877,75.79375505607317,392302.9213657441,508973.9338691682,synthetic
fog-node1,2026-01-24 23:15:00,0.26186690518969236,0.45734713792858656,0.6241904140488577,89.60942826737255,491301.27756082953,480126.30930047034,synthetic
fog-node1,2026-01-24 23:30:00,0.1826969336077506,0.4569733337762719,0.6095482114687217,84.49730323355688,329542.5663430847,563924.7388824059,synthetic
fog-node1,2026-01-24 23:45:00,0.17220802941675323,0.47733377843778413,0.6343821814004585,73.95171277475583,428016.9998286821,617425.8529839368,synthetic
fog-node1,2026-01-25 00:00:00,0.3332388029374136,0.46831203775127994,0.5922710847554716,74.49750468673817,467693.877042229,412174.54964884924,synthetic
fog-node1,2026-01-25 00:15:00,0.2454840494872435,0.522657553279283,0.6324594689725875,83.63315123134586,364202.90894348145,433944.60875474603,synthetic
fog-node1,2026-01-25 00:30:00,0.21762948971491913,0.5105392902796375,0.610850308870711,78.425731215739,365913.15438151476,370738.4523518431,synthetic
fog-node1,2026-01-25 00:45:00,0.23630041175514985,0.5329755198135593,0.6654205224442917,78.98394495787181,402021.02648787125,682733.5691683193,synthetic
fog-node1,2026-01-25 01:00:00,0.1761346122841334,0.5118946045223276,0.5761503614643504,87.63343317063259,443414.1077248263,527420.2549209644,synthetic
fog-node1,2026-01-25 01:15:00,0.321154757475581,0.5062594874562011,0.5862130949556531,75.50786675978026,398853.2796390471,543182.208804642,synthetic
fog-node1,2026-01-25 01:30:00,0.2303473531206985,0.5359918934103252,0.6083759565640109,80.54776263305273,477919.7070207589,379381.24534720567,synthetic
fog-node1,2026-01-25 01:45:00,0.3183700763869211,0.5140918201920515,0.6079446810595798,85.72776676191384,363045.1848586376,499894.7009893813,synthetic
fog-node1,2026-01-25 02:00:00,0.25258258572236575,0.5020430289031316,0.6390027796835004,84.8547049303136,293728.38356295123,545832.3185971776,synthetic
fog-node1,2026-01-25 02:15:00,0.321476598728422,0.5444135910179205,0.5866325063340093,79.04232399487597,558158.0294490544,477251.80785190174,synthetic
fog-node1,2026-01-25 02:30:00,0.26283472495215426,0.5034554264945837,0.6180983703738777,78.26656471488405,351629.3010766043,596813.5062343755,synthetic
fog-node1,2026-01-25 02:45:00,0.2926616331434538,0.49086978185246233,0.6232492600936399,69.5671072248744,354524.6333025802,708064.8013078547,synthetic
fog-node1,2026-01-25 03:00:00,0.28595465230441686,0.4748653022366705,0.6140929566444129,73.66253004400883,394735.73431422526,414764.34556154435,synthetic
fog-node1,2026-01-25 03:15:00,0.28116455331259854,0.5210907637713623,0.5807800731615136,81.9101553594484,405374.48877231847,408012.1478620973,synthetic
fog-node1,2026-01-25 03:30:00,0.26739672385913554,0.5371115162552741,0.628155176105084,79.17270686634659,369065.30860093737,421001.9541024281,synthetic
fog-node1,2026-01-25 03:45:00,0.23835746419422077,0.4984823779569971,0.6245864986263082,80.44956247139736,398605.2882440793,644557.9244014842,synthetic
fog-node1,2026-01-25 04:00:00,0.345771734578643,0.5392374687133952,0.6119916903958075,86.23552165780437,396819.0214857461,593811.9785326716,synthetic
fog-node1,2026-01-25 04:15:00,0.20465315074520496,0.4408995490408527,0.6040869537441791,72.87606134562635,413985.54616166453,487802.49639857165,synthetic
fog-node1,2026-01-25 04:30:00,0.250215382117158,0.4983363987557626,0.6045221602008874,78.5829181866041,211401.0032810147,503290.3697960787,synthetic
fog-node1,2026-01-25 04:45:00,0.25074429376037977,0.4987971526368669,0.5984252841552125,81.1322657804673,550470.104560628,426511.0736422951,synthetic
fog-node1,2026-01-25 05:00:00,0.2701220376671761,0.4781901688277796,0.6128157026850528,75.7750403745529,388216.9349172354,580102.4441968866,synthetic
fog-node1,2026-01-25 05:15:00,0.22852636770527496,0.5715158311394561,0.6006226970588995,88.5888626835645,446449.80955575884,465808.83583023015,synthetic
fog-node1,2026-01-25 05:30:00,0.2657373152794794,0.4980142210193372,0.5830295004929471,85.45152080967888,289751.8926772781,476593.1114490501,synthetic
fog-node1,2026-01-25 05:45:00,0.2415578707398517,0.487768076851867,0.5790281671034482,81.74079996253253,362319.97910005995,554791.0794376332,synthetic
fog-node1,2026-01-25 06:00:00,0.17090237412810505,0.5007788634030051,0.5849592749269541,90.76539067597152,346214.73069436685,483080.4555725101,synthetic
fog-node1,2026-01-25 06:15:00,0.2504776143128423,0.43991558784422513,0.604442644850989,71.00662832233914,517577.9011606836,478853.0605851938,synthetic
fog-node1,2026-01-25 06:30:00,0.1949717333484924,0.47720396223965256,0.5994608832712959,79.9536423133659,353134.9114531294,500951.76849761675,synthetic
fog-node1,2026-01-25 06:45:00,0.16328071187755494,0.5294971990833621,0.6043068758657749,82.19802181360437,460646.3989552073,571581.9872413769,synthetic
fog-node1,2026-01-25 07:00:00,0.25684366603446923,0.48113163935201675,0.6100162626709222,74.51266971923647,347966.3637861444,648184.376793545,synthetic
fog-node1,2026-01-25 07:15:00,0.2743941671009783,0.4751337451159919,0.5874535814816624,81.80428725090637,363790.4848276845,552693.7609021474,synthetic
fog-node1,2026-01-25 07:30:00,0.2763349021052288,0.539285769095432,0.6293132033669069,73.36050503727273,380355.9867839451,572298.280126184,synthetic
fog-node1,2026-01-25 07:45:00,0.2783585353509847,0.5402076320285548,0.5946457834590505,84.14334390964552,502707.61014634406,482013.1344108988,synthetic
fog-node1,2026-01-25 08:00:00,0.15337054895296948,0.5155097141648343,0.5913314603043698,86.34700860877344,248811.7872775905,436298.1923148155,synthetic
fog-node1,2026-01-25 08:15:00,0.18194915360462652,0.48634647997884,0.6096477247466491,81.63400040676997,294746.9155780454,558858.7609011603,synthetic
fog-node1,2026-01-25 08:30:00,0.34867607184068355,0.4928158680465103,0.5632697959524985,68.88321310961032,244215.58674481465,515411.6742140514,synthetic
fog-node1,2026-01-25 08:45:00,0.19763956199614818,0.47587550115275123,0.5841893110055416,74.1992388730038,312999.830419084,371963.42161252256,synthetic
fog-node1,2026-01-25 09:00:00,0.2805420515568344,0.47015680642914065,0.6196214559738367,83.38826001927896,335071.99590463145,470473.7338916962,synthetic
fog-node1,2026-01-25 09:15:00,0.2156531189167077,0.468667505350747,0.5652515614187578,80.1271918610742,270841.49967276887,492539.2678866602,synthetic
fog-node1,2026-01-25 09:30:00,0.2539836369633782,0.4814583677964438,0.6223514839386631,63.83598429384507,341268.1802708265,454058.7919674369,synthetic
fog-node1,2026-01-25 09:45:00,0.21833728988632028,0.46895837027945764,0.6302227313271827,87.45698230320944,238822.8415253268,633356.2035087915,synthetic
fog-node1,2026-01-25 10:00:00,0.27807705773098224,0.4530888464437055,0.592610893243525,80.819939037523,318560.9020985855,543185.5133211995,synthetic
fog-node1,2026-01-25 10:15:00,0.25683870586583496,0.5065820800926172,0.6058362553485261,75.08555201599972,496033.63199281605,623585.7426099783,synthetic
fog-node1,2026-01-25 10:30:00,0.2275855113177883,0.5070378674268031,0.6223817416970205,85.96973358539998,432287.04562248825,523708.2735486944,synthetic
fog-node1,2026-01-25 10:45:00,0.1974913940159645,0.5510237827528495,0.5906642162391296,75.93475992255861,414997.4137738022,507324.905278257,synthetic
fog-node1,2026-01-25 11:00:00,0.26338870987462554,0.47994984894935894,0.6173555104105236,75.86928729437471,319777.7154976708,415706.19641507755,synthetic
fog-node1,2026-01-25 11:15:00,0.18936406004787049,0.5088830176886981,0.5865770240973865,82.15011590608421,277113.2032764221,501073.657987691,synthetic
fog-node1,2026-01-25 11:30:00,0.27137405210604193,0.5093813773782441,0.5904479541333364,90.68623075545376,308867.51395725756,501174.8533107896,synthetic
fog-node1,2026-01-25 11:45:00,0.381324245451845,0.492384873166234,0.5840132707135005,89.74152306783732,396543.2138483188,376959.75043691904,synthetic
fog-node1,2026-01-25 12:00:00,0.3175085025631006,0.5223300076624903,0.606852943983896,82.15826899342464,469454.1423781335,451442.52772066445,synthetic
fog-node1,2026-01-25 12:15:00,0.28591739434470814,0.5232568756055215,0.623159381051311,82.77431395310192,472189.3933708256,470904.5661335274,synthetic
fog-node1,2026-01-25 12:30:00,0.24571963511294262,0.5098223328559262,0.5963177413576567,84.74899359250895,450448.98899866664,537213.158965015,synthetic
fog-node1,2026-01-25 12:45:00,0.15306236864982373,0.4923308088485661,0.5745750168017519,72.4580979477839,340995.45087456447,541521.5100787135,synthetic
fog-node1,2026-01-25 13:00:00,0.1838856802049908,0.489274096743364,0.5783458635542637,83.8648900229119,401963.98659231904,447681.33662313153,synthetic
fog-node1,2026-01-25 13:15:00,0.3141396428051357,0.4589673830360882,0.6078919884274108,75.59555919113883,374292.5975970203,542198.2642287696,synthetic
fog-node1,2026-01-25 13:30:00,0.210512195993761,0.47582246664146927,0.6368823282678854,81.91086840077948,383904.81892041996,483612.8963586335,synthetic
fog-node1,2026-01-25 13:45:00,0.21503739509179767,0.4813397742829494,0.607874499986288,78.63519423435598,562970.2317567851,241734.1977630539,synthetic
fog-node1,2026-01-25 14:00:00,0.24171747621579892,0.466280847127117,0.592262068986975,83.00724996268528,259039.981039711,456376.8171243612,synthetic
fog-node1,2026-01-25 14:15:00,0.19689768705767227,0.5131977190006299,0.6153236793370057,80.70862079003876,381225.85472621914,597108.977612814,synthetic
fog-node1,2026-01-25 14:30:00,0.18866156327241818,0.5358988360696103,0.595210027288265,61.5618183750722,496939.9125756925,348637.48190350883,synthetic
fog-node1,2026-01-25 14:45:00,0.2474762963609289,0.4727581270301255,0.5924342956527159,81.07335027023109,282728.68039731693,510142.20803739864,synthetic
fog-node1,2026-01-25 15:00:00,0.20542352726639818,0.5085032430723391,0.5808308178860947,83.85291771379558,348500.20597869996,642673.5092766759,synthetic
fog-node1,2026-01-25 15:15:00,0.21294907101105526,0.4689766658141087,0.6281689768849271,82.67557009003072,357676.92019458883,431544.8342290567,synthetic
fog-node1,2026-01-25 15:30:00,0.2109404486926497,0.4908523348718251,0.5492158416500867,79.38448432274852,382136.82223568123,500193.4172384917,synthetic
fog-node1,2026-01-25 15:45:00,0.2761180106917234,0.4792901126246667,0.6159571840055854,89.85297015158244,272323.4272315026,382638.5368494871,synthetic
fog-node1,2026-01-25 16:00:00,0.23839371547523214,0.5180568694581933,0.5907251012440492,81.86823877472996,447622.88482704316,646450.8027497214,synthetic
fog-node1,2026-01-25 16:15:00,0.24107140160530732,0.47963635478473465,0.5917931853709677,82.62603980115864,453302.9826010515,492500.0635703047,synthetic
fog-node1,2026-01-25 16:30:00,0.2798472948654442,0.5303498124111994,0.6338463031223562,86.26695136430341,440670.0260014358,504196.41585146164,synthetic
fog-node1,2026-01-25 16:45:00,0.242898019588353,0.49262837679013405,0.585717378155999,82.1755579981796,330370.1060567135,621887.041895506,synthetic
fog-node1,2026-01-25 17:00:00,0.23608731157714136,0.48051188871215506,0.5863986169194317,74.61189347951478,406920.8632629836,559533.0555180933,synthetic
fog-node1,2026-01-25 17:15:00,0.27352251777850856,0.4624008421296451,0.5973921152216094,65.36997551732227,328044.780834473,421193.4140752934,synthetic
fog-node1,2026-01-25 17:30:00,0.28340989217788154,0.5075961353088605,0.6082769477162447,77.13727458789151,373392.267138279,441744.9868321416,synthetic
fog-node1,2026-01-25 17:45:00,0.2426463250245698,0.5268565520667854,0.5911628843541425,84.5656731552867,572277.4341736702,544543.8174070969,synthetic
fog-node1,2026-01-25 18:00:00,0.2540303887810261,0.5081996376961062,0.5685228213892822,77.88142201149317,407655.6302077005,443829.1050443354,synthetic
fog-node1,2026-01-25 18:15:00,0.2109104885133336,0.5671649499924327,0.5826860363823647,84.80707023369038,304997.8739210261,309448.1019091526,synthetic
fog-node1,2026-01-25 18:30:00,0.20696584784177371,0.5428936235741125,0.6256266771292903,80.89236905552164,414426.8272531131,495208.328122483,synthetic
fog-node1,2026-01-25 18:45:00,0.2884573750983404,0.49077416705848953,0.6014955357827102,87.72839642157311,291856.3259149352,366780.8604987671,synthetic
fog-node1,2026-01-25 19:00:00,0.2722471031272311,0.49045917698578795,0.6090217456740764,78.22869975727603,304079.16859879903,645465.3578207353,synthetic
fog-node1,2026-01-25 19:15:00,0.2727649219208288,0.5140909015845606,0.5947715758565393,82.80568895940613,316710.14912409673,515910.88739868376,synthetic
fog-node1,2026-01-25 19:30:00,0.2640427174362761,0.47485942458722946,0.5868100460765346,83.03531038721215,364455.2438243453,418534.2448930782,synthetic
fog-node1,2026-01-25 19:45:00,0.25231016379074767,0.5349886491959746,0.6335513889975082,89.00961123578716,474957.5196471361,437123.08268037916,synthetic
fog-node1,2026-01-25 20:00:00,0.28482059454113845,0.5108480156553075,0.5962361628589784,69.76017616199434,446271.85584134713,329954.21709134715,synthetic
fog-node1,2026-01-25 20:15:00,0.2967554380511392,0.507693767325756,0.5911326024094574,77.24955035268106,441839.62625978625,401048.4301897547,synthetic
fog-node1,2026-01-25 20:30:00,0.29556140025953237,0.5206086100331245,0.6219228473271068,85.09109663233102,312086.0347527566,591469.088228663,synthetic
fog-node1,2026-01-25 20:45:00,0.24496110420270065,0.5516848965010718,0.5855527928226523,89.27537887867189,356694.8515651481,700860.7530943153,synthetic
fog-node1,2026-01-25 21:00:00,0.3193496364954419,0.5051286605656251,0.58810545312452,81.44042907585248,421760.08855065505,565375.6861879063,synthetic
fog-node1,2026-01-25 21:15:00,0.26142303408661605,0.49660878887385845,0.6002049336803379,78.24377501347108,349734.40116892697,491716.1715241074,synthetic
fog-node1,2026-01-25 21:30:00,0.28161880962828995,0.5452615886996773,0.6000054020817636,84.54271021204667,377730.68477591214,461123.6561911475,synthetic
fog-node1,2026-01-25 21:45:00,0.264104394541744,0.5290265124797341,0.6051922269580643,85.2122160513901,435308.69540239597,413915.3767781274,synthetic
fog-node1,2026-01-25 22:00:00,0.2623503353742087,0.4903706047884883,0.6418333817879097,77.84202992799615,372098.18550389586,685378.9309405766,synthetic
fog-node1,2026-01-25 22:15:00,0.21321240048748402,0.5001555934597706,0.6067249649270474,81.98184387306527,418084.767128162,483012.61683220626,synthetic
fog-node1,2026-01-25 22:30:00,0.2850675419172413,0.505861427478164,0.552438920744984,87.08316357447181,527418.2764815654,690406.6847056254,synthetic
fog-node1,2026-01-25 22:45:00,0.39226471974538196,0.5108543883381494,0.6065259788686312,91.34275395964671,386251.2960810402,625416.7558649054,synthetic
fog-node1,2026-01-25 23:00:00,0.23126024626049585,0.45930200447182656,0.6007575998897919,84.45562975541175,494347.0247775365,343328.32117883535,synthetic
fog-node1,2026-01-25 23:15:00,0.2535497357712474,0.4537254617659532,0.6008690004870292,80.26483337999356,444749.60538458865,440064.2843816637,synthetic
fog-node1,2026-01-25 23:30:00,0.22768973678263688,0.47337829933992637,0.6049189461879234,79.67554894377255,282620.6405210587,439785.938824356,synthetic
fog-node1,2026-01-25 23:45:00,0.22559900492190327,0.4710578467096597,0.599426434246504,83.34437934316173,311829.03765891807,492813.82723048347,synthetic
fog-node1,2026-01-26 00:00:00,0.3272224739059336,0.4806852795808249,0.5989477581388922,79.3059629451233,333312.3293544083,494571.7172197622,synthetic
fog-node1,2026-01-26 00:15:00,0.21635144911362675,0.5190413192627001,0.6122608841954157,81.13784299413433,331613.20664537733,769661.5185858328,synthetic
fog-node1,2026-01-26 00:30:00,0.22629597633168194,0.4949321253102579,0.58915838405611,73.65274241281475,392776.8203114549,403049.4912972717,synthetic
fog-node1,2026-01-26 00:45:00,0.17062535881343494,0.5058918381503057,0.5810462732872165,87.78234317894696,449171.5238465458,520607.2942097951,synthetic
fog-node1,2026-01-26 01:00:00,0.21211941377288762,0.46327089769873214,0.6604756290524478,73.15889163710793,500412.67333637783,555485.6968221023,synthetic
fog-node1,2026-01-26 01:15:00,0.1645800053523326,0.4861507339123716,0.5856828511243753,77.40732943728193,424654.00709800655,499858.51959777233,synthetic
fog-node1,2026-01-26 01:30:00,0.28159023496059643,0.5176177298523452,0.6020028582492015,80.58555956511088,364345.6355157432,509916.2520003222,synthetic
fog-node1,2026-01-26 01:45:00,0.3899848610918655,0.517848573745304,0.5700867949824926,91.94592127933183,233420.70050961006,405967.1995124072,synthetic
fog-node1,2026-01-26 02:00:00,0.2316660603174739,0.47826278515436277,0.6023293683010285,77.46390209088604,405647.166033387,509583.7575142414,synthetic
fog-node1,2026-01-26 02:15:00,0.16666210335048814,0.5048498715913866,0.5813354889862132,76.00390511623762,402061.6154955993,546025.9096556935,synthetic
fog-node1,2026-01-26 02:30:00,0.2949999832214867,0.56596543560447,0.5911505411429998,76.69509849599724,414634.30028311664,529484.0525844016,synthetic
fog-node1,2026-01-26 02:45:00,0.21365375205349216,0.49947206212233086,0.6209012933154224,89.95338300566787,568499.2238162666,551318.0813520883,synthetic
fog-node1,2026-01-26 03:00:00,0.314967346527677,0.47920439161572664,0.6094401913675614,63.125918038963874,499247.7236954458,627134.7110572609,synthetic
fog-node1,2026-01-26 03:15:00,0.23589854761050277,0.4947871283191352,0.6113681904914964,73.98357192710847,462804.87345999887,584326.9887722908,synthetic
fog-node1,2026-01-26 03:30:00,0.21840921554586096,0.502765313225805,0.5645759032321627,96.38773225495731,323033.829594272,506416.51521476934,synthetic
fog-node1,2026-01-26 03:45:00,0.24110212221271568,0.4954649485792835,0.6367379033965802,83.54529244094982,358960.42006426054,394541.748330505,synthetic
fog-node1,2026-01-26 04:00:00,0.28788883804680937,0.49905935897970494,0.5761623737811625,73.36409030396467,392412.43144571985,445999.5252759993,synthetic
fog-node1,2026-01-26 04:15:00,0.23862896846221718,0.45669659609189484,0.6305712162858773,79.74849210695137,337967.4300791717,480233.19632743264,synthetic
fog-node1,2026-01-26 04:30:00,0.22516376486031472,0.47112108574742145,0.6204308773196296,80.40472739640717,440037.16199880943,522711.12482073024,synthetic
fog-node1,2026-01-26 04:45:00,0.24005841985105641,0.49551994288785506,0.6115466548356936,85.07675147543364,428552.7079372564,456950.05146505445,synthetic
fog-node1,2026-01-26 05:00:00,0.18640724077495574,0.4950419608993269,0.5829003043818324,91.03701201693538,312935.3765556246,415784.01207340835,synthetic
fog-node1,2026-01-26 05:15:00,0.269851580114699,0.4830143217542,0.6030317968963904,82.33131008767529,495745.33672768995,393062.11797916965,synthetic
fog-node1,2026-01-26 05:30:00,0.16066367030775447,0.4946895924177069,0.5905815717871028,76.76127018192224,408184.8267047088,351394.00168500224,synthetic
fog-node1,2026-01-26 05:45:00,0.22779392728172423,0.5018304456624262,0.6005807914301058,84.72250665258923,261674.3082606199,478854.43666028883,synthetic
fog-node1,2026-01-26 06:00:00,0.28796926044153714,0.5266824036957357,0.5950025548182888,75.81048381882283,395892.57133240247,367730.1102136725,synthetic
fog-node1,2026-01-26 06:15:00,0.2651524141466358,0.49702364794321846,0.5592277898685518,73.79997502406583,422496.51647383237,409952.6884258347,synthetic
fog-node1,2026-01-26 06:30:00,0.2795160286493195,0.5119730961589476,0.6224356830196918,69.44054676826133,477823.3889148593,464548.83144401276,synthetic
fog-node1,2026-01-26 06:45:00,0.24674771636405954,0.48375199095698235,0.5983778568690128,70.6092296329976,373001.8877498707,379767.44215477095,synthetic
fog-node1,2026-01-26 07:00:00,0.30848730904927585,0.5171628717079545,0.5903039920099552,74.62132906325436,466235.0613957766,534177.6969648828,synthetic
fog-node1,2026-01-26 07:15:00,0.2962349598384896,0.5112719089283707,0.5887934553434047,72.93326139379478,414971.35894161725,566620.0757245119,synthetic
fog-node1,2026-01-26 07:30:00,0.2723070502123837,0.5259745100953945,0.6071691915273354,81.8794191642483,294795.63127699366,450551.5682202141,synthetic
fog-node1,2026-01-26 07:45:00,0.29637728886567716,0.5214038138733347,0.5821248732341106,72.80358904505579,286786.6581213989,460667.54231509985,synthetic
fog-node1,2026-01-26 08:00:00,0.2875211777201788,0.5176620686864344,0.5548964888305191,61.13800218785154,489804.7896119479,548368.6793125169,synthetic
fog-node1,2026-01-26 08:15:00,0.22802682433265548,0.4970474777402666,0.6081425960641655,73.73652935246321,495678.7342705415,435740.4412488789,synthetic
fog-node1,2026-01-26 08:30:00,0.18280505441543332,0.507348176811334,0.6103820599591364,77.16884211367149,425832.7384323778,429553.9479562434,synthetic
fog-node1,2026-01-26 08:45:00,0.2710181062921312,0.5319052678535457,0.5960073635064473,76.36730307276821,519656.5376944023,607684.8630367662,synthetic
fog-node1,2026-01-26 09:00:00,0.27730446154157146,0.4804377629179162,0.5770419424961998,89.11714807585511,484528.7879233285,579576.8964841508,synthetic
fog-node1,2026-01-26 09:15:00,0.30452359955692826,0.48114776663909403,0.6017787108177857,76.3187446442651,454690.2983583777,554139.5002109527,synthetic
fog-node1,2026-01-26 09:30:00,0.20318393624773531,0.5054429419385109,0.5707093526337282,85.28554077919519,327095.08090130624,583308.0159254684,synthetic
fog-node1,2026-01-26 09:45:00,0.20467844703614183,0.5124583907079636,0.5794553880662467,79.88610440191484,538514.3000825874,322044.91471693735,synthetic
fog-node1,2026-01-26 10:00:00,0.2729950133153885,0.47527680502207986,0.5849860412699167,79.74617164596441,442904.11457666184,621845.1992113796,synthetic
fog-node1,2026-01-26 10:15:00,0.24644165055734568,0.49775712309760073,0.6168787814178311,74.98771826691178,369132.89803107025,535285.5904925368,synthetic
fog-node1,2026-01-26 10:30:00,0.15571191947144358,0.49718003677313644,0.5927477809912617,79.64730409051539,346538.3995755762,590970.3245605162,synthetic
fog-node1,2026-01-26 10:45:00,0.26875540818770954,0.4335415965318959,0.5910426717644708,75.4094232386155,420542.70252110856,534844.5601204727,synthetic
fog-node1,2026-01-26 11:00:00,0.15737885425055226,0.4934121803222372,0.6390938503082249,81.02014588552743,266315.2732129236,504403.2342212141,synthetic
fog-node1,2026-01-26 11:15:00,0.20273717240633118,0.49528046501454603,0.6070492499437743,78.58250220425788,455973.862028229,475222.17088741506,synthetic
fog-node1,2026-01-26 11:30:00,0.31758406864300537,0.49519121171530944,0.6067798902094965,74.3322324008504,323714.33482447785,533042.9939197585,synthetic
fog-node1,2026-01-26 11:45:00,0.34124395089035575,0.542477428237318,0.5926059850958245,85.95136603820357,429648.64870594296,471942.6881985903,synthetic
fog-node1,2026-01-26 12:00:00,0.1892171815764019,0.46352605104473377,0.5880725666472644,82.56104288012855,358270.37301134726,578108.8490058602,synthetic
fog-node1,2026-01-26 12:15:00,0.23353042312936528,0.47526132286386163,0.5562718711996569,77.31162359514651,378846.5029820237,357218.90199030197,synthetic
fog-node1,2026-01-26 12:30:00,0.2521311261539353,0.42163412605042,0.6193748106384711,80.87295828221185,339447.2101787948,451258.172438515,synthetic
fog-node1,2026-01-26 12:45:00,0.3390613463790784,0.48557250001477575,0.6089661941151275,79.49706487098821,387101.6455055359,684034.0923628982,synthetic
fog-node1,2026-01-26 13:00:00,0.22535655260877993,0.48813069337621995,0.5964166801357317,74.79445437642036,551150.3636813883,443652.7582784847,synthetic
fog-node1,2026-01-26 13:15:00,0.2261557988483361,0.4847006847099723,0.5972554659632748,80.42297737412699,510804.77016389125,478518.464924287,synthetic
fog-node1,2026-01-26 13:30:00,0.3274362779231431,0.5332303201845128,0.6147228852452211,76.27392947115575,428358.31639963656,420567.71599849313,synthetic
fog-node1,2026-01-26 13:45:00,0.2312605423640871,0.5258185256701089,0.568905798538403,74.33039698627941,397976.4587548038,530226.1105597242,synthetic
fog-node1,2026-01-26 14:00:00,0.2861100854483229,0.5023357017280191,0.5882023733689239,70.26339601840085,467536.0952554308,433736.15988720243,synthetic
fog-node1,2026-01-26 14:15:00,0.1761428517443786,0.4888816083938041,0.5772739427421494,77.84835587876822,490397.63152860454,483295.01586736547,synthetic
fog-node1,2026-01-26 14:30:00,0.2414383627953837,0.530785690043206,0.6354301856497349,83.40182395750234,333614.5294233977,576397.9882431563,synthetic
fog-node1,2026-01-26 14:45:00,0.16702015808367976,0.49940726420492443,0.617513110637066,75.83204387972684,393804.8905894238,437111.29230666655,synthetic
fog-node1,2026-01-26 15:00:00,0.19722831095221477,0.47545189883244626,0.5559461471772927,95.12425215294782,254243.34163455357,570975.0007338698,synthetic
fog-node1,2026-01-26 15:15:00,0.2919600677576132,0.44851253967546345,0.5697247674672005,85.31411392191639,489848.1688208716,574000.6384004321,synthetic
fog-node1,2026-01-26 15:30:00,0.24750473044566437,0.48676056518312955,0.5973530865328502,87.82598079596286,565201.9406160684,594946.0485247364,synthetic
fog-node1,2026-01-26 15:45:00,0.23404471297235127,0.5226393085151783,0.5905511957585515,84.77145807244256,406406.60996984685,512648.68954262364,synthetic
fog-node1,2026-01-26 16:00:00,0.21256251880095411,0.5682961606862926,0.5735123558384622,91.11718984963144,229999.19000775868,791713.3169279108,synthetic
fog-node1,2026-01-26 16:15:00,0.23896719633793587,0.5018483103856842,0.6388952447530097,75.27798809916474,448711.2413261625,594908.0326887874,synthetic
fog-node1,2026-01-26 16:30:00,0.2650556583550347,0.47703933454639086,0.6062507982796516,64.63557568604827,327672.8667080736,529238.9861966143,synthetic
fog-node1,2026-01-26 16:45:00,0.29914581032308807,0.4644510437514736,0.6094963264572618,77.32324634988271,346932.0446668432,421166.80273264385,synthetic
fog-node1,2026-01-26 17:00:00,0.11874266579515988,0.516558646889168,0.5861597010153557,83.34931145328522,450126.1111832803,491264.6786713273,synthetic
fog-node1,2026-01-26 17:15:00,0.20841194128685953,0.44706151842847197,0.61444548294356,80.90910183048787,420364.33004101797,628369.4279210031,synthetic
fog-node1,2026-01-26 17:30:00,0.25795481210945026,0.5165103530421467,0.5923913447803597,81.6528356658067,360951.29797291185,653858.1154063642,synthetic
fog-node1,2026-01-26 17:45:00,0.2450568442018857,0.5245313481878874,0.59433313652585,87.92546001601923,348031.54939186684,633049.6190396206,synthetic
fog-node1,2026-01-26 18:00:00,0.27016881212633626,0.5130883835969859,0.6122200391965051,82.292345446775,410066.88441766665,570667.3076056658,synthetic
fog-node1,2026-01-26 18:15:00,0.2633770143063277,0.4934101498418433,0.567420048698794,84.79347756554613,367242.7557990106,386990.58143339853,synthetic
fog-node1,2026-01-26 18:30:00,0.23475660685032965,0.5169482196064045,0.6319405571970196,74.36262354888345,311261.0293117594,543844.5636043103,synthetic
fog-node1,2026-01-26 18:45:00,0.22365734020064115,0.505128151133849,0.6036477842944775,73.42763786470378,373394.9454817312,388273.7859752302,synthetic
fog-node1,2026-01-26 19:00:00,0.23772492551322497,0.47665628474418226,0.6256188841756085,89.68468353814693,427167.40986041474,366127.5925957317,synthetic
fog-node1,2026-01-26 19:15:00,0.3074371174911371,0.5555123696712507,0.5784916048676236,80.60540921088241,385751.7226544293,521524.2816119515,synthetic
fog-node1,2026-01-26 19:30:00,0.21339960335471428,0.4894496186116845,0.5815366975194362,76.26062489932319,286919.31214014516,547087.9502542776,synthetic
fog-node1,2026-01-26 19:45:00,0.24685966384280222,0.5232725690134973,0.5767619955680038,76.2716330387173,479125.1697100431,581303.9388632724,synthetic
fog-node1,2026-01-26 20:00:00,0.25916711069992104,0.42744157151912854,0.6050059534532968,76.10526127017046,180895.0850445333,544742.2616347484,synthetic
fog-node1,2026-01-26 20:15:00,0.3280175464937229,0.5382941264834279,0.601319666038365,75.74624587372494,364290.78759772517,547842.7387168474,synthetic
fog-node1,2026-01-26 20:30:00,0.23498458708818434,0.5440629123396374,0.5907117636153764,72.30111318437804,350384.1236356867,411381.26735068613,synthetic
fog-node1,2026-01-26 20:45:00,0.29794033280054805,0.5008950136137992,0.5797186161422944,70.99747758667695,411854.3102297132,490552.09837838,synthetic
fog-node1,2026-01-26 21:00:00,0.3115989701632511,0.5167631310421328,0.5746680746053832,78.82997373407349,444932.94462421886,364359.4892928961,synthetic
fog-node1,2026-01-26 21:15:00,0.2468122867504676,0.5167554554482269,0.5990303219905868,76.4424447780776,490141.1846608828,319696.7783539824,synthetic
fog-node1,2026-01-26 21:30:00,0.23946405104616186,0.4807164929107783,0.590688264408228,86.64295571265977,343007.6101318272,566657.8438858767,synthetic
fog-node1,2026-01-26 21:45:00,0.2335473163975892,0.5164136691631802,0.5862878601528347,81.7584599196015,446926.58698667854,432218.8045588137,synthetic
fog-node1,2026-01-26 22:00:00,0.2372088432878709,0.47574108590382336,0.6309417897226322,81.5919060804679,415665.4710305169,578524.8651928748,synthetic
fog-node1,2026-01-26 22:15:00,0.29271199302884165,0.4817372922906402,0.5983534864361453,75.5412775546733,263076.8499853421,599751.2820092035,synthetic
fog-node1,2026-01-26 22:30:00,0.2615504988627757,0.533808294296369,0.6254008586785385,79.27382950532015,552043.2204347288,444261.4407839122,synthetic
fog-node1,2026-01-26 22:45:00,0.26176448545849346,0.529239730721006,0.589334956346346,82.16600662178864,284897.9898207841,553127.9985099769,synthetic
fog-node1,2026-01-26 23:00:00,0.19373882448100826,0.4788087349365262,0.6048955256759732,84.29717443827604,433559.7817847772,440495.89442477224,synthetic
fog-node1,2026-01-26 23:15:00,0.20162549613123826,0.47799270969496876,0.5988904796748733,79.4366490408898,431196.79553581984,333870.9012835858,synthetic
fog-node1,2026-01-26 23:30:00,0.357172341238849,0.4806321019262698,0.5660475538096376,86.47474267594525,422050.94258632616,511097.8463998213,synthetic
fog-node1,2026-01-26 23:45:00,0.24110871373556553,0.5219791869939647,0.6285667661252783,80.04793585344765,360433.8494270714,457621.3508255815,synthetic
fog-node1,2026-01-27 00:00:00,0.21126140022108197,0.47000045657568806,0.5972969278593516,84.75708271110608,466180.2120912402,460391.98904715816,synthetic
fog-node1,2026-01-27 00:15:00,0.3215549582794649,0.5107013791710786,0.6149283643926592,77.0608867484651,275170.60208455235,677780.8806060973,synthetic
fog-node1,2026-01-27 00:30:00,0.2640904274341776,0.5224054043190288,0.5849594255507687,69.12446980058814,394733.6969060862,362672.87155405956,synthetic
fog-node1,2026-01-27 00:45:00,0.2789077458432261,0.497352636491207,0.5967031123684047,81.61015392811113,354890.0258758033,534458.4021834324,synthetic
fog-node1,2026-01-27 01:00:00,0.2430976462359233,0.5303019109059478,0.5826629528015329,84.35194437887975,345816.1646346375,410467.34865697235,synthetic
fog-node1,2026-01-27 01:15:00,0.2340663454711598,0.4908706949153062,0.6247199696552679,83.45208399084542,434299.82299628365,581743.5268340592,synthetic
fog-node1,2026-01-27 01:30:00,0.2415206813751355,0.4935843319701826,0.6062281869490135,82.53311996862465,486198.28341757465,526858.811255756,synthetic
fog-node1,2026-01-27 01:45:00,0.18086309148506866,0.4706826130660443,0.6073410705336177,77.90847820427008,372539.5390530507,534140.9914262552,synthetic
iot-gw1,2026-01-24 01:45:00,0.16828302478526588,0.544825586596702,0.3949496533139407,4.255833750736465,8004.019540263461,10015.141387692373,synthetic
iot-gw1,2026-01-24 02:00:00,0.08760095362557027,0.5374011310896558,0.4072690867567815,4.1490755190402,12418.860716568723,17140.229271585897,synthetic
iot-gw1,2026-01-24 02:15:00,0.19502707174838743,0.5576281256051234,0.35180156068400253,4.472047637796396,647.3836143797407,14307.540352062913,synthetic
iot-gw1,2026-01-24 02:30:00,0.20643388298347282,0.6235745986496579,0.37687304679469336,4.667318570788344,3746.9474895212907,7927.020325495298,synthetic
iot-gw1,2026-01-24 02:45:00,0.032937888680769814,0.42166707795343517,0.39412442159695743,3.895264230225873,4438.78872087689,6923.729352953743,synthetic
iot-gw1,2026-01-24 03:00:00,0.0718692295882609,0.5381574867745158,0.3785573395714628,4.934569606473737,6910.218057293583,7860.5924596816385,synthetic
iot-gw1,2026-01-24 03:15:00,0.15767042419003713,0.5588256210686224,0.4142879296526132,4.53780142100082,7236.175490701909,10784.643869667874,synthetic
iot-gw1,2026-01-24 03:30:00,0.13102544445938508,0.564799699484355,0.4399459306149599,3.3648322480128536,3478.0230566808577,8631.715530121952,synthetic
iot-gw1,2026-01-24 03:45:00,0.14899193054974266,0.5314042709339355,0.37646770561141396,3.324845135761781,5044.525903067521,7616.645492487849,synthetic
iot-gw1,2026-01-24 04:00:00,0.09881736434558519,0.4621639108760709,0.3832507319182962,4.492608424242413,5417.47496442929,14135.134377481649,synthetic
iot-gw1,2026-01-24 04:15:00,0.2027638784917697,0.5663997741857055,0.4047089673661986,4.367419609328188,15372.272276227675,8600.26537877757,synthetic
iot-gw1,2026-01-24 04:30:00,0.1966675161257369,0.6363675107082093,0.4322223229699924,4.43794793185522,13405.22584324144,17048.56182563062,synthetic
iot-gw1,2026-01-24 04:45:00,0.15396184185367295,0.47330692975419314,0.37555251374920195,4.483210526081869,6764.751746946053,9317.598973132606,synthetic
iot-gw1,2026-01-24 05:00:00,0.21763447241808198,0.5931914006849095,0.40498072244613886,4.635335903706109,6909.2501290796035,15248.614379786546,synthetic
iot-gw1,2026-01-24 05:15:00,0.17805056053512272,0.5335737388438554,0.4364259770162622,5.06858976590898,4552.388008435118,10250.617979487193,synthetic
iot-gw1,2026-01-24 05:30:00,0.0984424522270057,0.5469337827085576,0.3669648170364147,3.833337059449465,2275.6087603241995,12370.362006373067,synthetic
iot-gw1,2026-01-24 05:45:00,0.17212504704494994,0.4973550744648026,0.3743786158630834,3.796817044259523,7649.359440774428,6463.861319687965,synthetic
iot-gw1,2026-01-24 06:00:00,0.09246704395026006,0.5332771913822062,0.39152786787078325,3.8440056852675704,5006.444050267923,6011.842720944059,synthetic
iot-gw1,2026-01-24 06:15:00,0.20270701807843633,0.615002229734948,0.3895882317428918,4.673350000301224,7745.448405013971,10608.970842552457,synthetic
iot-gw1,2026-01-24 06:30:00,0.14700444534082482,0.5791327620993854,0.4162520257550729,5.246968427187867,3199.3824528695677,12459.936348628602,synthetic
iot-gw1,2026-01-24 06:45:00,0.13890825818728436,0.6366155802704972,0.4048331943964168,4.2411963370562935,5714.076625069227,9140.89775700162,synthetic
iot-gw1,2026-01-24 07:00:00,0.10914422733576351,0.6088705944488847,0.36450075880715743,2.9989800935042075,8445.881285908492,4497.62332720706,synthetic
iot-gw1,2026-01-24 07:15:00,0.2233524803204418,0.5719543339464789,0.41030820805801627,3.4776042824337745,9098.628793351812,4239.095717987355,synthetic
iot-gw1,2026-01-24 07:30:00,0.14072823107587187,0.6371967263083896,0.388449222252887,4.0001779663223935,9252.415876226043,4005.0225923481557,synthetic
iot-gw1,2026-01-24 07:45:00,0.12430033067021357,0.571949657936915,0.4254889443388248,4.165362667502871,4038.533047528888,2813.322604712166,synthetic
iot-gw1,2026-01-24 08:00:00,0.12887198697070623,0.591399408839853,0.38744824927126165,4.254966823647164,10564.057190406686,9383.198758064806,synthetic
iot-gw1,2026-01-24 08:15:00,0.18193855113320093,0.5351714523232646,0.3872676943379553,4.52314867378855,5599.364910194448,12937.653725978089,synthetic
iot-gw1,2026-01-24 08:30:00,0.1719266438618447,0.5533272907929603,0.41082263221609067,4.312952201506532,9898.573743821918,8953.044745763169,synthetic
iot-gw1,2026-01-24 08:45:00,0.1747639566957593,0.5151288088349862,0.41525852964673876,5.129603766326044,7968.083970145421,1088.548349317517,synthetic
iot-gw1,2026-01-24 09:00:00,0.17584926018047295,0.5994791967297427,0.40896198727872407,4.094389616591179,3870.837502766156,8332.33838882908,synthetic
iot-gw1,2026-01-24 09:15:00,0.2784988560522277,0.49108481884425675,0.3662880536523039,3.9826092243146745,7051.406886256436,8430.203511785876,synthetic
iot-gw1,2026-01-24 09:30:00,0.12561509901692305,0.5891175171208831,0.41076068879856503,4.7873253231122765,9096.091226191304,16335.995625789037,synthetic
iot-gw1,2026-01-24 09:45:00,0.11926543625570776,0.540467447124742,0.37931383896651205,3.5786147580443286,9838.896141423797,3900.0173047815533,synthetic
iot-gw1,2026-01-24 10:00:00,0.10117363630512732,0.6085623546733661,0.4047055222317653,4.733815023192001,7577.0363076667445,7632.628390902815,synthetic
iot-gw1,2026-01-24 10:15:00,0.18695876535452974,0.587543449436563,0.3715253112920188,4.56153191023576,12595.336671803158,14970.484381905975,synthetic
iot-gw1,2026-01-24 10:30:00,0.2177383375632535,0.6410323078823401,0.4089264429508613,4.411534506049099,11022.532312959676,10574.924194712918,synthetic
iot-gw1,2026-01-24 10:45:00,0.1431631525407075,0.5865387345569323,0.38386802191385255,5.452965664289557,7230.037650800741,10971.595757307487,synthetic
iot-gw1,2026-01-24 11:00:00,0.09959061138224831,0.471397987217338,0.3743473069947896,4.126675532823169,10250.365436410833,9401.045529583575,synthetic
iot-gw1,2026-01-24 11:15:00,0.10053112705852563,0.54665234135509,0.414276402729648,5.736178902314447,13801.38045556456,10154.802385300425,synthetic
iot-gw1,2026-01-24 11:30:00,0.18903556726948206,0.49139964037025924,0.40483289043353504,4.36474113046314,13881.453802349082,11721.633355974876,synthetic
iot-gw1,2026-01-24 11:45:00,0.19459525027220653,0.5240860078816864,0.3877204639721421,3.7337901330178633,4316.000357532508,6166.797883875318,synthetic
iot-gw1,2026-01-24 12:00:00,0.1825892560983117,0.6255614216638361,0.4290235769804213,4.541951748596895,5220.400666528548,12073.205026178699,synthetic
iot-gw1,2026-01-24 12:15:00,0.11006941756267834,0.5818766905448849,0.39118695156860517,3.854252879808739,12454.756360201553,4194.489440900613,synthetic
iot-gw1,2026-01-24 12:30:00,0.16392967938400319,0.5150534785710628,0.40064215347941873,4.0489464913118995,4825.156847487088,10149.287904910383,synthetic
iot-gw1,2026-01-24 12:45:00,0.1570011485484437,0.4993141316779801,0.40537826895357204,4.738219980009295,4032.376600124963,9625.593371502146,synthetic
iot-gw1,2026-01-24 13:00:00,0.16312131580374079,0.551639104643813,0.38760668131742776,4.833349253190075,6541.417607902859,6842.974191327622,synthetic
iot-gw1,2026-01-24 13:15:00,0.20228572667689138,0.4891719925309437,0.4094227258679986,4.126699379847445,9260.680128423757,8920.601536360236,synthetic
iot-gw1,2026-01-24 13:30:00,0.16341573292648093,0.516442986130171,0.3893309530567055,5.09244308702784,7692.809880166711,6821.1094656705645,synthetic
iot-gw1,2026-01-24 13:45:00,0.19073481378431367,0.5656004735775623,0.39176723355567583,5.194504654812681,6048.309138783224,5249.045355983895,synthetic
iot-gw1,2026-01-24 14:00:00,0.15405474416933349,0.6077656018053349,0.42725285279606684,5.361781053937975,5977.362614826473,7762.348404352245,synthetic
iot-gw1,2026-01-24 14:15:00,0.16734716392139903,0.580438073611222,0.3791882789497514,4.817648044275433,5862.988806761874,5136.039776199184,synthetic
iot-gw1,2026-01-24 14:30:00,0.1878772935503124,0.43543552457009504,0.3517443933814102,5.318057227251419,5361.471114023172,10129.791124326368,synthetic
iot-gw1,2026-01-24 14:45:00,0.06257065080866,0.565218336451513,0.4322187399002379,3.3715209432155655,14844.898631828186,4974.700770466728,synthetic
iot-gw1,2026-01-24 15:00:00,0.13081972701856193,0.5536016786616289,0.4509865590521401,4.309256070822922,8892.533213556664,11491.919580468679,synthetic
iot-gw1,2026-01-24 15:15:00,0.12177764074243226,0.5706945142686347,0.3918946146910134,3.9797968462059443,10660.277163214216,4864.82326224913,synthetic
iot-gw1,2026-01-24 15:30:00,0.11166732910539948,0.6308104840825604,0.3612632391875963,4.571535516676435,6532.767595643229,7017.967795466478,synthetic
iot-gw1,2026-01-24 15:45:00,0.13349146492639896,0.4468380861597629,0.39379032047608115,4.157130468481958,7442.129968441854,6813.888071246874,synthetic
iot-gw1,2026-01-24 16:00:00,0.23969647867406374,0.5204448287404447,0.3942755410031866,4.400305294830161,5859.338055888935,13638.013551061937,synthetic
iot-gw1,2026-01-24 16:15:00,0.0980501330584054,0.5795453161396678,0.39620152317955487,5.62930492812243,44.87499524239411,10156.01480965807,synthetic
iot-gw1,2026-01-24 16:30:00,0.20809670127548885,0.4709202800273029,0.37773223916156307,4.398168122147773,3865.9721694564014,8258.93169109462,synthetic
iot-gw1,2026-01-24 16:45:00,0.04902781370305172,0.6237974524026755,0.4115912228495296,4.748275390314128,2568.1439600588155,10745.518043744032,synthetic
iot-gw1,2026-01-24 17:00:00,0.1299068982008535,0.5684178306350329,0.41049014750572177,4.360638402045459,1250.6486661451772,1624.8267843460917,synthetic
iot-gw1,2026-01-24 17:15:00,0.15976518390630032,0.5923291992921702,0.3701118876036139,4.5454279727741005,4413.923077105692,8849.032436256824,synthetic
iot-gw1,2026-01-24 17:30:00,0.18517333988155668,0.5214528169239103,0.41398393463389777,4.503610008261643,11974.867038144892,15991.29962231667,synthetic
iot-gw1,2026-01-24 17:45:00,0.1926735947875713,0.5906881844983106,0.44105369963891783,4.768994439583896,7866.691496886937,9463.212772409353,synthetic
iot-gw1,2026-01-24 18:00:00,0.1976008341119955,0.603423577799452,0.4034392066487412,5.199184521328306,11871.691286963522,9237.696092092674,synthetic
iot-gw1,2026-01-24 18:15:00,0.12907649566509374,0.5616439010068585,0.3932534967586299,5.488436398561998,9232.947730702626,10918.449328747687,synthetic
iot-gw1,2026-01-24 18:30:00,0.12225889244012597,0.5617200446349349,0.3971599357118496,4.6857720491455,10347.676477145478,12134.61835160021,synthetic
iot-gw1,2026-01-24 18:45:00,0.2014785528754292,0.5635171619640863,0.41230513533937124,4.853728131621361,5297.309014086275,2008.866574885491,synthetic
iot-gw1,2026-01-24 19:00:00,0.1385217405071031,0.506832736763031,0.3653865678898557,3.80948129448866,9571.852862578013,3111.857313731406,synthetic
iot-gw1,2026-01-24 19:15:00,0.07345882059972468,0.5426235659879824,0.40328781405954606,4.447273954550628,10186.142702223038,9736.019518801513,synthetic
iot-gw1,2026-01-24 19:30:00,0.08200276715979116,0.5423738733773821,0.3921907210107438,5.064173678930153,6270.058123298921,6497.932033358717,synthetic
iot-gw1,2026-01-24 19:45:00,0.09483286283990332,0.5691696932176749,0.4369565002591209,5.019581183050292,9678.621111848499,13592.0884177697,synthetic
iot-gw1,2026-01-24 20:00:00,0.17982964464322584,0.5999912123455148,0.39651654532390085,4.62696583967703,9698.563275724498,7896.889635401716,synthetic
iot-gw1,2026-01-24 20:15:00,0.15854554416423391,0.49707319590107957,0.4333577522223904,5.031836375740771,6351.342136609752,2229.1424250040873,synthetic
iot-gw1,2026-01-24 20:30:00,0.19142912124406608,0.5437495484840211,0.3779251860443599,4.794460025396291,4631.694703187015,4561.951291046011,synthetic
iot-gw1,2026-01-24 20:45:00,0.12436484121980794,0.6240727773829488,0.41174518333605586,5.220183754955593,4447.615004305183,0.0,synthetic
iot-gw1,2026-01-24 21:00:00,0.15951238146460284,0.5128205885593718,0.4063880052758246,4.673615494174267,8259.516625764385,8180.560619509806,synthetic
iot-gw1,2026-01-24 21:15:00,0.1875354236380402,0.508887499135484,0.3826190550427044,4.286581010657379,8981.029606367945,8340.655554574658,synthetic
iot-gw1,2026-01-24 21:30:00,0.13143920761678568,0.5601153095915598,0.40354792229273884,4.7015047541598145,5622.422508626257,7514.380515763358,synthetic
iot-gw1,2026-01-24 21:45:00,0.17740651425344467,0.592219259524266,0.424250376736632,2.7416433744883344,8079.756023978296,12776.076636604084,synthetic
iot-gw1,2026-01-24 22:00:00,0.11028444353600092,0.550571302778033,0.39352416591426803,4.72973144183103,9711.611108415456,13194.819427808427,synthetic
iot-gw1,2026-01-24 22:15:00,0.12821676920609568,0.6164480295218495,0.3661607470166047,2.31095230487113,9854.572143995902,8403.640518253611,synthetic
iot-gw1,2026-01-24 22:30:00,0.12709572636010025,0.5928396991283263,0.3996487434704511,3.465921955556749,12655.640360367466,1528.5721638310042,synthetic
iot-gw1,2026-01-24 22:45:00,0.07824962126465762,0.5920910033445032,0.3819515381041498,4.7710611605645905,11830.94249659413,11160.485531722905,synthetic
iot-gw1,2026-01-24 23:00:00,0.1792183488471349,0.5777058250662047,0.3931531812267224,4.786517602360077,4996.125701730368,10943.760799780015,synthetic
iot-gw1,2026-01-24 23:15:00,0.12183585958783656,0.6663826550173043,0.3983682446062976,3.802542731916042,13050.758628614069,10082.870495549309,synthetic
iot-gw1,2026-01-24 23:30:00,0.15074964712366123,0.5397419155566978,0.36588695567968965,4.0727387748726365,6407.070486332856,12435.179122578405,synthetic
iot-gw1,2026-01-24 23:45:00,0.17884479953435453,0.44982388539667434,0.3676868332135865,5.322324593168479,11134.618437363282,4923.10166238636,synthetic
iot-gw1,2026-01-25 00:00:00,0.17679187056179663,0.6302127180758571,0.4096413367105105,4.209581921056395,8203.959878153266,16030.643851647987,synthetic
iot-gw1,2026-01-25 00:15:00,0.18992310653836716,0.5271150284521587,0.3895456260766064,5.845752187441791,6763.5518646290975,5642.002864003462,synthetic
iot-gw1,2026-01-25 00:30:00,0.14409087092943457,0.5553940222171517,0.34870511316358865,4.498848088094192,2576.9094206752015,11622.28024520299,synthetic
iot-gw1,2026-01-25 00:45:00,0.12460210127735077,0.6154775342430264,0.4156968807321627,4.74482170612876,7485.306469350955,3094.2830695532693,synthetic
iot-gw1,2026-01-25 01:00:00,0.14521690734561604,0.46988702294705376,0.40544739510548483,5.470124639099165,3321.850294083173,5744.073594554822,synthetic
iot-gw1,2026-01-25 01:15:00,0.04875993396251821,0.48741763929469306,0.38572250351927034,4.5786162697160515,10901.897707528316,14307.290263538676,synthetic
iot-gw1,2026-01-25 01:30:00,0.06317325165461476,0.46993610314405737,0.3736633957788352,3.898593611585519,12550.377971417744,8086.850619497025,synthetic
iot-gw1,2026-01-25 01:45:00,0.07063802325873586,0.5102931854987288,0.41671615792628675,4.434163528983426,5609.2670321099295,11939.729117964793,synthetic
iot-gw1,2026-01-25 02:00:00,0.0901651903439111,0.5719818303008497,0.4069870124512086,4.478633558285946,8905.912227557814,9829.343860517361,synthetic
iot-gw1,2026-01-25 02:15:00,0.1739864536034062,0.5762093921406386,0.4476520456536815,3.6811550086790605,5823.825433976073,8632.646453999396,synthetic
iot-gw1,2026-01-25 02:30:00,0.09567125667839635,0.5638137089664277,0.4084037719744988,4.346500757195506,6114.545809589631,13773.476137264413,synthetic
iot-gw1,2026-01-25 02:45:00,0.1273102467576366,0.47936170580538173,0.4077540628252403,4.054684743601538,10323.484111596114,8171.6941137183485,synthetic
iot-gw1,2026-01-25 03:00:00,0.2279536978671639,0.4344948281683678,0.3966614413978287,5.05461465431246,7884.385214469762,2767.4166235278535,synthetic
iot-gw1,2026-01-25 03:15:00,0.12862416173631444,0.5527176792695192,0.41633551734401586,4.520767124511154,13218.944125793034,6188.659678169032,synthetic
iot-gw1,2026-01-25 03:30:00,0.19425093410802519,0.5264111983180833,0.4125017040249631,4.3303225505114575,6553.302563891237,10929.17105045593,synthetic
iot-gw1,2026-01-25 03:45:00,0.09398293919940737,0.5729692885858306,0.4250345001713039,4.436290841626454,10998.008997423467,10384.281872268779,synthetic
iot-gw1,2026-01-25 04:00:00,0.1376737465279422,0.5850976813110635,0.3895735416272543,4.633873211043699,8292.240238873346,3515.296124175966,synthetic
iot-gw1,2026-01-25 04:15:00,0.09299867670536513,0.5569120716029341,0.39129185054112076,4.8700885198138675,10387.3340292327,6464.801182071296,synthetic
iot-gw1,2026-01-25 04:30:00,0.12965801544596625,0.5880066542687927,0.39041793658176044,3.9001726627983713,6658.5270280101595,6963.975277792137,synthetic
iot-gw1,2026-01-25 04:45:00,0.20041848824744374,0.5614605687057534,0.4158160344235798,3.875047420427237,7851.323487345252,7720.856420600212,synthetic
iot-gw1,2026-01-25 05:00:00,0.04636077460845908,0.5765032352800734,0.42996748880593466,5.162807529241518,7653.503362103196,4184.30243989457,synthetic
iot-gw1,2026-01-25 05:15:00,0.17606541861275143,0.514766336856506,0.390823190137014,4.252597876677162,5491.828655462638,6800.701121581825,synthetic
iot-gw1,2026-01-25 05:30:00,0.16426413613993668,0.5410194293084272,0.3915045254441382,3.6498947444418754,9986.244603745257,6449.863301591654,synthetic
iot-gw1,2026-01-25 05:45:00,0.11435100265819234,0.5598388048328479,0.406281544477396,4.766287625629863,9950.747016735093,11700.366409166718,synthetic
iot-gw1,2026-01-25 06:00:00,0.06323652873669272,0.591026423770871,0.395084769999742,4.778021883619612,9780.6640847167,11831.924588465852,synthetic
iot-gw1,2026-01-25 06:15:00,0.15432777046283216,0.5303129413887714,0.4190410730627978,3.581570845645976,12610.896961752933,8489.663396689144,synthetic
iot-gw1,2026-01-25 06:30:00,0.11823043745617184,0.5760583627866057,0.35496445418761907,4.637689029278164,12348.03440370891,7627.860714452439,synthetic
iot-gw1,2026-01-25 06:45:00,0.16396057268128222,0.5367080604042311,0.3834658990616621,4.941349855457024,6875.165930452594,9489.735092136896,synthetic
iot-gw1,2026-01-25 07:00:00,0.15131112873140656,0.5441228916335935,0.3843516733207711,4.724631871023758,9119.156955302535,6141.987123905488,synthetic
iot-gw1,2026-01-25 07:15:00,0.24610673347925494,0.5914759521012037,0.3535928797522771,4.879188890256837,6129.197932225362,4986.087712413957,synthetic
iot-gw1,2026-01-25 07:30:00,0.13563866235161853,0.45034698144729224,0.38072723111262397,3.6574385411455506,8070.065948343667,5709.22576875999,synthetic
iot-gw1,2026-01-25 07:45:00,0.0885901504426881,0.485176383596262,0.38169687768308147,4.698624092997718,6200.751652643406,6778.153926099902,synthetic
iot-gw1,2026-01-25 08:00:00,0.16075653809737897,0.475890730127859,0.3959779069096234,4.318428144317732,12860.210927408152,4927.841700727051,synthetic
iot-gw1,2026-01-25 08:15:00,0.1631998010383059,0.4333191940075848,0.4222593178332053,4.210325904765213,9091.094451028888,9567.208456720062,synthetic
iot-gw1,2026-01-25 08:30:00,0.23155125451442618,0.5160867779922412,0.395098786976186,5.022333365651836,7345.912615686733,11554.004858242979,synthetic
iot-gw1,2026-01-25 08:45:00,0.2001066747548747,0.5874716949863871,0.37938372559457695,5.387564706404538,11580.85571556913,3445.1559472061535,synthetic
iot-gw1,2026-01-25 09:00:00,0.17141226354897054,0.5357557966808713,0.3988609091757294,5.576622032760215,1488.1537706137651,9087.950489256116,synthetic
iot-gw1,2026-01-25 09:15:00,0.2377981734731737,0.5598895040970927,0.420983472428827,5.288884722903543,1957.6922154041304,8230.224716567825,synthetic
iot-gw1,2026-01-25 09:30:00,0.07867421674062894,0.6044608748355397,0.3804808236777019,4.43415949102189,10387.515965659322,10195.280399378811,synthetic
iot-gw1,2026-01-25 09:45:00,0.11161490803501514,0.6163843066133846,0.381788502321571,4.711632097815806,8181.405344352104,8954.714311637441,synthetic
iot-gw1,2026-01-25 10:00:00,0.0944054435156685,0.546543103263693,0.4111709791854845,4.960093723070546,8751.338900782283,3912.4025202392922,synthetic
iot-gw1,2026-01-25 10:15:00,0.1266114118106539,0.6176792944784699,0.395569277685384,4.5727067695796775,4020.811690044354,4581.637453999921,synthetic
iot-gw1,2026-01-25 10:30:00,0.06739883114662147,0.5546063329217055,0.4129496938141895,4.578458512746927,7930.298867448902,9102.982514547404,synthetic
iot-gw1,2026-01-25 10:45:00,0.18810905680886425,0.508130088808627,0.3997270641640941,4.994251879125709,14010.528231204025,12600.733219109283,synthetic
iot-gw1,2026-01-25 11:00:00,0.1366666381740736,0.5202799823900632,0.4140332729617914,4.4644304123844405,10472.598859387588,1250.3442013494896,synthetic
iot-gw1,2026-01-25 11:15:00,0.06175162232984052,0.47597317437174924,0.3792984377191872,4.062427838175803,8509.119635428437,10210.04302930553,synthetic
iot-gw1,2026-01-25 11:30:00,0.08906525512754751,0.5055933073133174,0.39975830698423465,4.251316160498485,6682.838269685187,13163.67701850675,synthetic
iot-gw1,2026-01-25 11:45:00,0.1688108308470117,0.5320991655962786,0.3957861997127369,4.8803462266402455,6816.281444391819,8464.409433278253,synthetic
iot-gw1,2026-01-25 12:00:00,0.20028759407366287,0.5901792509689301,0.37568218151791744,4.501795974719974,1612.4063323999471,10925.708736092543,synthetic
iot-gw1,2026-01-25 12:15:00,0.26980385350150715,0.6360384915582993,0.36873044104262626,4.704125986121003,8772.921262763482,6539.258216857692,synthetic
iot-gw1,2026-01-25 12:30:00,0.3248317479604398,0.48089092423114804,0.4137149807054933,4.902047545321314,10536.449325445563,8582.218302530931,synthetic
iot-gw1,2026-01-25 12:45:00,0.17486456599655978,0.569641373412996,0.39298095235564046,4.275095122261434,3273.1420184881545,3326.8026859214697,synthetic
iot-gw1,2026-01-25 13:00:00,0.09062771279808815,0.4979728030421233,0.3795543943670534,4.953748898177883,6015.749323079552,794.7984205339417,synthetic
iot-gw1,2026-01-25 13:15:00,0.022077223156121456,0.5737348544231602,0.39807642126153336,4.727305562075037,4527.606103299733,12299.680304288464,synthetic
iot-gw1,2026-01-25 13:30:00,0.16606268774063015,0.5434456674656137,0.4225603771469861,3.759112147853113,5103.94641557371,5552.517752964453,synthetic
iot-gw1,2026-01-25 13:45:00,0.10122353428138044,0.4584547087076235,0.3543852430925616,5.365382874711747,8160.4448804657,7405.652542487993,synthetic
iot-gw1,2026-01-25 14:00:00,0.12507856438921888,0.5964148495784243,0.3700672262019335,4.199553153745851,1746.793535034577,4147.452113554324,synthetic
iot-gw1,2026-01-25 14:15:00,0.11327419205641151,0.5197499643595634,0.38154227116209466,3.5069427940888898,9842.811315071192,4065.1060392064346,synthetic
iot-gw1,2026-01-25 14:30:00,0.1415525468150169,0.5233049880813223,0.4292235773344066,3.8729737742482184,10261.565209801047,8391.568049668842,synthetic
iot-gw1,2026-01-25 14:45:00,0.21395881384725862,0.4965123794355155,0.40565173965838597,3.8873729035930067,7246.6922358892625,6446.479820525237,synthetic
iot-gw1,2026-01-25 15:00:00,0.15942291404672068,0.5172858361656223,0.41534634480922455,4.53130399119452,557.8744700463749,10322.898492981445,synthetic
iot-gw1,2026-01-25 15:15:00,0.1404819097776787,0.5713945220347459,0.3771967816174754,4.335689696672258,5010.744121992831,10583.884466428572,synthetic
iot-gw1,2026-01-25 15:30:00,0.0878607748304513,0.5405377829531798,0.37760928249458947,4.297900819415644,11698.70580230809,10122.973762136126,synthetic
iot-gw1,2026-01-25 15:45:00,0.04951902331773858,0.5664331001141241,0.40895627433445425,4.871821179289487,0.0,9835.102768249553,synthetic
iot-gw1,2026-01-25 16:00:00,0.12082152545560014,0.5680960926964422,0.40116548661870893,4.703925216715622,6957.429763419443,14522.1887172616,synthetic
iot-gw1,2026-01-25 16:15:00,0.14677304695090077,0.6160330827764084,0.4109747763772826,4.689628722386572,4459.997664598222,5263.421808342899,synthetic
iot-gw1,2026-01-25 16:30:00,0.256075794814793,0.532860692456781,0.396246580181431,4.745897074397216,10413.71090475451,8807.727968289788,synthetic
iot-gw1,2026-01-25 16:45:00,0.15781647128837314,0.4761571091577135,0.40556287452909257,4.869680800801343,5974.658143569616,12964.41437181856,synthetic
iot-gw1,2026-01-25 17:00:00,0.20896437066138346,0.6033611208285992,0.4031623816981022,3.2352279949335343,9211.862062206834,13425.889332683128,synthetic
iot-gw1,2026-01-25 17:15:00,0.12004226408765087,0.5334255913951373,0.41555534778169856,4.281337048641324,9696.381257507279,4023.827227293995,synthetic
iot-gw1,2026-01-25 17:30:00,0.07890337401497852,0.6057296222288688,0.41614016563888945,3.1918739613063156,13508.67751919006,7906.7559542044555,synthetic
iot-gw1,2026-01-25 17:45:00,0.09209299426605769,0.5691688556591236,0.36760256011216463,4.521635956078677,7391.174168973889,13753.423835535412,synthetic
iot-gw1,2026-01-25 18:00:00,0.1064864361278548,0.5434431234898328,0.3550546288931829,4.497220216665393,9128.133108867834,10778.276868196728,synthetic
iot-gw1,2026-01-25 18:15:00,0.27770818394610985,0.5674387947023148,0.42003490795303017,5.1273193648738085,3544.833562617692,9683.420610179204,synthetic
iot-gw1,2026-01-25 18:30:00,0.10071679924653683,0.647550628006315,0.4237545018652388,5.212580635632673,11571.240689881231,8238.103572978702,synthetic
iot-gw1,2026-01-25 18:45:00,0.2003093522241807,0.6538490264526877,0.3795875396097333,4.62166502895142,5718.4734557859065,7656.696760022891,synthetic
iot-gw1,2026-01-25 19:00:00,0.09582436931477842,0.5534690567566389,0.36280329186908744,4.19978335356186,6317.737507736763,10008.766720816135,synthetic
iot-gw1,2026-01-25 19:15:00,0.20589438077245464,0.5580095296658538,0.40198069642014406,4.791096667527443,7933.256615452367,8116.690562554309,synthetic
iot-gw1,2026-01-25 19:30:00,0.17309705796635177,0.6038120078733193,0.41861676452701063,4.183249417605412,3311.3469639804516,8850.974826344445,synthetic
iot-gw1,2026-01-25 19:45:00,0.14060172614051458,0.5077169483616327,0.4359518904486863,4.499164409133991,8686.310086786814,9275.09547140263,synthetic
iot-gw1,2026-01-25 20:00:00,0.14755424843187395,0.5666535186309128,0.41032595144202905,5.091681790176461,10902.398818775033,6626.749650272754,synthetic
iot-gw1,2026-01-25 20:15:00,0.11071273827423657,0.5487068576023072,0.39256566606828613,4.165337192406346,8878.801470491875,10862.452808585034,synthetic
iot-gw1,2026-01-25 20:30:00,0.17676433208892484,0.5656954105728778,0.3821373875683028,4.9834071835455,3233.307307463825,19199.85626945397,synthetic
iot-gw1,2026-01-25 20:45:00,0.12270099117955319,0.5083315597025297,0.40022902583341313,4.906440821215382,7628.572117011021,2780.5467623587374,synthetic
iot-gw1,2026-01-25 21:00:00,0.07646365417396511,0.4705216253345516,0.39401470592229487,3.927124909721507,10226.086708938472,10134.04383466493,synthetic
iot-gw1,2026-01-25 21:15:00,0.07332374554082284,0.4463508282004355,0.3796986418854237,5.08433647693044,2366.033702102277,6339.33468983383,synthetic
iot-gw1,2026-01-25 21:30:00,0.16035527506332717,0.49413079435051965,0.4409751130172658,4.919139807222903,4775.701958546858,11020.909021317375,synthetic
iot-gw1,2026-01-25 21:45:00,0.2447454753846261,0.5270662357530334,0.43570336804144266,4.561155532423594,10629.630812244559,9162.951156647514,synthetic
iot-gw1,2026-01-25 22:00:00,0.1595994968144063,0.5353404206675619,0.4227209736711086,4.042605925183409,8810.28630259186,11666.491709148622,synthetic
iot-gw1,2026-01-25 22:15:00,0.14288170043340703,0.6468615581214758,0.38158299204381746,3.984476388854658,9235.914746380262,13114.273017780728,synthetic
iot-gw1,2026-01-25 22:30:00,0.16714956837615258,0.605299668495365,0.4171003864859456,4.177402453858186,13578.484422869935,9673.473912188634,synthetic
iot-gw1,2026-01-25 22:45:00,0.22836010450240948,0.5018954441829186,0.41279252818995804,4.825556677975176,9405.658335518609,12962.183009449624,synthetic
iot-gw1,2026-01-25 23:00:00,0.16316295008183138,0.5673854226225479,0.40885091248408106,3.9266248995591613,9973.664031299539,794.9573717396288,synthetic
iot-gw1,2026-01-25 23:15:00,0.12534436614997577,0.5296460881824838,0.42499330534087554,4.762507349171922,16132.23658165498,14566.583042706081,synthetic
iot-gw1,2026-01-25 23:30:00,0.21637732260359333,0.5357818080979952,0.41270742285722556,3.7549466826729647,7358.586325728528,10312.71753162319,synthetic
iot-gw1,2026-01-25 23:45:00,0.1757253863076968,0.5592662824707691,0.4148002847260867,4.37755884933669,5606.351709144515,12772.451745108137,synthetic
iot-gw1,2026-01-26 00:00:00,0.24214535951975952,0.5809585558487698,0.4127381256674442,4.565788652744406,9283.389194741398,4730.434893054674,synthetic
iot-gw1,2026-01-26 00:15:00,0.16099406623331436,0.5330370758057993,0.40681582816004214,5.96707808703535,9316.973088166684,6092.305414381325,synthetic
iot-gw1,2026-01-26 00:30:00,0.07653185809676998,0.603192576636718,0.36432777740571637,3.6736106066877796,6419.853824161375,9510.784029506709,synthetic
iot-gw1,2026-01-26 00:45:00,0.0679104480452601,0.49290308869287985,0.40167242154821114,5.38320873989408,4902.808941335457,8940.36738731888,synthetic
iot-gw1,2026-01-26 01:00:00,0.24905567593387495,0.5503169531181135,0.3888761608230175,4.5899054483923685,14929.533266270235,9990.740058034964,synthetic
iot-gw1,2026-01-26 01:15:00,0.2534199432469978,0.6798836863297917,0.3744031808471996,4.746703150809578,8980.530411164069,12795.803063254882,synthetic
iot-gw1,2026-01-26 01:30:00,0.13922884720304396,0.5611539871312639,0.4336363323860165,4.571008748032923,5803.143855793773,2821.7288964400277,synthetic
iot-gw1,2026-01-26 01:45:00,0.12700876073184073,0.6216607253303087,0.4345799068177141,4.76683609091714,10747.790906838796,12408.366751010582,synthetic
iot-gw1,2026-01-26 02:00:00,0.2376866575345321,0.5545760089086604,0.4271844120059123,4.407788937382789,7672.564545315997,9028.986684852745,synthetic
iot-gw1,2026-01-26 02:15:00,0.08357725907739072,0.5790388547664899,0.4051042683371175,5.372430108874475,7241.355661046506,8286.763486064083,synthetic
iot-gw1,2026-01-26 02:30:00,0.0963163788626504,0.5471608402803655,0.42701250241905314,4.226117313465166,9686.81861574348,3851.0966796528837,synthetic
iot-gw1,2026-01-26 02:45:00,0.18859960768134265,0.5414796209417898,0.40024106361203654,5.179340743307549,4124.35319530493,10760.670339319027,synthetic
iot-gw1,2026-01-26 03:00:00,0.12632369262842463,0.5110258801637291,0.4040559455379556,4.113379727872187,9057.881611751516,550.6225213913694,synthetic
iot-gw1,2026-01-26 03:15:00,0.14969268799679572,0.5715150679478778,0.3781305725907604,4.463848892159228,13738.864423195257,11269.379039335494,synthetic
iot-gw1,2026-01-26 03:30:00,0.14019342608852925,0.5074231405407117,0.4079398260899768,3.8568224686258685,9398.532986591932,3777.6295758445285,synthetic
iot-gw1,2026-01-26 03:45:00,0.170254472927936,0.5832792618156715,0.40120771856848836,4.773014232208512,6871.363688649606,9187.10269416116,synthetic
iot-gw1,2026-01-26 04:00:00,0.23444891167882298,0.6042643502222955,0.3739469576633107,5.36707557415592,6478.684158715274,8582.909069352278,synthetic
iot-gw1,2026-01-26 04:15:00,0.15543509441410472,0.5683265703618615,0.39897605776366807,4.453586292107487,6768.980079964672,13093.383515528592,synthetic
iot-gw1,2026-01-26 04:30:00,0.18863632759661147,0.5356875633222155,0.39840540872286384,4.381868580777654,7238.111965856657,8374.706908451384,synthetic
iot-gw1,2026-01-26 04:45:00,0.026989673938138642,0.5726982789654349,0.4359512233328928,3.831229822159244,6866.580401725184,6570.515035990171,synthetic
iot-gw1,2026-01-26 05:00:00,0.14707689588419293,0.5345663472226794,0.4178842665702682,4.362424407868615,10748.9343232237,7226.89056410079,synthetic
iot-gw1,2026-01-26 05:15:00,0.09940618378242773,0.5967773562732575,0.4002289087818293,3.5443234441670834,2800.3726903730503,13455.089690641322,synthetic
iot-gw1,2026-01-26 05:30:00,0.07687121637458232,0.45842969578924386,0.40497574619602167,3.9522732079687035,10586.000151236402,10877.039392133127,synthetic
iot-gw1,2026-01-26 05:45:00,0.09731085798427495,0.5332196315940677,0.40088424756208396,4.636071627665482,6860.940424572316,7650.295064668935,synthetic
iot-gw1,2026-01-26 06:00:00,0.12995259355795127,0.45045940024380016,0.3959417203040891,5.291407918644838,9130.843357086116,8172.4375301242035,synthetic
iot-gw1,2026-01-26 06:15:00,0.2049541525413608,0.4752469584886398,0.3783514560522343,6.185526516737702,4619.036269397409,3514.8801829509357,synthetic
iot-gw1,2026-01-26 06:30:00,0.07041643693562616,0.6181931114906956,0.39697896244786146,4.1480489489574595,11985.893200548308,10359.659702980392,synthetic
iot-gw1,2026-01-26 06:45:00,0.15183788955566505,0.5947592490985844,0.38507803486694975,5.361180093987264,11736.90488051562,2840.64502306587,synthetic
iot-gw1,2026-01-26 07:00:00,0.12094983399998528,0.5140259883357605,0.3749936892215371,4.646251488240988,10878.771577250222,11631.287630424096,synthetic
iot-gw1,2026-01-26 07:15:00,0.13033961433828234,0.4748748271979552,0.41022443629095073,4.409251411952175,3455.735672619382,9450.17557371943,synthetic
iot-gw1,2026-01-26 07:30:00,0.21016546951827625,0.4017735581079175,0.40782529319866473,4.759556671035691,10487.363213198158,17354.33129850873,synthetic
iot-gw1,2026-01-26 07:45:00,0.18228692622023557,0.5228252246033683,0.3642658497726385,4.537149890207975,9214.565262907126,5149.52556196493,synthetic
iot-gw1,2026-01-26 08:00:00,0.23024388644656463,0.6710207506123702,0.3975463072500975,4.566237435367331,3184.186258602297,8640.682681357785,synthetic
iot-gw1,2026-01-26 08:15:00,0.14072965924500597,0.5717442135731824,0.4199140277179985,4.255000102303999,7927.107848687553,15294.00695323072,synthetic
iot-gw1,2026-01-26 08:30:00,0.10824344329975781,0.5220213856975255,0.4211844747779264,3.66113420412069,9093.603467099787,13169.86374101995,synthetic
iot-gw1,2026-01-26 08:45:00,0.13656847098717,0.5732540104750153,0.4205167368577048,3.573824878486751,9668.225821469452,6563.257819470351,synthetic
iot-gw1,2026-01-26 09:00:00,0.1645498074762733,0.4719520823502779,0.4007782641380292,4.891946929968737,8531.784100846568,9783.885999307067,synthetic
iot-gw1,2026-01-26 09:15:00,0.16059440150722265,0.5351338318651183,0.383099093440617,4.333979945948572,8873.69425054214,9006.997747452806,synthetic
iot-gw1,2026-01-26 09:30:00,0.084936715665998,0.554973873650787,0.37832602345283883,4.1423466602063,12420.834176759286,9986.84553587955,synthetic
iot-gw1,2026-01-26 09:45:00,0.15542938689767244,0.5456949674089476,0.40689209809500715,4.505103376033892,11678.10172973204,6554.618474053095,synthetic
iot-gw1,2026-01-26 10:00:00,0.16369369980833431,0.589540306084504,0.40758560068730326,4.976959351749376,0.0,8687.378590547429,synthetic
iot-gw1,2026-01-26 10:15:00,0.3010484422520352,0.5672322613118027,0.42574662223210136,4.608218365815839,7047.684335486954,3406.8166865315015,synthetic
iot-gw1,2026-01-26 10:30:00,0.2626106766769002,0.5834163009053999,0.4219995930068417,4.10636703801542,7506.046917368146,9472.932081538287,synthetic
iot-gw1,2026-01-26 10:45:00,0.0988053989664708,0.515581385888462,0.3973554268693766,5.23577577338937,2743.7042818190866,10575.072356976412,synthetic
iot-gw1,2026-01-26 11:00:00,0.13275699830704943,0.5948907704205274,0.37511588242278265,5.447511301788979,8282.549174696936,8204.032055746406,synthetic
iot-gw1,2026-01-26 11:15:00,0.062193479889779815,0.6314468473811996,0.39361786805978205,4.796733993193712,11746.27331723152,3347.3218829532425,synthetic
iot-gw1,2026-01-26 11:30:00,0.11455757916219081,0.5014925240174294,0.4043446238962105,5.084198106806454,4740.2964212282295,12459.861519980119,synthetic
iot-gw1,2026-01-26 11:45:00,0.16893630021542042,0.505615217214272,0.39595833509221195,5.245175998088286,9009.202816069617,10275.837632974808,synthetic
iot-gw1,2026-01-26 12:00:00,0.222351217253294,0.6167892168160117,0.3884421178384469,5.178059589842708,5252.529568110687,6458.9471580465815,synthetic
iot-gw1,2026-01-26 12:15:00,0.10625496973538348,0.540432800665247,0.405057696299398,4.868459506267574,5984.26392896097,8017.898436066776,synthetic
iot-gw1,2026-01-26 12:30:00,0.11075121359593221,0.6201910696033279,0.3899208451717878,4.85900822824493,12432.180902510107,3747.657090263564,synthetic
iot-gw1,2026-01-26 12:45:00,0.021162658215680696,0.5278732144053908,0.38743867832549256,4.8117963440079015,6372.326539664526,5411.064552777334,synthetic
iot-gw1,2026-01-26 13:00:00,0.14024004476730553,0.6227522788135356,0.4062290566860688,3.8415973952717737,9386.637467031875,7117.660287750012,synthetic
iot-gw1,2026-01-26 13:15:00,0.08625513528842621,0.5565742908402727,0.39196014839741594,4.920433894115751,2386.3456518170387,13299.47284298053,synthetic
iot-gw1,2026-01-26 13:30:00,0.11823363435803558,0.5629114411661348,0.4048820877795671,3.6865116173240677,13586.95268418464,6761.738131893835,synthetic
iot-gw1,2026-01-26 13:45:00,0.0973883533099447,0.6282359010834953,0.40546408045704246,4.0232403269249675,9807.957338919497,11240.747807650656,synthetic
iot-gw1,2026-01-26 14:00:00,0.14434424674484658,0.5319114761277914,0.37721141997816854,5.282139040684853,7452.500472049215,7115.893289984471,synthetic
iot-gw1,2026-01-26 14:15:00,0.04453629651860212,0.5029438952037522,0.3903751775226918,5.004132097616519,9726.639529999684,9867.816462981562,synthetic
iot-gw1,2026-01-26 14:30:00,0.06197728527654056,0.5275717895985823,0.4287555387983293,5.392438973811518,3770.541713156569,8505.115742496693,synthetic
iot-gw1,2026-01-26 14:45:00,0.2777548267216979,0.5726166975321569,0.37675840974531427,4.3369953697876245,11547.592225257971,12055.698100324602,synthetic
iot-gw1,2026-01-26 15:00:00,0.07275464512355814,0.4717120463909743,0.3576669110205894,3.8086506952339394,7028.045673510709,7128.1603162350475,synthetic
iot-gw1,2026-01-26 15:15:00,0.08419286529272162,0.5818735451325561,0.3627630969351498,4.355737681757795,7387.791454854696,3496.1511249914565,synthetic
iot-gw1,2026-01-26 15:30:00,0.26021481169927885,0.5230614341191129,0.4005821989315334,4.561218778344345,6525.033155103547,4163.1783902272855,synthetic
iot-gw1,2026-01-26 15:45:00,0.32430403015442444,0.6073906330366782,0.400618345560654,4.547393229804006,6258.045791763246,7138.428771200349,synthetic
iot-gw1,2026-01-26 16:00:00,0.0797060022704795,0.43028698475497645,0.3976477828914976,5.180208287254021,10084.011834885227,4628.2901026268155,synthetic
iot-gw1,2026-01-26 16:15:00,0.12790506259271817,0.5106717112447916,0.42428379657857007,4.283237744997932,8767.720550312668,10435.74205487843,synthetic
iot-gw1,2026-01-26 16:30:00,0.17049333305643055,0.46567659243829496,0.34654331133794125,4.711220683081755,9955.24442420912,7369.811422996728,synthetic
iot-gw1,2026-01-26 16:45:00,0.25372185866433555,0.5086885266818024,0.4079186774886165,3.9068237103392365,7973.615931543286,17311.12292509251,synthetic
iot-gw1,2026-01-26 17:00:00,0.09078857529430576,0.5623832950554472,0.43122876403607147,4.770190366826288,9539.599433231542,2917.998917020038,synthetic
iot-gw1,2026-01-26 17:15:00,0.13528332924347342,0.5410386687275123,0.37744438470216574,4.501865130111382,6743.453768224885,9712.716125484305,synthetic
iot-gw1,2026-01-26 17:30:00,0.19664025456370463,0.5373311215525993,0.3924038697642021,4.05011199702929,14689.195524228646,5052.164417730159,synthetic
iot-gw1,2026-01-26 17:45:00,0.17608596446799712,0.542040756430997,0.3849421616554276,4.358502382695089,3296.2087507085043,7273.095308660625,synthetic
iot-gw1,2026-01-26 18:00:00,0.12743063572619404,0.5601694120309972,0.38211307907844944,4.389494552090867,11782.811970688954,9494.968156691904,synthetic
iot-gw1,2026-01-26 18:15:00,0.14197062212903752,0.49957319790284466,0.39347475989953923,4.3379069223977424,12103.722352162913,861.2001879399959,synthetic
iot-gw1,2026-01-26 18:30:00,0.06750625149780108,0.5853424820449525,0.4285497056736901,5.56280474536061,5443.523582103218,9828.891408758096,synthetic
iot-gw1,2026-01-26 18:45:00,0.1357095753615201,0.5831332985192742,0.43674773350975044,4.4409323986152724,14687.82083166792,15660.176117959587,synthetic
iot-gw1,2026-01-26 19:00:00,0.1340167505994627,0.5692518968828051,0.3932812154991971,4.353662333893597,10986.470848835954,7412.965955709925,synthetic
iot-gw1,2026-01-26 19:15:00,0.16393019337757536,0.5778266721375632,0.4381012042812894,3.241529425433915,10913.417020468734,9909.327498819282,synthetic
iot-gw1,2026-01-26 19:30:00,0.11668036687085903,0.5648209000404331,0.4007115295396925,3.9634755888123134,8084.0665610776305,12587.225925938897,synthetic
iot-gw1,2026-01-26 19:45:00,0.17829231135270834,0.6517536651365534,0.43507382053402166,4.342155945326188,7348.32152534397,8426.162749905512,synthetic
iot-gw1,2026-01-26 20:00:00,0.21076294906918971,0.5456452914473745,0.3981340270069302,4.088488394294014,7371.773518881176,6966.639340139809,synthetic
iot-gw1,2026-01-26 20:15:00,0.15932575966010795,0.5346458390832712,0.4026211565209229,5.3290245560266785,9171.59178895855,1034.9225869738675,synthetic
iot-gw1,2026-01-26 20:30:00,0.1711053845039522,0.5123236209821311,0.4073094894528567,4.401037334762269,12203.558825101689,11243.467517882407,synthetic
iot-gw1,2026-01-26 20:45:00,0.15318932085467205,0.4983868664711082,0.46357707358735073,5.2730665495909514,8543.94265358426,8603.91056594886,synthetic
iot-gw1,2026-01-26 21:00:00,0.15000506358548485,0.48777641061994625,0.4170257114968958,4.537022780430221,5265.669130588129,5455.606520141434,synthetic
iot-gw1,2026-01-26 21:15:00,0.10670651798742915,0.5055601343384541,0.3858547094009708,4.522336701852946,10473.281187154938,9443.088485971928,synthetic
iot-gw1,2026-01-26 21:30:00,0.16898965570039848,0.5464659809173965,0.4193799574055172,4.4467221313725,10763.452239184377,6957.1187511783655,synthetic
iot-gw1,2026-01-26 21:45:00,0.14416280409519064,0.5667147564248858,0.3927633492583132,4.502277750972875,9963.978585343359,7150.50854109566,synthetic
iot-gw1,2026-01-26 22:00:00,0.2755900985358357,0.5525571029276082,0.39020499634197586,5.531277001829915,10236.496719574949,11122.01904638048,synthetic
iot-gw1,2026-01-26 22:15:00,0.24440129414851453,0.5117232361285144,0.41817202719784224,3.108233563949269,7187.2156095265755,4315.661560366544,synthetic
iot-gw1,2026-01-26 22:30:00,0.17315079315339005,0.5950092282009982,0.4006217117554231,3.299072553336793,5213.032498608261,12665.603501258154,synthetic
iot-gw1,2026-01-26 22:45:00,0.10421656741831395,0.5869706336150474,0.40557151829023613,4.174097501366331,5395.419708077661,4108.098429085587,synthetic
iot-gw1,2026-01-26 23:00:00,0.08325531168099493,0.5420175846288992,0.40027970443730587,4.508716729162542,3093.6102546264265,6680.545070756576,synthetic
iot-gw1,2026-01-26 23:15:00,0.22146857718533192,0.5173541927667644,0.40673166253210874,4.914062654858407,8710.84583463785,15730.31167923302,synthetic
iot-gw1,2026-01-26 23:30:00,0.1657649535088283,0.57742139604149,0.408499317948723,4.783852318816485,7749.653650320219,12945.741665748477,synthetic
iot-gw1,2026-01-26 23:45:00,0.17880860420349665,0.5593986793743053,0.36126066134589174,4.269452452271658,6680.036886410873,9341.61397373404,synthetic
iot-gw1,2026-01-27 00:00:00,0.04532484078154844,0.4775936370292477,0.4133314533721907,5.111426215945057,0.0,5708.144245745742,synthetic
iot-gw1,2026-01-27 00:15:00,0.20564630889349084,0.5466009872007798,0.380359611603394,5.118117241891639,4258.047590917493,7147.546926550373,synthetic
iot-gw1,2026-01-27 00:30:00,0.17726522029286176,0.5631017906037191,0.3711540172888118,4.61043469876294,11362.5219542095,9256.463601049938,synthetic
iot-gw1,2026-01-27 00:45:00,0.08337415893513131,0.5050152606756123,0.39883177512282636,5.077594543492105,6006.121999810607,9131.331313188595,synthetic
iot-gw1,2026-01-27 01:00:00,0.12170851155300305,0.5594921696418722,0.4016796200662891,4.663587158059277,9081.775032970525,8681.95174630913,synthetic
iot-gw1,2026-01-27 01:15:00,0.16582303226139117,0.47725887573711057,0.3861298767085544,4.16311018393027,3827.9437100742316,8892.086200705355,synthetic
iot-gw1,2026-01-27 01:30:00,0.15314800790137462,0.6168093050006086,0.4166206371533595,4.918690103400003,12316.116447077693,8249.6871160321,synthetic
iot-gw1,2026-01-27 01:45:00,0.1324697288517867,0.6123974992529716,0.3731564966725819,4.566367873547207,7567.917019835971,3953.074425259955,synthetic
rpi4,2026-01-24 01:45:00,0.11968749999998216,0.7775088522033017,0.6920851032920667,83.63692000001672,39131.68833333333,44040.384999999995,real
rpi4,2026-01-24 02:00:00,0.11414583333334243,0.7789762446379825,0.6923366709618833,83.51606250001738,35003.036458333336,39992.42395833333,real
rpi4,2026-01-24 02:15:00,0.11790860215053317,0.7800027004021252,0.6921861664639668,83.63143225805734,39121.65913978495,43827.91505376344,real
rpi4,2026-01-24 02:30:00,0.12430989583333432,0.7862787924086833,0.6919494304758258,83.60942187498634,38049.38958333333,42968.87291666667,real
rpi4,2026-01-24 02:45:00,0.11209408602150576,0.7786891308814464,0.6920260152751336,83.4466645161311,36082.110752688175,40984.30752688172,real
rpi4,2026-01-24 03:00:00,0.11170312500000673,0.7820749057584817,0.6923382839962118,83.45903749996796,35442.23645833333,40409.379166666666,real
rpi4,2026-01-24 03:15:00,0.11578763440861373,0.7704234180214102,0.6920800141070714,83.57176451612544,38788.804301075266,43527.23440860215,real
rpi4,2026-01-24 03:30:00,0.11438541666666373,0.774129988301053,0.6921910738272177,83.52076875002433,36444.83541666667,41829.525,real
rpi4,2026-01-24 03:45:00,0.11461290322580535,0.7731447189107818,0.6921865698566556,83.43525390087495,35105.02473118279,40024.43548387097,real
rpi4,2026-01-24 04:00:00,0.12002604166670988,0.776760366567009,0.6921252387457099,83.64122187498336,38162.034374999996,43896.23541666666,real
rpi4,2026-01-24 04:15:00,0.11325268817202394,0.7759177132122625,0.6920903478261613,83.38468387094876,33927.90860215054,38906.611827956986,real
rpi4,2026-01-24 04:30:00,0.11153124999999989,0.781121604055635,0.6919805229596978,83.48125312499081,37591.401041666664,42837.479166666664,real
rpi4,2026-01-24 04:45:00,0.220389784946232,0.7779329847410507,0.692238560307973,85.2343225806631,41346.70215053763,41854.39462365591,real
rpi4,2026-01-24 05:00:00,0.13592968749998938,0.7756849733523983,0.6922621762141227,83.56010312500099,38427.317708333336,43272.990625,real
rpi4,2026-01-24 05:15:00,0.1190376344086101,0.7744709350352016,0.6917911248621861,83.45199677415432,34158.86666666667,39488.57849462366,real
rpi4,2026-01-24 05:30:00,0.12396875000001037,0.7735601845833875,0.6916528400246432,83.71962812502558,37982.879166666666,42876.104166666664,real
rpi4,2026-01-24 05:45:00,0.1132553763440785,0.7831225538088669,0.6919514562903057,83.5131193548441,35564.09892473118,40931.62365591397,real
rpi4,2026-01-24 06:00:00,0.11303385416665909,0.7768108020278175,0.6921383508855857,83.50713750002906,35020.73229166667,40382.70625,real
rpi4,2026-01-24 06:15:00,0.11545161290323763,0.7730804795310358,0.6916366082967602,83.52359354842095,37407.4505376344,42268.95376344086,real
rpi4,2026-01-24 06:30:00,0.11803645833332244,0.7730722734953854,0.691711986002454,83.50624062499652,37273.13958333333,42560.23958333333,real
rpi4,2026-01-24 06:45:00,0.11843548387097844,0.7762901338879501,0.6919114260030678,83.54454838707242,36673.34623655913,41641.260215053764,real
rpi4,2026-01-24 07:00:00,0.11085156250000727,0.7745326595606395,0.6922197301303771,83.41090937498959,34539.49895833333,40133.072916666664,real
rpi4,2026-01-24 07:15:00,0.1229623655913971,0.7710817123233104,0.6918019220537268,83.68066451613622,39572.16774193548,44497.72258064516,real
rpi4,2026-01-24 07:30:00,0.11515624999998617,0.7731478291953724,0.6917471568025017,83.43519375001391,34005.89375,39043.363541666666,real
rpi4,2026-01-24 07:45:00,0.11501881720429978,0.7749197049684884,0.691913322806987,83.50092258065618,37015.690322580645,42249.497849462365,real
rpi4,2026-01-24 08:00:00,0.12342447916667984,0.7716829260366567,0.6921608626919993,83.70952812501541,38579.77395833333,43581.42083333333,real
rpi4,2026-01-24 08:15:00,0.11736021505377309,0.7726954793423431,0.6918487499369108,83.61633225804376,34254.684946236564,39755.956989247316,real
rpi4,2026-01-24 08:30:00,0.11239843749999964,0.7754410828025478,0.6920546892803658,83.37713750004768,34553.58020833333,39827.38958333333,real
rpi4,2026-01-24 08:45:00,0.11802150537633867,0.7731219416059006,0.692092403412309,83.62941612902509,39225.2064516129,44187.655913978495,real
rpi4,2026-01-24 09:00:00,0.11377343750001188,0.7733346548810607,0.6923162087068201,83.4600906250067,35192.285416666666,40585.25729166667,real
rpi4,2026-01-24 09:15:00,0.11504301075268544,0.7761135846160943,0.6920982869375882,83.44236451611724,33124.16451612903,38858.49247311828,real
rpi4,2026-01-24 09:30:00,0.11795572916665924,0.7741072078512934,0.6918381851521288,83.67972812503577,39968.003124999996,44887.635416666664,real
rpi4,2026-01-24 09:45:00,0.11305376344086321,0.7713749323851177,0.6921854412154095,83.54735161290374,36352.40107526882,41270.98172043011,real
rpi4,2026-01-24 10:00:00,0.11700260416668058,0.7735268425841674,0.6922086841710713,83.46531562494735,32682.607291666667,38036.92083333333,real
rpi4,2026-01-24 10:15:00,0.11727956989248059,0.7742495691516795,0.6919498513023742,83.59635161292809,38939.897849462366,43728.283870967745,real
rpi4,2026-01-24 10:30:00,0.11720052083334707,0.7718346223839855,0.6921399805491341,83.556693749999,38639.93958333333,43433.17708333333,real
rpi4,2026-01-24 10:45:00,0.12088440860214184,0.7740219302843389,0.6923732119291853,83.42872258062644,34206.7817204301,39144.26666666666,real
rpi4,2026-01-24 11:00:00,0.11582291666665981,0.7755425386715196,0.6925689645343971,83.49557499997319,37927.893749999996,43087.10625,real
rpi4,2026-01-24 11:15:00,0.1151612903226118,0.7719773065585388,0.6919617599695146,83.60571290325093,38078.27634408602,42877.27419354839,real
rpi4,2026-01-24 11:30:00,0.11665624999999642,0.7724967502924737,0.6921407039201989,83.38368472660311,32972.37708333333,38247.521875,real
rpi4,2026-01-24 11:45:00,0.1162526881720645,0.7750251716055233,0.6923647621397799,83.50421290323939,36781.13333333333,42376.819354838706,real
rpi4,2026-01-24 12:00:00,0.11804166666665614,0.7738075523202912,0.6925021067558667,83.65843437497195,38566.54583333333,43511.81041666667,real
rpi4,2026-01-24 12:15:00,0.11421505376345063,0.7697361740669146,0.6922170603359465,83.40526129029772,36150.28279569892,41137.179569892476,real
rpi4,2026-01-24 12:30:00,0.11348437500000177,0.772575685688288,0.6921794583171309,83.37636875001093,33669.959375,38556.625,real
rpi4,2026-01-24 12:45:00,0.11640322580645121,0.7735909729414675,0.6923581748230015,83.62031935482256,39155.586021505376,42553.795698924725,real
rpi4,2026-01-24 13:00:00,0.11624479166667731,0.7712333939945405,0.6925162249635455,83.46114687500521,37081.009374999994,42450.401041666664,real
rpi4,2026-01-24 13:15:00,0.11287634408602797,0.7709417610479573,0.692109912371564,83.46313548389301,36264.22903225806,41075.11935483871,real
rpi4,2026-01-24 13:30:00,0.11710677083336091,0.7719803392694657,0.6921568134769583,83.43275937496995,35376.12604166666,40749.13958333333,real
rpi4,2026-01-24 13:45:00,0.11487903225807068,0.7712831858036002,0.6922423882471043,83.50955483871763,35571.49247311828,40848.59032258065,real
rpi4,2026-01-24 14:00:00,0.11451041666667355,0.7729493370596646,0.6923849705310269,83.55062187500297,37310.776041666664,41948.66979166667,real
rpi4,2026-01-24 14:15:00,0.1208844086021472,0.7742428936234449,0.6921115516907885,83.44522903225113,35591.06774193548,41383.0752688172,real
rpi4,2026-01-24 14:30:00,0.1156874999999992,0.7726778889899909,0.6923011966785727,83.6427749999799,37318.183333333334,42512.494791666664,real
rpi4,2026-01-24 14:45:00,0.11235752688173635,0.7704309992745814,0.6926138571250643,83.39699354838301,34621.269892473116,39505.864516129026,real
rpi4,2026-01-24 15:00:00,0.11569270833332695,0.7732292018718315,0.6925417799171971,83.36794687500223,33100.082291666666,38312.43958333333,real
rpi4,2026-01-24 15:15:00,0.11617204301074575,0.7734340477098997,0.6920202819492599,83.60333548390096,39626.848387096776,44889.926881720436,real
rpi4,2026-01-24 15:30:00,0.11634114583333471,0.7713784934355908,0.6922734341959819,83.48099062495555,36972.13958333333,41831.114583333336,real
rpi4,2026-01-24 15:45:00,0.11389247311827203,0.7735609833824634,0.6924675800698762,83.43813870968998,35585.209677419356,40811.93548387097,real
rpi4,2026-01-24 16:00:00,0.11839322916666689,0.7746800337969583,0.6926850697476044,83.6263031249866,36887.85104166667,41758.68125,real
rpi4,2026-01-24 16:15:00,0.11469892473118039,0.7718858283399656,0.6921916680536151,83.45002258064287,35292.929032258064,40245.84301075269,real
rpi4,2026-01-24 16:30:00,0.11633072916669766,0.7744585337319642,0.6922112533855429,83.50613125000771,34767.582291666666,39503.51354166667,real
rpi4,2026-01-24 16:45:00,0.11278225806450147,0.7735311950956673,0.6924205934044635,83.52504838708269,36733.468817204295,41961.933333333334,real
rpi4,2026-01-24 17:00:00,0.12028385416668046,0.7714719550240479,0.6925888115083247,83.59836250000323,38578.759375,43892.25625,real
rpi4,2026-01-24 17:15:00,0.11694354838707564,0.7686669154614795,0.6922199398731181,83.52034324305278,36084.02043010753,41029.04623655914,real
rpi4,2026-01-24 17:30:00,0.11445052083332732,0.7714110555050046,0.6920922172723317,83.44464374997963,35863.67291666666,40720.87604166667,real
rpi4,2026-01-24 17:45:00,0.1165698924731203,0.7724137653417644,0.6921688506182331,83.61424516128598,38123.290322580644,43023.04516129032,real
rpi4,2026-01-24 18:00:00,0.11683593750000791,0.7692454179123879,0.6922339273268502,83.47186562496549,33783.088541666664,39451.103125,real
rpi4,2026-01-24 18:15:00,0.11209408602150062,0.7722569407463006,0.6920404644579307,83.41132258064644,34699.28172043011,39580.89247311828,real
rpi4,2026-01-24 18:30:00,0.11856770833332386,0.7733914272715455,0.6922896934157202,83.5571343750072,39456.053125,44416.06354166666,real
rpi4,2026-01-24 18:45:00,0.11294086021505796,0.7706179476105215,0.6925288313873877,83.4961548387043,35920.24516129032,40851.98924731183,real
rpi4,2026-01-24 19:00:00,0.11449218750001124,0.7726296958273755,0.692514603614607,83.42330624998237,35629.69375,40412.43541666667,real
rpi4,2026-01-24 19:15:00,0.11689247311828371,0.7748138357870372,0.6922255144167633,83.51009354834916,36889.94516129032,41743.3,real
rpi4,2026-01-24 19:30:00,0.11714583333332362,0.7717704406603406,0.6924246935800169,83.5410500000231,37640.4875,42937.534374999996,real
rpi4,2026-01-24 19:45:00,0.11080913978495355,0.7700341240256118,0.6926658647420281,83.4409590351384,34950.47204301075,39812.72580645161,real
rpi4,2026-01-24 20:00:00,0.1179817708333241,0.772724814766671,0.6927801680987973,83.52657499999428,33713.24375,38644.615625,real
rpi4,2026-01-24 20:15:00,0.11696505376343266,0.7718380932812821,0.692139664728063,83.59411612906122,40387.27204301075,45090.290322580644,real
rpi4,2026-01-24 20:30:00,0.11411718749998884,0.7706842259196672,0.6924047925611246,83.51249999996897,35879.971874999996,40807.43854166666,real
rpi4,2026-01-24 20:45:00,0.1186290322580518,0.7735152945912287,0.6925976441721071,83.47124516130776,35893.705376344085,40767.101075268816,real
rpi4,2026-01-24 21:00:00,0.12026822916666613,0.7737961458468738,0.6926680372691415,83.54219999996324,36997.44375,41896.45208333333,real
rpi4,2026-01-24 21:15:00,0.11146236559141551,0.7696890092794875,0.6920902662893411,83.42076129032078,34254.512903225805,39574.794623655915,real
rpi4,2026-01-24 21:30:00,0.11286979166668086,0.7681463343299103,0.6920549096175292,83.417631249999,35519.41145833333,40788.284374999996,real
rpi4,2026-01-24 21:45:00,0.12012096774192821,0.7725893082525799,0.6922326124115201,83.65741290321914,39042.5752688172,43848.53010752688,real
rpi4,2026-01-24 22:00:00,0.11475520833334131,0.7709580462758352,0.692362645803337,83.60324999997393,36894.834375,41856.448958333334,real
rpi4,2026-01-24 22:15:00,0.1141720430107361,0.7686056951648546,0.6922059069572446,83.47112258067054,34773.72580645161,39667.82150537634,real
rpi4,2026-01-24 22:30:00,0.11464062500001068,0.7732715455608995,0.6923087879174483,83.52207812496151,36903.7375,42133.01354166667,real
rpi4,2026-01-24 22:45:00,0.11915860215053771,0.7724910538696679,0.6923715082387871,83.5810548386907,38924.85161290322,43836.13870967741,real
rpi4,2026-01-24 23:00:00,0.11157552083332163,0.7701660600545951,0.6923695095138428,83.38545312502733,33514.93854166666,38825.27916666667,real
rpi4,2026-01-24 23:15:00,0.11262634408602348,0.7737855696213147,0.6922305825738418,83.5091903225709,37863.75161290323,42671.58494623656,real
rpi4,2026-01-24 23:30:00,0.12230208333334475,0.7732736253737164,0.6925475086834461,83.65488437501094,40247.07916666666,45193.37291666667,real
rpi4,2026-01-24 23:45:00,0.11202956989245694,0.7701067162019934,0.6926973508288061,83.45805483870609,34906.754838709676,39810.48924731183,real
rpi4,2026-01-25 00:00:00,0.11448958333334618,0.7674952879240868,0.6923934264893362,83.55409999998908,36554.90729166666,41366.759375,real
rpi4,2026-01-25 00:15:00,0.11950537634406262,0.7724892088744271,0.6924307554670899,83.5648419354872,39423.15698924731,44725.55913978494,real
rpi4,2026-01-25 00:30:00,0.11671354166669962,0.7712153256206942,0.692897873874418,83.46634062500671,35039.22604166667,40045.81354166666,real
rpi4,2026-01-25 00:45:00,0.11284946236559386,0.7693165550584318,0.6931674878418623,83.4442838709521,36511.38494623656,41426.72258064516,real
rpi4,2026-01-25 01:00:00,0.12128906250001299,0.7737203951644352,0.6926192845537562,83.65747499999901,40159.081249999996,45050.143749999996,real
rpi4,2026-01-25 01:15:00,0.11194623655914135,0.7718555704180171,0.6923223415362907,83.48682580644726,36084.8,41019.06129032258,real
rpi4,2026-01-25 01:30:00,0.11317708333331845,0.7708283179513844,0.6925998574676305,83.388956250002,35261.625,40149.80520833333,real
rpi4,2026-01-25 01:45:00,0.11469623655913927,0.7748516749621567,0.692776982262124,83.60853225806709,39597.690322580645,44944.110752688175,real
rpi4,2026-01-25 02:00:00,0.12538281249999939,0.7736802937735604,0.6916343566467458,83.59065625000125,35138.07708333333,40510.878125,real
rpi4,2026-01-25 02:15:00,0.11543548387097237,0.770791041709472,0.6911080394236018,83.53964838712447,37007.325806451605,41860.320430107524,real
rpi4,2026-01-25 02:30:00,0.12120572916667334,0.771547283244508,0.6913678235104975,83.68647187498088,40767.9,45633.667708333334,real
rpi4,2026-01-25 02:45:00,0.11495161290321644,0.7742495020609436,0.6915677912206293,83.45551290323017,35804.31612903226,41582.269892473116,real
rpi4,2026-01-25 03:00:00,0.11245052083334026,0.7728096971272586,0.6914850678252665,83.38604999997965,33851.48645833333,38776.30520833333,real
rpi4,2026-01-25 03:15:00,0.11719354838710774,0.7748192365912875,0.6914175489011393,83.65376451611519,40338.73548387097,45601.378494623656,real
rpi4,2026-01-25 03:30:00,0.11944010416665658,0.779848888600026,0.6913995063316752,83.53453437499702,37113.332291666666,42555.809375,real
rpi4,2026-01-25 03:45:00,0.11562903225806799,0.7776963221697144,0.6917072578056367,83.50054193549258,35546.036559139786,40404.05806451613,real
rpi4,2026-01-25 04:00:00,0.11363802083333066,0.7765696087352139,0.691530453123626,83.68639374996225,38679.511458333334,43458.785416666666,real
rpi4,2026-01-25 04:15:00,0.12439247311828167,0.7815390111664144,0.691573258478985,83.48005806451204,37250.55913978494,42589.26666666666,real
rpi4,2026-01-25 04:30:00,0.11187239583334042,0.7802288769010789,0.6916293720380865,83.46071250000969,34421.74895833333,40060.94375,real
rpi4,2026-01-25 04:45:00,0.11619623655915393,0.7781062465668412,0.6918535219865902,83.52100967739219,36548.912903225806,41508.15268817204,real
rpi4,2026-01-25 05:00:00,0.1220442708333493,0.7783589626933576,0.6912949625835901,83.6405968750206,39613.58020833333,44958.096874999996,real
rpi4,2026-01-25 05:15:00,0.11621236559138473,0.7840399189879362,0.6913221765701382,83.55926774195446,37475.254838709676,42311.829032258065,real
rpi4,2026-01-25 05:30:00,0.1116223958333364,0.7861380800727934,0.6915072761484172,83.49075937500845,35618.10104166667,40906.25104166666,real
rpi4,2026-01-25 05:45:00,0.11446505376343824,0.7780605242302386,0.6915230146321815,83.53409677420254,38205.85376344086,43439.08064516129,real
rpi4,2026-01-25 06:00:00,0.11958593749998528,0.7767023267905888,0.6913664599144673,83.4578031249655,36236.43541666667,41649.558333333334,real
rpi4,2026-01-25 06:15:00,0.11097311827955461,0.7739794953938017,0.6912883130413436,83.48223870967026,35320.681720430104,40577.607526881715,real
rpi4,2026-01-25 06:30:00,0.12049999999998605,0.7739238593526583,0.6915663805531783,83.69972499997046,39220.557291666664,43561.307291666664,real
rpi4,2026-01-25 06:45:00,0.11772311827957747,0.7799308462238399,0.6916491950069307,83.54402580645777,37859.16344086021,42701.98064516129,real
rpi4,2026-01-25 07:00:00,0.1191043330734239,0.77971727544521,0.6912876748279774,83.53800937502335,36627.61810316864,41511.05579898286,real
rpi4,2026-01-25 07:15:00,0.11549462365590082,0.7841137523429343,0.6913400073852618,83.62339032257115,38561.05376344086,43418.002150537635,real
rpi4,2026-01-25 07:30:00,0.11508593750001424,0.7857100935915767,0.6916175112470065,83.47927500003328,36983.28333333333,41785.34166666667,real
rpi4,2026-01-25 07:45:00,0.11477688172043087,0.7778796476059091,0.6918366052421335,83.51566451618108,36995.25161290323,42313.12795698924,real
rpi4,2026-01-25 08:00:00,0.12123697916668752,0.7832142857142858,0.6913460309178437,83.67690624998262,37706.69583333333,43446.615625,real
rpi4,2026-01-25 08:15:00,0.11501344086020791,0.7809810846056112,0.6914514725096959,83.64333225809118,34801.4247311828,40035.716129032255,real
rpi4,2026-01-25 08:30:00,0.11742431231931719,0.7774065059144677,0.691660526881533,83.5200687499717,36050.08589848032,41002.71410540853,real
rpi4,2026-01-25 08:45:00,0.12118010752688069,0.7745165567357003,0.691964034417653,83.61083548386253,40338.839784946234,45238.91075268817,real
rpi4,2026-01-25 09:00:00,0.11596614583332251,0.7781082152606266,0.6913953822851449,83.53064062499132,36223.01666666666,41155.10729166667,real
rpi4,2026-01-25 09:15:00,0.11377419354838503,0.7818913381666618,0.6912257743003573,83.43777741934024,34713.894623655906,40004.150537634414,real
rpi4,2026-01-25 09:30:00,0.11500520833331171,0.7841035031847133,0.6914640443340323,83.5357218750442,37439.94583333333,42334.003125,real
rpi4,2026-01-25 09:45:00,0.12343279569893253,0.782383348079318,0.6916708022642466,83.60905161288478,37974.94193548387,43563.37741935484,real
rpi4,2026-01-25 10:00:00,0.11618749999996889,0.7820886845183933,0.691383226325412,83.58185000000522,36035.495833333334,41125.34270833333,real
rpi4,2026-01-25 10:15:00,0.1146532258064416,0.7843421292083713,0.6913898092166724,83.3955354838602,34972.72795698925,40248.690322580645,real
rpi4,2026-01-25 10:30:00,0.1156536458333493,0.7849621409073183,0.6914815715317866,83.58020312500497,39836.97604166667,45061.90520833333,real
rpi4,2026-01-25 10:45:00,0.11133870967740203,0.78591627914778,0.6917180850370584,83.49181612903072,37304.24408602151,42130.844086021505,real
rpi4,2026-01-25 11:00:00,0.12469270833330669,0.7808148316651502,0.6914090348746669,83.52202187497168,36712.75625,41674.45416666666,real
rpi4,2026-01-25 11:15:00,0.11900000000000174,0.7769019343097832,0.6915494883502317,83.5921064516229,38214.4623655914,43282.621505376344,real
rpi4,2026-01-25 11:30:00,0.10959374999999691,0.7743667619914207,0.6916667420524635,83.35752499994511,33850.636458333334,39108.057291666664,real
rpi4,2026-01-25 11:45:00,0.12156720430109148,0.7773228951329864,0.691705099225611,83.50417096775065,37166.10967741935,42313.61397849462,real
rpi4,2026-01-25 12:00:00,0.12342708333333306,0.7790751982321591,0.691331351473994,83.68407187502211,39438.39791666667,44364.9125,real
rpi4,2026-01-25 12:15:00,0.11365053763440408,0.7783009438827926,0.6916013371849667,83.41936451610057,36419.70430107527,41219.15483870968,real
rpi4,2026-01-25 12:30:00,0.11454427083333787,0.7822920187183153,0.6918321321160922,83.44392812500398,35735.51666666666,40620.05,real
rpi4,2026-01-25 12:45:00,0.12460483870967363,0.784999953875119,0.6917762980351699,83.61324193548131,38602.186021505375,43924.62258064516,real
rpi4,2026-01-25 13:00:00,0.11313020833333923,0.7767319966203042,0.6913029820248776,83.4717906250308,35831.214583333334,40718.2625,real
rpi4,2026-01-25 13:15:00,0.1151370967741941,0.7798284993060303,0.6913122548265602,83.51213548388533,36319.393548387096,41180.573118279564,real
rpi4,2026-01-25 13:30:00,0.11437239583333436,0.7856349603535682,0.691552066952166,83.47081562501069,35388.521875,41143.005208333336,real
rpi4,2026-01-25 13:45:00,0.11374731182798198,0.7887560622769757,0.6917542187225799,83.57849032257192,37632.95483870968,42934.06989247311,real
rpi4,2026-01-25 14:00:00,0.19491666666664173,0.7799481021708047,0.6912260843548441,84.92736874998857,38919.932291666664,40736.54791666666,real
rpi4,2026-01-25 14:15:00,0.13570967741933893,0.779201469287119,0.6914012973254777,83.50109677420508,36957.12580645161,42239.84086021505,real
rpi4,2026-01-25 14:30:00,0.1355625000000254,0.7769456973872352,0.6916873622851155,83.58689375001316,38926.28229166666,43753.79479166667,real
rpi4,2026-01-25 14:45:00,0.11422849462365718,0.7744008587614212,0.6917180764542353,83.50338387098365,36372.98709677419,41187.04408602151,real
rpi4,2026-01-25 15:00:00,0.11442187499999289,0.7776907578317951,0.6914538630941603,83.49479999998586,36374.636458333334,41194.652083333334,real
rpi4,2026-01-25 15:15:00,0.1256693548387108,0.7786231471425636,0.6914021298593246,83.706806451627,39890.81290322581,44712.32795698925,real
rpi4,2026-01-25 15:30:00,0.11517187500002228,0.7762394709476147,0.6916641728379919,83.59321249996623,36666.27395833333,41534.9125,real
rpi4,2026-01-25 15:45:00,0.11290860215054505,0.7789689663414163,0.6918326828919474,83.54463870970794,35931.047311827955,40618.34301075269,real
rpi4,2026-01-25 16:00:00,0.131664062499991,0.7796359677629013,0.6915325276188061,83.6154562499995,37534.48125,42392.67083333333,real
rpi4,2026-01-25 16:15:00,0.11753763440861231,0.7771709010705166,0.6917282728481544,83.42983548384842,35702.477419354844,40617.313978494625,real
rpi4,2026-01-25 16:30:00,0.11939843749996343,0.7761992070713636,0.6917244662319744,83.47225937498733,34779.864583333336,39607.1375,real
rpi4,2026-01-25 16:45:00,0.11402150537636307,0.7794159583701983,0.6918367168188346,83.55646451612313,35931.99892473118,41597.74301075268,real
rpi4,2026-01-25 17:00:00,0.11363802083332473,0.7800950539451449,0.691444438483793,83.47662187498064,36122.088541666664,41328.6875,real
rpi4,2026-01-25 17:15:00,0.11330107526880896,0.7766601057517727,0.6914672262816138,83.49413548387507,35389.06344086021,40641.874193548385,real
rpi4,2026-01-25 17:30:00,0.1190442708333383,0.7790961588457038,0.6916285821501422,83.44154999998088,34707.88958333333,39578.96770833333,real
rpi4,2026-01-25 17:45:00,0.11615053763441098,0.7795694619742288,0.6915080805198757,83.66338064516744,38733.06344086021,43573.29784946237,real
rpi4,2026-01-25 18:00:00,0.11471614583334921,0.7779674704276615,0.6912852885349245,83.52657187500347,34290.777083333334,39520.72708333333,real
rpi4,2026-01-25 18:15:00,0.11834946236559216,0.7810681683809748,0.6915058060717372,83.4600387097046,35811.64301075269,40705.601075268816,real
rpi4,2026-01-25 18:30:00,0.12490104166665854,0.7814233393994541,0.6917759004090656,83.5861062500005,37622.785416666666,42553.90729166666,real
rpi4,2026-01-25 18:45:00,0.11543279569891929,0.7805466720898345,0.6917919702702677,83.48433548388303,35293.789247311826,40568.74731182796,real
rpi4,2026-01-25 19:00:00,0.11134114583333406,0.778515566099051,0.691406798244593,83.40514687501515,34803.921875,39700.120833333334,real
rpi4,2026-01-25 19:15:00,0.11616397849460798,0.782658621369238,0.6916121129194496,83.61037419355044,37743.32795698925,43511.0752688172,real
rpi4,2026-01-25 19:30:00,0.11646354166666764,0.7829309112179904,0.6918926832629828,83.5255750000477,35729.59479166666,40611.417708333334,real
rpi4,2026-01-25 19:45:00,0.11479032258065795,0.7789742665095625,0.6918080458980544,83.53492580645828,36047.52795698925,40782.295698924725,real
rpi4,2026-01-25 20:00:00,0.11475781249998719,0.7819330560249578,0.6914886472648458,83.5642312500005,34456.10729166667,39701.440625,real
rpi4,2026-01-25 20:15:00,0.12006989247311378,0.7824820050066461,0.6915273275008215,83.58097741937125,39038.30107526881,43874.0688172043,real
rpi4,2026-01-25 20:30:00,0.1177579042468876,0.7801999870011699,0.6918074294099593,83.46380624997741,35543.98265882408,40350.6172463674,real
rpi4,2026-01-25 20:45:00,0.11486559139783431,0.7743229328715254,0.6916983960407197,83.50789032258015,35975.30215053764,40846.19247311827,real
rpi4,2026-01-25 21:00:00,0.1212291666666845,0.7765816326530612,0.6915509777382638,83.55871562501416,37732.15,42645.403125000004,real
rpi4,2026-01-25 21:15:00,0.11476344086019964,0.7770437641257447,0.6914446148339877,83.48865806450766,35925.46129032257,40769.6247311828,real
rpi4,2026-01-25 21:30:00,0.1128255208333262,0.7748090471857533,0.6915334255966797,83.51099062499901,35774.665625,40897.04791666666,real
rpi4,2026-01-25 21:45:00,0.1251263440860225,0.7789836592126064,0.691643079745426,83.67567096775578,41398.012903225805,46153.829032258065,real
rpi4,2026-01-25 22:00:00,0.11929427083333285,0.7784155401013909,0.6913690707019886,83.67719999992599,37869.79791666666,42730.840625,real
rpi4,2026-01-25 22:15:00,0.11012634408600706,0.7770301782516993,0.6916800631304408,83.47936129034848,36948.304301075266,42219.60967741935,real
rpi4,2026-01-25 22:30:00,0.1215885416666959,0.7799220720135188,0.691566006395731,83.63105312502012,38631.684375,43901.708333333336,real
rpi4,2026-01-25 22:45:00,0.11400806451614184,0.779302239572632,0.6916650646469613,83.53063870966434,36423.92580645161,41311.83010752688,real
rpi4,2026-01-25 23:00:00,0.11050260416664599,0.7767499675029247,0.6915224087385087,83.44024062501266,34655.09270833333,39646.459375,real
rpi4,2026-01-25 23:15:00,0.12279301075268984,0.7748429196211051,0.691830335489812,83.55563225807042,38877.805376344084,44539.54838709677,real
rpi4,2026-01-25 23:30:00,0.1164401041666638,0.7801848433640972,0.6919154029346449,83.6700718749625,38449.81875,43846.62708333333,real
rpi4,2026-01-25 23:45:00,0.11315860215053143,0.7787274061463499,0.6916827710111492,83.55464838711164,36950.50967741936,42200.6247311828,real
rpi4,2026-01-26 00:00:00,0.11805468749999899,0.7759479721825036,0.6916687749745939,83.63952187501515,38506.13958333333,43440.73541666666,real
rpi4,2026-01-26 00:15:00,0.11825806451613731,0.7821176352192819,0.6918692757585082,83.51297096773501,36241.43010752688,41454.25268817204,real
rpi4,2026-01-26 00:30:00,0.11224479166667219,0.779662095411413,0.6921144380673973,83.46263437500846,35814.332291666666,40666.43645833333,real
rpi4,2026-01-26 00:45:00,0.11420967741933931,0.7768490668097935,0.6915502264730237,83.54715161288297,38934.65376344086,43661.096774193546,real
rpi4,2026-01-26 01:00:00,0.11741145833335026,0.7811439295463408,0.6914691910775854,83.66237812504794,40282.296875,45511.833333333336,real
rpi4,2026-01-26 01:15:00,0.11684946236559289,0.7794181723644872,0.6914696766776273,83.49652580644495,37589.91935483871,42461.820430107524,real
rpi4,2026-01-26 01:30:00,0.125851562499997,0.7766894254517094,0.6917537544454894,83.67642812499156,36924.87291666667,41902.06145833333,real
rpi4,2026-01-26 01:45:00,0.11584408602151941,0.7760229785770894,0.6914109830414186,83.67241290323837,39078.24193548387,43967.5494623656,real
rpi4,2026-01-26 02:00:00,0.11996093750002447,0.7802801247887691,0.6912649759428402,83.45223750003304,34946.67916666667,39876.7125,real
rpi4,2026-01-26 02:15:00,0.1145322580645091,0.7791929487636435,0.6915288809918142,83.46349677417868,36493.973118279566,41890.670967741935,real
rpi4,2026-01-26 02:30:00,0.11883854166666856,0.7771018783309502,0.6917887256948985,83.70544062502061,41850.859375,46507.59270833333,real
rpi4,2026-01-26 02:45:00,0.11652150537634234,0.7841578645018722,0.6917144287543905,83.57329032257681,37462.81182795699,42388.53548387097,real
rpi4,2026-01-26 03:00:00,0.11077604166665624,0.7871947549720525,0.6914193948786526,83.45159999998288,34871.996875,40439.52916666667,real
rpi4,2026-01-26 03:15:00,0.1198198924731389,0.7873962001484383,0.691633908998875,83.69596129034157,40408.20860215053,45269.23548387097,real
rpi4,2026-01-26 03:30:00,0.11919791666663922,0.7907516898479137,0.6918253723382106,83.64144999996448,38057.56354166666,42903.703125,real
rpi4,2026-01-26 03:45:00,0.11580645161291327,0.788700309875337,0.6917511331976524,83.4567161290556,36236.02688172043,41198.13010752688,real
rpi4,2026-01-26 04:00:00,0.1173463541666637,0.7891678148966593,0.6917809182761645,83.61708125000199,37028.14583333333,42093.45,real
rpi4,2026-01-26 04:15:00,0.1156048387096696,0.7884572065933421,0.6917621363769488,83.57922580642726,37867.319354838706,43017.42580645161,real
rpi4,2026-01-26 04:30:00,0.1143125000000047,0.7864070258676719,0.6919603725025073,83.51360625003775,36344.8875,41681.363541666666,real
rpi4,2026-01-26 04:45:00,0.1132500000000063,0.7782795419379999,0.6917927513071758,83.53829677418996,36082.389247311825,41370.34301075269,real
rpi4,2026-01-26 05:00:00,0.12713802083333708,0.7773614649681528,0.6917502415227895,83.6594437499841,38862.135416666664,43846.940624999996,real
rpi4,2026-01-26 05:15:00,0.11389784946235082,0.781783825262178,0.6915526854518602,83.52651612902842,36219.57419354839,41156.56451612903,real
rpi4,2026-01-26 05:30:00,0.11026822916668233,0.779714318211361,0.6915964544973326,83.52137812500199,34644.39166666666,39891.99270833333,real
rpi4,2026-01-26 05:45:00,0.12772849462366406,0.7786309296679428,0.6912996123280393,83.65653225808374,39048.65806451612,43977.44946236559,real
rpi4,2026-01-26 06:00:00,0.11334374999999848,0.7828355972962433,0.6914082740878573,83.53665312500672,35151.43645833333,40065.15833333333,real
rpi4,2026-01-26 06:15:00,0.11274193548384759,0.78096793482135,0.6917047258728033,83.50493870967179,37217.73440860215,42133.77419354839,real
rpi4,2026-01-26 06:30:00,0.11859114583334168,0.7789688353048225,0.6917196603874289,83.53815624999503,37797.88854166667,42806.95104166667,real
rpi4,2026-01-26 06:45:00,0.11697043010753493,0.7797851586905566,0.6913177049192696,83.48021935484104,36103.640860215055,41094.482795698925,real
rpi4,2026-01-26 07:00:00,0.1193411458333469,0.7811476017158456,0.691475522653055,83.40158437499777,34499.0,40277.54479166667,real
rpi4,2026-01-26 07:15:00,0.11393010752687883,0.7797649979243804,0.6917779287715712,83.5935967742115,39652.636559139784,45036.78172043011,real
rpi4,2026-01-26 07:30:00,0.11553124999997753,0.7797237748602626,0.6920089963414386,83.58784999999529,36282.73333333333,41235.803125,real
rpi4,2026-01-26 07:45:00,0.12057526881721378,0.7830698540357174,0.6917211748533976,83.55951612902587,37365.32688172043,42562.70860215053,real
rpi4,2026-01-26 08:00:00,0.1328411458333685,0.782393214610685,0.6918916979817049,83.73646874999008,39211.546875,44140.630208333336,real
rpi4,2026-01-26 08:15:00,0.11578763440859867,0.7799399370185716,0.6922232871741522,83.72154516129083,37084.03010752688,42766.70752688172,real
rpi4,2026-01-26 08:30:00,0.11872656249999164,0.7826544910958014,0.6924735668572464,83.55462812498833,36917.589583333334,41839.42291666666,real
rpi4,2026-01-26 08:45:00,0.11644086021504953,0.7838210019162791,0.691938011297819,83.65819999998618,39055.6,44245.86666666667,real
rpi4,2026-01-26 09:00:00,0.12037499999999421,0.7813398544131028,0.6920090171279635,83.57907187500969,38082.1,42881.715625,real
rpi4,2026-01-26 09:15:00,0.11354301075268008,0.7819081108506686,0.6919677035745557,83.51960000001614,36525.27096774193,41404.25913978494,real
rpi4,2026-01-26 09:30:00,0.1209661458333369,0.7839660080592746,0.6921956634919048,83.5956875000149,36383.090625,41662.88333333333,real
rpi4,2026-01-26 09:45:00,0.227432795698919,0.7836524699873785,0.6917147549016707,85.48224516126417,39871.07849462366,43305.87634408603,real
rpi4,2026-01-26 10:00:00,0.14551822916667703,0.7836358052775251,0.6916886427350464,83.5639874999722,36484.51458333333,41718.15,real
rpi4,2026-01-26 10:15:00,0.11401881720428798,0.7845869097587668,0.691881733726331,83.52894838711909,38243.422580645165,43052.18279569892,real
rpi4,2026-01-26 10:30:00,0.13267708333335637,0.7934416352528273,0.6921281862749337,84.08309062498932,56005.04791666666,60705.140625,real
rpi4,2026-01-26 10:45:00,0.11576612903224986,0.8126798807462167,0.6919151681139675,83.64473548387329,37483.03548387097,42983.49462365591,real
rpi4,2026-01-26 11:00:00,0.1166953124999802,0.8216717795398414,0.6919052923689575,83.60503749996424,36591.64166666666,42349.105208333334,real
rpi4,2026-01-26 11:15:00,0.12624731182795362,0.8220809030413069,0.6920406575714517,83.79064193550617,40420.54838709677,45884.78709677419,real
rpi4,2026-01-26 11:30:00,0.12397395833332511,0.81753395944365,0.6921254258244335,83.99273750002807,49191.31145833333,54907.84479166666,real
rpi4,2026-01-26 11:45:00,0.11452419354838918,0.8178899795792571,0.6919041906831404,83.59134516126366,37932.08279569892,43705.889247311825,real
rpi4,2026-01-26 12:00:00,0.12014843749999636,0.8210048420642142,0.69214264538162,83.76984375001243,39343.879166666666,45218.70208333333,real
rpi4,2026-01-26 12:15:00,0.14133333333333703,0.8219531622799109,0.6921372186234612,84.52538387096057,62906.10751797491,63333.47918440861,real
rpi4,2026-01-26 12:30:00,0.1260052083333396,0.8313246457818796,0.6923680087267485,83.71059374995531,37447.66458333333,42881.16354166667,real
rpi4,2026-01-26 12:45:00,0.12093817204301396,0.8273222326119682,0.6920434684460381,83.91278709679524,40654.289247311826,46134.750537634405,real
rpi4,2026-01-26 13:00:00,0.12244531249999582,0.8300397439230469,0.6920734678269161,83.79550312499828,38287.68125,43726.20833333333,real
rpi4,2026-01-26 13:15:00,0.12432258064515259,0.8261371753961497,0.6921572809726076,84.04001935483308,51159.19892473118,56559.12688172043,real
rpi4,2026-01-26 13:30:00,0.12877083333332276,0.8324960678538932,0.6921145087415818,84.13432187500099,51157.01458333333,56633.190625,real
rpi4,2026-01-26 13:45:00,0.11558333333331919,0.8319605171018479,0.6918170664452,83.65381935485588,38012.27419354839,43681.20322580645,real
rpi4,2026-01-26 14:00:00,0.12154687500001861,0.837924314311712,0.6921322978495492,83.67468124997491,37032.04791666666,42636.066666666666,real
rpi4,2026-01-26 14:15:00,0.12015860215053802,0.8307297375494269,0.692346133122102,83.79269999999512,39102.220430107525,44630.23440860215,real
rpi4,2026-01-26 14:30:00,0.12642187500001062,0.8380533926946575,0.69219631203148,83.88591874999304,46952.85104166667,53609.28333333333,real
rpi4,2026-01-26 14:45:00,0.11702956989247806,0.8385103172972497,0.691869996715654,83.69320967742193,36800.991397849466,42743.695698924734,real
rpi4,2026-01-26 15:00:00,0.1214140624999951,0.830133952944235,0.6919860480180032,83.64977187501889,36453.010416666664,42368.61145833333,real
rpi4,2026-01-26 15:15:00,0.1221693548386987,0.8309319154824453,0.6922871777097869,83.75473225802504,38939.37204301075,44436.40107526882,real
rpi4,2026-01-26 15:30:00,0.12357031250000027,0.827382588067074,0.6921630785355484,83.97334062500548,48868.26458333333,54591.885416666664,real
rpi4,2026-01-26 15:45:00,0.11608064516129045,0.823162070252387,0.6918683874363107,83.63200967744474,37613.820430107524,43194.51075268817,real
rpi4,2026-01-26 16:00:00,0.12876562499999997,0.8256060054595087,0.6920630205195261,83.8857156250005,39943.777083333334,45533.07604166667,real
rpi4,2026-01-26 16:15:00,0.1162876344085953,0.8296474968865705,0.6923882018298416,83.64070967740271,37351.25161290323,42915.95913978495,real
rpi4,2026-01-26 16:30:00,0.12247916666665778,0.8218155790978812,0.6922853240881965,83.89207187499852,49176.790625,54561.83541666666,real
rpi4,2026-01-26 16:45:00,0.1271182795698937,0.8273802660986318,0.691880532131088,83.86144516131571,40628.897849462366,46134.74193548387,real
rpi4,2026-01-26 17:00:00,0.12183072916666211,0.8279772195502405,0.6918005989578934,83.7373156250144,36886.775,42842.27291666667,real
rpi4,2026-01-26 17:15:00,0.1220161290322623,0.8283264132034568,0.6921169159552661,83.69592258064978,37274.66129032258,43093.05483870968,real
rpi4,2026-01-26 17:30:00,0.12604427083333028,0.8249726049655531,0.6922423874424646,84.03281249996895,51851.75208333333,57683.26354166667,real
rpi4,2026-01-26 17:45:00,0.12169354838710353,0.8280990762444282,0.6918672158809487,83.65992903225523,37648.23548387097,43144.04623655914,real
rpi4,2026-01-26 18:00:00,0.12046093749997903,0.8246260886520214,0.6919484576664628,83.69380312503004,36850.596875,42388.222916666666,real
rpi4,2026-01-26 18:15:00,0.12504032258063988,0.8245423950554128,0.6922757754292131,83.80383225804376,39749.012903225805,45651.49247311828,real
rpi4,2026-01-26 18:30:00,0.12218229166666433,0.8242016443520083,0.692261710595966,83.92192187504844,50536.97604166667,56741.06145833333,real
rpi4,2026-01-26 18:45:00,0.11415322580645562,0.8233114477761517,0.6921236277229806,83.65220645159805,37076.482795698925,42917.047311827955,real
rpi4,2026-01-26 19:00:00,0.12208854166668123,0.8246689197972182,0.6921992055157393,83.73075000001118,37404.44583333333,43284.27916666667,real
rpi4,2026-01-26 19:15:00,0.12454301075265788,0.825302331822394,0.6922438816583348,83.79441935487334,38966.47526881721,44497.06129032258,real
rpi4,2026-01-26 19:30:00,0.12857552083333673,0.8240826400623944,0.692225039008824,83.96714687499528,51205.47604166666,56931.42395833333,real
rpi4,2026-01-26 19:45:00,0.11962096774193172,0.8243796329298105,0.692088142040608,83.67746774195344,37501.50537634409,43667.0376344086,real
rpi4,2026-01-26 20:00:00,0.11856250000000748,0.8448126218640323,0.6922421255322514,83.74363124997666,39157.97395833333,44771.784374999996,real
rpi4,2026-01-26 20:15:00,0.12389247311828593,0.8445304025863478,0.69220038820195,83.62889032258141,36881.29892473118,42378.04408602151,real
rpi4,2026-01-26 20:30:00,0.12317447916666609,0.8435569023787859,0.6920935101941774,83.89532812501615,50812.041666666664,56223.83541666667,real
rpi4,2026-01-26 20:45:00,0.12024731182795882,0.8251848559436102,0.6921460460570856,83.85437741936536,40110.913978494624,46017.93978494623,real
rpi4,2026-01-26 21:00:00,0.12153125000000194,0.8248610750032497,0.6921309966130935,83.79466874993717,38319.08020833333,43929.104166666664,real
rpi4,2026-01-26 21:15:00,0.11919086021504965,0.8226980707220222,0.692162842642018,83.62229677419508,36970.74301075269,42868.279569892475,real
rpi4,2026-01-26 21:30:00,0.13565364583334605,0.8226310932016119,0.6917194608367904,84.16311562499031,53958.870833333334,57970.58020833334,real
rpi4,2026-01-26 21:45:00,0.11755107526880076,0.8257157449377943,0.6917673032364937,83.60086129032157,36455.179569892476,42535.71827956989,real
rpi4,2026-01-26 22:00:00,0.11559375000002912,0.8243328025477707,0.6920737505236542,83.56984999999403,35566.353125,42037.99791666667,real
rpi4,2026-01-26 22:15:00,0.11891935483870404,0.8237004398636381,0.6923829062279492,83.69896451612956,38401.12365591397,44439.934408602145,real
rpi4,2026-01-26 22:30:00,0.1342343750000085,0.8217425581697647,0.6918203586284166,84.10216249997417,53370.346874999996,58866.87604166666,real
rpi4,2026-01-26 22:45:00,0.11756451612901882,0.8254410083737624,0.6918962086575975,83.69567419357838,36802.97419354838,42761.645161290326,real
rpi4,2026-01-26 23:00:00,0.1164557291667018,0.823397406733394,0.6922150864207254,83.6542749999712,35558.957291666666,41618.328125,real
rpi4,2026-01-26 23:15:00,0.1295026881720359,0.8229880704285002,0.6925346548329047,83.79719032257476,40132.5559139785,45743.24193548387,real
rpi4,2026-01-26 23:30:00,0.12403645833332624,0.8229333809957103,0.6923480910786364,83.65670000001167,35913.58020833333,41386.504166666666,real
rpi4,2026-01-26 23:45:00,0.12024731182796958,0.8252939119350227,0.6920286802417261,83.87793225806247,49512.02580645162,55431.48602150538,real
rpi4,2026-01-27 00:00:00,0.12013281249998752,0.8232330365267126,0.6923279156776161,83.82267187498512,42586.54375,47965.676041666666,real
rpi4,2026-01-27 00:15:00,0.12628763440859747,0.8274533950009015,0.6924871746551601,83.66832903226216,37724.70860215053,44073.3623655914,real
rpi4,2026-01-27 00:30:00,0.1184687500000047,0.8246704471597556,0.6922987313967254,83.79678677573014,38403.571875,44040.51354166667,real
rpi4,2026-01-27 00:45:00,0.12754569738043942,0.8232341592482483,0.6920918154889223,84.12968387097443,54004.853439386636,59496.36780919661,real
rpi4,2026-01-27 01:00:00,0.1237734374999881,0.8242812296893279,0.6922193393437098,83.84845000002534,38215.06458333333,43833.20833333333,real
rpi4,2026-01-27 01:15:00,0.1264435483870879,0.8301636594641967,0.6921805318405595,83.77305483872532,39369.606451612904,44928.38602150537,real
rpi4,2026-01-27 01:30:00,0.12223958333332609,0.8239919407253348,0.6919582980073272,83.83942499998956,41417.712499999994,47295.38854166667,real
rpi4,2026-01-27 01:45:00,0.1287954545454836,0.8236125875943892,0.6921040073892271,84.34231818182901,74703.44545454545,79786.0303030303,real
vm-node,2026-01-24 01:45:00,0.1957812499999954,0.5372117488955805,0.7597376321817781,84.2664400000001,709872.615,919647.4099999999,real
vm-node,2026-01-24 02:00:00,0.21787890625000175,0.5376803916042945,0.7597614098318907,84.28187812500012,686110.9010416666,890246.2374999999,real
vm-node,2026-01-24 02:15:00,0.2112674731182814,0.5385007289432621,0.7598017027293416,84.1905999999934,694510.0311827958,899496.8494623655,real
vm-node,2026-01-24 02:30:00,0.1963346354166637,0.5285518770749321,0.7598738525491068,84.07105937500019,691631.0614583333,896432.33125,real
vm-node,2026-01-24 02:45:00,0.20870833333333214,0.5300353550693068,0.7598086854864872,84.19391612903244,668202.2666666666,867325.4623655913,real
vm-node,2026-01-24 03:00:00,0.2074726562499975,0.5336630308473135,0.7598511139687308,84.3989562500113,693634.8625,893265.2083333333,real
vm-node,2026-01-24 03:15:00,0.2033750000000004,0.5375821601631775,0.7598670052402218,84.12218387096479,714766.0645161291,919052.9860215053,real
vm-node,2026-01-24 03:30:00,0.2066914062499998,0.5403517202326431,0.7599068795949983,84.32398125000763,687737.9333333333,893718.2739583333,real
vm-node,2026-01-24 03:45:00,0.2118521505376302,0.5364053041531671,0.7599187160406348,84.33942580644482,693109.5161290322,894983.6752688172,real
vm-node,2026-01-24 04:00:00,0.20523046875000153,0.532396084681205,0.759868469980652,84.0974156250013,691223.1708333333,900425.0864583333,real
vm-node,2026-01-24 04:15:00,0.20478225806451464,0.5356778920288319,0.7598209726978955,84.13534516129764,673374.1193548387,872692.7591397848,real
vm-node,2026-01-24 04:30:00,0.20098697916666922,0.5343821829253065,0.7597376612501112,84.27518749999969,694610.9447916667,898455.7770833333,real
vm-node,2026-01-24 04:45:00,0.20667204301075315,0.53783207717355,0.7597752440301063,84.20058387097332,682535.793548387,887997.7172043012,real
vm-node,2026-01-24 05:00:00,0.2130403645833354,0.5399406930586547,0.759844089532141,84.34064062499286,676465.528125,877018.2916666666,real
vm-node,2026-01-24 05:15:00,0.2084099462365548,0.529246092832943,0.7598489215266601,84.49212258064779,737109.611827957,942847.4064516128,real
vm-node,2026-01-24 05:30:00,0.1972213541666699,0.5328197806702923,0.7598841410146223,84.18318749999938,684782.5114583333,887729.209375,real
vm-node,2026-01-24 05:45:00,0.19485483870968062,0.5365077097848895,0.7598818747494749,84.1574032257962,685586.669892473,890664.5139784947,real
vm-node,2026-01-24 06:00:00,0.20436328124999725,0.539916401337839,0.7599745841768796,84.38325937500534,679693.7208333333,879516.70625,real
vm-node,2026-01-24 06:15:00,0.19811962365591881,0.5439256637503622,0.7599483113862425,84.23807741934735,672815.4236559139,873401.5967741936,real
vm-node,2026-01-24 06:30:00,0.20922395833333202,0.5363327658900943,0.759935686805758,84.26837812500695,675253.425,879271.059375,real
vm-node,2026-01-24 06:45:00,0.20820295698924615,0.5328332776247848,0.7599074319966314,84.36874838708549,682260.3086021505,883320.2591397848,real
vm-node,2026-01-24 07:00:00,0.21274869791666914,0.5336915936817155,0.759909494513266,84.1557656250118,697512.68125,902701.371875,real
vm-node,2026-01-24 07:15:00,0.2003508064516147,0.537906101793475,0.759864164839737,84.27290000000627,707474.5741935484,909100.394623656,real
vm-node,2026-01-24 07:30:00,0.20183593749999895,0.5406127221648447,0.7598029270481159,84.2923499999956,690635.1041666666,891840.3145833333,real
vm-node,2026-01-24 07:45:00,0.1993803763440842,0.5405788479510908,0.759757363747197,84.39276129032976,670286.0698924732,871689.2709677418,real
vm-node,2026-01-24 08:00:00,0.2043397889652032,0.5317975963161596,0.7597430783064189,84.33234062499832,690174.1369857643,893805.1417318237,real
vm-node,2026-01-24 08:15:00,0.2149368279569905,0.5353791984669903,0.7598000002690689,84.17308709677508,669138.9870967742,869552.7494623656,real
vm-node,2026-01-24 08:30:00,0.20295572916666732,0.5390979905578192,0.7598552180232139,84.53774062500646,678512.1145833333,880718.915625,real
vm-node,2026-01-24 08:45:00,0.2002069892473108,0.5425882424311131,0.7598170528435111,84.19338709677581,707541.5913978494,917175.3129032258,real
vm-node,2026-01-24 09:00:00,0.23134375000000099,0.5478702949747424,0.7599664758363446,84.40197499999776,696476.1375,900960.3937499999,real
vm-node,2026-01-24 09:15:00,0.19843548387096802,0.5348216366280871,0.7599130810115617,84.2302354838659,696659.829032258,898263.2838709678,real
vm-node,2026-01-24 09:30:00,0.22183723958333257,0.5346783198061372,0.759996524609805,84.25934062499242,668642.4614583333,869189.6708333333,real
vm-node,2026-01-24 09:45:00,0.19725134408602207,0.5383862979914213,0.7599600137345252,84.2370903225836,691208.5580645162,894732.0182795699,real
vm-node,2026-01-24 10:00:00,0.19368098958332883,0.5418160275975247,0.7599398044090404,84.18036562500832,669739.2427083333,869353.4427083334,real
vm-node,2026-01-24 10:15:00,0.20925403225806752,0.5453330462855788,0.7599367666967156,84.23566129032963,695412.3354838709,902491.5559139785,real
vm-node,2026-01-24 10:30:00,0.21991796874999475,0.5414160642431468,0.7598696474944834,84.1651374999977,706665.7802083333,914665.83125,real
vm-node,2026-01-24 10:45:00,0.19454166666666708,0.5359261444176795,0.759967335966572,84.1238774193551,686571.735483871,888888.4268817204,real
vm-node,2026-01-24 11:00:00,0.2309036458333323,0.5393888636619771,0.7599267741592274,84.26419374999435,700467.8479166667,899279.7635416667,real
vm-node,2026-01-24 11:15:00,0.19803897849462454,0.5434329789649865,0.7600190747386997,84.20682580644885,697671.1838709677,904858.8591397849,real
vm-node,2026-01-24 11:30:00,0.20107552083333516,0.5442214784542971,0.7599597580953029,84.2252218749995,675539.4989583333,877819.065625,real
vm-node,2026-01-24 11:45:00,0.20144220430107157,0.5441474117526222,0.7600637353955634,84.05675161290232,667180.7602150538,868635.4666666666,real
vm-node,2026-01-24 12:00:00,0.21975390625000146,0.5331174426771678,0.7600545233245413,84.2760093750044,709441.353125,915070.2124999999,real
vm-node,2026-01-24 12:15:00,0.1956733870967737,0.5367088973557228,0.7601257461441986,84.00132258064964,679327.5537634409,881244.2010752687,real
vm-node,2026-01-24 12:30:00,0.1950468749999993,0.5399517835014132,0.7601611930215406,84.11429999999237,706350.9354166667,909064.834375,real
vm-node,2026-01-24 12:45:00,0.20364109271105268,0.5438041306750824,0.7600756322744074,84.19655161290079,674006.9905572255,878907.9111831259,real
vm-node,2026-01-24 13:00:00,0.20663411458333358,0.5473458569939588,0.7601745151863935,84.1160218750049,680701.5197916667,885676.3614583333,real
vm-node,2026-01-24 13:15:00,0.21188172043011097,0.5390603833370536,0.7600298260486821,84.29389999999955,703007.3505376345,900900.1655913978,real
vm-node,2026-01-24 13:30:00,0.20810416666666032,0.5379016756031193,0.7600116044234415,84.56256875000739,694325.621875,899726.934375,real
vm-node,2026-01-24 13:45:00,0.2045174731182804,0.5418403798031879,0.759969239314614,84.12151290321702,692404.1795698925,900880.4268817204,real
vm-node,2026-01-24 14:00:00,0.21101562500000098,0.5405847944826858,0.7599974631720848,84.26635000001018,701391.0541666667,905433.9291666667,real
vm-node,2026-01-24 14:15:00,0.20162903225806805,0.54403706383471,0.7600299913360872,84.40143225806695,676260.6408602151,880783.3279569892,real
vm-node,2026-01-24 14:30:00,0.20120703125000003,0.5414351682534265,0.7600269022495761,84.37855625000472,691890.4416666667,899243.5989583333,real
vm-node,2026-01-24 14:45:00,0.213713709677417,0.5352884294819643,0.7601125956239588,84.19612903225647,681201.3161290323,883758.2344086021,real
vm-node,2026-01-24 15:00:00,0.23374348958333366,0.539178837451412,0.7599790478903989,84.20135312499478,708190.1447916667,912909.6760416667,real
vm-node,2026-01-24 15:15:00,0.21132661290322843,0.542649393716181,0.7599586812637515,84.23838064515942,702980.2655913979,913098.0763440861,real
vm-node,2026-01-24 15:30:00,0.21438541666666616,0.5451148486089147,0.7599464112962695,84.22724062500832,701737.71875,906357.7520833333,real
vm-node,2026-01-24 15:45:00,0.1957728494623658,0.5478735924417765,0.7600061924926329,84.10887096773392,676982.376344086,879650.9075268817,real
vm-node,2026-01-24 16:00:00,0.23001562499999773,0.5363934400441841,0.7600380036430504,84.04548124999273,687137.61875,893171.6875,real
vm-node,2026-01-24 16:15:00,0.20057258064516195,0.5373081964385626,0.7600126081868347,84.03572258064824,688380.0204301075,892980.9462365591,real
vm-node,2026-01-24 16:30:00,0.20022656249999557,0.5385134983619614,0.7600973633962632,84.12155937499676,688764.628125,891940.4770833333,real
vm-node,2026-01-24 16:45:00,0.23578763440860534,0.5423862696614475,0.759986000728935,84.40291935484257,687704.3634408602,894461.2268817204,real
vm-node,2026-01-24 17:00:00,0.219518229166672,0.5467789855187114,0.7600382832409999,84.38879999999578,733532.965625,946825.6,real
vm-node,2026-01-24 17:15:00,0.2157768817204273,0.5380219146952607,0.7600858635647846,84.3098419354888,681149.4193548387,883684.5752688171,real
vm-node,2026-01-24 17:30:00,0.2045000000000047,0.5375767362795554,0.7600602015031629,84.3186562499885,695445.7958333333,900595.6322916667,real
vm-node,2026-01-24 17:45:00,0.2056276881720408,0.5409195103905243,0.7600217307801559,84.45050000000386,698683.3043010753,908848.540860215,real
vm-node,2026-01-24 18:00:00,0.19820442708333597,0.5446821159627648,0.7600150359647951,84.22065937500447,681895.528125,888525.3416666667,real
vm-node,2026-01-24 18:15:00,0.20423252688172264,0.5482139250977006,0.7601451597856509,84.17558387096531,672076.2849462365,872020.0645161291,real
vm-node,2026-01-24 18:30:00,0.19899869791666197,0.5437609170119664,0.7601507764582862,84.50387187500019,729584.7447916666,941243.4739583334,real
vm-node,2026-01-24 18:45:00,0.19854166666667075,0.5346084472931004,0.7601803482027597,84.18675161290074,677891.8129032258,880663.6666666666,real
vm-node,2026-01-24 19:00:00,0.2104986979166693,0.5385971825224602,0.7601159461903769,84.46162812501036,721002.3583333333,924131.4604166667,real
vm-node,2026-01-24 19:15:00,0.2095175781178634,0.5417184030905677,0.7602079422993239,84.44090967741543,695126.3271264695,901841.2792330155,real
vm-node,2026-01-24 19:30:00,0.20468489583333682,0.5452815741710556,0.7601996814652647,84.41780000000726,668812.4760416667,872176.24375,real
vm-node,2026-01-24 19:45:00,0.20567607526881196,0.5471065709623406,0.7602810438328428,84.32295483870693,668872.5010752688,869492.8193548387,real
vm-node,2026-01-24 20:00:00,0.20069791666666853,0.5366451504977646,0.7601432359356134,84.44704687500683,685082.325,886346.1208333333,real
vm-node,2026-01-24 20:15:00,0.22354435483870527,0.5401903433467986,0.7601890207057622,84.38393225806054,707750.811827957,918131.5924731183,real
vm-node,2026-01-24 20:30:00,0.19783463541667012,0.5436431476155275,0.7602310149112419,84.29554375001074,689486.2572916667,894895.1281249999,real
vm-node,2026-01-24 20:45:00,0.20032392473118205,0.5470025321170467,0.7602252084759512,84.31516774193413,691167.9301075268,896556.3086021505,real
vm-node,2026-01-24 21:00:00,0.2041562500000012,0.5471985168868041,0.7601818130623875,84.20492187500155,710998.66875,916272.6270833333,real
vm-node,2026-01-24 21:15:00,0.1996008064516099,0.5368414899565571,0.7602629016329682,84.27391290321786,682351.0494623656,886444.5838709677,real
vm-node,2026-01-24 21:30:00,0.19572916666666806,0.5369783506037947,0.7602464790180954,84.27805625000813,684687.7510416666,888170.7572916667,real
vm-node,2026-01-24 21:45:00,0.19726071287047195,0.5404531140620575,0.7602263337017476,84.2557451612927,705178.2255281414,915361.6773645758,real
vm-node,2026-01-24 22:00:00,0.22667708333333444,0.5441016704853896,0.760341380967036,84.58286874998981,687138.853125,891935.1916666667,real
vm-node,2026-01-24 22:15:00,0.21547311827957052,0.547513280401562,0.7603334996980203,84.52865806451888,702328.1150537634,908539.7096774194,real
vm-node,2026-01-24 22:30:00,0.1973450520833332,0.543213119120544,0.7603244880777094,84.4265625,681313.9239583333,885464.9239583333,real
vm-node,2026-01-24 22:45:00,0.2113911290322578,0.538932454817284,0.7601524998178799,84.3613000000036,663200.7989247312,863360.9290322581,real
vm-node,2026-01-24 23:00:00,0.21330989583333798,0.5430213754059802,0.760058220915045,84.38718750000311,731949.4114583334,938102.1625,real
vm-node,2026-01-24 23:15:00,0.21405913978494256,0.5438053006213428,0.7600240104749049,84.27583870967068,671906.2311827957,873305.1569892473,real
vm-node,2026-01-24 23:30:00,0.19908593749999412,0.5435953780815609,0.7600671101591041,84.42946562500049,721361.690625,934120.31875,real
vm-node,2026-01-24 23:45:00,0.20033870967742662,0.5458027129671826,0.7601213672994045,84.39350645161603,677877.1204301076,879445.3268817205,real
vm-node,2026-01-25 00:00:00,0.1996289062499969,0.5414063924338414,0.7600074350883799,84.40306562498833,689549.0302083333,949246.2614583333,real
vm-node,2026-01-25 00:15:00,0.20492741935483935,0.5438725568273325,0.7600827243755287,84.34014838709625,691895.4182795698,901068.4806451612,real
vm-node,2026-01-25 00:30:00,0.1977656249999956,0.5469924232955161,0.7600673934521806,84.55784999999838,697333.6166666667,902017.9395833333,real
vm-node,2026-01-25 00:45:00,0.20105376344086073,0.5505146950864463,0.7601455908043458,84.61200322580113,690179.3956989247,896279.9311827957,real
vm-node,2026-01-25 01:00:00,0.20513411458333344,0.5520300477366734,0.7601410656643052,84.30675937500006,726194.2302083333,934569.9791666667,real
vm-node,2026-01-25 01:15:00,0.19874059139784275,0.5423442497459312,0.7601951159966865,84.13670322581004,705937.840860215,913673.5838709677,real
vm-node,2026-01-25 01:30:00,0.19730859375000143,0.5428303543197168,0.7601721515367676,84.07448750001689,683432.425,886777.8458333333,real
vm-node,2026-01-25 01:45:00,0.20586155913978418,0.5415098425026982,0.760224013320868,84.24749999999679,694189.0344086022,902773.9129032259,real
vm-node,2026-01-25 02:00:00,0.20626822916666696,0.5453410502834893,0.7601163144713765,84.28860000000181,693158.9260416667,895692.1,real
vm-node,2026-01-25 02:15:00,0.2113306451612906,0.5484480596115415,0.7601015124677247,84.28908387096499,691641.3311827957,899250.9677419355,real
vm-node,2026-01-25 02:30:00,0.21535807291666823,0.5446112033066497,0.7601120096483217,84.22603750000708,678496.1833333333,883506.671875,real
vm-node,2026-01-25 02:45:00,0.20192741935484015,0.5392349958534043,0.7601060909288466,84.26310967741313,703153.8774193549,912108.9677419355,real
vm-node,2026-01-25 03:00:00,0.20338802083333518,0.5437205867461876,0.760158059553772,84.25790312500516,708583.7947916667,909058.1708333333,real
vm-node,2026-01-25 03:15:00,0.20576612903225397,0.5466767727514522,0.7600963758437502,84.29748387096389,692633.240860215,902765.7967741935,real
vm-node,2026-01-25 03:30:00,0.198274739583325,0.5495833310006385,0.7600596324535918,84.34339374999982,688522.91875,893899.765625,real
vm-node,2026-01-25 03:45:00,0.20404032258064908,0.5519825300797698,0.7599778062879657,84.54126129031822,697407.5043010752,903725.5752688171,real
vm-node,2026-01-25 04:00:00,0.20361328124999709,0.5390133213408476,0.7600947484779956,84.37399375000193,688866.8604166667,893848.246875,real
vm-node,2026-01-25 04:15:00,0.20487096774193672,0.5398526882188932,0.7600448557595739,84.23222580645033,688279.8043010753,894442.1258064515,real
vm-node,2026-01-25 04:30:00,0.2042083333333321,0.5431751811347705,0.7601241124212362,84.22958750000689,711297.9385416666,924296.1927083333,real
vm-node,2026-01-25 04:45:00,0.2071841397849494,0.5469675358050864,0.7601698549954177,84.30350645160483,679719.0247311827,883523.330107527,real
vm-node,2026-01-25 05:00:00,0.19685286458333023,0.5510199502916924,0.7601532657422329,84.32060312499914,743880.9406249999,953241.1,real
vm-node,2026-01-25 05:15:00,0.205409946236556,0.5428865433935385,0.7602117146664854,84.40609032257751,682192.329032258,880612.7784946236,real
vm-node,2026-01-25 05:30:00,0.20094531250000824,0.5424660773934605,0.7602254882328309,84.3473915189672,677679.5239583333,880568.6916666667,real
vm-node,2026-01-25 05:45:00,0.2041787634408566,0.5453652983276199,0.7602065640566534,84.2720387096767,695179.1376344085,902677.0225806452,real
vm-node,2026-01-25 06:00:00,0.2779843750000058,0.5492328676848414,0.760071465482229,84.28257187500907,672260.70625,870873.803125,real
vm-node,2026-01-25 06:15:00,0.27393413978494563,0.5525809850738649,0.7601266882824079,84.395883870966,692586.4301075268,895408.3268817205,real
vm-node,2026-01-25 06:30:00,0.24713281249999575,0.5480106522105306,0.7601431472525634,82.2407218750023,739359.9020833333,905282.515625,real
vm-node,2026-01-25 06:45:00,0.23512634408602048,0.5386925922779605,0.7601320423228921,84.19444193548412,697271.4569892474,903122.7172043012,real
vm-node,2026-01-25 07:00:00,0.231273437500003,0.543019572638536,0.7599788569754995,84.17241741346518,705769.2135416666,904527.103125,real
vm-node,2026-01-25 07:15:00,0.21864650537634617,0.5458590274274427,0.7600577952205118,84.24447096773694,696383.8806451613,903638.3978494623,real
vm-node,2026-01-25 07:30:00,0.21122265625000192,0.5495145443930495,0.7599780378889955,84.17633125000478,708807.4291666667,917796.1947916667,real
vm-node,2026-01-25 07:45:00,0.2206155913978477,0.5529804000159333,0.7600227403047687,84.36705806451619,699669.2978494624,907563.3623655915,real
vm-node,2026-01-25 08:00:00,0.21601822916667165,0.5428014339744714,0.7600158870757339,84.20039687499714,678931.6458333334,885481.215625,real
vm-node,2026-01-25 08:15:00,0.2146263440860227,0.5441035819537973,0.7600457521258863,84.24099032258795,697713.5301075269,903589.4010752689,real
vm-node,2026-01-25 08:30:00,0.2190013020833225,0.5474326902925248,0.7599914967735505,84.36455624999168,677959.3458333333,879329.9874999999,real
vm-node,2026-01-25 08:45:00,0.23868010752688582,0.5486874942175013,0.7598755060986114,84.28719354839093,697075.9086021506,903482.3150537635,real
vm-node,2026-01-25 09:00:00,0.25258593749999614,0.5480769970951255,0.76005257229744,84.34706562500602,723288.1385416667,928346.9885416667,real
vm-node,2026-01-25 09:15:00,0.2076034946236552,0.5432732930784401,0.7600704918361082,84.28709032257558,677263.4397849463,881008.5161290322,real
vm-node,2026-01-25 09:30:00,0.19472656250000145,0.538685415437945,0.7601663046140091,84.41440922865272,703030.6489583333,908610.55,real
vm-node,2026-01-25 09:45:00,0.21068010752688013,0.5427135287568119,0.7602027446461536,84.52903870967447,682517.0548387096,888401.1451612903,real
vm-node,2026-01-25 10:00:00,0.19871354166667526,0.546621688354238,0.7602351337462334,84.40309687499733,697487.6177083333,904363.2083333334,real
vm-node,2026-01-25 10:15:00,0.202905913978496,0.5498357218780823,0.7601730882713501,84.34141935484224,673905.2129032259,875284.1408602151,real
vm-node,2026-01-25 10:30:00,0.2011992187500027,0.5518923071759941,0.7602858469020658,84.19434062500174,705855.7729166667,916282.040625,real
vm-node,2026-01-25 10:45:00,0.2034489247311829,0.5411107887520927,0.7602646816511772,84.33083870966908,677274.2903225806,879472.4150537634,real
vm-node,2026-01-25 11:00:00,0.19896223958334336,0.5453040060748242,0.7602973128814126,84.16572187500229,722156.00625,924651.6541666667,real
vm-node,2026-01-25 11:15:00,0.21523924731182756,0.5439256637503623,0.7603548650022947,84.36169032258212,705320.8516129032,914877.5655913978,real
vm-node,2026-01-25 11:30:00,0.20061979166666613,0.5469880266728039,0.7604545614779602,84.30759375000683,679944.7729166667,882412.5427083333,real
vm-node,2026-01-25 11:45:00,0.2016196236559166,0.5510650213181091,0.7602964676906236,84.37282258063875,704135.569892473,915651.4440860215,real
vm-node,2026-01-25 12:00:00,0.2095494791666698,0.54309659720875,0.7604211255046712,84.42326874999175,699097.9916666667,904153.3166666667,real
vm-node,2026-01-25 12:15:00,0.21267473118279231,0.5423887234077988,0.7603622889496677,84.08661290323062,686629.340860215,890627.3602150538,real
vm-node,2026-01-25 12:30:00,0.2075872395833239,0.5455292417094605,0.7603510166267663,84.3622468749915,668203.3010416667,866248.8489583334,real
vm-node,2026-01-25 12:45:00,0.21143010752688243,0.5499475067098578,0.7604050297297489,84.37640322581414,704110.9139784946,914792.8924731181,real
vm-node,2026-01-25 13:00:00,0.20140234374999896,0.5537773629671586,0.7605063363669752,84.12683437499993,721222.3354166667,924719.5927083333,real
vm-node,2026-01-25 13:15:00,0.20765994623656042,0.5514350501938746,0.7604568511455791,84.28669677419207,669789.2301075269,868258.5795698924,real
vm-node,2026-01-25 13:30:00,0.1983932291666691,0.5424803664172753,0.760376201381273,84.32571249999262,680859.9270833334,885104.2572916667,real
vm-node,2026-01-25 13:45:00,0.20685215053763367,0.5422095685162027,0.7602949317891976,84.24787419354243,680345.8795698924,886457.3161290323,real
vm-node,2026-01-25 14:00:00,0.2001770833333384,0.5457994286276915,0.7602500054010441,84.18621250000626,682536.321875,883802.809375,real
vm-node,2026-01-25 14:15:00,0.2002352150537622,0.5489696475659381,0.7603275620658517,84.40871935483588,687692.9838709678,892257.4129032259,real
vm-node,2026-01-25 14:30:00,0.1986953125000028,0.551256325812076,0.7602747923135346,84.26864687501607,698620.790625,907018.7260416667,real
vm-node,2026-01-25 14:45:00,0.2069247311827974,0.5401532269979908,0.7602566995409515,84.43713870967429,692276.9365591398,896281.5150537634,real
vm-node,2026-01-25 15:00:00,0.21178385416666068,0.54463024646402,0.7601647871484859,84.39044062499887,737992.690625,942653.8083333333,real
vm-node,2026-01-25 15:15:00,0.20369623655913877,0.5473050770791612,0.7600962601425666,84.50875806451164,677806.4666666666,882885.6376344085,real
vm-node,2026-01-25 15:30:00,0.20586328125000655,0.5510251418055351,0.7600772619049173,84.34724375001,698156.7614583333,903749.8677083333,real
vm-node,2026-01-25 15:45:00,0.19061424731183213,0.5545892292375977,0.7601709598781488,84.29556451612903,676615.6634408602,879383.4258064516,real
vm-node,2026-01-25 16:00:00,0.20005729166666303,0.5434671191648449,0.7601749881626604,84.31421250000906,704620.5625,915016.5291666667,real
vm-node,2026-01-25 16:15:00,0.19571639784947256,0.5413218462722493,0.7602207355444802,84.39937096773296,688670.4892473118,893337.5182795699,real
vm-node,2026-01-25 16:30:00,0.1971770833333342,0.5449017607363397,0.7601899324883038,84.39999375001062,695281.9895833334,899148.6260416666,real
vm-node,2026-01-25 16:45:00,0.1932459677419285,0.5479338564521637,0.7602603180636821,84.32848387095397,682327.0978494623,888646.2139784946,real
vm-node,2026-01-25 17:00:00,0.2017994791666705,0.5520384986844818,0.7602124296537102,84.32117500000167,688644.2385416667,888313.1979166666,real
vm-node,2026-01-25 17:15:00,0.20555376344085854,0.5519390261384604,0.760243259132032,84.28996129032745,678523.4376344086,882015.4806451612,real
vm-node,2026-01-25 17:30:00,0.19585546874999527,0.5440290425378876,0.7602436214531492,84.42139999999975,682709.1385416667,883355.4197916667,real
vm-node,2026-01-25 17:45:00,0.20474462365591764,0.5477177461775206,0.7602956120104418,84.2347935483821,709548.1215053763,919146.7580645161,real
vm-node,2026-01-25 18:00:00,0.19678515625000156,0.5503663253873227,0.7602273813696078,84.22918437499708,678256.096875,879463.80625,real
vm-node,2026-01-25 18:15:00,0.21019086021505376,0.550844918307403,0.7602806509573952,84.38380000000039,686334.0268817204,890708.8903225806,real
vm-node,2026-01-25 18:30:00,0.2220585937499929,0.551872138239798,0.7600513356615755,84.50047812499106,684130.36875,890158.21875,real
vm-node,2026-01-25 18:45:00,0.20263306451612928,0.5413152466760629,0.7601018074421708,84.29946774193034,681456.5107526882,883862.6032258064,real
vm-node,2026-01-25 19:00:00,0.20900390625000256,0.543545710697479,0.7601307611865723,84.37324687500174,732474.996875,932192.834375,real
vm-node,2026-01-25 19:15:00,0.1995793010752676,0.5465034597391694,0.7602567071696009,84.27823870967953,693356.252688172,903041.3817204301,real
vm-node,2026-01-25 19:30:00,0.1961393229166598,0.5505429091208045,0.760144424534826,84.40144062500137,689692.9041666667,894912.94375,real
vm-node,2026-01-25 19:45:00,0.20802688172043135,0.5537683156362996,0.7601327301727858,84.55404838708941,689037.647311828,893098.8559139784,real
vm-node,2026-01-25 20:00:00,0.21207291666666908,0.5491498224798924,0.7601611006433635,84.3947781250036,680134.3364583333,883894.3729166667,real
vm-node,2026-01-25 20:15:00,0.20133736559139517,0.5451362244202538,0.7602307341610486,84.52709677418873,673898.5172043011,877386.147311828,real
vm-node,2026-01-25 20:30:00,0.21921744791667003,0.5483599897475018,0.760202669591368,84.37442500000664,699463.1489583333,902827.3104166667,real
vm-node,2026-01-25 20:45:00,0.20083736559139592,0.5466731412068523,0.7602328879830814,84.32682903225543,684367.4784946236,888023.1322580646,real
vm-node,2026-01-25 21:00:00,0.21184114583333274,0.5509322536424726,0.7603335214317248,84.28131562500106,751303.4552083333,963014.1333333333,real
vm-node,2026-01-25 21:15:00,0.22251881720430167,0.5512168159563898,0.760236840894947,84.18118709677489,679983.6946236559,881204.2010752688,real
vm-node,2026-01-25 21:30:00,0.20050000000000368,0.5414256333631675,0.7602641010791668,84.22385625000267,685961.5,890046.9989583333,real
vm-node,2026-01-25 21:45:00,0.2268965053763397,0.54460651750993,0.760287792644738,84.36730645161161,702455.5344086022,909826.2204301074,real
vm-node,2026-01-25 22:00:00,0.20061458333333756,0.5484023776022834,0.7602631403461245,84.5274937500013,697374.2760416666,903616.8625,real
vm-node,2026-01-25 22:15:00,0.19524059139784977,0.5518724059435248,0.7603010944665256,84.20724193549124,679847.5591397849,882268.330107527,real
vm-node,2026-01-25 22:30:00,0.20036328124999958,0.5577314975511573,0.7602513307199588,84.05824062499839,687039.1770833334,893711.4625,real
vm-node,2026-01-25 22:45:00,0.20006451612903642,0.5459483123866756,0.7602769764912352,84.22302599216088,704836.1913978495,912944.2709677418,real
vm-node,2026-01-25 23:00:00,0.19566796875000061,0.5441346109259695,0.760284086789864,84.25328124999845,687778.9479166666,890998.1208333333,real
vm-node,2026-01-25 23:15:00,0.2005564516128972,0.5453819092089195,0.7602115010643004,84.22719354838613,716537.7333333334,925606.1892473118,real
vm-node,2026-01-25 23:30:00,0.22054947916667214,0.5486551719983146,0.7602178442465997,84.39679999999547,696659.08125,903936.7375,real
vm-node,2026-01-25 23:45:00,0.2068413978494638,0.551780938131538,0.7601695422207895,84.28662580645855,682371.7150537635,886221.682795699,real
vm-node,2026-01-26 00:00:00,0.19963281249999318,0.5537760660395247,0.7602070520120915,84.4360843749872,680359.1260416666,939513.9625,real
vm-node,2026-01-26 00:15:00,0.19718413978494956,0.5463049339923779,0.7602094896437241,84.28233548387564,709461.8279569893,922074.1623655914,real
vm-node,2026-01-26 00:30:00,0.1979348958333312,0.5475486112818373,0.7601490483705191,84.35106562499422,692178.8354166667,896036.9635416666,real
vm-node,2026-01-26 00:45:00,0.2027849462365585,0.5511184305426894,0.7602066225429661,84.3764741935477,706513.5516129032,914619.9989247312,real
vm-node,2026-01-26 01:00:00,0.2086523437500013,0.5545857178038818,0.7602299420926781,84.32964375001222,722843.634375,930290.7645833333,real
vm-node,2026-01-26 01:15:00,0.20527688172043373,0.5553111135621528,0.7602333431591662,84.49742580645027,675035.5107526882,875804.7075268817,real
vm-node,2026-01-26 01:30:00,0.19974479166666656,0.541309834079674,0.7602703926488846,84.35970312499752,700210.103125,907275.9416666667,real
vm-node,2026-01-26 01:45:00,0.20759543010752596,0.5448237702488744,0.7604048936855,84.45516451613236,693664.0204301075,903416.9150537634,real
vm-node,2026-01-26 02:00:00,0.20079947916665614,0.5485903256166165,0.7603552537058245,84.20611874999013,729332.6177083333,940586.121875,real
vm-node,2026-01-26 02:15:00,0.21578360215053743,0.5515490492863575,0.7603463145576835,84.40953548387174,674257.4440860215,876160.9806451612,real
vm-node,2026-01-26 02:30:00,0.19831640625000346,0.5548673716922489,0.7604151073743577,84.27107812499938,709442.4083333333,919554.11875,real
vm-node,2026-01-26 02:45:00,0.19772849462365547,0.5458587840158048,0.7604011607330275,84.24715483871199,703346.9139784946,910334.6548387097,real
vm-node,2026-01-26 03:00:00,0.21029817708333645,0.5467451931373983,0.7604990003080011,84.12293749999566,717825.5927083334,923067.7687499999,real
vm-node,2026-01-26 03:15:00,0.19973118279569788,0.5498382894782642,0.7604784592951949,84.2578806451652,714706.5709677419,927428.3483870968,real
vm-node,2026-01-26 03:30:00,0.19805598958332382,0.5529759605753473,0.7604668834950817,84.53252499999944,719846.6614583333,929341.3791666667,real
vm-node,2026-01-26 03:45:00,0.20177419354839066,0.5532816493999743,0.760358080478045,84.5576580645176,708991.052688172,917973.5720430106,real
vm-node,2026-01-26 04:00:00,0.20481640624999065,0.5469216665749816,0.7604014514163582,84.50457500000483,705312.2864583334,914466.846875,real
vm-node,2026-01-26 04:15:00,0.19979032258065338,0.5432963661461303,0.7603428015646039,84.46149032257738,714865.3236559139,927664.4010752689,real
vm-node,2026-01-26 04:30:00,0.19448567708333,0.5464119702115271,0.7603560321459305,84.2686468749928,692686.0854166667,898611.3583333333,real
vm-node,2026-01-26 04:45:00,0.1992782258064502,0.5498661444068439,0.760341978941903,84.41099677419952,684272.1774193548,889750.488172043,real
vm-node,2026-01-26 05:00:00,0.20352473958332742,0.5541457398581933,0.7603978696065032,84.54704062499417,761342.43125,974159.21875,real
vm-node,2026-01-26 05:15:00,0.19819489247312042,0.5534771796132201,0.7603773148462348,84.30314838710011,726349.723655914,939622.9451612904,real
vm-node,2026-01-26 05:30:00,0.19689713541666234,0.5449511656922493,0.7604768800455575,84.24322499999931,691106.68125,897292.434375,real
vm-node,2026-01-26 05:45:00,0.1927970430107555,0.5480732528008807,0.7604843943844802,84.38187419354755,728033.5559139785,943919.7010752688,real
vm-node,2026-01-26 06:00:00,0.213494791666668,0.5505902717009387,0.7604565605417135,84.40342499999484,692301.5427083333,897720.975,real
vm-node,2026-01-26 06:15:00,0.20713575268817727,0.5507560573555397,0.760353369786999,84.35026129032336,700822.5086021505,909270.6956989247,real
vm-node,2026-01-26 06:30:00,0.20835807291666358,0.5544426259904723,0.7603886083863175,84.70151875001223,710908.3489583334,920144.3958333334,real
vm-node,2026-01-26 06:45:00,0.20664784946236484,0.542904705042532,0.7602653580580967,84.31774838710183,702818.1150537634,910362.0505376344,real
vm-node,2026-01-26 07:00:00,0.20937760416666915,0.5457631450803953,0.760167722311101,84.4370406249926,723555.0833333334,930073.85625,real
vm-node,2026-01-26 07:15:00,0.19928225806451894,0.5489513249511839,0.7601091271313345,84.26958387096724,704062.2784946236,914817.3258064516,real
vm-node,2026-01-26 07:30:00,0.2114792754838697,0.55228809069615,0.7602485162648286,84.60934062500019,723281.8706806304,934313.2987671513,real
vm-node,2026-01-26 07:45:00,0.2163306451612909,0.5556778681587874,0.7601984687881272,84.22246774193098,690809.3440860215,895841.2279569892,real
vm-node,2026-01-26 08:00:00,0.1943906250000074,0.5507568565407263,0.7602510757561899,84.29215312500794,696141.5583333333,902623.228125,real
vm-node,2026-01-26 08:15:00,0.20023387096773448,0.5477278752424586,0.7602097452034813,84.15717096774168,708760.7978494624,920473.6139784947,real
vm-node,2026-01-26 08:30:00,0.1990429665199007,0.5478415001386229,0.760318386191182,84.30154999999795,707785.8148430451,915436.1333206906,real
vm-node,2026-01-26 08:45:00,0.2050120967741955,0.5500583689330052,0.7602696148444994,84.35730645162283,690023.4376344086,896936.4225806451,real
vm-node,2026-01-26 09:00:00,0.20601041666665346,0.5542942932202313,0.7603800738744587,84.36682187500409,771597.8937499999,985233.8333333334,real
vm-node,2026-01-26 09:15:00,0.19882795698924938,0.5535332114019006,0.7602846559983654,84.30324516128148,688002.8913978494,891809.9290322581,real
vm-node,2026-01-26 09:30:00,0.20286979166666141,0.5449277753551558,0.7603540293870501,84.37971875000125,692574.9802083333,900764.1604166667,real
vm-node,2026-01-26 09:45:00,0.20325268817204706,0.5485414001227439,0.7602808454879565,84.45413870968484,712520.9612903226,923570.5741935484,real
vm-node,2026-01-26 10:00:00,0.19869791666666659,0.5519672817638192,0.7602437089044901,84.16885937499659,689918.6989583333,894459.8864583333,real
vm-node,2026-01-26 10:15:00,0.234387096774199,0.5648755066858621,0.7603955396898118,87.45240967741576,744486.464516129,1039007.517204301,real
vm-node,2026-01-26 10:30:00,0.2259492187499971,0.5764431929266038,0.7607201672128763,87.9216343750013,729406.4833333333,1053419.7791666666,real
vm-node,2026-01-26 10:45:00,0.21629032258064013,0.5670158016632348,0.7612025160306275,86.18032903225831,702582.8333333333,936051.6924731182,real
vm-node,2026-01-26 11:00:00,0.20714062500000086,0.5652862607578816,0.7612092135875341,85.34338750000266,709905.88125,913533.7822916666,real
vm-node,2026-01-26 11:15:00,0.20920564516129406,0.5679720678392632,0.7611825632979462,85.19126129032622,709883.2311827957,919458.6215053763,real
vm-node,2026-01-26 11:30:00,0.2035039062499997,0.5713632719100292,0.761202910932435,85.43742500001099,681701.4489583333,887075.259375,real
vm-node,2026-01-26 11:45:00,0.21342607526881363,0.5761239667833569,0.7612570392598106,86.45133548386956,708237.535483871,942725.1774193548,real
vm-node,2026-01-26 12:00:00,0.22349088541666737,0.5847626071711016,0.7612867287318277,85.65869687499944,719033.8364583333,1221002.8635416667,real
vm-node,2026-01-26 12:15:00,0.21608602150537753,0.571747248861554,0.7613202082917233,86.51945161290708,709171.4698924731,943037.4741935483,real
vm-node,2026-01-26 12:30:00,0.21435937499999846,0.5758913293001647,0.7614582774701968,85.10812187499833,693510.8583333334,905545.2541666667,real
vm-node,2026-01-26 12:45:00,0.21763978494624084,0.5774278404824915,0.7613963294989895,84.52788709677677,683007.0978494624,888923.2204301074,real
vm-node,2026-01-26 13:00:00,0.20058203124998858,0.5809990296699313,0.7613777015289672,84.88062187500763,731108.4552083333,935695.7302083333,real
vm-node,2026-01-26 13:15:00,0.19855510752688257,0.580004289855301,0.7613352494455893,84.24283225806329,681163.6903225806,883852.9290322581,real
vm-node,2026-01-26 13:30:00,0.21841796874999286,0.5669888034601938,0.7613630700574171,84.43886874999541,711066.3520833333,919154.9302083333,real
vm-node,2026-01-26 13:45:00,0.21041801075268635,0.5704633113607742,0.7614186153269662,84.08156774193048,676130.8817204301,877177.3451612903,real
vm-node,2026-01-26 14:00:00,0.20557682291667123,0.573653661324836,0.7613493328066218,84.41258750000658,685814.3520833333,889418.2291666666,real
vm-node,2026-01-26 14:15:00,0.20113575268817135,0.5763915350634818,0.7612497805998427,84.33827419354711,709107.135483871,917508.8999999999,real
vm-node,2026-01-26 14:30:00,0.20404947916666874,0.5796253475005397,0.7612610549888367,84.45160937500962,697559.4458333333,907859.8333333334,real
vm-node,2026-01-26 14:45:00,0.2096424731182783,0.5737955185357687,0.7612994087789511,84.39310322580158,687567.7505376344,894440.8903225807,real
vm-node,2026-01-26 15:00:00,0.24712630208333985,0.5709751368399376,0.7613245163331145,84.45976250000143,737310.7729166667,945556.0802083333,real
vm-node,2026-01-26 15:15:00,0.20761424731182185,0.5742985875757031,0.7612595821429663,84.53151290322184,727374.123655914,944038.6387096775,real
vm-node,2026-01-26 15:30:00,0.20026171875000054,0.5771868154808342,0.7613005411168738,84.37116956797117,718593.3802083334,930271.3791666667,real
vm-node,2026-01-26 15:45:00,0.20799059139784817,0.5762124547657749,0.7613050832227131,84.55711290322004,720083.1731182795,932125.3967741936,real
vm-node,2026-01-26 16:00:00,0.21192968749999921,0.5768151106963106,0.7613461857900538,84.64441249999993,707054.796875,919334.8958333334,real
vm-node,2026-01-26 16:15:00,0.22286693548387673,0.5676004842698096,0.7613024348099064,84.4739548387066,707806.3795698924,918869.1215053763,real
vm-node,2026-01-26 16:30:00,0.20262890624999938,0.5708177712159409,0.7613627116300897,84.29048437500217,702340.946875,908186.8229166666,real
vm-node,2026-01-26 16:45:00,0.20490322580645298,0.5744429699370059,0.7613320492271378,84.34293870968364,729367.735483871,946571.5333333333,real
vm-node,2026-01-26 17:00:00,0.21356510416666907,0.5757064999974442,0.7613910840475624,84.67889374999795,709905.86875,919101.4395833333,real
vm-node,2026-01-26 17:15:00,0.19857123655914216,0.5791499307097364,0.7614127196523697,84.27038387097018,724603.5462365592,930742.646236559,real
vm-node,2026-01-26 17:30:00,0.2017760416666615,0.5704068885676126,0.7614715232690897,84.30739999999447,705625.84375,918249.515625,real
vm-node,2026-01-26 17:45:00,0.20392741935483988,0.5693732551556921,0.7613380148310211,84.51445806451062,704889.8892473119,912549.2741935484,real
vm-node,2026-01-26 18:00:00,0.19791015624999977,0.5705780678020683,0.7613920694147852,84.42347500000615,691506.6729166667,895625.5645833333,real
vm-node,2026-01-26 18:15:00,0.2083508064516134,0.5713566517023735,0.7614554528038013,84.4591935483919,711830.5462365592,925677.9354838709,real
vm-node,2026-01-26 18:30:00,0.2135585937499984,0.5748360257500303,0.7614433947300048,84.52751874999764,699314.6385416667,909798.978125,real
vm-node,2026-01-26 18:45:00,0.2104825268817192,0.5748748764067593,0.7614451159837734,84.55293870968043,688914.7204301074,896247.1419354838,real
vm-node,2026-01-26 19:00:00,0.22182682291667274,0.5659086262832965,0.7615357470412564,84.53530937499987,680613.3739583334,885231.1677083333,real
vm-node,2026-01-26 19:15:00,0.20393413978494263,0.5696650114858492,0.7613211923875045,84.55432903225864,730900.5698924732,941161.952688172,real
vm-node,2026-01-26 19:30:00,0.20081510416666323,0.5723760849160973,0.761249593936326,84.69711875000503,711638.871875,919858.75625,real
vm-node,2026-01-26 19:45:00,0.20303629032258566,0.575789958904028,0.7612304368876771,84.35941290322651,674513.2602150538,880031.7752688171,real
vm-node,2026-01-26 20:00:00,0.2057890624999881,0.5794326187295032,0.7613193702527933,84.31668437500484,707936.34375,919818.8239583333,real
vm-node,2026-01-26 20:15:00,0.19671908602150714,0.5715655499257409,0.7613151593972176,84.31349354838171,695751.4731182795,902034.3397849462,real
vm-node,2026-01-26 20:30:00,0.20891145833334096,0.5667476700029477,0.7613806884233615,84.39733125000106,693467.765625,895181.69375,real
vm-node,2026-01-26 20:45:00,0.20801747311827293,0.5693990253813717,0.7613615937150825,84.56524193548869,694450.2516129032,905278.5602150537,real
vm-node,2026-01-26 21:00:00,0.2041158854166801,0.5726728797690122,0.761353787898178,84.43235312499262,689660.8541666666,895700.9760416667,real
vm-node,2026-01-26 21:15:00,0.1954784946236585,0.5762433641178125,0.7613414502661645,84.48371290322592,719079.3075268817,925142.9935483871,real
vm-node,2026-01-26 21:30:00,0.1977656249999991,0.575044401325425,0.761380668716017,84.49150937499168,686966.4375,895781.4604166667,real
vm-node,2026-01-26 21:45:00,0.21593279569891904,0.566746564835591,0.7614369978292989,84.563606451612,720960.5419354839,936424.3623655915,real
vm-node,2026-01-26 22:00:00,0.20120833333333693,0.5706296938891752,0.7615443332848943,84.40577500000751,675427.1260416666,879517.3197916666,real
vm-node,2026-01-26 22:15:00,0.20168817204300582,0.5749506755760456,0.7613662433769327,84.50669999999865,688901.829032258,896175.6258064515,real
vm-node,2026-01-26 22:30:00,0.20663020833333814,0.5784703212449435,0.7612453038937796,84.50984062499677,711468.9708333333,922119.725,real
vm-node,2026-01-26 22:45:00,0.20258333333333245,0.5814811938951387,0.7611974340786408,84.39157096773225,684239.7322580644,891825.647311828,real
vm-node,2026-01-26 23:00:00,0.20293619791667106,0.5697118190285587,0.7612849107293016,84.21927500000068,679899.3979166667,883679.6322916667,real
vm-node,2026-01-26 23:15:00,0.2108427792644661,0.5684826551580179,0.7613752515405118,84.37682580644245,727541.8320572339,935056.1217591359,real
vm-node,2026-01-26 23:30:00,0.20381901041666858,0.5716028498147759,0.7612171371717148,84.64333750001775,705140.3270833333,912417.6208333332,real
vm-node,2026-01-26 23:45:00,0.19762096774193222,0.5752212040557687,0.7612229875114725,84.31458387096082,702946.1483870967,914327.3688172043,real
vm-node,2026-01-27 00:00:00,0.20451953125000155,0.585791451115519,0.7612451388447697,84.41968437499987,717332.3229166666,1014945.9989583333,real
vm-node,2026-01-27 00:15:00,0.19977688172042748,0.584046104771106,0.7612060544525386,84.51558064516354,675180.3548387097,880605.2483870968,real
vm-node,2026-01-27 00:30:00,0.19790885416666934,0.5733335255778166,0.7611756593701784,84.38920625000416,687021.18125,891350.4583333334,real
vm-node,2026-01-27 00:45:00,0.21696102150537722,0.5768454428045191,0.7612464532372334,84.40322580645162,713118.7720430108,925924.5946236559,real
vm-node,2026-01-27 01:00:00,0.23093750000000496,0.5792529695307048,0.7612257123299715,84.81352499998951,725026.0635416667,938157.1291666667,real
vm-node,2026-01-27 01:15:00,0.20827956989247187,0.5788509387723386,0.761300207244262,84.54430000000102,735005.2247311828,943104.5784946237,real
vm-node,2026-01-27 01:30:00,0.20205208333333063,0.578353053885008,0.761289461894162,84.25321562500515,715064.3739583334,930268.8625,real
vm-node,2026-01-27 01:45:00,0.19616287878787392,0.5821082886597373,0.7613085155370453,84.30211818182107,668592.7696969697,867787.3181818182,real
