pod_name,timestamp,CPU (%),MEM (B),Energy (watts)
forecaster-tenant-pool,2026-01-31 01:50:02,0.001082586200037293,1138360320.0,0.21350000000517563
forecaster-tenant-pool,2026-01-31 01:50:32,0.0022012432922711763,1138450432.0,1.299299999995795
forecaster-tenant-pool,2026-01-31 01:51:02,0.001470921604499132,1138405376.0,0.2777000000049156
forecaster-tenant-pool,2026-01-31 01:51:32,0.0027246152761314212,1138204672.0,1.468299999997665
forecaster-tenant-pool,2026-01-31 01:52:02,0.00023876335682334292,1138208768.0,0.22690000000196353
forecaster-tenant-pool,2026-01-31 01:52:32,0.001817693598367939,1138270208.0,1.3743999999939358
forecaster-tenant-pool,2026-01-31 01:53:02,0.00026246386403616927,1138270208.0,0.09040000000447132
forecaster-tenant-pool,2026-01-31 01:53:32,0.002027214450092915,1138339840.0,1.2824999999997695
forecaster-tenant-pool,2026-01-31 01:54:02,0.00019720417038736576,1138339840.0,0.20409999999968326
forecaster-tenant-pool,2026-01-31 01:54:32,0.002673436480284186,1138409472.0,1.2261000000028313
forecaster-tenant-pool,2026-01-31 01:55:02,0.001365625687577892,1138442240.0,0.08099999999431019
forecaster-tenant-pool,2026-01-31 01:55:32,0.0020640028674425064,1138479104.0,1.2810000000056485
forecaster-tenant-pool,2026-01-31 01:56:02,0.00027764478946599124,1138163712.0,0.23939999999668846
forecaster-tenant-pool,2026-01-31 01:56:32,0.0019171277749671035,1138233344.0,1.293399999999565
forecaster-tenant-pool,2026-01-31 01:57:02,0.00024756800747288455,1138253824.0,0.07349999999757226
forecaster-tenant-pool,2026-01-31 01:57:32,0.0022541775114120906,1138089984.0,1.4212000000029852
forecaster-tenant-pool,2026-01-31 01:58:02,0.0005850596993412927,1138110464.0,0.19860000000074554
forecaster-tenant-pool,2026-01-31 01:58:32,0.001992810857301622,1138155520.0,1.2204000000004576
forecaster-tenant-pool,2026-01-31 01:59:02,0.000257560540062223,1138188288.0,0.08219999999528227
forecaster-tenant-pool,2026-01-31 01:59:32,0.0019205554335194588,1138253824.0,1.3766999999994367
forecaster-tenant-pool,2026-01-31 02:00:02,0.0003953716141172629,1138253824.0,0.20160000000275127
forecaster-tenant-pool,2026-01-31 02:00:02,0.0003953716141172629,1138253824.0,0.20160000000275127
forecaster-tenant-pool,2026-01-31 02:00:32,0.0028630577161834632,1138348032.0,1.2897000000037224
forecaster-tenant-pool,2026-01-31 02:01:02,0.0005281699527756648,1138040832.0,0.23519999999643915
forecaster-tenant-pool,2026-01-31 02:01:32,0.002372699671787993,1138106368.0,1.3578000000021955
forecaster-tenant-pool,2026-01-31 02:02:02,0.0008452459879174009,1138917376.0,0.30759999999536375
forecaster-tenant-pool,2026-01-31 02:02:32,0.0018763977643268274,1138196480.0,1.2722000000025218
forecaster-tenant-pool,2026-01-31 02:03:02,0.0009411046253200582,1138208768.0,0.09579999999969005
forecaster-tenant-pool,2026-01-31 02:03:32,0.0023940368246131664,1138266112.0,1.0194000000024366
forecaster-tenant-pool,2026-01-31 02:04:02,0.00040331692772327773,1138274304.0,0.5532999999950334
forecaster-tenant-pool,2026-01-31 02:04:32,0.0019297879972849277,1138335744.0,0.7148000000052586
forecaster-tenant-pool,2026-01-31 02:05:02,0.0018500411039064836,1138630656.0,0.6197999999961515
forecaster-tenant-pool,2026-01-31 02:05:32,0.0021897929534420877,1138405376.0,1.3922000000039891
forecaster-tenant-pool,2026-01-31 02:06:02,0.0002576500212967575,1138077696.0,0.19519999999841578
forecaster-tenant-pool,2026-01-31 02:06:32,0.0027494206459877982,1138147328.0,1.2490999999964212
forecaster-tenant-pool,2026-01-31 02:07:02,0.0019283643112134705,1138388992.0,0.09190000000113893
forecaster-tenant-pool,2026-01-31 02:07:32,0.0019690170666242465,1138216960.0,1.402300000004531
forecaster-tenant-pool,2026-01-31 02:08:02,0.00020380330878745534,1138216960.0,0.19879999999387413
forecaster-tenant-pool,2026-01-31 02:08:32,0.0021501364955319132,1138286592.0,1.2070000000003953
forecaster-tenant-pool,2026-01-31 02:09:02,0.0016236310271306824,1138331648.0,0.0915000000061506
forecaster-tenant-pool,2026-01-31 02:09:32,0.0020308859354338763,1138352128.0,1.25049999999416
forecaster-tenant-pool,2026-01-31 02:10:02,0.00019654305680702133,1138356224.0,0.19248075192958491
forecaster-tenant-pool,2026-01-31 02:10:02,0.0020211265083617588,1138491392.0,0.19248075192958491
forecaster-tenant-pool,2026-01-31 02:10:32,0.0019328066072785833,1138446336.0,1.3999399939968122
forecaster-tenant-pool,2026-01-31 02:11:02,0.0005721851809609687,1138126848.0,0.24910000000436414
forecaster-tenant-pool,2026-01-31 02:11:32,0.0025902290521279277,1138192384.0,1.3374999999999393
forecaster-tenant-pool,2026-01-31 02:12:02,0.0008890122205715645,1138196480.0,0.26379999999311016
forecaster-tenant-pool,2026-01-31 02:12:32,0.0018841630823845023,1138262016.0,1.3613000000024842
forecaster-tenant-pool,2026-01-31 02:13:02,0.0010698387582713964,1138548736.0,0.08100000000122236
forecaster-tenant-pool,2026-01-31 02:13:32,0.0025030193792294616,1138331648.0,1.3463999999979934
forecaster-tenant-pool,2026-01-31 02:14:02,0.0012732840290185456,1138348032.0,0.23129999999794867
forecaster-tenant-pool,2026-01-31 02:14:32,0.002247184680423017,1138405376.0,1.2730000000034731
forecaster-tenant-pool,2026-01-31 02:15:02,0.001322104369067185,1138696192.0,0.07020000000356959
forecaster-tenant-pool,2026-01-31 02:15:32,0.002466554207648148,1138081792.0,1.258699999998013
forecaster-tenant-pool,2026-01-31 02:16:02,0.0014150711970138583,1137790976.0,0.19019999999867043
forecaster-tenant-pool,2026-01-31 02:16:32,0.0017674493215441157,1137831936.0,1.2721999999989444
forecaster-tenant-pool,2026-01-31 02:17:02,0.0015142872159423556,1138171904.0,0.05069999999832362
forecaster-tenant-pool,2026-01-31 02:17:32,0.0019239540445378043,1137307648.0,1.2096000000058362
forecaster-tenant-pool,2026-01-31 02:18:02,0.0012374161422540005,1137586176.0,0.1993999999977556
forecaster-tenant-pool,2026-01-31 02:18:32,0.002148467729358751,1137422336.0,1.2718999999997929
forecaster-tenant-pool,2026-01-31 02:19:02,0.0007220070860777458,1137455104.0,0.0737999999991492
forecaster-tenant-pool,2026-01-31 02:19:32,0.0020641888409895486,1137606656.0,1.3196000000030834
forecaster-tenant-pool,2026-01-31 02:20:02,0.00020982064097863377,1137618944.0,0.2122999999948661
forecaster-tenant-pool,2026-01-31 02:20:02,0.0018856588325704884,1137676288.0,0.2122999999948661
forecaster-tenant-pool,2026-01-31 02:20:32,0.002064967731619983,1137741824.0,1.2480000000024423
forecaster-tenant-pool,2026-01-31 02:21:02,0.0011551486679523106,1137451008.0,0.2435999999969378
forecaster-tenant-pool,2026-01-31 02:21:32,0.002520348645170537,1137577984.0,1.2976000000064232
forecaster-tenant-pool,2026-01-31 02:22:02,0.0016562890423882704,1137750016.0,0.2303999999999481
forecaster-tenant-pool,2026-01-31 02:22:32,0.001705708835581103,1137901568.0,1.2601999999963784
forecaster-tenant-pool,2026-01-31 02:23:02,0.0018747061899087453,1138073600.0,0.09180000000111856
forecaster-tenant-pool,2026-01-31 02:23:32,0.002943335171126247,1138159616.0,1.2757000000000214
forecaster-tenant-pool,2026-01-31 02:24:02,0.0007023559642265863,1138425856.0,0.22129999999918556
forecaster-tenant-pool,2026-01-31 02:24:32,0.0018244001255474339,1138229248.0,1.2117000000008071
forecaster-tenant-pool,2026-01-31 02:25:02,0.0014797705478585969,1138778112.0,0.05090000000006209
forecaster-tenant-pool,2026-01-31 02:25:32,0.002366017937727377,1137528832.0,1.1542000000009769
forecaster-tenant-pool,2026-01-31 02:26:02,0.00022509507033441228,1137213440.0,0.21249999999733213
forecaster-tenant-pool,2026-01-31 02:26:32,0.0017552419992538624,1137283072.0,1.1719000000040978
forecaster-tenant-pool,2026-01-31 02:27:02,0.0015491079758468854,1137307648.0,0.07189999999573046
forecaster-tenant-pool,2026-01-31 02:27:32,0.0021815525076652577,1137414144.0,1.3999000000025261
forecaster-tenant-pool,2026-01-31 02:28:02,0.0014053211517998545,1137438720.0,0.2202999999991031
forecaster-tenant-pool,2026-01-31 02:28:32,0.0021883405698259997,1137483776.0,1.4402999999984483
forecaster-tenant-pool,2026-01-31 02:29:02,0.00019973132409594927,1137508352.0,0.08030000000204988
forecaster-tenant-pool,2026-01-31 02:29:32,0.003300608162285855,1137688576.0,1.4128999999991114
forecaster-tenant-pool,2026-01-31 02:30:02,0.0005747867786061113,1137790976.0,0.22889999999788413
forecaster-tenant-pool,2026-01-31 02:30:05,0.001253519766214015,1138065408.0,0.22889999999788413
forecaster-tenant-pool,2026-01-31 02:30:35,0.0023071369791598157,1137905664.0,1.2592000000015104
forecaster-tenant-pool,2026-01-31 02:31:05,0.0007912014176127786,1137614848.0,0.22269999999716675
forecaster-tenant-pool,2026-01-31 02:31:35,0.002732532693067637,1137803264.0,1.0914000000064334
forecaster-tenant-pool,2026-01-31 02:32:05,0.0011773667094597546,1138163712.0,0.546099999994658
forecaster-tenant-pool,2026-01-31 02:32:35,0.002293754610534551,1137954816.0,1.3127999999981208
forecaster-tenant-pool,2026-01-31 02:33:05,0.00024434735512466477,1138040832.0,0.09550000000266057
forecaster-tenant-pool,2026-01-31 02:33:35,0.0021196044165767074,1138126848.0,1.2889000000000426
forecaster-tenant-pool,2026-01-31 02:34:05,0.0013402006278213296,1138143232.0,0.2461000000005394
forecaster-tenant-pool,2026-01-31 02:34:35,0.0019309661817686794,1138200576.0,1.3084999999970628
forecaster-tenant-pool,2026-01-31 02:35:05,0.0017887639862396855,1138511872.0,0.08900000000612635
forecaster-tenant-pool,2026-01-31 02:35:35,0.002335855944287991,1138282496.0,1.3274999999942034
forecaster-tenant-pool,2026-01-31 02:36:05,0.0014779423503958509,1138548736.0,0.23240000000496364
forecaster-tenant-pool,2026-01-31 02:36:35,0.0017841172511082457,1138069504.0,1.2666999999950956
forecaster-tenant-pool,2026-01-31 02:37:05,0.0013041159494304791,1138384896.0,0.09130000000453341
forecaster-tenant-pool,2026-01-31 02:37:35,0.0025662794327971686,1138163712.0,1.322099999998924
forecaster-tenant-pool,2026-01-31 02:38:05,0.0015114553435499713,1138315264.0,0.20659999999873738
forecaster-tenant-pool,2026-01-31 02:38:35,0.0018832915667579347,1138384896.0,1.0283999999995406
forecaster-tenant-pool,2026-01-31 02:39:05,0.0010717280711588645,1138671616.0,0.3393999999979618
forecaster-tenant-pool,2026-01-31 02:39:35,0.0026057286210036876,1138470912.0,1.3722000000067054
forecaster-tenant-pool,2026-01-31 02:40:02,0.00039754757825021783,1138466816.0,0.20439999999440867
forecaster-tenant-pool,2026-01-31 02:40:05,0.0003949571083752628,1138466816.0,0.20439999999440867
forecaster-tenant-pool,2026-01-31 02:40:32,0.002186077627285101,1138561024.0,1.2167000000036448
forecaster-tenant-pool,2026-01-31 02:41:02,0.000501953285786758,1138237440.0,0.2557999999978468
forecaster-tenant-pool,2026-01-31 02:41:32,0.0022915858046857725,1138307072.0,1.2750000000018191
forecaster-tenant-pool,2026-01-31 02:42:02,0.00041413278025564996,1138307072.0,0.22489999999579596
forecaster-tenant-pool,2026-01-31 02:42:32,0.002128229651886584,1138376704.0,1.225099999999899
forecaster-tenant-pool,2026-01-31 02:43:02,0.0007909193725551756,1138405376.0,0.18670000000232298
forecaster-tenant-pool,2026-01-31 02:43:32,0.0020390001396675154,1138446336.0,1.2780999999986307
forecaster-tenant-pool,2026-01-31 02:44:02,0.0012242884641403573,1138737152.0,0.24900000000252476
forecaster-tenant-pool,2026-01-31 02:44:32,0.002239398463728661,1138511872.0,1.3542000000037053
forecaster-tenant-pool,2026-01-31 02:45:02,0.0002664291491183242,1138511872.0,0.09019999999745779
forecaster-tenant-pool,2026-01-31 02:45:32,0.0023929149942630724,1138585600.0,1.2969999999997526
forecaster-tenant-pool,2026-01-31 02:46:02,0.0005213945587888924,1138257920.0,0.2481999999972686
forecaster-tenant-pool,2026-01-31 02:46:32,0.002117739348290126,1138327552.0,1.367800000002171
forecaster-tenant-pool,2026-01-31 02:47:02,0.0015377203845107499,1138663424.0,0.07879999999610543
forecaster-tenant-pool,2026-01-31 02:47:32,0.0025236268521170294,1138393088.0,1.3920000000003103
forecaster-tenant-pool,2026-01-31 02:48:02,0.0007944786162825808,1138413568.0,0.1950999999996081
forecaster-tenant-pool,2026-01-31 02:48:32,0.002270991092871661,1138462720.0,1.347600000001633
forecaster-tenant-pool,2026-01-31 02:49:02,0.0017336431057413306,1138524160.0,0.08450000000060148
forecaster-tenant-pool,2026-01-31 02:49:32,0.0026553345113875604,1138536448.0,1.270099999998941
forecaster-tenant-pool,2026-01-31 02:50:02,0.00020241948023896038,1138561024.0,0.22409999999908906
forecaster-tenant-pool,2026-01-31 02:50:05,0.00022487556326726665,1138565120.0,0.22409999999908906
forecaster-tenant-pool,2026-01-31 02:50:35,0.002420709790922364,1138655232.0,1.325800000000163
forecaster-tenant-pool,2026-01-31 02:51:05,0.0019569697935256074,1138388992.0,0.2127000000054977
forecaster-tenant-pool,2026-01-31 02:51:35,0.002039017578812171,1138409472.0,1.3790000000002085
forecaster-tenant-pool,2026-01-31 02:52:05,0.0016771995958394894,1138450432.0,0.22729999999761882
forecaster-tenant-pool,2026-01-31 02:52:35,0.002132239534193243,1138487296.0,1.3651000000002873
forecaster-tenant-pool,2026-01-31 02:53:05,0.002034779062390434,1138544640.0,0.08530000000240155
forecaster-tenant-pool,2026-01-31 02:53:35,0.0022308360379712593,1138544640.0,1.3497999999956545
forecaster-tenant-pool,2026-01-31 02:54:05,0.0002008272653576507,1138548736.0,0.22059999999752716
forecaster-tenant-pool,2026-01-31 02:54:35,0.0023207769261553196,1138618368.0,1.4315000000002935
forecaster-tenant-pool,2026-01-31 02:55:05,0.000154412885030953,1138618368.0,0.04880000000509123
forecaster-tenant-pool,2026-01-31 02:55:35,0.0020720225326688246,1138688000.0,1.2123999999991308
forecaster-tenant-pool,2026-01-31 02:56:05,0.0004802075065805305,1138372608.0,0.18019999999863406
forecaster-tenant-pool,2026-01-31 02:56:35,0.001798552031165733,1137520640.0,1.0091999999990244
forecaster-tenant-pool,2026-01-31 02:57:05,0.0008470395892048347,1137786880.0,0.35039999999856564
forecaster-tenant-pool,2026-01-31 02:57:35,0.0022517465874052926,1137598464.0,1.2510000000052361
forecaster-tenant-pool,2026-01-31 02:58:05,0.0003514572707116466,1137750016.0,0.19609999999453673
forecaster-tenant-pool,2026-01-31 02:58:35,0.0021883403092792636,1137897472.0,1.1447999999999108
forecaster-tenant-pool,2026-01-31 02:59:05,0.0014012064535286416,1138298880.0,0.13040000000467747
forecaster-tenant-pool,2026-01-31 02:59:35,0.001804912233091431,1138143232.0,1.2566999999986972
forecaster-tenant-pool,2026-01-31 03:00:01,0.0007728570849506322,1138180096.0,0.22780000000238942
forecaster-tenant-pool,2026-01-31 03:00:05,0.0017502925219672447,1138245632.0,0.22780000000238942
forecaster-tenant-pool,2026-01-31 03:00:31,0.0017819016776312176,1138307072.0,1.2087999999966996
forecaster-tenant-pool,2026-01-31 03:01:01,0.0007621308887044762,1138003968.0,0.2479000000015124
forecaster-tenant-pool,2026-01-31 03:01:31,0.0030225417189291017,1138061312.0,1.3267999999993965
forecaster-tenant-pool,2026-01-31 03:02:01,0.002029775860285218,1138126848.0,0.23859999999658613
forecaster-tenant-pool,2026-01-31 03:02:31,0.0017250417308321277,1138266112.0,1.3217000000068462
forecaster-tenant-pool,2026-01-31 03:03:01,0.0015472956436723454,1138692096.0,0.10639999999602878
forecaster-tenant-pool,2026-01-31 03:03:31,0.003047182747945224,1138450432.0,1.3186999999969582
forecaster-tenant-pool,2026-01-31 03:04:01,0.0002445336299965782,1138487296.0,0.2552000000046367
forecaster-tenant-pool,2026-01-31 03:04:31,0.0017409131163887168,1138561024.0,1.2497000000015759
forecaster-tenant-pool,2026-01-31 03:05:01,0.000558102315678716,1138573312.0,0.11179999999561309
forecaster-tenant-pool,2026-01-31 03:05:31,0.0022773256053778054,1138630656.0,1.2362999999998767
forecaster-tenant-pool,2026-01-31 03:06:01,0.0015446505233510858,1138606080.0,0.21309999999903084
forecaster-tenant-pool,2026-01-31 03:06:31,0.0020153257471165094,1138618368.0,1.2681000000046576
forecaster-tenant-pool,2026-01-31 03:07:01,0.0005152311363433441,1138659328.0,0.13229999999621211
forecaster-tenant-pool,2026-01-31 03:07:31,0.0018328271863296873,1138868224.0,1.2128000000008494
forecaster-tenant-pool,2026-01-31 03:08:01,0.0019007067195017523,1139601408.0,0.24490000000217454
forecaster-tenant-pool,2026-01-31 03:08:31,0.0022956342905355908,1139183616.0,1.2939999999952
forecaster-tenant-pool,2026-01-31 03:09:01,0.00019842011010885033,1138704384.0,0.09120000000032935
forecaster-tenant-pool,2026-01-31 03:09:31,0.0018789391090269115,1138774016.0,1.1625000000008487
forecaster-tenant-pool,2026-01-31 03:10:01,0.00035518273936954985,1138774016.0,0.22509999999929275
forecaster-tenant-pool,2026-01-31 03:10:02,0.0006648617116208709,1138794496.0,0.22509999999929275
forecaster-tenant-pool,2026-01-31 03:10:32,0.0020130500240491565,1138872320.0,1.1908000000034615
forecaster-tenant-pool,2026-01-31 03:11:02,0.0002961992018559616,1138552832.0,0.24150000000051172
forecaster-tenant-pool,2026-01-31 03:11:32,0.0021821188539557232,1138622464.0,1.0252999999970902
forecaster-tenant-pool,2026-01-31 03:12:02,0.0005172036716598912,1138675712.0,0.4560999999996663
forecaster-tenant-pool,2026-01-31 03:12:32,0.0018872783164104567,1138692096.0,1.2146000000052786
forecaster-tenant-pool,2026-01-31 03:13:02,0.0015672278508287703,1138774016.0,0.09949999999559318
forecaster-tenant-pool,2026-01-31 03:13:32,0.0024518079979013513,1138774016.0,1.2561000000021523
forecaster-tenant-pool,2026-01-31 03:14:02,0.00020919368094197662,1138778112.0,0.24090000000123837
forecaster-tenant-pool,2026-01-31 03:14:32,0.0025391285599216475,1138847744.0,1.2222999999999955
forecaster-tenant-pool,2026-01-31 03:15:02,0.0006354128272592074,1138864128.0,0.1223999999946803
forecaster-tenant-pool,2026-01-31 03:15:32,0.0022053804112214803,1138933760.0,1.3121000000068306
forecaster-tenant-pool,2026-01-31 03:16:02,0.0005891595981525563,1138642944.0,0.20570000000025174
forecaster-tenant-pool,2026-01-31 03:16:32,0.0019588422578388116,1138679808.0,0.9956999999988208
forecaster-tenant-pool,2026-01-31 03:17:02,0.0015557923172906333,1138708480.0,0.3487999999949655
forecaster-tenant-pool,2026-01-31 03:17:32,0.0027657146009146664,1138749440.0,1.2124000000016775
forecaster-tenant-pool,2026-01-31 03:18:02,0.00024316884918485035,1138753536.0,0.2128999999977168
forecaster-tenant-pool,2026-01-31 03:18:32,0.001957834458385346,1138827264.0,1.402600000004471
forecaster-tenant-pool,2026-01-31 03:19:02,0.0007362350874482641,1139019776.0,0.09159999999877376
forecaster-tenant-pool,2026-01-31 03:19:32,0.0024577148904272486,1138978816.0,1.3139999999990324
forecaster-tenant-pool,2026-01-31 03:20:02,0.0002413765954783337,1139499008.0,0.1966000000023996
forecaster-tenant-pool,2026-01-31 03:20:02,0.00024440041521453656,1139499008.0,0.1966000000023996
forecaster-tenant-pool,2026-01-31 03:20:32,0.002038309310022289,1139077120.0,1.3245000000017777
forecaster-tenant-pool,2026-01-31 03:21:02,0.0008180459689029686,1139056640.0,0.2291999999980059
forecaster-tenant-pool,2026-01-31 03:21:32,0.0020442945575460964,1138864128.0,1.1733999999974911
forecaster-tenant-pool,2026-01-31 03:22:02,0.0013063549437174065,1138864128.0,0.2207000000030651
forecaster-tenant-pool,2026-01-31 03:22:32,0.0022161913817200646,1138933760.0,1.2175999999986742
forecaster-tenant-pool,2026-01-31 03:23:02,0.0006958907414650467,1139175424.0,0.07279999999652015
forecaster-tenant-pool,2026-01-31 03:23:32,0.002214657432919852,1138876416.0,1.1626000000069325
forecaster-tenant-pool,2026-01-31 03:24:02,0.002034809492795143,1139515392.0,0.25889999999847835
forecaster-tenant-pool,2026-01-31 03:24:32,0.002889782143241418,1138950144.0,1.3633999999948476
forecaster-tenant-pool,2026-01-31 03:25:02,0.00026099658189107026,1138946048.0,0.07690000000457076
forecaster-tenant-pool,2026-01-31 03:25:32,0.0021402292383424677,1139015680.0,1.2181000000003526
forecaster-tenant-pool,2026-01-31 03:26:02,0.0004170427919169437,1138688000.0,0.22230000000060196
forecaster-tenant-pool,2026-01-31 03:26:32,0.0019114321559847228,1138757632.0,0.9963999999954467
forecaster-tenant-pool,2026-01-31 03:27:02,0.00024173215428750853,1138761728.0,0.32080000000411624
forecaster-tenant-pool,2026-01-31 03:27:32,0.001993857409321212,1138831360.0,1.2047999999957026
forecaster-tenant-pool,2026-01-31 03:28:02,0.0013165583061351697,1138864128.0,0.22709999999921515
forecaster-tenant-pool,2026-01-31 03:28:32,0.0019148149188657254,1138896896.0,1.0302000000048186
forecaster-tenant-pool,2026-01-31 03:29:02,0.00022800044067614983,1138896896.0,0.2020999999958197
forecaster-tenant-pool,2026-01-31 03:29:32,0.0020829813600467314,1138962432.0,1.2492000000037782
forecaster-tenant-pool,2026-01-31 03:30:01,0.00021758595051782857,1138962432.0,0.20720000000152747
forecaster-tenant-pool,2026-01-31 03:30:02,0.00021697532466303683,1138962432.0,0.20720000000152747
forecaster-tenant-pool,2026-01-31 03:30:31,0.002591802663370161,1139056640.0,1.23219999999698
forecaster-tenant-pool,2026-01-31 03:31:01,0.000481749103074814,1138745344.0,0.245999999996396
forecaster-tenant-pool,2026-01-31 03:31:31,0.0024030847759074353,1138806784.0,1.3539000000014614
forecaster-tenant-pool,2026-01-31 03:32:01,0.000398865250231622,1138810880.0,0.20890000000229822
forecaster-tenant-pool,2026-01-31 03:32:31,0.0019169491548725406,1138876416.0,1.1334999999996702
forecaster-tenant-pool,2026-01-31 03:33:01,0.0002615438199481743,1138876416.0,0.19949999999704837
forecaster-tenant-pool,2026-01-31 03:33:31,0.0021448796861310063,1138941952.0,1.3312000000013238
forecaster-tenant-pool,2026-01-31 03:34:01,0.0014216781100504217,1138974720.0,0.20260000000362197
forecaster-tenant-pool,2026-01-31 03:34:31,0.001953903217457281,1139011584.0,1.2785000000003492
forecaster-tenant-pool,2026-01-31 03:35:01,0.0006900342598336708,1139027968.0,0.09349999999952464
forecaster-tenant-pool,2026-01-31 03:35:31,0.0026454617006180627,1139085312.0,1.4831000000011652
forecaster-tenant-pool,2026-01-31 03:36:01,0.0009211915947508029,1138782208.0,0.23259999999390857
forecaster-tenant-pool,2026-01-31 03:36:31,0.002072534978933133,1138827264.0,1.350700000004387
forecaster-tenant-pool,2026-01-31 03:37:01,0.0011407623345188677,1139388416.0,0.07489999999997962
forecaster-tenant-pool,2026-01-31 03:37:31,0.0022111831858545837,1138896896.0,1.3012999999978396
forecaster-tenant-pool,2026-01-31 03:38:01,0.00047249836509251515,1139163136.0,0.21660000000277554
forecaster-tenant-pool,2026-01-31 03:38:31,0.0017333012469030226,1138966528.0,1.2316999999960898
forecaster-tenant-pool,2026-01-31 03:39:01,0.00020222180876942607,1138970624.0,0.0696000000015071
forecaster-tenant-pool,2026-01-31 03:39:31,0.002636392216359334,1139036160.0,1.1408000000039464
forecaster-tenant-pool,2026-01-31 03:40:01,0.0003811814739242683,1139036160.0,0.23069999999582555
forecaster-tenant-pool,2026-01-31 03:40:02,0.0007215070222633512,1139302400.0,0.23069999999582555
forecaster-tenant-pool,2026-01-31 03:40:32,0.002550656716239428,1139126272.0,1.0294000000047163
forecaster-tenant-pool,2026-01-31 03:41:02,0.0002588508771380932,1138814976.0,0.3571999999944334
forecaster-tenant-pool,2026-01-31 03:41:32,0.0019006572644112145,1138876416.0,1.2800000000020495
forecaster-tenant-pool,2026-01-31 03:42:02,0.000723716977801536,1138892800.0,0.216899999997986
forecaster-tenant-pool,2026-01-31 03:42:32,0.0018391964952552324,1138946048.0,1.1694000000048619
forecaster-tenant-pool,2026-01-31 03:43:02,0.0002389152913154151,1138946048.0,0.07499999999915113
forecaster-tenant-pool,2026-01-31 03:43:32,0.002419099083716978,1139019776.0,1.3208999999955267
forecaster-tenant-pool,2026-01-31 03:44:02,0.00046136011836476185,1139036160.0,0.2567999999994451
forecaster-tenant-pool,2026-01-31 03:44:32,0.0020520682714820614,1139089408.0,1.332100000000901
forecaster-tenant-pool,2026-01-31 03:45:02,0.000234660334382337,1139089408.0,0.07790000000022701
forecaster-tenant-pool,2026-01-31 03:45:32,0.002049330564112871,1139314688.0,1.2815999999978278
forecaster-tenant-pool,2026-01-31 03:46:02,0.0004282238109282656,1139007488.0,0.2155000000054012
forecaster-tenant-pool,2026-01-31 03:46:32,0.0019060706635824975,1139097600.0,1.23199999999797
forecaster-tenant-pool,2026-01-31 03:47:02,0.0007694588012431019,1139253248.0,0.10979999999811602
forecaster-tenant-pool,2026-01-31 03:47:32,0.002373742522440947,1139265536.0,1.2823000000014873
forecaster-tenant-pool,2026-01-31 03:48:02,0.0011511946753222971,1139093504.0,0.19059999999954017
forecaster-tenant-pool,2026-01-31 03:48:32,0.0023925113261932117,1139159040.0,1.1967000000032082
forecaster-tenant-pool,2026-01-31 03:49:02,0.0007816080275169894,1139253248.0,0.0834999999979118
forecaster-tenant-pool,2026-01-31 03:49:32,0.002163481105279309,1139318784.0,1.278900000002856
forecaster-tenant-pool,2026-01-31 03:50:02,0.0004064846999805911,1138987008.0,0.21419999999967937
forecaster-tenant-pool,2026-01-31 03:50:02,0.001525543735247592,1139019776.0,0.21419999999967937
forecaster-tenant-pool,2026-01-31 03:50:32,0.002013447606115363,1139077120.0,1.2164999999945698
forecaster-tenant-pool,2026-01-31 03:51:02,0.0019257345144651399,1138831360.0,0.2503000000016982
forecaster-tenant-pool,2026-01-31 03:51:32,0.0021801837240741934,1138831360.0,1.3841999999976906
forecaster-tenant-pool,2026-01-31 03:52:02,0.0006486165037443423,1139118080.0,0.23830000000173945
forecaster-tenant-pool,2026-01-31 03:52:32,0.0024457968281077834,1138900992.0,1.2226999999980763
forecaster-tenant-pool,2026-01-31 03:53:02,0.00022741904687136833,1138896896.0,0.07530000000163757
forecaster-tenant-pool,2026-01-31 03:53:32,0.001897780425673399,1138966528.0,0.4154999999992166
forecaster-tenant-pool,2026-01-31 03:54:02,0.0016781688916311405,1138966528.0,1.161700000000989
forecaster-tenant-pool,2026-01-31 03:54:32,0.002146547980795103,1139036160.0,1.2786000000055842
forecaster-tenant-pool,2026-01-31 03:55:02,0.00042565483988799116,1139052544.0,0.08629999999890667
forecaster-tenant-pool,2026-01-31 03:55:32,0.001878676092668372,1139101696.0,1.2371999999957553
forecaster-tenant-pool,2026-01-31 03:56:02,0.0012330712874332565,1138814976.0,0.24460000000253784
forecaster-tenant-pool,2026-01-31 03:56:32,0.0027981279190012554,1138847744.0,1.2715999999997318
forecaster-tenant-pool,2026-01-31 03:57:02,0.00023721219122682048,1138847744.0,0.10829999999690093
forecaster-tenant-pool,2026-01-31 03:57:32,0.0020718412466122224,1138917376.0,1.3214000000006003
forecaster-tenant-pool,2026-01-31 03:58:02,0.0008752421798248035,1139109888.0,0.2172000000011394
forecaster-tenant-pool,2026-01-31 03:58:32,0.0019942442685227696,1138982912.0,1.3074999999980719
forecaster-tenant-pool,2026-01-31 03:59:02,0.00156162753274192,1139126272.0,0.07650000000357977
forecaster-tenant-pool,2026-01-31 03:59:32,0.0021082876426812064,1139052544.0,1.2297999999959452
forecaster-tenant-pool,2026-01-31 04:00:02,0.00019185301722387578,1139052544.0,0.19249999999962408
forecaster-tenant-pool,2026-01-31 04:00:02,0.0013963887065879988,1139331072.0,0.19249999999962408
forecaster-tenant-pool,2026-01-31 04:00:32,0.0020827442849393487,1139146752.0,1.2993000000059813
forecaster-tenant-pool,2026-01-31 04:01:02,0.0015728924646401835,1139376128.0,0.2244999999957751
forecaster-tenant-pool,2026-01-31 04:01:32,0.0022630031131584895,1138892800.0,1.2753000000018195
forecaster-tenant-pool,2026-01-31 04:02:02,0.001807866701557317,1139032064.0,0.19020000000121703
forecaster-tenant-pool,2026-01-31 04:02:32,0.002653365990748802,1138962432.0,1.295999999999852
forecaster-tenant-pool,2026-01-31 04:03:02,0.0002357742505128066,1138962432.0,0.09290000000000873
forecaster-tenant-pool,2026-01-31 04:03:32,0.0020261639561419812,1139032064.0,1.264700000000145
forecaster-tenant-pool,2026-01-31 04:04:02,0.0015144977245775558,1139367936.0,0.18030000000035215
forecaster-tenant-pool,2026-01-31 04:04:32,0.002330576944979727,1139105792.0,1.17279999999652
forecaster-tenant-pool,2026-01-31 04:05:02,0.0018068982601174462,1139249152.0,0.19060000000105598
forecaster-tenant-pool,2026-01-31 04:05:32,0.0018718333806982098,1139171328.0,1.3376000000035977
forecaster-tenant-pool,2026-01-31 04:06:02,0.0015194969343024695,1138872320.0,0.21269999999361366
forecaster-tenant-pool,2026-01-31 04:06:32,0.0019250843585132244,1138917376.0,1.236700000003475
forecaster-tenant-pool,2026-01-31 04:07:02,0.0002344171839830594,1138917376.0,0.08810000000084983
forecaster-tenant-pool,2026-01-31 04:07:32,0.003085002210502032,1138987008.0,1.2274999999984477
forecaster-tenant-pool,2026-01-31 04:08:02,0.00044167200478169007,1138982912.0,0.1912000000002687
forecaster-tenant-pool,2026-01-31 04:08:32,0.00184473862791596,1139052544.0,1.1875999999977165
forecaster-tenant-pool,2026-01-31 04:09:02,0.0003453486497118145,1139081216.0,0.09809999999979481
forecaster-tenant-pool,2026-01-31 04:09:32,0.0021674830460455237,1139122176.0,1.1333000000005389
forecaster-tenant-pool,2026-01-31 04:10:02,0.0004357663973220852,1139122176.0,0.21470000000444997
forecaster-tenant-pool,2026-01-31 04:10:02,0.0004357663973220852,1139122176.0,0.21470000000444997
forecaster-tenant-pool,2026-01-31 04:10:32,0.00215318485349389,1139216384.0,1.2184999999952804
forecaster-tenant-pool,2026-01-31 04:11:02,0.0009761937168867022,1138913280.0,0.2279000000051989
forecaster-tenant-pool,2026-01-31 04:11:32,0.0018505037752922949,1138966528.0,1.1602999999991275
forecaster-tenant-pool,2026-01-31 04:12:02,0.00042038418168830735,1139105792.0,0.2173999999949956
forecaster-tenant-pool,2026-01-31 04:12:32,0.002231888735747405,1139187712.0,1.2495000000022627
forecaster-tenant-pool,2026-01-31 04:13:02,0.00023970359925619246,1139200000.0,0.06990000000326593
forecaster-tenant-pool,2026-01-31 04:13:32,0.0020771531949623657,1139294208.0,1.28769999999998
forecaster-tenant-pool,2026-01-31 04:14:02,0.000409563202001012,1139302400.0,0.1880999999966055
forecaster-tenant-pool,2026-01-31 04:14:32,0.0016212343245896586,1139372032.0,1.178800000004594
forecaster-tenant-pool,2026-01-31 04:15:02,0.001805155410904529,1139429376.0,0.10089999999569652
forecaster-tenant-pool,2026-01-31 04:15:32,0.0029075185305877426,1139441664.0,1.354299999999542
forecaster-tenant-pool,2026-01-31 04:16:02,0.00026606997657338126,1139118080.0,0.20760000000294287
forecaster-tenant-pool,2026-01-31 04:16:32,0.0020791082780267146,1139056640.0,1.3845999999952863
forecaster-tenant-pool,2026-01-31 04:17:02,0.0012760774307453546,1139597312.0,0.08630000000151387
forecaster-tenant-pool,2026-01-31 04:17:32,0.0019383995993958849,1139126272.0,1.1822000000014667
forecaster-tenant-pool,2026-01-31 04:18:02,0.00022413736852624477,1139130368.0,0.1892000000019228
forecaster-tenant-pool,2026-01-31 04:18:32,0.0025237375486981163,1139195904.0,1.313099999998364
forecaster-tenant-pool,2026-01-31 04:19:02,0.0002356392468844051,1139212288.0,0.07450000000080763
forecaster-tenant-pool,2026-01-31 04:19:32,0.0023759053151813586,1139265536.0,1.3905999999968115
forecaster-tenant-pool,2026-01-31 04:20:02,0.0012583373463845395,1139286016.0,0.20620000000229385
forecaster-tenant-pool,2026-01-31 04:20:02,0.00039305160815271623,1139261440.0,0.20620000000229385
forecaster-tenant-pool,2026-01-31 04:20:32,0.001962141870888754,1139359744.0,1.1711000000032679
forecaster-tenant-pool,2026-01-31 04:21:02,0.001039105015109662,1139298304.0,0.24319999999570427
forecaster-tenant-pool,2026-01-31 04:21:32,0.0021246390444829948,1139105792.0,1.0828999999989415
forecaster-tenant-pool,2026-01-31 04:22:02,0.00038792338827618175,1139113984.0,0.33310000000049816
forecaster-tenant-pool,2026-01-31 04:22:32,0.0018923712831519718,1139175424.0,1.1248000000020206
forecaster-tenant-pool,2026-01-31 04:23:02,0.00023056273921245816,1139179520.0,0.15529999999871505
forecaster-tenant-pool,2026-01-31 04:23:32,0.0025870661813870164,1139240960.0,1.2107000000015735
forecaster-tenant-pool,2026-01-31 04:24:02,0.0003454715919218214,1139245056.0,0.1710000000008222
forecaster-tenant-pool,2026-01-31 04:24:32,0.0017389652222072132,1139310592.0,1.2579999999961728
forecaster-tenant-pool,2026-01-31 04:25:02,0.00023834527677865929,1139310592.0,0.0915000000019063
forecaster-tenant-pool,2026-01-31 04:25:32,0.0020128043694328836,1139380224.0,1.2441999999977877
forecaster-tenant-pool,2026-01-31 04:26:02,0.0012598576647193892,1139326976.0,0.2168000000056054
forecaster-tenant-pool,2026-01-31 04:26:32,0.002609691941125838,1139122176.0,1.3260999999973138
forecaster-tenant-pool,2026-01-31 04:27:02,0.00017471292554303996,1139126272.0,0.09370000000071742
forecaster-tenant-pool,2026-01-31 04:27:32,0.0016473829461656469,1139195904.0,1.2609000000016142
forecaster-tenant-pool,2026-01-31 04:28:02,0.0003175579441306609,1139200000.0,0.16149999999906867
forecaster-tenant-pool,2026-01-31 04:28:32,0.0025453532576604956,1139257344.0,1.240999999999379
forecaster-tenant-pool,2026-01-31 04:29:02,0.000301857721655072,1138221056.0,0.05830000000175156
forecaster-tenant-pool,2026-01-31 04:29:32,0.0019510825343714495,1138282496.0,0.3546000000011797
forecaster-tenant-pool,2026-01-31 04:30:02,0.0002272775320946592,1138282496.0,1.06469999999681
forecaster-tenant-pool,2026-01-31 04:30:03,0.0015263200777385388,1138323456.0,1.06469999999681
forecaster-tenant-pool,2026-01-31 04:30:33,0.0016048040208866212,1138372608.0,1.1623999999990702
forecaster-tenant-pool,2026-01-31 04:31:03,0.0017864624018254424,1138229248.0,0.24420000000397218
forecaster-tenant-pool,2026-01-31 04:31:33,0.0020164444037816744,1138278400.0,1.191499999998814
forecaster-tenant-pool,2026-01-31 04:32:03,0.0018431972412136564,1138425856.0,0.2257000000008702
forecaster-tenant-pool,2026-01-31 04:32:33,0.001757726785652714,1138552832.0,1.213799999993959
forecaster-tenant-pool,2026-01-31 04:33:03,0.00025014619194289455,1138622464.0,0.0872000000032737
forecaster-tenant-pool,2026-01-31 04:33:33,0.0020535700948053465,1138692096.0,1.3038999999984904
forecaster-tenant-pool,2026-01-31 04:34:03,0.0013812055280388947,1139040256.0,0.20070000000171906
forecaster-tenant-pool,2026-01-31 04:34:33,0.002075718410692303,1138802688.0,1.237899999999172
forecaster-tenant-pool,2026-01-31 04:35:03,0.00026325858816716335,1138921472.0,0.0968999999981558
forecaster-tenant-pool,2026-01-31 04:35:33,0.002557557877231939,1139093504.0,1.250999999999173
forecaster-tenant-pool,2026-01-31 04:36:03,0.000457418370134586,1138843648.0,0.23970000000202463
forecaster-tenant-pool,2026-01-31 04:36:33,0.0018102083091306603,1139097600.0,1.4187000000039915
forecaster-tenant-pool,2026-01-31 04:37:03,0.0018033517980684194,1139363840.0,0.09759999999805587
forecaster-tenant-pool,2026-01-31 04:37:33,0.0030600379652450673,1139220480.0,1.373199999996905
forecaster-tenant-pool,2026-01-31 04:38:03,0.0006426523982849185,1139245056.0,0.17850000000107683
forecaster-tenant-pool,2026-01-31 04:38:33,0.001863684316140634,1139298304.0,1.152699999998125
forecaster-tenant-pool,2026-01-31 04:39:03,0.001034414673584219,1140371456.0,0.08320000000397461
forecaster-tenant-pool,2026-01-31 04:39:33,0.0021345773605728063,1139380224.0,1.237099999995189
forecaster-tenant-pool,2026-01-31 04:40:02,0.0004709984718334972,1139388416.0,0.21530000000536045
forecaster-tenant-pool,2026-01-31 04:40:03,0.0004632643638850339,1139380224.0,0.21530000000536045
forecaster-tenant-pool,2026-01-31 04:40:32,0.002537051983599325,1139486720.0,1.2081999999979718
forecaster-tenant-pool,2026-01-31 04:41:02,0.0012927257929032075,1139470336.0,0.2332999999970828
forecaster-tenant-pool,2026-01-31 04:41:32,0.002095350431594061,1139306496.0,1.266300000005746
forecaster-tenant-pool,2026-01-31 04:42:02,0.0013390661679915526,1139355648.0,0.224399999994057
forecaster-tenant-pool,2026-01-31 04:42:32,0.0019297560688085649,1139392512.0,1.216400000003826
forecaster-tenant-pool,2026-01-31 04:43:02,0.000271371909427025,1139433472.0,0.08810000000084983
forecaster-tenant-pool,2026-01-31 04:43:32,0.0022190226339576053,1139507200.0,1.3719000000003387
forecaster-tenant-pool,2026-01-31 04:44:02,0.00035334164679722067,1139507200.0,0.1696999999973438
forecaster-tenant-pool,2026-01-31 04:44:32,0.0019274329340574906,1139572736.0,1.0588000000007014
forecaster-tenant-pool,2026-01-31 04:45:02,0.0015712878658058452,1139937280.0,0.16130000000351477
forecaster-tenant-pool,2026-01-31 04:45:32,0.0026216422957985666,1139646464.0,1.2234999999936917
forecaster-tenant-pool,2026-01-31 04:46:02,0.0016766139663113282,1139388416.0,0.1845000000033906
forecaster-tenant-pool,2026-01-31 04:46:32,0.0017381091042887875,1139421184.0,1.3430000000009386
forecaster-tenant-pool,2026-01-31 04:47:02,0.0013965470686827768,1140019200.0,0.09370000000035361
forecaster-tenant-pool,2026-01-31 04:47:32,0.0023878169166704787,1139572736.0,1.3357999999989867
forecaster-tenant-pool,2026-01-31 04:48:02,0.0018025651600866478,1139613696.0,0.21969999999649492
forecaster-tenant-pool,2026-01-31 04:48:32,0.0018848788883793393,1139662848.0,1.3295000000020083
forecaster-tenant-pool,2026-01-31 04:49:02,0.00023239824006155083,1139662848.0,0.07850000000192571
forecaster-tenant-pool,2026-01-31 04:49:32,0.002936954723769963,1139499008.0,1.2592000000018135
forecaster-tenant-pool,2026-01-31 04:50:02,0.00041891812070887356,1139499008.0,0.21789999999515808
forecaster-tenant-pool,2026-01-31 04:50:04,0.00024136282696729465,1139499008.0,0.21789999999515808
forecaster-tenant-pool,2026-01-31 04:50:34,0.002301914395270426,1139589120.0,1.2403000000027533
forecaster-tenant-pool,2026-01-31 04:51:04,0.0007185552252492727,1139281920.0,0.2622999999982009
forecaster-tenant-pool,2026-01-31 04:51:34,0.002129415121155003,1139347456.0,1.3132000000034167
forecaster-tenant-pool,2026-01-31 04:52:04,0.0018293005452531682,1139417088.0,0.19689999999973223
forecaster-tenant-pool,2026-01-31 04:52:34,0.001657643470812816,1139425280.0,1.1752999999981208
forecaster-tenant-pool,2026-01-31 04:53:04,0.002135416208636178,1139478528.0,0.09049999999673067
forecaster-tenant-pool,2026-01-31 04:53:34,0.002678758972770617,1139494912.0,1.3181000000013834
forecaster-tenant-pool,2026-01-31 04:54:04,0.0014316997837013753,1140043776.0,0.22210000000492677
forecaster-tenant-pool,2026-01-31 04:54:34,0.0018659525963692206,1139560448.0,1.2217999999997724
forecaster-tenant-pool,2026-01-31 04:55:04,0.0014035583470762304,1139838976.0,0.19119999999851037
forecaster-tenant-pool,2026-01-31 04:55:34,0.002580723781156143,1139630080.0,1.361299999998846
forecaster-tenant-pool,2026-01-31 04:56:04,0.00047487492854610407,1139306496.0,0.19649999999983264
forecaster-tenant-pool,2026-01-31 04:56:34,0.0021386402735385024,1139376128.0,1.4483999999962787
forecaster-tenant-pool,2026-01-31 04:57:04,0.0016111193684156264,1139613696.0,0.06810000000526391
forecaster-tenant-pool,2026-01-31 04:57:34,0.002164549230183381,1139445760.0,1.2621999999973923
forecaster-tenant-pool,2026-01-31 04:58:04,0.001941866065897173,1139068928.0,0.24619999999698242
forecaster-tenant-pool,2026-01-31 04:58:34,0.002122789659204951,1139081216.0,1.2217000000023592
forecaster-tenant-pool,2026-01-31 04:59:04,0.0010611227157975827,1139363840.0,0.04909999999993791
forecaster-tenant-pool,2026-01-31 04:59:34,0.0021550122646166567,1139150848.0,1.147000000004967
forecaster-tenant-pool,2026-01-31 05:00:02,0.00040779383385014604,1139019776.0,0.21229999999789775
forecaster-tenant-pool,2026-01-31 05:00:04,0.00040779383385014604,1139019776.0,0.21229999999789775
forecaster-tenant-pool,2026-01-31 05:00:32,0.0021845828308109123,1139113984.0,1.2691000000012234
forecaster-tenant-pool,2026-01-31 05:01:02,0.000509600301566095,1138835456.0,0.2571999999996478
forecaster-tenant-pool,2026-01-31 05:01:32,0.0021676715198417824,1139052544.0,1.2404999999969126
forecaster-tenant-pool,2026-01-31 05:02:02,0.0014541229834714778,1139458048.0,0.21279999999757515
forecaster-tenant-pool,2026-01-31 05:02:32,0.0018551881601957562,1139187712.0,1.3000000000033953
forecaster-tenant-pool,2026-01-31 05:03:02,0.00021776007875448875,1139224576.0,0.07659999999935582
forecaster-tenant-pool,2026-01-31 05:03:32,0.0023582598862852346,1139322880.0,1.2391000000009929
forecaster-tenant-pool,2026-01-31 05:04:02,0.0004620938941860774,1139322880.0,0.23780000000200138
forecaster-tenant-pool,2026-01-31 05:04:32,0.002032134795305751,1139392512.0,1.436599999999938
forecaster-tenant-pool,2026-01-31 05:05:02,0.00023917685260500446,1139396608.0,0.08049999999778568
forecaster-tenant-pool,2026-01-31 05:05:32,0.003033785449092714,1139458048.0,1.2774000000011558
forecaster-tenant-pool,2026-01-31 05:06:02,0.00042540465961470893,1139163136.0,0.19559999999861855
forecaster-tenant-pool,2026-01-31 05:06:32,0.002394200791475222,1139240960.0,1.3303999999989173
forecaster-tenant-pool,2026-01-31 05:07:02,0.0013428900485494828,1139253248.0,0.08540000000418028
forecaster-tenant-pool,2026-01-31 05:07:32,0.0018384845854910843,1139310592.0,1.3125999999999598
forecaster-tenant-pool,2026-01-31 05:08:02,0.0004660800652955487,1139306496.0,0.2102999999963989
forecaster-tenant-pool,2026-01-31 05:08:32,0.002135083658786522,1139372032.0,1.3775000000002062
forecaster-tenant-pool,2026-01-31 05:09:02,0.0017075519220589223,1139929088.0,0.08629999999920983
forecaster-tenant-pool,2026-01-31 05:09:32,0.0024289893559548254,1139445760.0,1.5085000000014892
forecaster-tenant-pool,2026-01-31 05:10:01,0.001822409370111562,1139732480.0,0.23059999999616898
forecaster-tenant-pool,2026-01-31 05:10:02,0.0005694344642319499,1139441664.0,0.23059999999616898
forecaster-tenant-pool,2026-01-31 05:10:31,0.0018748144418010678,1139535872.0,1.2172000000046561
forecaster-tenant-pool,2026-01-31 05:11:01,0.0007492277419488268,1139490816.0,0.25839999999886154
forecaster-tenant-pool,2026-01-31 05:11:31,0.002534917177568406,1139281920.0,1.2669999999967936
forecaster-tenant-pool,2026-01-31 05:12:01,0.00043701379538444606,1139314688.0,0.24600000000676422
forecaster-tenant-pool,2026-01-31 05:12:31,0.0020866512721420937,1139376128.0,1.2901999999956992
forecaster-tenant-pool,2026-01-31 05:13:01,0.0002693534799098548,1139380224.0,0.08249999999976959
forecaster-tenant-pool,2026-01-31 05:13:31,0.0027781642511389435,1139445760.0,1.2403999999983473
forecaster-tenant-pool,2026-01-31 05:14:01,0.0004244587056256538,1139449856.0,0.2204000000039741
forecaster-tenant-pool,2026-01-31 05:14:31,0.0021394180640230418,1139519488.0,1.295499999997992
forecaster-tenant-pool,2026-01-31 05:15:01,0.00021811218024575519,1139519488.0,0.06829999999796807
forecaster-tenant-pool,2026-01-31 05:15:31,0.0017831278044301159,1139589120.0,1.1969000000059775
forecaster-tenant-pool,2026-01-31 05:16:01,0.002111533951719332,1139908608.0,0.21429999999751695
forecaster-tenant-pool,2026-01-31 05:16:31,0.002109592716333056,1139339264.0,1.4411000000012792
forecaster-tenant-pool,2026-01-31 05:17:01,0.0016701231391771576,1139392512.0,0.08509999999896535
forecaster-tenant-pool,2026-01-31 05:17:31,0.0025759313449614687,1139412992.0,1.2746999999981805
forecaster-tenant-pool,2026-01-31 05:18:01,0.0008496360884205313,1139507200.0,0.21100000000363556
forecaster-tenant-pool,2026-01-31 05:18:31,0.0025971162749014397,1139478528.0,1.408799999995305
forecaster-tenant-pool,2026-01-31 05:19:01,0.00036577316663700683,1139523584.0,0.07980000000303941
forecaster-tenant-pool,2026-01-31 05:19:31,0.0017623935909789417,1139548160.0,0.3806000000019291
forecaster-tenant-pool,2026-01-31 05:20:01,0.0004109300813735695,1139548160.0,1.066699999995217
forecaster-tenant-pool,2026-01-31 05:20:02,0.0012485391553148908,1139576832.0,1.066699999995217
forecaster-tenant-pool,2026-01-31 05:20:32,0.002333817470066678,1139638272.0,1.2819000000040734
forecaster-tenant-pool,2026-01-31 05:21:02,0.0002675697256666402,1139326976.0,0.2279999999995804
forecaster-tenant-pool,2026-01-31 05:21:32,0.0022047464905790857,1139392512.0,1.303299999995943
forecaster-tenant-pool,2026-01-31 05:22:02,0.00044391571375968305,1139396608.0,0.22149999999886252
forecaster-tenant-pool,2026-01-31 05:22:32,0.0018169401085844222,1139462144.0,1.224400000004304
forecaster-tenant-pool,2026-01-31 05:23:02,0.001318760224821702,1140011008.0,0.07710000000109479
forecaster-tenant-pool,2026-01-31 05:23:32,0.0018454431750480787,1139527680.0,1.1869000000007872
forecaster-tenant-pool,2026-01-31 05:24:02,0.0014892772356070846,1139564544.0,0.2041999999987335
forecaster-tenant-pool,2026-01-31 05:24:32,0.0026128051378796636,1139601408.0,1.207900000000033
forecaster-tenant-pool,2026-01-31 05:25:02,0.0014576389604893814,1139884032.0,0.10860000000163078
forecaster-tenant-pool,2026-01-31 05:25:32,0.0019621858991624884,1139666944.0,1.3241999999999583
forecaster-tenant-pool,2026-01-31 05:26:02,0.00042705687672350644,1139347456.0,0.2099999999954283
forecaster-tenant-pool,2026-01-31 05:26:32,0.00211997726065991,1139412992.0,1.2849000000018351
forecaster-tenant-pool,2026-01-31 05:27:02,0.00022611342273689362,1139412992.0,0.09480000000136593
forecaster-tenant-pool,2026-01-31 05:27:32,0.0025526160315160213,1139482624.0,1.2574000000004768
forecaster-tenant-pool,2026-01-31 05:28:02,0.0014117136796281114,1139499008.0,0.24609999999696205
forecaster-tenant-pool,2026-01-31 05:28:32,0.0023840932986784235,1139666944.0,1.3424000000021503
forecaster-tenant-pool,2026-01-31 05:29:02,0.00025761779786806553,1139699712.0,0.10060000000169869
forecaster-tenant-pool,2026-01-31 05:29:32,0.0026167830656569236,1139781632.0,1.3457999999997508
forecaster-tenant-pool,2026-01-31 05:30:02,0.0004036032835293006,1139785728.0,0.23759999999292633
forecaster-tenant-pool,2026-01-31 05:30:02,0.0007343373769834529,1139810304.0,0.23759999999292633
forecaster-tenant-pool,2026-01-31 05:30:32,0.0020453625722805903,1139892224.0,1.1938000000057098
forecaster-tenant-pool,2026-01-31 05:31:02,0.0003133083362973437,1139576832.0,0.2576000000013058
forecaster-tenant-pool,2026-01-31 05:31:32,0.002401523778899412,1139642368.0,1.3265999999938989
forecaster-tenant-pool,2026-01-31 05:32:02,0.0020126978018016398,1139675136.0,0.22070000000494475
forecaster-tenant-pool,2026-01-31 05:32:32,0.0023253151983841916,1139712000.0,1.3884999999960201
forecaster-tenant-pool,2026-01-31 05:33:02,0.0002252097275092658,1139712000.0,0.09560000000565197
forecaster-tenant-pool,2026-01-31 05:33:32,0.0021635634094680704,1139781632.0,1.270599999994617
forecaster-tenant-pool,2026-01-31 05:34:02,0.000711530454089988,1139961856.0,0.21820000000388973
forecaster-tenant-pool,2026-01-31 05:34:32,0.002289652831136025,1139847168.0,1.2548999999977242
forecaster-tenant-pool,2026-01-31 05:35:02,0.0014181058547548034,1139888128.0,0.09919999999807866
forecaster-tenant-pool,2026-01-31 05:35:32,0.0018431435226014354,1139916800.0,1.1241000000016963
forecaster-tenant-pool,2026-01-31 05:36:02,0.001208354333318182,1139879936.0,0.30130000000196255
forecaster-tenant-pool,2026-01-31 05:36:32,0.002258390611979725,1139658752.0,1.2467999999999544
forecaster-tenant-pool,2026-01-31 05:37:02,0.0005573168059315296,1139933184.0,0.09089999999511444
forecaster-tenant-pool,2026-01-31 05:37:32,0.0022564092492830617,1139728384.0,1.1678000000010191
forecaster-tenant-pool,2026-01-31 05:38:02,0.0004054060716403066,1139728384.0,0.19640000000047925
forecaster-tenant-pool,2026-01-31 05:38:32,0.001712435638101083,1139802112.0,1.118400000000535
forecaster-tenant-pool,2026-01-31 05:39:02,0.0002882132316079465,1139798016.0,0.1051000000032218
forecaster-tenant-pool,2026-01-31 05:39:32,0.002698956150000898,1139867648.0,1.2399999999984477
forecaster-tenant-pool,2026-01-31 05:40:02,0.0004898022510278177,1139863552.0,0.36380000000269014
forecaster-tenant-pool,2026-01-31 05:40:04,0.001886113802416352,1140080640.0,0.36380000000269014
forecaster-tenant-pool,2026-01-31 05:40:34,0.0020885800806564577,1139957760.0,1.3905999999974787
forecaster-tenant-pool,2026-01-31 05:41:04,0.001989517942624758,1139937280.0,0.256099999999545
forecaster-tenant-pool,2026-01-31 05:41:34,0.0028588306758890393,1139707904.0,1.2439999999970799
forecaster-tenant-pool,2026-01-31 05:42:04,0.00045996292906343476,1139716096.0,0.33550000000383684
forecaster-tenant-pool,2026-01-31 05:42:34,0.0017443192547709414,1139777536.0,1.2066999999969386
forecaster-tenant-pool,2026-01-31 05:43:04,0.0016520383798614376,1139863552.0,0.08719999999830179
forecaster-tenant-pool,2026-01-31 05:43:34,0.0017658016057798597,1139843072.0,1.2275000000070575
forecaster-tenant-pool,2026-01-31 05:44:04,0.0008718442424984586,1139851264.0,0.20959999999783274
forecaster-tenant-pool,2026-01-31 05:44:34,0.001339506895941218,1139912704.0,1.2064999999971406
forecaster-tenant-pool,2026-01-31 05:45:04,0.0006164401475396898,1140178944.0,0.07910000000077465
forecaster-tenant-pool,2026-01-31 05:45:34,0.001935357920108338,1139982336.0,1.220800000004177
forecaster-tenant-pool,2026-01-31 05:46:04,0.0011484925731064586,1139953664.0,0.23389999999441594
forecaster-tenant-pool,2026-01-31 05:46:34,0.0019108634926251367,1139724288.0,1.2793000000019674
forecaster-tenant-pool,2026-01-31 05:47:04,0.0003263424335821474,1140277248.0,0.08410000000355164
forecaster-tenant-pool,2026-01-31 05:47:34,0.00210349133403553,1139822592.0,1.228099999997782
forecaster-tenant-pool,2026-01-31 05:48:04,0.0011110379818167022,1139859456.0,0.19379999999879752
forecaster-tenant-pool,2026-01-31 05:48:34,0.002667852330131707,1139904512.0,1.2446000000039323
forecaster-tenant-pool,2026-01-31 05:49:04,0.0020415997204103766,1139970048.0,0.08799999999937426
forecaster-tenant-pool,2026-01-31 05:49:34,0.0021571293475646995,1139974144.0,1.2889999999984865
forecaster-tenant-pool,2026-01-31 05:50:04,0.00022308241855551443,1139974144.0,0.2530000000015207
forecaster-tenant-pool,2026-01-31 05:50:04,0.0018113602267344217,1140334592.0,0.2530000000015207
forecaster-tenant-pool,2026-01-31 05:50:34,0.0024863772389284154,1140064256.0,1.2984999999947224
forecaster-tenant-pool,2026-01-31 05:51:04,0.0006351460583140036,1139924992.0,0.32690000000590463
forecaster-tenant-pool,2026-01-31 05:51:34,0.0021648282253632113,1139560448.0,1.2786999999985105
forecaster-tenant-pool,2026-01-31 05:52:04,0.0016465765405652586,1139650560.0,0.1950999999962126
forecaster-tenant-pool,2026-01-31 05:52:34,0.0015581654583047885,1139625984.0,1.1533000000054017
forecaster-tenant-pool,2026-01-31 05:53:04,0.001499675130485875,1139933184.0,0.04619999999801318
forecaster-tenant-pool,2026-01-31 05:53:34,0.002249702302643117,1138782208.0,1.1941999999945134
forecaster-tenant-pool,2026-01-31 05:54:04,0.0009865887198148222,1139355648.0,0.194700000000618
forecaster-tenant-pool,2026-01-31 05:54:34,0.00204489993518752,1138847744.0,1.3262000000000627
forecaster-tenant-pool,2026-01-31 05:55:04,0.001845415395483876,1138925568.0,0.09320000000037301
forecaster-tenant-pool,2026-01-31 05:55:34,0.0023367659083911737,1139040256.0,1.2055000000033034
forecaster-tenant-pool,2026-01-31 05:56:04,0.0006989542595499428,1139269632.0,0.2034999999993185
forecaster-tenant-pool,2026-01-31 05:56:34,0.0020493456213062002,1138823168.0,1.1997999999999593
forecaster-tenant-pool,2026-01-31 05:57:04,0.00022948186884572144,1138933760.0,0.07459999999749319
forecaster-tenant-pool,2026-01-31 05:57:34,0.002801009418893648,1139011584.0,1.3451000000034279
forecaster-tenant-pool,2026-01-31 05:58:04,0.00041651406070524816,1139056640.0,0.22799999999848902
forecaster-tenant-pool,2026-01-31 05:58:34,0.0017864796485923045,1139245056.0,1.1899999999994784
forecaster-tenant-pool,2026-01-31 05:59:04,0.0009796172300895784,1139515392.0,0.08430000000062138
forecaster-tenant-pool,2026-01-31 05:59:34,0.0020687915641849266,1139531776.0,1.327300000000893
forecaster-tenant-pool,2026-01-31 06:00:03,0.0016696388628698116,1139572736.0,0.2065999999984342
forecaster-tenant-pool,2026-01-31 06:00:04,0.0016696388628698116,1139572736.0,0.2065999999984342
forecaster-tenant-pool,2026-01-31 06:00:33,0.0021827499910744897,1139625984.0,1.3708000000022973
forecaster-tenant-pool,2026-01-31 06:01:03,0.0011507877554097978,1139572736.0,0.20229999999670933
forecaster-tenant-pool,2026-01-31 06:01:33,0.0023740226143188488,1138925568.0,1.2484000000016142
forecaster-tenant-pool,2026-01-31 06:02:03,0.0014117724031605342,1139253248.0,0.20399999999766197
forecaster-tenant-pool,2026-01-31 06:02:33,0.002350547487617985,1138995200.0,1.1579999999996895
forecaster-tenant-pool,2026-01-31 06:03:03,0.0016945734830426395,1139564544.0,0.0772000000046925
forecaster-tenant-pool,2026-01-31 06:03:33,0.0017078751273858807,1139077120.0,1.204199999997642
forecaster-tenant-pool,2026-01-31 06:04:03,0.002125597868862387,1139142656.0,0.20869999999728558
forecaster-tenant-pool,2026-01-31 06:04:33,0.002438442559975038,1139146752.0,1.2694000000006176
forecaster-tenant-pool,2026-01-31 06:05:03,0.001596997503489589,1139707904.0,0.07680000000442912
forecaster-tenant-pool,2026-01-31 06:05:33,0.0019931112477937184,1139335168.0,1.3015000000000632
forecaster-tenant-pool,2026-01-31 06:06:03,0.0017313988059427837,1139118080.0,0.19449999999584786
forecaster-tenant-pool,2026-01-31 06:06:33,0.002006892704875754,1139077120.0,1.2012000000026697
forecaster-tenant-pool,2026-01-31 06:07:03,0.00016573081691458432,1139073024.0,0.04529999999795109
forecaster-tenant-pool,2026-01-31 06:07:33,0.0019625094838111768,1138987008.0,1.264700000003601
forecaster-tenant-pool,2026-01-31 06:08:03,0.00030338952531719745,1138987008.0,0.16320000000202223
forecaster-tenant-pool,2026-01-31 06:08:33,0.0020698204745106114,1139109888.0,1.1867999999939154
forecaster-tenant-pool,2026-01-31 06:09:03,0.0002641777197252832,1139175424.0,0.09730000000266349
forecaster-tenant-pool,2026-01-31 06:09:33,0.001939335773442937,1139118080.0,1.2167999999994208
forecaster-tenant-pool,2026-01-31 06:10:02,0.0005193910936726162,1139646464.0,0.24010000000398576
forecaster-tenant-pool,2026-01-31 06:10:03,0.0005124116393962255,1139646464.0,0.24010000000398576
forecaster-tenant-pool,2026-01-31 06:10:32,0.0021559880686347534,1139212288.0,1.2229999999998957
forecaster-tenant-pool,2026-01-31 06:11:02,0.0007939530201391565,1139171328.0,0.24619999999989278
forecaster-tenant-pool,2026-01-31 06:11:32,0.0021955837778331673,1139159040.0,1.3196999999961312
forecaster-tenant-pool,2026-01-31 06:12:02,0.000552399579098094,1139167232.0,0.2735000000021804
forecaster-tenant-pool,2026-01-31 06:12:32,0.0025369209165747677,1139363840.0,1.3177999999968961
forecaster-tenant-pool,2026-01-31 06:13:02,0.00024142306760720133,1139396608.0,0.07670000000004316
forecaster-tenant-pool,2026-01-31 06:13:32,0.002060315633323878,1139560448.0,1.105399999998796
forecaster-tenant-pool,2026-01-31 06:14:02,0.0010576654613196367,1139793920.0,0.3183000000038495
forecaster-tenant-pool,2026-01-31 06:14:32,0.0019933913303549055,1139687424.0,1.3372999999965032
forecaster-tenant-pool,2026-01-31 06:15:02,0.0011493455222229957,1139982336.0,0.08090000000568882
forecaster-tenant-pool,2026-01-31 06:15:32,0.0024921140765939063,1139838976.0,1.400099999996746
forecaster-tenant-pool,2026-01-31 06:16:02,0.0004812753979626902,1139523584.0,0.19810000000179573
forecaster-tenant-pool,2026-01-31 06:16:32,0.002116249786651955,1139589120.0,1.273499999996481
forecaster-tenant-pool,2026-01-31 06:17:02,0.00028665449533517436,1139597312.0,0.09920000000056461
forecaster-tenant-pool,2026-01-31 06:17:32,0.001651815122757544,1139679232.0,1.18400000000341
forecaster-tenant-pool,2026-01-31 06:18:02,0.0017474857088163826,1139998720.0,0.2371999999996357
forecaster-tenant-pool,2026-01-31 06:18:32,0.0017812293492289223,1139761152.0,1.2493999999982406
forecaster-tenant-pool,2026-01-31 06:19:02,0.00019937394574811755,1139802112.0,0.08029999999853317
forecaster-tenant-pool,2026-01-31 06:19:32,0.0022509838640360296,1139892224.0,1.1439000000047599
forecaster-tenant-pool,2026-01-31 06:20:02,0.0003494656636619636,1139892224.0,0.21229999999244076
forecaster-tenant-pool,2026-01-31 06:20:02,0.0008187835495534723,1139916800.0,0.21229999999244076
forecaster-tenant-pool,2026-01-31 06:20:32,0.0022082502345049824,1139990528.0,1.131800000007388
forecaster-tenant-pool,2026-01-31 06:21:02,0.00030224002663792045,1140457472.0,0.23779999999502857
forecaster-tenant-pool,2026-01-31 06:21:32,0.002061395474240712,1139740672.0,1.269400000000375
forecaster-tenant-pool,2026-01-31 06:22:02,0.001140120167949577,1140019200.0,0.23729999999723078
forecaster-tenant-pool,2026-01-31 06:22:32,0.0017187014187861197,1139822592.0,1.2335000000026413
forecaster-tenant-pool,2026-01-31 06:23:02,0.0013104151912076767,1139838976.0,0.08260000000306415
forecaster-tenant-pool,2026-01-31 06:23:32,0.002412461904218195,1139892224.0,1.3899000000012165
forecaster-tenant-pool,2026-01-31 06:24:02,0.0014824033775492167,1139929088.0,0.21289999999486706
forecaster-tenant-pool,2026-01-31 06:24:32,0.0023154862707556625,1139961856.0,1.2193000000021736
forecaster-tenant-pool,2026-01-31 06:25:02,0.00022447498774539487,1139961856.0,0.07310000000155317
forecaster-tenant-pool,2026-01-31 06:25:32,0.001924992134796463,1140031488.0,1.2390000000000632
forecaster-tenant-pool,2026-01-31 06:26:02,0.0007938131151627929,1140011008.0,0.19729999999660017
forecaster-tenant-pool,2026-01-31 06:26:32,0.002146208912413517,1139773440.0,1.339300000000973
forecaster-tenant-pool,2026-01-31 06:27:02,0.0010065643951941087,1139810304.0,0.07879999999768188
forecaster-tenant-pool,2026-01-31 06:27:32,0.0020104667258752664,1139847168.0,1.135000000001552
forecaster-tenant-pool,2026-01-31 06:28:02,0.001245166262519651,1140133888.0,0.224700000000909
forecaster-tenant-pool,2026-01-31 06:28:32,0.0021715374413178354,1139916800.0,1.1734999999990274
forecaster-tenant-pool,2026-01-31 06:29:02,0.0002493538006556869,1139916800.0,0.09010000000186362
forecaster-tenant-pool,2026-01-31 06:29:32,0.001963870220429681,1139986432.0,1.2416999999995217
forecaster-tenant-pool,2026-01-31 06:30:02,0.0003987464814610392,1139994624.0,0.21280000000090998
forecaster-tenant-pool,2026-01-31 06:30:05,0.0011764725940551573,1140633600.0,0.21280000000090998
forecaster-tenant-pool,2026-01-31 06:30:35,0.0022155466309737816,1140195328.0,1.2547999999975825
forecaster-tenant-pool,2026-01-31 06:31:05,0.0013607702225978747,1140129792.0,0.25640000000300156
forecaster-tenant-pool,2026-01-31 06:31:35,0.001892609012017089,1140097024.0,1.1854999999982585
forecaster-tenant-pool,2026-01-31 06:32:05,0.002060838009495352,1140219904.0,0.25799999999799184
forecaster-tenant-pool,2026-01-31 06:32:35,0.0022371401465438433,1140273152.0,1.3517000000000432
forecaster-tenant-pool,2026-01-31 06:33:05,0.0019903045403866643,1140514816.0,0.09749999999864181
forecaster-tenant-pool,2026-01-31 06:33:35,0.002703014346801775,1140375552.0,1.3450000000064999
forecaster-tenant-pool,2026-01-31 06:34:05,0.0008693322191303877,1140178944.0,0.22049999999599096
forecaster-tenant-pool,2026-01-31 06:34:35,0.0020683984608233213,1140224000.0,1.3736999999988864
forecaster-tenant-pool,2026-01-31 06:35:05,0.001651490135186425,1140244480.0,0.07690000000111467
forecaster-tenant-pool,2026-01-31 06:35:35,0.001965974774799095,1140289536.0,1.2808000000048194
forecaster-tenant-pool,2026-01-31 06:36:05,0.00208607078088569,1140035584.0,0.21199999999632077
forecaster-tenant-pool,2026-01-31 06:36:35,0.0026269121248880083,1140035584.0,1.24360000000385
forecaster-tenant-pool,2026-01-31 06:37:05,0.0020071930661949237,1140355072.0,0.07479999999911038
forecaster-tenant-pool,2026-01-31 06:37:35,0.001791330754543196,1140109312.0,1.2113999999981389
forecaster-tenant-pool,2026-01-31 06:38:05,0.0015227784317510956,1140125696.0,0.19149999999590364
forecaster-tenant-pool,2026-01-31 06:38:35,0.0018017850498876003,1140178944.0,1.1887000000002446
forecaster-tenant-pool,2026-01-31 06:39:05,0.0002189106280260858,1140178944.0,0.08420000000417835
forecaster-tenant-pool,2026-01-31 06:39:35,0.00249874553636529,1140240384.0,1.404800000001281
forecaster-tenant-pool,2026-01-31 06:40:02,0.0016996048699110008,1140314112.0,0.191699999997824
forecaster-tenant-pool,2026-01-31 06:40:05,0.0016996048699110008,1140314112.0,0.191699999997824
forecaster-tenant-pool,2026-01-31 06:40:32,0.002664932587086926,1140338688.0,1.2359000000010079
forecaster-tenant-pool,2026-01-31 06:41:02,0.00026752316586932807,1140023296.0,0.2425999999994019
forecaster-tenant-pool,2026-01-31 06:41:32,0.001876956814123187,1140088832.0,1.2270999999966687
forecaster-tenant-pool,2026-01-31 06:42:02,0.000823440037739598,1140097024.0,0.1975000000042807
forecaster-tenant-pool,2026-01-31 06:42:32,0.002141048091939986,1140158464.0,1.0003999999960798
forecaster-tenant-pool,2026-01-31 06:43:02,0.0017066839346518373,1140191232.0,0.35860000000144887
forecaster-tenant-pool,2026-01-31 06:43:32,0.0027181025226016486,1140228096.0,1.3200000000011642
forecaster-tenant-pool,2026-01-31 06:44:02,0.0005138742337488998,1140224000.0,0.21299999999567565
forecaster-tenant-pool,2026-01-31 06:44:32,0.0019223408159219737,1140293632.0,1.2924000000070008
forecaster-tenant-pool,2026-01-31 06:45:02,0.0016069550182054653,1140379648.0,0.09759999999981422
forecaster-tenant-pool,2026-01-31 06:45:32,0.0025260640454700545,1140363264.0,1.2476999999938927
forecaster-tenant-pool,2026-01-31 06:46:02,0.0008150260938877645,1140830208.0,0.18980000000186312
forecaster-tenant-pool,2026-01-31 06:46:32,0.0018121835941260949,1140105216.0,1.19260000000304
forecaster-tenant-pool,2026-01-31 06:47:02,0.0002282862528413713,1140105216.0,0.07630000000196258
forecaster-tenant-pool,2026-01-31 06:47:32,0.0019438369879162811,1140174848.0,1.222299999996297
forecaster-tenant-pool,2026-01-31 06:48:02,0.0007795092776369674,1141231616.0,0.20930000000250099
forecaster-tenant-pool,2026-01-31 06:48:32,0.001609228502003999,1140244480.0,1.1945999999971415
forecaster-tenant-pool,2026-01-31 06:49:02,0.0002220501240173315,1140244480.0,0.09059999999656913
forecaster-tenant-pool,2026-01-31 06:49:32,0.0020172430663573777,1140314112.0,1.224200000005961
forecaster-tenant-pool,2026-01-31 06:50:02,0.0006480362977442962,1140580352.0,0.2118999999966642
forecaster-tenant-pool,2026-01-31 06:50:02,0.0006342141662269722,1140580352.0,0.2118999999966642
forecaster-tenant-pool,2026-01-31 06:50:32,0.0020231641084155197,1140408320.0,1.1996000000020408
forecaster-tenant-pool,2026-01-31 06:51:02,0.0017172406447416987,1140396032.0,0.2984999999998763
forecaster-tenant-pool,2026-01-31 06:51:32,0.002057260717379241,1140154368.0,1.2134999999965657
forecaster-tenant-pool,2026-01-31 06:52:02,0.00042131216329760593,1140154368.0,0.19700000000490642
forecaster-tenant-pool,2026-01-31 06:52:32,0.0018909865800478575,1140224000.0,1.2184000000005348
forecaster-tenant-pool,2026-01-31 06:53:02,0.0002905602227176193,1140224000.0,0.11429999999824456
forecaster-tenant-pool,2026-01-31 06:53:32,0.0021013320586994815,1140293632.0,1.3170999999977842
forecaster-tenant-pool,2026-01-31 06:54:02,0.0004256115432758534,1140293632.0,0.21959999999799037
forecaster-tenant-pool,2026-01-31 06:54:32,0.002044608597060739,1140367360.0,1.2491000000013932
forecaster-tenant-pool,2026-01-31 06:55:02,0.0012846734702544257,1140670464.0,0.06930000000126407
forecaster-tenant-pool,2026-01-31 06:55:32,0.0018336841076519476,1140473856.0,1.2195000000014868
forecaster-tenant-pool,2026-01-31 06:56:02,0.0016282513950287923,1140514816.0,0.22589999999909197
forecaster-tenant-pool,2026-01-31 06:56:32,0.002068764034941,1140293632.0,1.2827000000020539
forecaster-tenant-pool,2026-01-31 06:57:02,0.0005222915382306624,1140838400.0,0.07729999999422338
forecaster-tenant-pool,2026-01-31 06:57:32,0.0023063508857609546,1140404224.0,0.8376000000035977
forecaster-tenant-pool,2026-01-31 06:58:02,0.0005882261745235695,1140490240.0,0.6702999999995275
forecaster-tenant-pool,2026-01-31 06:58:32,0.002215804167761948,1140375552.0,1.3642999999983658
forecaster-tenant-pool,2026-01-31 06:59:02,0.00020797518863636196,1140375552.0,0.09090000000026824
forecaster-tenant-pool,2026-01-31 06:59:32,0.0016815610520683002,1140445184.0,1.236000000001574
forecaster-tenant-pool,2026-01-31 07:00:02,0.0003398341318427756,1140449280.0,0.1848999999992884
forecaster-tenant-pool,2026-01-31 07:00:04,0.002419527771219016,1140527104.0,0.1848999999992884
forecaster-tenant-pool,2026-01-31 07:00:34,0.002930160273575953,1140535296.0,1.3923000000020087
forecaster-tenant-pool,2026-01-31 07:01:04,0.0004277187669914584,1140240384.0,0.25489999999790597
forecaster-tenant-pool,2026-01-31 07:01:34,0.001748652958033442,1140285440.0,1.260400000003271
forecaster-tenant-pool,2026-01-31 07:02:04,0.0003292312679153596,1140289536.0,0.1887000000003051
forecaster-tenant-pool,2026-01-31 07:02:34,0.0019769950378844925,1140355072.0,1.1999999999964832
forecaster-tenant-pool,2026-01-31 07:03:04,0.0009587874194783668,1140379648.0,0.0850999999984803
forecaster-tenant-pool,2026-01-31 07:03:34,0.002279028753450323,1140424704.0,1.4056999999994635
forecaster-tenant-pool,2026-01-31 07:04:04,0.0018362389566061337,1140969472.0,0.23390000000229824
forecaster-tenant-pool,2026-01-31 07:04:34,0.0025372526323335872,1140490240.0,1.444199999997181
forecaster-tenant-pool,2026-01-31 07:05:04,0.0018453669043269384,1140576256.0,0.09820000000502963
forecaster-tenant-pool,2026-01-31 07:05:34,0.002160660097267596,1140559872.0,1.241900000000957
forecaster-tenant-pool,2026-01-31 07:06:04,0.0019835744293275424,1140310016.0,0.1823000000002139
forecaster-tenant-pool,2026-01-31 07:06:34,0.0018580597420263024,1140301824.0,1.302999999995033
forecaster-tenant-pool,2026-01-31 07:07:04,0.0018433146526635887,1139785728.0,0.05680000000484142
forecaster-tenant-pool,2026-01-31 07:07:34,0.0015840077826028253,1139793920.0,1.1483999999938532
forecaster-tenant-pool,2026-01-31 07:08:04,0.0019096746844292538,1139834880.0,0.16940000000565003
forecaster-tenant-pool,2026-01-31 07:08:34,0.001888227047763423,1139859456.0,1.233200000001428
forecaster-tenant-pool,2026-01-31 07:09:04,0.0002286895875831189,1139597312.0,0.08789999999535211
forecaster-tenant-pool,2026-01-31 07:09:34,0.0021821680695185705,1139666944.0,1.1833999999989828
forecaster-tenant-pool,2026-01-31 07:10:02,0.0003959747371764077,1139937280.0,0.20000000000254659
forecaster-tenant-pool,2026-01-31 07:10:04,0.0003959747371764077,1139937280.0,0.20000000000254659
forecaster-tenant-pool,2026-01-31 07:10:32,0.0019018683889201842,1139871744.0,1.1241999999982
forecaster-tenant-pool,2026-01-31 07:11:02,0.0012883088529288466,1139724288.0,0.34850000000163467
forecaster-tenant-pool,2026-01-31 07:11:32,0.0024112767240012023,1139847168.0,1.3611000000009275
forecaster-tenant-pool,2026-01-31 07:12:02,0.0003997407638247788,1139929088.0,0.1929000000023734
forecaster-tenant-pool,2026-01-31 07:12:32,0.002067869812942452,1140031488.0,1.2655999999983276
forecaster-tenant-pool,2026-01-31 07:13:02,0.00024039139779858716,1140047872.0,0.08359999999793216
forecaster-tenant-pool,2026-01-31 07:13:32,0.0019629927022105113,1140113408.0,1.1991000000018175
forecaster-tenant-pool,2026-01-31 07:14:02,0.001549865624906765,1140428800.0,0.2095999999987422
forecaster-tenant-pool,2026-01-31 07:14:32,0.001982476291394752,1140195328.0,1.2984999999963596
forecaster-tenant-pool,2026-01-31 07:15:02,0.00023666603805991222,1140195328.0,0.07800000000218764
forecaster-tenant-pool,2026-01-31 07:15:32,0.0025264361599508884,1140260864.0,1.3067000000028808
forecaster-tenant-pool,2026-01-31 07:16:02,0.0015389346913222254,1140285440.0,0.22709999999921515
forecaster-tenant-pool,2026-01-31 07:16:32,0.002004124119832123,1140006912.0,1.2770000000028934
forecaster-tenant-pool,2026-01-31 07:17:02,0.0002778992954991659,1140027392.0,0.09769999999292242
forecaster-tenant-pool,2026-01-31 07:17:32,0.0020488163732998764,1140092928.0,1.3344000000015512
forecaster-tenant-pool,2026-01-31 07:18:02,0.0004229771218233679,1140092928.0,0.21550000000291525
forecaster-tenant-pool,2026-01-31 07:18:32,0.0020814145973364357,1140162560.0,1.2266999999956776
forecaster-tenant-pool,2026-01-31 07:19:02,0.00025741545871058974,1140170752.0,0.0706000000048031
forecaster-tenant-pool,2026-01-31 07:19:32,0.002018095285212211,1140240384.0,1.3261999999973948
forecaster-tenant-pool,2026-01-31 07:20:02,0.00043432616246004104,1140240384.0,0.20670000000130434
forecaster-tenant-pool,2026-01-31 07:20:02,0.001839084094777128,1140318208.0,0.20670000000130434
forecaster-tenant-pool,2026-01-31 07:20:32,0.00290665243900045,1140334592.0,1.2582000000031257
forecaster-tenant-pool,2026-01-31 07:21:02,0.0002997955071758681,1140019200.0,0.24739999999274007
forecaster-tenant-pool,2026-01-31 07:21:32,0.001806317767723642,1140080640.0,1.1206000000041967
forecaster-tenant-pool,2026-01-31 07:22:02,0.0019460569148973903,1140224000.0,0.24610000000229773
forecaster-tenant-pool,2026-01-31 07:22:32,0.0020997446474017873,1140150272.0,1.3328999999937878
forecaster-tenant-pool,2026-01-31 07:23:02,0.0017105318316107659,1140449280.0,0.08390000000575432
forecaster-tenant-pool,2026-01-31 07:23:32,0.002091932705398544,1140248576.0,1.3047999999988558
forecaster-tenant-pool,2026-01-31 07:24:02,0.0007406803816011439,1140273152.0,0.2553000000020499
forecaster-tenant-pool,2026-01-31 07:24:32,0.0021724877425078216,1140371456.0,1.3175999999994625
forecaster-tenant-pool,2026-01-31 07:25:02,0.0002698693578148432,1140416512.0,0.08100000000122236
forecaster-tenant-pool,2026-01-31 07:25:32,0.002111410862892561,1140473856.0,1.285299999999673
forecaster-tenant-pool,2026-01-31 07:26:02,0.0004262396575902261,1140473856.0,0.22509999999741315
forecaster-tenant-pool,2026-01-31 07:26:32,0.0020619736486430207,1140215808.0,1.2726999999964996
forecaster-tenant-pool,2026-01-31 07:27:02,0.0013205544737450922,1140572160.0,0.0941000000057708
forecaster-tenant-pool,2026-01-31 07:27:32,0.00232529550161843,1140305920.0,1.20830000000066
forecaster-tenant-pool,2026-01-31 07:28:02,0.0019222535967356646,1140600832.0,0.3187999999969179
forecaster-tenant-pool,2026-01-31 07:28:32,0.0021320287195352935,1140371456.0,1.307800000000437
forecaster-tenant-pool,2026-01-31 07:29:02,0.001906726539220104,1140989952.0,0.0725999999982984
forecaster-tenant-pool,2026-01-31 07:29:32,0.002112619650970196,1140436992.0,1.3300000000026557
forecaster-tenant-pool,2026-01-31 07:30:02,0.000390461082079739,1140436992.0,0.1846999999982169
forecaster-tenant-pool,2026-01-31 07:30:02,0.000390461082079739,1140436992.0,0.1846999999982169
forecaster-tenant-pool,2026-01-31 07:30:32,0.002616962330123562,1140531200.0,1.2871999999983623
forecaster-tenant-pool,2026-01-31 07:31:02,0.00047063151413149785,1140224000.0,0.24540000000312528
forecaster-tenant-pool,2026-01-31 07:31:32,0.0019753558703223964,1140281344.0,1.251799999995213
forecaster-tenant-pool,2026-01-31 07:32:02,0.0014500753732716316,1140633600.0,0.23360000000053938
forecaster-tenant-pool,2026-01-31 07:32:32,0.0018488499066912393,1140346880.0,1.2336000000022977
forecaster-tenant-pool,2026-01-31 07:33:02,0.0003636819705149505,1140404224.0,0.09769999999649977
forecaster-tenant-pool,2026-01-31 07:33:32,0.002130658509269708,1140420608.0,1.2444000000006175
forecaster-tenant-pool,2026-01-31 07:34:02,0.000501919998465836,1140416512.0,0.2930000000003929
forecaster-tenant-pool,2026-01-31 07:34:32,0.0018697098613972393,1140486144.0,1.2945999999995668
forecaster-tenant-pool,2026-01-31 07:35:02,0.00023859176499438356,1140486144.0,0.08790000000329504
forecaster-tenant-pool,2026-01-31 07:35:32,0.001979971195058418,1140555776.0,1.3635999999968893
forecaster-tenant-pool,2026-01-31 07:36:02,0.000384839158276981,1140228096.0,0.22930000000002718
forecaster-tenant-pool,2026-01-31 07:36:32,0.0016808583908416743,1140301824.0,1.3037000000062715
forecaster-tenant-pool,2026-01-31 07:37:02,0.00026135733000560003,1140297728.0,0.07909999999592401
forecaster-tenant-pool,2026-01-31 07:37:32,0.001992732730653287,1140367360.0,1.290600000003663
forecaster-tenant-pool,2026-01-31 07:38:02,0.00035447058707612677,1140371456.0,0.21029999999979435
forecaster-tenant-pool,2026-01-31 07:38:32,0.0019536621996574547,1140441088.0,1.1174999999944097
forecaster-tenant-pool,2026-01-31 07:39:02,0.000551115949003816,1140441088.0,0.19060000000117724
forecaster-tenant-pool,2026-01-31 07:39:32,0.0020476645272966497,1140506624.0,1.31410000000263
forecaster-tenant-pool,2026-01-31 07:40:02,0.0009302766585256667,1141301248.0,0.21940000000140572
forecaster-tenant-pool,2026-01-31 07:40:02,0.0003457975973719341,1140506624.0,0.21940000000140572
forecaster-tenant-pool,2026-01-31 07:40:32,0.0023922152858676035,1140600832.0,1.2309999999958867
forecaster-tenant-pool,2026-01-31 07:41:02,0.0002924692692741558,1140281344.0,0.2559000000021115
forecaster-tenant-pool,2026-01-31 07:41:32,0.002099148970024158,1140387840.0,1.5402999999965685
forecaster-tenant-pool,2026-01-31 07:42:02,0.00043921395620734994,1140428800.0,0.21340000000024398
forecaster-tenant-pool,2026-01-31 07:42:32,0.001931024541392079,1140510720.0,1.220500000005874
forecaster-tenant-pool,2026-01-31 07:43:02,0.0015089926397360114,1140588544.0,0.0759999999999612
forecaster-tenant-pool,2026-01-31 07:43:32,0.0027418144352908615,1140690944.0,1.2460999999988418
forecaster-tenant-pool,2026-01-31 07:44:02,0.0018952584881907137,1140776960.0,0.21019999999801559
forecaster-tenant-pool,2026-01-31 07:44:32,0.0015740816888922585,1140781056.0,1.2213999999989027
forecaster-tenant-pool,2026-01-31 07:45:02,0.0013053608441405092,1141067776.0,0.08630000000072566
forecaster-tenant-pool,2026-01-31 07:45:32,0.002564538491817614,1140858880.0,1.2469000000013695
forecaster-tenant-pool,2026-01-31 07:46:02,0.0005359108931100565,1140531200.0,0.27669999999846673
forecaster-tenant-pool,2026-01-31 07:46:32,0.0017658737744606534,1140604928.0,1.3197999999970003
forecaster-tenant-pool,2026-01-31 07:47:02,0.0018079231012898397,1140600832.0,0.08540000000151242
forecaster-tenant-pool,2026-01-31 07:47:32,0.00259838041077676,1140580352.0,1.3570000000031237
forecaster-tenant-pool,2026-01-31 07:48:02,0.0007262359485378719,1140764672.0,0.22209999999662008
forecaster-tenant-pool,2026-01-31 07:48:32,0.001874909450411772,1140649984.0,1.2220000000050883
forecaster-tenant-pool,2026-01-31 07:49:02,0.0018049988512766515,1140690944.0,0.08219999999613113
forecaster-tenant-pool,2026-01-31 07:49:32,0.002268655555551121,1140715520.0,1.2662999999976212
forecaster-tenant-pool,2026-01-31 07:50:02,0.00040402178296874503,1140715520.0,0.2170000000055855
forecaster-tenant-pool,2026-01-31 07:50:02,0.00040402178296874503,1140715520.0,0.2170000000055855
forecaster-tenant-pool,2026-01-31 07:50:32,0.0024972681941776882,1140809728.0,1.2356999999999971
forecaster-tenant-pool,2026-01-31 07:51:02,0.0005491038640388574,1140502528.0,0.24309999999574453
forecaster-tenant-pool,2026-01-31 07:51:32,0.0019612846437230655,1140563968.0,1.274600000000828
forecaster-tenant-pool,2026-01-31 07:52:02,0.0006417097251919681,1140830208.0,0.20440000000392805
forecaster-tenant-pool,2026-01-31 07:52:32,0.001819963084449258,1140629504.0,1.3491000000008473
forecaster-tenant-pool,2026-01-31 07:53:02,0.0002300119974659372,1140633600.0,0.06819999999806896
forecaster-tenant-pool,2026-01-31 07:53:32,0.002610187613692177,1140703232.0,1.2373999999965237
forecaster-tenant-pool,2026-01-31 07:54:02,0.0003842344471821681,1140703232.0,0.18760000000529545
forecaster-tenant-pool,2026-01-31 07:54:32,0.0018334968495519407,1140772864.0,1.2278999999943456
forecaster-tenant-pool,2026-01-31 07:55:02,0.0014156362277117484,1141059584.0,0.07720000000250972
forecaster-tenant-pool,2026-01-31 07:55:32,0.002065586031003047,1140850688.0,1.2488999999965624
forecaster-tenant-pool,2026-01-31 07:56:02,0.0006820597863526688,1140539392.0,0.39440000000116315
forecaster-tenant-pool,2026-01-31 07:56:32,0.0026675698588372906,1140596736.0,1.5098999999989247
forecaster-tenant-pool,2026-01-31 07:57:02,0.00025895961438297897,1140596736.0,0.10620000000508299
forecaster-tenant-pool,2026-01-31 07:57:32,0.0022007076928351912,1140666368.0,1.4261999999983648
forecaster-tenant-pool,2026-01-31 07:58:02,0.001616752393571148,1141018624.0,0.21860000000227348
forecaster-tenant-pool,2026-01-31 07:58:32,0.0017377603572707875,1140736000.0,1.2337999999962752
forecaster-tenant-pool,2026-01-31 07:59:02,0.00023910191105855577,1140736000.0,0.07440000000266687
forecaster-tenant-pool,2026-01-31 07:59:32,0.002502539750090887,1140805632.0,1.272999999996379
forecaster-tenant-pool,2026-01-31 08:00:02,0.0003825116987015938,1140670464.0,0.20660000000455814
forecaster-tenant-pool,2026-01-31 08:00:03,0.0003788073082784869,1140670464.0,0.20660000000455814
forecaster-tenant-pool,2026-01-31 08:00:33,0.001808016415626511,1140764672.0,1.2406999999967714
forecaster-tenant-pool,2026-01-31 08:01:03,0.00038211795634037404,1140445184.0,0.19650000000062087
forecaster-tenant-pool,2026-01-31 08:01:33,0.0023753664589647957,1140514816.0,1.1886000000018004
forecaster-tenant-pool,2026-01-31 08:02:03,0.0007465467746842476,1139912704.0,0.1741999999948651
forecaster-tenant-pool,2026-01-31 08:02:33,0.0019428358602038651,1139601408.0,1.2384000000000621
forecaster-tenant-pool,2026-01-31 08:03:03,0.0015504611971293451,1139953664.0,0.07690000000554088
forecaster-tenant-pool,2026-01-31 08:03:33,0.0020442397268752876,1139675136.0,1.2802000000013625
forecaster-tenant-pool,2026-01-31 08:04:03,0.0015873815544431083,1140051968.0,0.21119999999494515
forecaster-tenant-pool,2026-01-31 08:04:33,0.0024543716533989264,1139773440.0,1.233199999999973
forecaster-tenant-pool,2026-01-31 08:05:03,0.0002553773689820365,1139818496.0,0.11540000000350119
forecaster-tenant-pool,2026-01-31 08:05:33,0.002159451874517378,1140011008.0,1.3256000000001829
forecaster-tenant-pool,2026-01-31 08:06:03,0.0005916624099525722,1139818496.0,0.24729999999429614
forecaster-tenant-pool,2026-01-31 08:06:33,0.002203099541784214,1139953664.0,0.9890000000000024
forecaster-tenant-pool,2026-01-31 08:07:03,0.00026441299558024097,1139990528.0,0.3375000000008489
forecaster-tenant-pool,2026-01-31 08:07:33,0.0027932064121016288,1140170752.0,1.2187000000022938
forecaster-tenant-pool,2026-01-31 08:08:03,0.0007052981089839437,1140924416.0,0.18689999999836193
forecaster-tenant-pool,2026-01-31 08:08:33,0.0017016809452418296,1140269056.0,1.1431999999997062
forecaster-tenant-pool,2026-01-31 08:09:03,0.0018090343728124788,1140400128.0,0.09739999999965221
forecaster-tenant-pool,2026-01-31 08:09:33,0.0021298152517851133,1140420608.0,1.217000000003039
forecaster-tenant-pool,2026-01-31 08:10:02,0.0004285965175153813,1140555776.0,0.17799999999679128
forecaster-tenant-pool,2026-01-31 08:10:03,0.00042095880192968756,1140502528.0,0.17799999999679128
forecaster-tenant-pool,2026-01-31 08:10:32,0.001985088945747333,1140695040.0,1.3235999999999573
forecaster-tenant-pool,2026-01-31 08:11:02,0.0004147642409148234,1140719616.0,0.25620000000199067
forecaster-tenant-pool,2026-01-31 08:11:32,0.002396272427526231,1140510720.0,1.281099999998696
forecaster-tenant-pool,2026-01-31 08:12:02,0.0003744861519259255,1140641792.0,0.1761000000020431
forecaster-tenant-pool,2026-01-31 08:12:32,0.00206596170756691,1140785152.0,1.2554999999971186
forecaster-tenant-pool,2026-01-31 08:13:02,0.0002364849126423184,1140817920.0,0.08390000000599684
forecaster-tenant-pool,2026-01-31 08:13:32,0.0023022301516835266,1140936704.0,1.3419999999935195
forecaster-tenant-pool,2026-01-31 08:14:02,0.0005344764909593478,1140994048.0,0.20060000000351766
forecaster-tenant-pool,2026-01-31 08:14:32,0.001969536715352696,1141297152.0,1.207600000002276
forecaster-tenant-pool,2026-01-31 08:15:02,0.0002688840263707472,1141022720.0,0.08910000000008343
forecaster-tenant-pool,2026-01-31 08:15:32,0.0019612184395200166,1141096448.0,1.3250999999980801
forecaster-tenant-pool,2026-01-31 08:16:02,0.0005041217671401108,1140776960.0,0.2321000000004157
forecaster-tenant-pool,2026-01-31 08:16:32,0.002034705723065158,1140662272.0,1.3125000000007276
forecaster-tenant-pool,2026-01-31 08:17:02,0.0017265114608549371,1140768768.0,0.09789999999896584
forecaster-tenant-pool,2026-01-31 08:17:32,0.002597787283184196,1140736000.0,1.2710999999972652
forecaster-tenant-pool,2026-01-31 08:18:02,0.002000531105028569,1141022720.0,0.2125000000001213
forecaster-tenant-pool,2026-01-31 08:18:32,0.0017612712960985036,1140842496.0,1.2716999999998735
forecaster-tenant-pool,2026-01-31 08:19:02,0.0009133940379617398,1141137408.0,0.07780000000281385
forecaster-tenant-pool,2026-01-31 08:19:32,0.0023751966380492514,1140944896.0,1.1744999999983823
forecaster-tenant-pool,2026-01-31 08:20:02,0.00047216882706180605,1141219328.0,0.30319999999755964
forecaster-tenant-pool,2026-01-31 08:20:02,0.00047216882706180605,1141219328.0,0.30319999999755964
forecaster-tenant-pool,2026-01-31 08:20:32,0.0023779945514404654,1141071872.0,1.3003999999999603
forecaster-tenant-pool,2026-01-31 08:21:02,0.0013829667224232493,1141035008.0,0.28220000000716633
forecaster-tenant-pool,2026-01-31 08:21:32,0.0023000611679053983,1140834304.0,1.3179999999936018
forecaster-tenant-pool,2026-01-31 08:22:02,0.0021588209289488897,1140899840.0,0.22460000000343522
forecaster-tenant-pool,2026-01-31 08:22:32,0.0026510244402615803,1140912128.0,1.2582000000005185
forecaster-tenant-pool,2026-01-31 08:23:02,0.0010797467177962703,1141190656.0,0.07579999999658563
forecaster-tenant-pool,2026-01-31 08:23:32,0.0018251292626221196,1140981760.0,1.2193000000038714
forecaster-tenant-pool,2026-01-31 08:24:02,0.00031250895780149157,1140989952.0,0.1592999999977716
forecaster-tenant-pool,2026-01-31 08:24:32,0.0019193959744360411,1140531200.0,0.6487999999973302
forecaster-tenant-pool,2026-01-31 08:25:02,0.0005551503001099513,1140539392.0,0.5974000000006223
forecaster-tenant-pool,2026-01-31 08:25:32,0.002259959622293466,1140596736.0,1.2231999999998757
forecaster-tenant-pool,2026-01-31 08:26:02,0.00047884490819215025,1140277248.0,0.22049999999968956
forecaster-tenant-pool,2026-01-31 08:26:32,0.002410630055453915,1139826688.0,1.429300000006333
forecaster-tenant-pool,2026-01-31 08:27:02,0.00024040318886834908,1139826688.0,0.10469999999841093
forecaster-tenant-pool,2026-01-31 08:27:32,0.0020526770882892636,1139896320.0,1.473000000000684
forecaster-tenant-pool,2026-01-31 08:28:02,0.00042731810147541476,1139937280.0,0.2368999999990289
forecaster-tenant-pool,2026-01-31 08:28:32,0.0019376337432980943,1140150272.0,1.2851999999980763
forecaster-tenant-pool,2026-01-31 08:29:02,0.0009785719964616369,1140170752.0,0.07950000000067424
forecaster-tenant-pool,2026-01-31 08:29:32,0.002026429564479744,1140330496.0,1.2580999999978304
forecaster-tenant-pool,2026-01-31 08:30:02,0.00030116902450080525,1140330496.0,0.1768000000038228
forecaster-tenant-pool,2026-01-31 08:30:02,0.00030908960413408176,1140330496.0,0.1768000000038228
forecaster-tenant-pool,2026-01-31 08:30:32,0.002369735707347396,1140436992.0,1.1732999999946818
forecaster-tenant-pool,2026-01-31 08:31:02,0.0014365085098609256,1140658176.0,0.31540000000004514
forecaster-tenant-pool,2026-01-31 08:31:32,0.0024394009581273266,1140191232.0,1.2563000000064373
forecaster-tenant-pool,2026-01-31 08:32:02,0.000967045857339301,1140244480.0,0.21039999999999662
forecaster-tenant-pool,2026-01-31 08:32:32,0.0016305788744995597,1140342784.0,1.1807999999970584
forecaster-tenant-pool,2026-01-31 08:33:02,0.0017703392231223003,1140711424.0,0.08949999999852784
forecaster-tenant-pool,2026-01-31 08:33:32,0.003183718366238487,1140477952.0,1.3629999999991318
forecaster-tenant-pool,2026-01-31 08:34:02,0.0014195371552456148,1140801536.0,0.21400000000357974
forecaster-tenant-pool,2026-01-31 08:34:32,0.002113942737998001,1140649984.0,1.3116999999989276
forecaster-tenant-pool,2026-01-31 08:35:02,0.0005375413977892949,1140862976.0,0.08289999999979045
forecaster-tenant-pool,2026-01-31 08:35:32,0.0020143308700458005,1140772864.0,1.272499999998096
forecaster-tenant-pool,2026-01-31 08:36:02,0.0009219436704923017,1140551680.0,0.2372999999983828
forecaster-tenant-pool,2026-01-31 08:36:32,0.002366328309423811,1140539392.0,1.4312000000047194
forecaster-tenant-pool,2026-01-31 08:37:02,0.00023742248559174516,1140539392.0,0.09160000000265427
forecaster-tenant-pool,2026-01-31 08:37:32,0.0026479997913313705,1140609024.0,1.3574999999954647
forecaster-tenant-pool,2026-01-31 08:38:02,0.0003986596838372923,1140613120.0,0.2055000000003929
forecaster-tenant-pool,2026-01-31 08:38:32,0.0016705459818480942,1140801536.0,1.0324000000020532
forecaster-tenant-pool,2026-01-31 08:39:02,0.00168339702782257,1140871168.0,0.27610000000192186
forecaster-tenant-pool,2026-01-31 08:39:32,0.002107423637234066,1140932608.0,1.2541999999942466
forecaster-tenant-pool,2026-01-31 08:40:02,0.0004112812432047212,1140944896.0,0.202100000003702
forecaster-tenant-pool,2026-01-31 08:40:03,0.0008168584584493138,1140969472.0,0.202100000003702
forecaster-tenant-pool,2026-01-31 08:40:33,0.0023815132735586584,1141039104.0,1.2451999999970818
forecaster-tenant-pool,2026-01-31 08:41:03,0.0002715788218865374,1140723712.0,0.3067000000005161
forecaster-tenant-pool,2026-01-31 08:41:33,0.0021692959291518925,1140785152.0,1.3336000000022978
forecaster-tenant-pool,2026-01-31 08:42:03,0.00041978016332119784,1140785152.0,0.20609999999536133
forecaster-tenant-pool,2026-01-31 08:42:33,0.0019488843887352134,1140854784.0,1.2498000000001412
forecaster-tenant-pool,2026-01-31 08:43:03,0.000241479675782434,1140887552.0,0.08970000000632959
forecaster-tenant-pool,2026-01-31 08:43:33,0.001752415462406986,1140953088.0,1.15509999999443
forecaster-tenant-pool,2026-01-31 08:44:03,0.0018088390320727587,1141026816.0,0.20470000000283714
forecaster-tenant-pool,2026-01-31 08:44:33,0.0017431380905585095,1141030912.0,1.231599999997828
forecaster-tenant-pool,2026-01-31 08:45:03,0.002053321746391709,1141026816.0,0.0845000000035725
forecaster-tenant-pool,2026-01-31 08:45:33,0.0018939417735748677,1141100544.0,1.2852000000016537
forecaster-tenant-pool,2026-01-31 08:46:03,0.0017780643222193953,1141161984.0,0.20419999999940044
forecaster-tenant-pool,2026-01-31 08:46:33,0.002186429566022231,1140846592.0,1.2227999999947619
forecaster-tenant-pool,2026-01-31 08:47:03,0.0002591119370317571,1141112832.0,0.0948000000011234
forecaster-tenant-pool,2026-01-31 08:47:33,0.002206402291211583,1140912128.0,1.3317000000048815
forecaster-tenant-pool,2026-01-31 08:48:03,0.0012210950011520357,1141202944.0,0.22409999999575422
forecaster-tenant-pool,2026-01-31 08:48:33,0.0024238092124379005,1140981760.0,1.3452999999970416
forecaster-tenant-pool,2026-01-31 08:49:03,0.0017828616117200593,1141317632.0,0.08810000000091046
forecaster-tenant-pool,2026-01-31 08:49:33,0.001992664767640024,1141084160.0,1.2712000000058954
forecaster-tenant-pool,2026-01-31 08:50:02,0.00044605060414743653,1141084160.0,0.19049999999685194
forecaster-tenant-pool,2026-01-31 08:50:03,0.00044090229474423104,1141084160.0,0.19049999999685194
forecaster-tenant-pool,2026-01-31 08:50:32,0.0022944846699943957,1141174272.0,1.264700000000994
forecaster-tenant-pool,2026-01-31 08:51:02,0.0005968286191422069,1140879360.0,0.2558999999953812
forecaster-tenant-pool,2026-01-31 08:51:32,0.0023351449031612363,1140940800.0,1.3035000000039874
forecaster-tenant-pool,2026-01-31 08:52:02,0.00042464014468982317,1140953088.0,0.1777000000028541
forecaster-tenant-pool,2026-01-31 08:52:32,0.001974429177027687,1141026816.0,1.214499999998346
forecaster-tenant-pool,2026-01-31 08:53:02,0.0013871592298188864,1141129216.0,0.08429999999540692
forecaster-tenant-pool,2026-01-31 08:53:32,0.00167811114284638,1141104640.0,1.2446000000012645
forecaster-tenant-pool,2026-01-31 08:54:02,0.0012865857842156415,1141125120.0,0.19319999999952417
forecaster-tenant-pool,2026-01-31 08:54:32,0.001821446970889199,1141174272.0,1.095100000004095
forecaster-tenant-pool,2026-01-31 08:55:02,0.0005740617247054198,1141207040.0,0.15569999999521922
forecaster-tenant-pool,2026-01-31 08:55:32,0.001920901127207451,1141243904.0,1.2694000000050436
forecaster-tenant-pool,2026-01-31 08:56:02,0.0008447834072961975,1140940800.0,0.2120999999956742
forecaster-tenant-pool,2026-01-31 08:56:32,0.0019703599740774815,1140985856.0,1.300400000001658
forecaster-tenant-pool,2026-01-31 08:57:02,0.0013958921777038186,1141542912.0,0.07729999999871022
forecaster-tenant-pool,2026-01-31 08:57:32,0.0025058701980738853,1141055488.0,1.2398000000039247
forecaster-tenant-pool,2026-01-31 08:58:02,0.000452973353798261,1141059584.0,0.2014999999992142
forecaster-tenant-pool,2026-01-31 08:58:32,0.0017691687992374802,1141125120.0,1.2180999999968967
forecaster-tenant-pool,2026-01-31 08:59:02,0.0012983308077522228,1141149696.0,0.08459999999819653
forecaster-tenant-pool,2026-01-31 08:59:32,0.0025807721434945308,1141194752.0,1.248400000006101
forecaster-tenant-pool,2026-01-31 09:00:02,0.0004086741880201453,1141194752.0,0.20659999999522066
forecaster-tenant-pool,2026-01-31 09:00:02,0.0004042432119705918,1141194752.0,0.20659999999522066
forecaster-tenant-pool,2026-01-31 09:00:32,0.0020828748743014452,1141288960.0,1.1942000000039115
forecaster-tenant-pool,2026-01-31 09:01:02,0.0012312620239394402,1141534720.0,0.20589999999707895
forecaster-tenant-pool,2026-01-31 09:01:32,0.001644933257941052,1141063680.0,1.2868000000024646
forecaster-tenant-pool,2026-01-31 09:02:02,0.0004276652370098518,1141112832.0,0.204199999997824
forecaster-tenant-pool,2026-01-31 09:02:32,0.0018797159135629314,1141182464.0,1.3474999999971866
forecaster-tenant-pool,2026-01-31 09:03:02,0.000651373565184357,1141202944.0,0.09960000000482977
forecaster-tenant-pool,2026-01-31 09:03:32,0.0020498541120517757,1141256192.0,0.4332999999961127
forecaster-tenant-pool,2026-01-31 09:04:02,0.0017021912217069233,1141276672.0,1.1563999999995456
forecaster-tenant-pool,2026-01-31 09:04:32,0.0019743812099879115,1141321728.0,1.097900000002604
forecaster-tenant-pool,2026-01-31 09:05:02,0.0007130803530317267,1141358592.0,0.23919999999670835
forecaster-tenant-pool,2026-01-31 09:05:32,0.0026228419681714825,1141391360.0,1.0221000000041385
forecaster-tenant-pool,2026-01-31 09:06:02,0.0016900542193344758,1141084160.0,0.44470000000001164
forecaster-tenant-pool,2026-01-31 09:06:32,0.0020788553564814864,1141133312.0,1.2599999999959133
forecaster-tenant-pool,2026-01-31 09:07:02,0.00039302079577277385,1141153792.0,0.09180000000039097
forecaster-tenant-pool,2026-01-31 09:07:32,0.002214973267707577,1141207040.0,1.0088000000071284
forecaster-tenant-pool,2026-01-31 09:08:02,0.0006700062990430477,1141248000.0,0.5589999999971649
forecaster-tenant-pool,2026-01-31 09:08:32,0.0018970863811195709,1141268480.0,1.2491999999972903
forecaster-tenant-pool,2026-01-31 09:09:02,0.0018388621928167865,1141633024.0,0.09549999999811311
forecaster-tenant-pool,2026-01-31 09:09:32,0.002677365103183554,1141137408.0,1.3339000000058756
forecaster-tenant-pool,2026-01-31 09:10:02,0.00046488342579167305,1141137408.0,0.21399999999836533
forecaster-tenant-pool,2026-01-31 09:10:02,0.00046488342579167305,1141137408.0,0.21399999999836533
forecaster-tenant-pool,2026-01-31 09:10:32,0.0021629723914335305,1141235712.0,1.3554000000029798
forecaster-tenant-pool,2026-01-31 09:11:02,0.0019515913904956108,1140969472.0,0.275199999996524
forecaster-tenant-pool,2026-01-31 09:11:32,0.0026305993223396007,1140981760.0,1.3634999999992337
forecaster-tenant-pool,2026-01-31 09:12:02,0.0003851446001976927,1140981760.0,0.197000000002663
forecaster-tenant-pool,2026-01-31 09:12:32,0.0019118903084947196,1141055488.0,1.2562999999969784
forecaster-tenant-pool,2026-01-31 09:13:02,0.0005472525155759506,1141235712.0,0.09100000000101621
forecaster-tenant-pool,2026-01-31 09:13:32,0.0016729857461408521,1141125120.0,0.6141000000011142
forecaster-tenant-pool,2026-01-31 09:14:02,0.0019657802557123006,1141489664.0,0.7922999999986738
forecaster-tenant-pool,2026-01-31 09:14:32,0.003268108106601761,1141190656.0,1.346399999998842
forecaster-tenant-pool,2026-01-31 09:15:02,0.0006194567576722253,1141223424.0,0.09560000000419677
forecaster-tenant-pool,2026-01-31 09:15:32,0.001769079402723467,1141260288.0,1.1861999999955515
forecaster-tenant-pool,2026-01-31 09:16:02,0.00043056462694020844,1141260288.0,0.188999999997759
forecaster-tenant-pool,2026-01-31 09:16:32,0.0025754124785761674,1141002240.0,1.325900000006853
forecaster-tenant-pool,2026-01-31 09:17:02,0.00030363980506884636,1141006336.0,0.12449999999904927
forecaster-tenant-pool,2026-01-31 09:17:32,0.001872016719977925,1141067776.0,1.3238000000009076
forecaster-tenant-pool,2026-01-31 09:18:02,0.001826833299187582,1141121024.0,0.1980999999970057
forecaster-tenant-pool,2026-01-31 09:18:32,0.0021702899083912643,1141137408.0,1.2840000000006209
forecaster-tenant-pool,2026-01-31 09:19:02,0.001757692289423952,1141186560.0,0.05110000000180056
forecaster-tenant-pool,2026-01-31 09:19:32,0.0019579399254870886,1140228096.0,1.2136999999949087
forecaster-tenant-pool,2026-01-31 09:20:02,0.0003403035527044132,1140232192.0,0.18530000000155267
forecaster-tenant-pool,2026-01-31 09:20:08,0.001991428156428876,1140592640.0,1.3345999999980755
forecaster-tenant-pool,2026-01-31 09:20:38,0.0022070669985190155,1140318208.0,0.24910000000697138
forecaster-tenant-pool,2026-01-31 09:21:08,0.00017539404487650203,1140318208.0,1.2389999999923023
forecaster-tenant-pool,2026-01-31 09:21:38,0.0023004320283714344,1140097024.0,0.1869000000068506
forecaster-tenant-pool,2026-01-31 09:22:08,0.0004248610923858776,1140097024.0,1.307099999998779
forecaster-tenant-pool,2026-01-31 09:22:38,0.0025451739732016633,1140170752.0,0.08779999999563494
forecaster-tenant-pool,2026-01-31 09:23:08,0.0019401799787384726,1140346880.0,1.3122000000025464
forecaster-tenant-pool,2026-01-31 09:23:38,0.002236579051141769,1140543488.0,0.18430000000001506
forecaster-tenant-pool,2026-01-31 09:24:08,0.0021774333286263188,1140649984.0,1.2286999999967523
forecaster-tenant-pool,2026-01-31 09:24:38,0.0018471963911588778,1140686848.0,0.0730000000031699
forecaster-tenant-pool,2026-01-31 09:25:08,0.00171428009177111,1140772864.0,1.1671000000030596
forecaster-tenant-pool,2026-01-31 09:25:38,0.0026676345988168658,1140822016.0,0.19629999999815487
forecaster-tenant-pool,2026-01-31 09:26:08,0.00040397872931682236,1140830208.0,1.2500000000001215
forecaster-tenant-pool,2026-01-31 09:26:38,0.001756062776954458,1140936704.0,0.09049999999515422
forecaster-tenant-pool,2026-01-31 09:27:08,0.0017533462478546962,1140838400.0,1.3417000000002497
forecaster-tenant-pool,2026-01-31 09:27:38,0.0018031519701381398,1140862976.0,0.22449999999959502
forecaster-tenant-pool,2026-01-31 09:28:08,0.002122183504264352,1140924416.0,1.2859000000041612
forecaster-tenant-pool,2026-01-31 09:28:38,0.0018024380440948607,1140932608.0,0.08120000000211199
forecaster-tenant-pool,2026-01-31 09:29:08,0.0020202740434813542,1140998144.0,1.2805999999961086
forecaster-tenant-pool,2026-01-31 09:29:38,0.0017630380116733684,1141010432.0,0.19309999999980698
forecaster-tenant-pool,2026-01-31 09:30:02,0.0006867794990929762,1141039104.0,0.19309999999980695
forecaster-tenant-pool,2026-01-31 09:30:08,0.0008041591273993485,1141039104.0,1.2909999999995005
forecaster-tenant-pool,2026-01-31 09:30:32,0.002739937223743681,1141157888.0,1.2909999999995003
forecaster-tenant-pool,2026-01-31 09:31:02,0.0020226093885623935,1141194752.0,0.3104999999989256
forecaster-tenant-pool,2026-01-31 09:31:32,0.0017296192081798429,1140998144.0,1.297600000004301
forecaster-tenant-pool,2026-01-31 09:32:02,0.0017968263117453787,1141354496.0,0.20539999999691644
forecaster-tenant-pool,2026-01-31 09:32:32,0.001976792084541383,1141063680.0,1.246799999999045
forecaster-tenant-pool,2026-01-31 09:33:02,0.0009564366435942059,1141850112.0,0.09130000000210808
forecaster-tenant-pool,2026-01-31 09:33:32,0.0021133922925883454,1141141504.0,1.3349999999972473
forecaster-tenant-pool,2026-01-31 09:34:02,0.0011866011178573105,1141424128.0,0.19609999999969052
forecaster-tenant-pool,2026-01-31 09:34:32,0.0016678836463052717,1141211136.0,1.189900000003642
forecaster-tenant-pool,2026-01-31 09:35:02,0.001661253458477718,1141284864.0,0.09329999999869566
forecaster-tenant-pool,2026-01-31 09:35:32,0.0018713821443701636,1141280768.0,1.243800000004012
forecaster-tenant-pool,2026-01-31 09:36:02,0.000587752368098913,1140965376.0,0.16969999999801075
forecaster-tenant-pool,2026-01-31 09:36:32,0.0020756070574153083,1141022720.0,0.7422999999976431
forecaster-tenant-pool,2026-01-31 09:37:02,0.0002502558678727188,1141022720.0,0.5209000000014689
forecaster-tenant-pool,2026-01-31 09:37:32,0.002610509072534,1141092352.0,1.2503000000034565
forecaster-tenant-pool,2026-01-31 09:38:02,0.0010406103194560677,1141362688.0,0.1841999999973268
forecaster-tenant-pool,2026-01-31 09:38:32,0.0020824721234942913,1141157888.0,1.5749999999972109
forecaster-tenant-pool,2026-01-31 09:39:02,0.0018565763165154009,1141481472.0,0.10499999999950281
forecaster-tenant-pool,2026-01-31 09:39:32,0.003061345957036133,1141231616.0,1.3351000000050286
forecaster-tenant-pool,2026-01-31 09:40:02,0.00044311918281597315,1141227520.0,0.07639999999852687
forecaster-tenant-pool,2026-01-31 09:40:03,0.0019339061936182072,1141542912.0,0.07639999999852687
forecaster-tenant-pool,2026-01-31 09:40:33,0.002178464593743149,1141325824.0,1.486299999997512
forecaster-tenant-pool,2026-01-31 09:41:03,0.00022496348130192378,1141329920.0,0.23789999999911138
forecaster-tenant-pool,2026-01-31 09:41:33,0.001836168681569633,1141084160.0,1.2926000000037676
forecaster-tenant-pool,2026-01-31 09:42:03,0.0013391099192660897,1141096448.0,0.08009999999685533
forecaster-tenant-pool,2026-01-31 09:42:33,0.002087735691211117,1141153792.0,1.4041000000021087
forecaster-tenant-pool,2026-01-31 09:43:03,0.00024033256752498087,1141415936.0,0.08940000000026581
forecaster-tenant-pool,2026-01-31 09:43:33,0.0019082376694401063,1141219328.0,1.3602999999997942
forecaster-tenant-pool,2026-01-31 09:44:03,0.0014425213105118823,1141346304.0,0.08279999999873931
forecaster-tenant-pool,2026-01-31 09:44:33,0.0019432292384144447,1141399552.0,1.3888000000009926
forecaster-tenant-pool,2026-01-31 09:45:03,0.0006037470728391806,1141682176.0,0.0819000000023152
forecaster-tenant-pool,2026-01-31 09:45:33,0.0018790015225212755,1141510144.0,1.114399999999417
forecaster-tenant-pool,2026-01-31 09:46:03,0.0014825602300184823,1141477376.0,0.10959999999716577
forecaster-tenant-pool,2026-01-31 09:46:33,0.0022127544784846438,1141264384.0,1.4319999999998496
forecaster-tenant-pool,2026-01-31 09:47:03,0.001565811818652496,1141305344.0,0.08350000000312624
forecaster-tenant-pool,2026-01-31 09:47:33,0.0017362877831355442,1141334016.0,1.2286000000002484
forecaster-tenant-pool,2026-01-31 09:48:03,0.0006470885672325403,1141354496.0,0.09949999999419863
forecaster-tenant-pool,2026-01-31 09:48:33,0.00254014159168889,1141399552.0,0.8659000000042094
forecaster-tenant-pool,2026-01-31 09:49:03,0.001822174362786172,1141706752.0,0.7423000000029181
forecaster-tenant-pool,2026-01-31 09:49:33,0.0021267958719463353,1141538816.0,1.4012999999999616
forecaster-tenant-pool,2026-01-31 09:50:02,0.0016502973271025595,1141940224.0,0.09169999999921857
forecaster-tenant-pool,2026-01-31 09:50:03,0.0004992667364265149,1141600256.0,0.09169999999921857
forecaster-tenant-pool,2026-01-31 09:50:32,0.0023207132681729078,1141518336.0,1.2085999999973258
forecaster-tenant-pool,2026-01-31 09:51:02,0.0002573881807123468,1141219328.0,0.4560999999997269
forecaster-tenant-pool,2026-01-31 09:51:32,0.0023071101830316526,1141313536.0,1.2370000000026267
forecaster-tenant-pool,2026-01-31 09:52:02,0.0019420791205402774,1141407744.0,0.09000000000099438
forecaster-tenant-pool,2026-01-31 09:52:32,0.002341711386838119,1141420032.0,1.4873999999973118
forecaster-tenant-pool,2026-01-31 09:53:02,0.0001942766524505966,1141420032.0,0.07919999999849096
forecaster-tenant-pool,2026-01-31 09:53:32,0.0020667119670050513,1141489664.0,1.2084000000005595
forecaster-tenant-pool,2026-01-31 09:54:02,0.0007223724938286927,1141489664.0,0.11189999999666422
forecaster-tenant-pool,2026-01-31 09:54:32,0.002087077775700259,1141559296.0,1.307800000004075
forecaster-tenant-pool,2026-01-31 09:55:02,0.0009029499377215357,1141825536.0,0.10919999999799378
forecaster-tenant-pool,2026-01-31 09:55:32,0.0017026930964656264,1141624832.0,1.2415000000020275
forecaster-tenant-pool,2026-01-31 09:56:02,0.0012707971046451217,1141567488.0,0.07689999999923505
forecaster-tenant-pool,2026-01-31 09:56:32,0.002415680926144189,1141506048.0,1.5125000000011521
forecaster-tenant-pool,2026-01-31 09:57:02,0.000699766514614586,1141571584.0,0.08519999999565091
forecaster-tenant-pool,2026-01-31 09:57:32,0.0021806987947979813,1141592064.0,1.3285000000019258
forecaster-tenant-pool,2026-01-31 09:58:02,0.0018133179580598349,1141645312.0,0.0774999999984478
forecaster-tenant-pool,2026-01-31 09:58:32,0.0019085409863633556,1141497856.0,1.3651000000019848
forecaster-tenant-pool,2026-01-31 09:59:02,0.0002553039961781448,1141501952.0,0.09330000000039339
forecaster-tenant-pool,2026-01-31 09:59:32,0.0018946317312101672,1141571584.0,1.352700000002066
forecaster-tenant-pool,2026-01-31 10:00:02,0.00046015181111001466,1141583872.0,0.09190000000022942
forecaster-tenant-pool,2026-01-31 10:00:02,0.0015568089302403412,1141604352.0,0.09190000000022942
forecaster-tenant-pool,2026-01-31 10:00:32,0.0024128002289407553,1141661696.0,1.4724999999971866
forecaster-tenant-pool,2026-01-31 10:01:02,0.0010204031502665596,1141882880.0,0.2487000000014935
forecaster-tenant-pool,2026-01-31 10:01:32,0.0017246534060410632,1141415936.0,1.2785000000019258
forecaster-tenant-pool,2026-01-31 10:02:02,0.0019868860691143624,1141460992.0,0.08779999999660504
forecaster-tenant-pool,2026-01-31 10:02:32,0.0023087174189585493,1141555200.0,1.4919000000004112
forecaster-tenant-pool,2026-01-31 10:03:02,0.0002458363426354412,1141616640.0,0.09130000000131985
forecaster-tenant-pool,2026-01-31 10:03:32,0.001814347670769966,1141698560.0,1.2154000000010758
forecaster-tenant-pool,2026-01-31 10:04:02,0.0004780540427038717,1141862400.0,0.09499999999861757
forecaster-tenant-pool,2026-01-31 10:04:32,0.0019273262118138942,1141719040.0,1.3770000000018625
forecaster-tenant-pool,2026-01-31 10:05:02,0.001665335156235571,1141784576.0,0.0923999999964508
forecaster-tenant-pool,2026-01-31 10:05:32,0.0019001098533246328,1141805056.0,1.4178000000003521
forecaster-tenant-pool,2026-01-31 10:06:02,0.0015142760680467331,1141514240.0,0.07519999999749416
forecaster-tenant-pool,2026-01-31 10:06:32,0.001939646528697892,1141358592.0,1.3331000000048636
forecaster-tenant-pool,2026-01-31 10:07:02,0.00024119431045792686,1141358592.0,0.09500000000061846
forecaster-tenant-pool,2026-01-31 10:07:32,0.001966382043613883,1141424128.0,1.2010000000010526
forecaster-tenant-pool,2026-01-31 10:08:02,0.0012820975663253257,1141436416.0,0.0836000000005394
forecaster-tenant-pool,2026-01-31 10:08:32,0.002405791559115695,1141575680.0,1.4879000000000209
forecaster-tenant-pool,2026-01-31 10:09:02,0.00026592954198816115,1141575680.0,0.09609999999617382
forecaster-tenant-pool,2026-01-31 10:09:32,0.0022390420538169046,1141653504.0,1.3673999999993005
forecaster-tenant-pool,2026-01-31 10:10:02,0.0005774619732220979,1141694464.0,0.08700000000256598
forecaster-tenant-pool,2026-01-31 10:10:02,0.000569391548886819,1141694464.0,0.08700000000256598
forecaster-tenant-pool,2026-01-31 10:10:32,0.0024013334697273506,1141571584.0,1.601699999996648
forecaster-tenant-pool,2026-01-31 10:11:02,0.002067781814619267,1141334016.0,0.28360000000278285
forecaster-tenant-pool,2026-01-31 10:11:32,0.003331142889681684,1141321728.0,1.423000000001654
forecaster-tenant-pool,2026-01-31 10:12:02,0.00047005854165893546,1141321728.0,0.07709999999697174
forecaster-tenant-pool,2026-01-31 10:12:32,0.001850581412492458,1141395456.0,1.3570999999996274
forecaster-tenant-pool,2026-01-31 10:13:02,0.0010057424508819884,1141657600.0,0.10119999999836485
forecaster-tenant-pool,2026-01-31 10:13:32,0.0022625853353481396,1141460992.0,1.3773000000010143
forecaster-tenant-pool,2026-01-31 10:14:02,0.000464523454180224,1141469184.0,0.08670000000335373
forecaster-tenant-pool,2026-01-31 10:14:32,0.0023257748761418245,1141538816.0,1.3915999999951965
forecaster-tenant-pool,2026-01-31 10:15:02,0.0012678600937962299,1141563392.0,0.08930000000552052
forecaster-tenant-pool,2026-01-31 10:15:32,0.0018684005537022682,1141604352.0,1.146999999994599
forecaster-tenant-pool,2026-01-31 10:16:02,0.0008596254993270085,1141551104.0,0.11030000000513003
forecaster-tenant-pool,2026-01-31 10:16:32,0.0019153569941677993,1141350400.0,1.4011999999983649
forecaster-tenant-pool,2026-01-31 10:17:02,0.001500131218759377,1141391360.0,0.09439999999885912
forecaster-tenant-pool,2026-01-31 10:17:32,0.0020143102987813574,1141415936.0,1.2385000000026292
forecaster-tenant-pool,2026-01-31 10:18:02,0.001030421293294385,1141440512.0,0.07809999999772117
forecaster-tenant-pool,2026-01-31 10:18:32,0.0019002981737754295,1141485568.0,1.4114000000033533
forecaster-tenant-pool,2026-01-31 10:19:02,0.000891014359814609,1141506048.0,0.089699999994203
forecaster-tenant-pool,2026-01-31 10:19:32,0.001967526131768548,1141559296.0,1.2298000000054647
forecaster-tenant-pool,2026-01-31 10:20:02,0.00044883408367460875,1141555200.0,0.09609999999708331
forecaster-tenant-pool,2026-01-31 10:20:02,0.0004623662968415109,1141559296.0,0.09609999999708331
forecaster-tenant-pool,2026-01-31 10:20:32,0.002682355333346381,1141649408.0,1.485400000000421
forecaster-tenant-pool,2026-01-31 10:21:02,0.0020729670628723343,1141469184.0,0.29319999999879653
forecaster-tenant-pool,2026-01-31 10:21:32,0.002008301232022237,1141440512.0,1.3108000000000175
forecaster-tenant-pool,2026-01-31 10:22:02,0.0021202158945980713,1141829632.0,0.08169999999869712
forecaster-tenant-pool,2026-01-31 10:22:32,0.0024390625142663145,1141510144.0,1.4011000000061054
forecaster-tenant-pool,2026-01-31 10:23:02,0.0009632154426113197,1141637120.0,0.0743999999931475
forecaster-tenant-pool,2026-01-31 10:23:32,0.001828214881716765,1141710848.0,1.3067000000039721
forecaster-tenant-pool,2026-01-31 10:24:02,0.00035104540127615767,1141719040.0,0.08059999999859428
forecaster-tenant-pool,2026-01-31 10:24:32,0.001867179750443057,1141800960.0,1.3957000000022162
forecaster-tenant-pool,2026-01-31 10:25:02,0.00028086745936734805,1141813248.0,0.07729999999840706
forecaster-tenant-pool,2026-01-31 10:25:32,0.002049041074656244,1141866496.0,1.1541999999985517
forecaster-tenant-pool,2026-01-31 10:26:02,0.001566296487614678,1141559296.0,0.1038000000045334
forecaster-tenant-pool,2026-01-31 10:26:32,0.002113192850635798,1141612544.0,1.4346999999989445
forecaster-tenant-pool,2026-01-31 10:27:02,0.000964191567836177,1141911552.0,0.07039999999390906
forecaster-tenant-pool,2026-01-31 10:27:32,0.0017922054351129791,1141682176.0,1.1685000000041328
forecaster-tenant-pool,2026-01-31 10:28:02,0.00040907618942672856,1141682176.0,0.09069999999755964
forecaster-tenant-pool,2026-01-31 10:28:32,0.0021333504356080323,1141747712.0,1.309400000004886
forecaster-tenant-pool,2026-01-31 10:29:02,0.0012495212890977648,1142038528.0,0.09410000000043511
forecaster-tenant-pool,2026-01-31 10:29:32,0.0024743284874006437,1141817344.0,1.3167999999995421
forecaster-tenant-pool,2026-01-31 10:30:02,0.00046714170311712395,1141817344.0,0.08149999999441206
forecaster-tenant-pool,2026-01-31 10:30:04,0.00047730356105535115,1141817344.0,0.08149999999441206
forecaster-tenant-pool,2026-01-31 10:30:34,0.0020482030018692155,1141911552.0,1.313700000004489
forecaster-tenant-pool,2026-01-31 10:31:04,0.0011751860480406781,1141878784.0,0.25249999999675005
forecaster-tenant-pool,2026-01-31 10:31:34,0.0021492340663050833,1141661696.0,1.4509000000024268
forecaster-tenant-pool,2026-01-31 10:32:04,0.0017327457322608088,1141678080.0,0.08400000000225798
forecaster-tenant-pool,2026-01-31 10:32:34,0.001896979382649168,1141731328.0,1.4160999999976411
forecaster-tenant-pool,2026-01-31 10:33:04,0.0014492728005428821,1141825536.0,0.09300000000136302
forecaster-tenant-pool,2026-01-31 10:33:34,0.00219222681222789,1141608448.0,1.1263000000005075
forecaster-tenant-pool,2026-01-31 10:34:04,0.00036432082588428783,1141612544.0,0.11579999999933838
forecaster-tenant-pool,2026-01-31 10:34:34,0.0018689706443142072,1141682176.0,1.3195999999971415
forecaster-tenant-pool,2026-01-31 10:35:04,0.0003419226392823441,1141690368.0,0.07779999999941842
forecaster-tenant-pool,2026-01-31 10:35:34,0.0018608071866282605,1141743616.0,1.3223000000050888
forecaster-tenant-pool,2026-01-31 10:36:04,0.0014835762211697799,1141751808.0,0.08719999999927193
forecaster-tenant-pool,2026-01-31 10:36:34,0.001994469742310187,1141489664.0,1.3391999999957989
forecaster-tenant-pool,2026-01-31 10:37:04,0.0002199374979904527,1141493760.0,0.08540000000066357
forecaster-tenant-pool,2026-01-31 10:37:34,0.0016158936852611416,1141559296.0,1.1678000000021105
forecaster-tenant-pool,2026-01-31 10:38:04,0.001569124287282624,1141903360.0,0.15970000000233997
forecaster-tenant-pool,2026-01-31 10:38:34,0.002060814401188849,1141624832.0,1.3414999999979653
forecaster-tenant-pool,2026-01-31 10:39:04,0.00023779655210047184,1141628928.0,0.08230000000063835
forecaster-tenant-pool,2026-01-31 10:39:34,0.00204088396903372,1141694464.0,0.9236999999991894
forecaster-tenant-pool,2026-01-31 10:40:03,0.00045790410779446246,1141694464.0,0.32580000000161813
forecaster-tenant-pool,2026-01-31 10:40:04,0.0004589130603283309,1141694464.0,0.32580000000161813
forecaster-tenant-pool,2026-01-31 10:40:33,0.0029597713121731705,1141788672.0,1.4456999999968199
forecaster-tenant-pool,2026-01-31 10:41:03,0.0011093924713532757,1141481472.0,0.244199999998879
forecaster-tenant-pool,2026-01-31 10:41:33,0.002492698120321779,1141538816.0,1.3335999999995691
forecaster-tenant-pool,2026-01-31 10:42:03,0.0004922530494831386,1141542912.0,0.09270000000542496
forecaster-tenant-pool,2026-01-31 10:42:33,0.0023307245699832955,1141608448.0,1.4419999999960054
forecaster-tenant-pool,2026-01-31 10:43:03,0.0002715598035297331,1141608448.0,0.10350000000034924
forecaster-tenant-pool,2026-01-31 10:43:33,0.0018758373185311192,1141673984.0,1.285499999996682
forecaster-tenant-pool,2026-01-31 10:44:03,0.0004495765365588836,1141673984.0,0.0928000000046571
forecaster-tenant-pool,2026-01-31 10:44:33,0.00197820848389749,1141743616.0,1.5243000000017977
forecaster-tenant-pool,2026-01-31 10:45:03,0.001531197146910463,1142042624.0,0.08659999999545107
forecaster-tenant-pool,2026-01-31 10:45:33,0.0029395337873242564,1141813248.0,1.2480000000029274
forecaster-tenant-pool,2026-01-31 10:46:03,0.00035097274003639,1141813248.0,0.08710000000167686
forecaster-tenant-pool,2026-01-31 10:46:33,0.0020309732295673844,1141555200.0,1.2937999999934617
forecaster-tenant-pool,2026-01-31 10:47:03,0.0012051464243033698,1141850112.0,0.0768000000018219
forecaster-tenant-pool,2026-01-31 10:47:33,0.001805648163816262,1141624832.0,1.262673732624252
forecaster-tenant-pool,2026-01-31 10:48:03,0.0005210064207960754,1141637120.0,0.07900790079562384
forecaster-tenant-pool,2026-01-31 10:48:33,0.0021398060940254044,1141694464.0,1.3583999999990435
forecaster-tenant-pool,2026-01-31 10:49:03,0.0017325368934401973,1141760000.0,0.08490000000068297
forecaster-tenant-pool,2026-01-31 10:49:33,0.0017600409143843766,1141760000.0,1.2276999999958207
forecaster-tenant-pool,2026-01-31 10:50:03,0.00038540799263904685,1141764096.0,0.08970000000263098
forecaster-tenant-pool,2026-01-31 10:50:08,0.001847575463571407,1142050816.0,1.0487999999973303
forecaster-tenant-pool,2026-01-31 10:50:38,0.002186891519648595,1141854208.0,0.4572000000021945
forecaster-tenant-pool,2026-01-31 10:51:08,0.0006849131685520379,1142067200.0,0.9197000000023765
forecaster-tenant-pool,2026-01-31 10:51:38,0.0020961039592812566,1141665792.0,0.3265999999974763
forecaster-tenant-pool,2026-01-31 10:52:08,0.0017610460348567612,1142022144.0,1.5455999999996497
forecaster-tenant-pool,2026-01-31 10:52:38,0.0020210570091611507,1141817344.0,0.07929999999784439
forecaster-tenant-pool,2026-01-31 10:53:08,0.001754820761471859,1141948416.0,1.2372000000070333
forecaster-tenant-pool,2026-01-31 10:53:38,0.002071044582324095,1141972992.0,0.11559999999414385
forecaster-tenant-pool,2026-01-31 10:54:08,0.002151447145943616,1142394880.0,1.2533000000027947
forecaster-tenant-pool,2026-01-31 10:54:38,0.0019005759382476125,1142104064.0,0.11489999999588087
forecaster-tenant-pool,2026-01-31 10:55:08,0.002071619324281021,1142439936.0,1.311500000003495
forecaster-tenant-pool,2026-01-31 10:55:38,0.0008605648641162132,1141977088.0,0.09549999999635476
forecaster-tenant-pool,2026-01-31 10:56:08,0.0022313904272463205,1141776384.0,1.3667000000046152
forecaster-tenant-pool,2026-01-31 10:56:38,0.0018755364736082374,1141719040.0,0.0744999999975941
forecaster-tenant-pool,2026-01-31 10:57:08,0.0018594378891502235,1141800960.0,1.24820000000503
forecaster-tenant-pool,2026-01-31 10:57:38,0.0015880005624394533,1141919744.0,0.11449999999398039
forecaster-tenant-pool,2026-01-31 10:58:08,0.00243221999730441,1142018048.0,1.5374999999991514
forecaster-tenant-pool,2026-01-31 10:58:38,0.0021323708435432493,1142034432.0,0.08559999999997672
forecaster-tenant-pool,2026-01-31 10:59:08,0.0007418879591230641,1142091776.0,1.1747000000009697
forecaster-tenant-pool,2026-01-31 10:59:38,0.0017853780679128492,1142104064.0,0.10250000000511744
forecaster-tenant-pool,2026-01-31 11:00:01,0.00034580268799791003,1142104064.0,0.10250000000511743
forecaster-tenant-pool,2026-01-31 11:00:08,0.0014759966720752397,1142145024.0,1.1167999999985723
forecaster-tenant-pool,2026-01-31 11:00:31,0.002275377332079157,1142206464.0,1.116799999998572
forecaster-tenant-pool,2026-01-31 11:01:01,0.0007951942567004276,1142202368.0,0.4938000000004346
forecaster-tenant-pool,2026-01-31 11:01:31,0.0017688048310437203,1141964800.0,1.2621999999973923
forecaster-tenant-pool,2026-01-31 11:02:01,0.0016868005078080556,1141137408.0,0.07229999999696399
forecaster-tenant-pool,2026-01-31 11:02:31,0.002316455807810144,1140862976.0,1.442200000002049
forecaster-tenant-pool,2026-01-31 11:03:01,0.0017761284257823173,1141084160.0,0.07680000000127621
forecaster-tenant-pool,2026-01-31 11:03:31,0.002814847112561677,1140932608.0,1.2486999999998565
forecaster-tenant-pool,2026-01-31 11:04:01,0.0004441726964886219,1141051392.0,0.07890000000382617
forecaster-tenant-pool,2026-01-31 11:04:31,0.002024327342498804,1141182464.0,1.3653999999941635
forecaster-tenant-pool,2026-01-31 11:05:01,0.00024315088629147495,1141276672.0,0.08830000000107248
forecaster-tenant-pool,2026-01-31 11:05:31,0.0018523232879134723,1141428224.0,1.1635000000043267
forecaster-tenant-pool,2026-01-31 11:06:01,0.00034928597066464807,1141432320.0,0.08590000000046227
forecaster-tenant-pool,2026-01-31 11:06:31,0.002086619742503325,1141174272.0,1.4943999999955244
forecaster-tenant-pool,2026-01-31 11:07:01,0.0009740560303978346,1141456896.0,0.04830000000074506
forecaster-tenant-pool,2026-01-31 11:07:31,0.0019896528629781635,1141239808.0,1.2864999999990687
forecaster-tenant-pool,2026-01-31 11:08:01,0.0009452748397986943,1141288960.0,0.0531000000036632
forecaster-tenant-pool,2026-01-31 11:08:31,0.0025083145203242544,1140854784.0,1.4455999999972846
forecaster-tenant-pool,2026-01-31 11:09:01,0.0007808645613387825,1141424128.0,0.09189999999968373
forecaster-tenant-pool,2026-01-31 11:09:31,0.0022049647450034975,1140936704.0,1.1312000000022333
forecaster-tenant-pool,2026-01-31 11:10:01,0.0004275368934496979,1141137408.0,0.3587999999979123
forecaster-tenant-pool,2026-01-31 11:10:02,0.000786286908436281,1141235712.0,0.3587999999979123
forecaster-tenant-pool,2026-01-31 11:10:32,0.0023929966699678925,1141325824.0,1.2509000000033967
forecaster-tenant-pool,2026-01-31 11:11:02,0.00028398240129341284,1141059584.0,0.258799999993668
forecaster-tenant-pool,2026-01-31 11:11:32,0.0021856737215309977,1141153792.0,1.240800000007039
forecaster-tenant-pool,2026-01-31 11:12:02,0.0008235543470787495,1141514240.0,0.08569999999399443
forecaster-tenant-pool,2026-01-31 11:12:32,0.0024082480840501453,1141370880.0,1.4803000000005948
forecaster-tenant-pool,2026-01-31 11:13:02,0.0014039996549054547,1141747712.0,0.08540000000084547
forecaster-tenant-pool,2026-01-31 11:13:32,0.002062604647163279,1141534720.0,1.3271000000017616
forecaster-tenant-pool,2026-01-31 11:14:02,0.0005167988376701617,1141624832.0,0.07959999999857245
forecaster-tenant-pool,2026-01-31 11:14:32,0.0020850332511017406,1141682176.0,1.485999999998906
forecaster-tenant-pool,2026-01-31 11:15:02,0.0017428482768275433,1142001664.0,0.08719999999927193
forecaster-tenant-pool,2026-01-31 11:15:32,0.0017394962247315837,1141776384.0,1.2447000000004966
forecaster-tenant-pool,2026-01-31 11:16:02,0.0014437400380840307,1141493760.0,0.08060000000223226
forecaster-tenant-pool,2026-01-31 11:16:32,0.0021514706802050233,1141542912.0,1.4345999999961956
forecaster-tenant-pool,2026-01-31 11:17:02,0.0006056570073664869,1142083584.0,0.07740000000703731
forecaster-tenant-pool,2026-01-31 11:17:32,0.0017536859099920765,1141616640.0,1.158199999994637
forecaster-tenant-pool,2026-01-31 11:18:02,0.0012847440380832052,1141624832.0,0.08030000000477835
forecaster-tenant-pool,2026-01-31 11:18:32,0.0017783810652863715,1141686272.0,1.4329999999952632
forecaster-tenant-pool,2026-01-31 11:19:02,0.0002359770512552794,1141686272.0,0.08499999999803548
forecaster-tenant-pool,2026-01-31 11:19:32,0.0024442954209528828,1141760000.0,1.2707000000015491
forecaster-tenant-pool,2026-01-31 11:20:02,0.0003932413442047371,1141764096.0,0.08330000000211536
forecaster-tenant-pool,2026-01-31 11:20:02,0.0003932413442047371,1141764096.0,0.08330000000211536
forecaster-tenant-pool,2026-01-31 11:20:32,0.0018545189388853845,1141866496.0,1.3403000000038445
forecaster-tenant-pool,2026-01-31 11:21:02,0.00042376107806243383,1141878784.0,0.21969999999285697
forecaster-tenant-pool,2026-01-31 11:21:32,0.0017707141965518198,1141637120.0,1.2730000000024422
forecaster-tenant-pool,2026-01-31 11:22:02,0.00041410959682671534,1141678080.0,0.07920000000473616
forecaster-tenant-pool,2026-01-31 11:22:32,0.002245360211243425,1141739520.0,1.3683999999961693
forecaster-tenant-pool,2026-01-31 11:23:02,0.0002406226790496626,1141739520.0,0.09209999999772359
forecaster-tenant-pool,2026-01-31 11:23:32,0.0016509727143232062,1141809152.0,1.0374000000008892
forecaster-tenant-pool,2026-01-31 11:24:02,0.00046574291000245485,1141809152.0,0.21970000000237633
forecaster-tenant-pool,2026-01-31 11:24:32,0.0025685894048029147,1141878784.0,1.0676999999998469
forecaster-tenant-pool,2026-01-31 11:25:02,0.0010213802018321568,1141981184.0,0.46410000000093227
forecaster-tenant-pool,2026-01-31 11:25:32,0.00270817216013851,1141948416.0,1.2200999999987592
forecaster-tenant-pool,2026-01-31 11:26:02,0.0008468395603163585,1141637120.0,0.10340000000105647
forecaster-tenant-pool,2026-01-31 11:26:32,0.0021088696961523885,1141690368.0,1.3393999999994777
forecaster-tenant-pool,2026-01-31 11:27:02,0.00023475439305424125,1141694464.0,0.1022000000011758
forecaster-tenant-pool,2026-01-31 11:27:32,0.0018379620209257154,1141760000.0,1.2998000000010506
forecaster-tenant-pool,2026-01-31 11:28:02,0.00038855750388999113,1141764096.0,0.07569999999304855
forecaster-tenant-pool,2026-01-31 11:28:32,0.0021785444117495634,1141932032.0,1.408200000004884
forecaster-tenant-pool,2026-01-31 11:29:02,0.0014275262300025467,1142493184.0,0.0941000000004351
forecaster-tenant-pool,2026-01-31 11:29:32,0.001919417510984094,1142018048.0,1.2329999999986587
forecaster-tenant-pool,2026-01-31 11:30:02,0.00038057485983258285,1142030336.0,0.08580000000262468
forecaster-tenant-pool,2026-01-31 11:30:03,0.0003735147233086719,1142030336.0,0.08580000000262468
forecaster-tenant-pool,2026-01-31 11:30:33,0.0025234863082448755,1142136832.0,1.4015999999933533
forecaster-tenant-pool,2026-01-31 11:31:03,0.0018077876084097377,1141915648.0,0.26070000000612104
forecaster-tenant-pool,2026-01-31 11:31:33,0.0019493354102318003,1141882880.0,1.2783999999959028
forecaster-tenant-pool,2026-01-31 11:32:03,0.001478723563131884,1141895168.0,0.07829999999927774
forecaster-tenant-pool,2026-01-31 11:32:33,0.001835619737141796,1141956608.0,1.1380000000053767
forecaster-tenant-pool,2026-01-31 11:33:03,0.001970491723963675,1142198272.0,0.20399999999796514
forecaster-tenant-pool,2026-01-31 11:33:33,0.0026741363178240793,1142067200.0,1.2586999999981343
forecaster-tenant-pool,2026-01-31 11:34:03,0.0007636040546604314,1142366208.0,0.09150000000111808
forecaster-tenant-pool,2026-01-31 11:34:33,0.001927640247359523,1142181888.0,1.3251999999991313
forecaster-tenant-pool,2026-01-31 11:35:03,0.0010770764582284998,1141972992.0,0.08490000000013727
forecaster-tenant-pool,2026-01-31 11:35:33,0.0021975533847353296,1142026240.0,1.4350000000000365
forecaster-tenant-pool,2026-01-31 11:36:03,0.00045298286762355915,1142030336.0,0.09669999999884263
forecaster-tenant-pool,2026-01-31 11:36:33,0.0030379113199638388,1141768192.0,1.5967000000049059
forecaster-tenant-pool,2026-01-31 11:37:03,0.0002613502733333127,1141768192.0,0.09109999999339682
forecaster-tenant-pool,2026-01-31 11:37:33,0.002150708477938754,1141837824.0,1.2504999999999806
forecaster-tenant-pool,2026-01-31 11:38:03,0.00043911475901137474,1141837824.0,0.0972000000033707
forecaster-tenant-pool,2026-01-31 11:38:33,0.0022083451965553428,1141907456.0,1.2693999999987378
forecaster-tenant-pool,2026-01-31 11:39:03,0.0017407140219702997,1141981184.0,0.1421999999999874
forecaster-tenant-pool,2026-01-31 11:39:33,0.0017652891289641002,1141972992.0,1.2165000000001478
forecaster-tenant-pool,2026-01-31 11:40:02,0.00043538966912701655,1141972992.0,0.08120000000296083
forecaster-tenant-pool,2026-01-31 11:40:03,0.00043726279731930585,1141972992.0,0.08120000000296083
forecaster-tenant-pool,2026-01-31 11:40:32,0.0024899872280791835,1142067200.0,1.3172999999951571
forecaster-tenant-pool,2026-01-31 11:41:02,0.0004650399189115164,1142067200.0,0.24360000000500198
forecaster-tenant-pool,2026-01-31 11:41:32,0.00220114365727737,1141600256.0,1.437799999997454
forecaster-tenant-pool,2026-01-31 11:42:02,0.0005433645868384848,1142128640.0,0.08920000000277166
forecaster-tenant-pool,2026-01-31 11:42:32,0.0017726062870045214,1142030336.0,1.32359999999638
forecaster-tenant-pool,2026-01-31 11:43:02,0.00025343501467533613,1141764096.0,0.09689999999894401
forecaster-tenant-pool,2026-01-31 11:43:32,0.0020613505795103256,1141833728.0,0.8279000000011971
forecaster-tenant-pool,2026-01-31 11:44:02,0.0014417959880329554,1142112256.0,0.40749999999788994
forecaster-tenant-pool,2026-01-31 11:44:32,0.002130311079852499,1141899264.0,1.3299000000039085
forecaster-tenant-pool,2026-01-31 11:45:02,0.0013111112465452601,1140957184.0,0.12690000000329746
forecaster-tenant-pool,2026-01-31 11:45:32,0.00208054267619212,1141002240.0,1.3111999999947026
forecaster-tenant-pool,2026-01-31 11:46:02,0.0019699918437175385,1140715520.0,0.08290000000397413
forecaster-tenant-pool,2026-01-31 11:46:32,0.002936957703469675,1140756480.0,1.402099999997578
forecaster-tenant-pool,2026-01-31 11:47:02,0.00027319704559846026,1140756480.0,0.1690999999978885
forecaster-tenant-pool,2026-01-31 11:47:32,0.0018610241652483167,1140822016.0,1.2229000000051504
forecaster-tenant-pool,2026-01-31 11:48:02,0.0009491427917679796,1140842496.0,0.11059999999743013
forecaster-tenant-pool,2026-01-31 11:48:32,0.002714324525782679,1140891648.0,1.3522999999957999
forecaster-tenant-pool,2026-01-31 11:49:02,0.001180370034180529,1140899840.0,0.10100000000190146
forecaster-tenant-pool,2026-01-31 11:49:32,0.0019049517430338285,1140961280.0,1.32640000000265
forecaster-tenant-pool,2026-01-31 11:50:02,0.00020403386882401154,1140957184.0,0.09249999999950281
forecaster-tenant-pool,2026-01-31 11:50:02,0.0013682159252796672,1141227520.0,0.09249999999950281
forecaster-tenant-pool,2026-01-31 11:50:32,0.00266492709678889,1141051392.0,1.4411000000003695
forecaster-tenant-pool,2026-01-31 11:51:02,0.0002990996324736511,1141313536.0,0.25119999999751597
forecaster-tenant-pool,2026-01-31 11:51:32,0.001863599611039734,1140809728.0,1.1575000000004974
forecaster-tenant-pool,2026-01-31 11:52:02,0.0017663187786438517,1140879360.0,0.1028000000003279
forecaster-tenant-pool,2026-01-31 11:52:32,0.002942091246152586,1140912128.0,1.3042000000037055
forecaster-tenant-pool,2026-01-31 11:53:02,0.0005847756277207821,1140932608.0,0.19949999999498688
forecaster-tenant-pool,2026-01-31 11:53:32,0.0015986706872865078,1140981760.0,1.1914000000044933
forecaster-tenant-pool,2026-01-31 11:54:02,0.0007418789101341408,1141170176.0,0.07959999999705664
forecaster-tenant-pool,2026-01-31 11:54:32,0.0023432309274040303,1141055488.0,1.3201999999970817
forecaster-tenant-pool,2026-01-31 11:55:02,0.0019386939570551832,1141366784.0,0.09190000000307919
forecaster-tenant-pool,2026-01-31 11:55:32,0.001644490915410704,1141129216.0,1.2677000000029388
forecaster-tenant-pool,2026-01-31 11:56:02,0.00040607163338651466,1141121024.0,0.07219999999548841
forecaster-tenant-pool,2026-01-31 11:56:32,0.002698374554449444,1140862976.0,1.3652000000020053
forecaster-tenant-pool,2026-01-31 11:57:02,0.0013189804545617517,1140928512.0,0.10089999999981955
forecaster-tenant-pool,2026-01-31 11:57:32,0.001523653827684339,1140965376.0,1.2093999999973675
forecaster-tenant-pool,2026-01-31 11:58:02,0.0004078051799477262,1140965376.0,0.0852000000040789
forecaster-tenant-pool,2026-01-31 11:58:32,0.0022210769031534745,1141035008.0,1.2849000000006223
forecaster-tenant-pool,2026-01-31 11:59:02,0.00026964948174424417,1141190656.0,0.0919000000019878
forecaster-tenant-pool,2026-01-31 11:59:32,0.0021106780186258213,1141264384.0,1.328799999993498
forecaster-tenant-pool,2026-01-31 12:00:02,0.0008244429154150864,1141534720.0,0.08800000000501312
forecaster-tenant-pool,2026-01-31 12:00:02,0.0008244429154150864,1141534720.0,0.08800000000501312
forecaster-tenant-pool,2026-01-31 12:00:32,0.002434491888107882,1141370880.0,1.3787999999976213
forecaster-tenant-pool,2026-01-31 12:01:02,0.0013332487041625037,1141694464.0,0.2304000000009182
forecaster-tenant-pool,2026-01-31 12:01:32,0.0026394256273218944,1141256192.0,1.3713000000015503
forecaster-tenant-pool,2026-01-31 12:02:02,0.00035136117812057006,1141280768.0,0.08230000000063835
forecaster-tenant-pool,2026-01-31 12:02:32,0.002322912829968081,1141366784.0,1.4470999999990453
forecaster-tenant-pool,2026-01-31 12:03:02,0.0010656694487960771,1141473280.0,0.09350000000128299
forecaster-tenant-pool,2026-01-31 12:03:32,0.0017414775485489488,1141256192.0,1.2122999999977158
forecaster-tenant-pool,2026-01-31 12:04:02,0.0017731216160991768,1141293056.0,0.08979999999549666
forecaster-tenant-pool,2026-01-31 12:04:32,0.0026011636446903277,1141325824.0,1.3337000000058954
forecaster-tenant-pool,2026-01-31 12:05:02,0.00024826156134001874,1141362688.0,0.08589999999900708
forecaster-tenant-pool,2026-01-31 12:05:32,0.001863238335166979,1141456896.0,1.3546999999958644
forecaster-tenant-pool,2026-01-31 12:06:02,0.0014736654906333556,1141243904.0,0.08810000000430591
forecaster-tenant-pool,2026-01-31 12:06:32,0.002302971250864849,1141321728.0,1.4075999999979711
forecaster-tenant-pool,2026-01-31 12:07:02,0.0012434079117339372,1141612544.0,0.07819999999774153
forecaster-tenant-pool,2026-01-31 12:07:32,0.0025294779215457343,1141391360.0,1.4729000000058174
forecaster-tenant-pool,2026-01-31 12:08:02,0.00039578193626429775,1141391360.0,0.07499999999478556
forecaster-tenant-pool,2026-01-31 12:08:32,0.002021547248116688,1141456896.0,1.3231000000058581
forecaster-tenant-pool,2026-01-31 12:09:02,0.0005129723014408844,1141481472.0,0.07529999999411909
forecaster-tenant-pool,2026-01-31 12:09:32,0.0016775660024274355,1141358592.0,1.2518000000047325
forecaster-tenant-pool,2026-01-31 12:10:02,0.0003702684787143614,1141362688.0,0.0916999999983697
forecaster-tenant-pool,2026-01-31 12:10:02,0.001621971058042315,1142505472.0,0.0916999999983697
forecaster-tenant-pool,2026-01-31 12:10:32,0.0023098005747455926,1141452800.0,1.3309999999978268
forecaster-tenant-pool,2026-01-31 12:11:02,0.00023614505792094554,1141452800.0,0.243500000001283
forecaster-tenant-pool,2026-01-31 12:11:32,0.00233723995529362,1141202944.0,1.344700000002255
forecaster-tenant-pool,2026-01-31 12:12:02,0.000696839223332012,1141506048.0,0.07429999999403662
forecaster-tenant-pool,2026-01-31 12:12:32,0.0019681146320910726,1141272576.0,1.1853000000068885
forecaster-tenant-pool,2026-01-31 12:13:02,0.0019953858127194006,1141313536.0,0.12759999999670982
forecaster-tenant-pool,2026-01-31 12:13:32,0.002918251305960202,1141346304.0,1.3254999999977373
forecaster-tenant-pool,2026-01-31 12:14:02,0.00041440692956590345,1141342208.0,0.0935000000055273
forecaster-tenant-pool,2026-01-31 12:14:32,0.001934422876165324,1141407744.0,1.3559000000003532
forecaster-tenant-pool,2026-01-31 12:15:02,0.0011332193210231202,1141706752.0,0.07469999999751356
forecaster-tenant-pool,2026-01-31 12:15:32,0.0018647368192185535,1141284864.0,1.2623000000002018
forecaster-tenant-pool,2026-01-31 12:16:02,0.0003566333376936408,1141284864.0,0.07019999999981033
forecaster-tenant-pool,2026-01-31 12:16:32,0.002437645939948965,1141022720.0,1.3562999999978276
forecaster-tenant-pool,2026-01-31 12:17:02,0.00024404392725232776,1141022720.0,0.0977000000040789
forecaster-tenant-pool,2026-01-31 12:17:32,0.0021377571985267494,1141129216.0,1.2832999999979318
forecaster-tenant-pool,2026-01-31 12:18:02,0.0011494817059315436,1141678080.0,0.08259999999681894
forecaster-tenant-pool,2026-01-31 12:18:32,0.002771209202485544,1141194752.0,1.4329999999996896
forecaster-tenant-pool,2026-01-31 12:19:02,0.0004616444678977688,1141452800.0,0.05770000000484288
forecaster-tenant-pool,2026-01-31 12:19:32,0.00201775411644637,1140473856.0,1.284499999997206
forecaster-tenant-pool,2026-01-31 12:20:02,0.00010738829930830927,1140473856.0,0.05469999999968422
forecaster-tenant-pool,2026-01-31 12:20:02,0.0003382243439777209,1140477952.0,0.05469999999968422
forecaster-tenant-pool,2026-01-31 12:20:32,0.0021768809904574938,1140568064.0,0.9185999999986961
forecaster-tenant-pool,2026-01-31 12:21:02,0.00020850101779217034,1140568064.0,0.5494000000045465
forecaster-tenant-pool,2026-01-31 12:21:32,0.0021722471715551277,1140318208.0,1.3516999999957382
forecaster-tenant-pool,2026-01-31 12:22:02,0.000802266501738304,1140371456.0,0.09460000000065824
forecaster-tenant-pool,2026-01-31 12:22:32,0.002310068294860957,1140473856.0,1.0831000000032873
forecaster-tenant-pool,2026-01-31 12:23:02,0.0014042322956786537,1140912128.0,0.2767999999957586
forecaster-tenant-pool,2026-01-31 12:23:32,0.0017896574865757127,1140871168.0,1.1911999999985106
forecaster-tenant-pool,2026-01-31 12:24:02,0.0018540673565245812,1141235712.0,0.103400000003118
forecaster-tenant-pool,2026-01-31 12:24:32,0.0025665917793525283,1140998144.0,1.3350999999975102
forecaster-tenant-pool,2026-01-31 12:25:02,0.0020084887710571505,1141145600.0,0.10360000000024835
forecaster-tenant-pool,2026-01-31 12:25:32,0.0017149465338385248,1141207040.0,1.2588000000057946
forecaster-tenant-pool,2026-01-31 12:26:02,0.0019096978947298084,1140953088.0,0.09359999999511881
forecaster-tenant-pool,2026-01-31 12:26:32,0.002794977394641706,1140953088.0,1.3584999999987
forecaster-tenant-pool,2026-01-31 12:27:02,0.0002489443968947118,1141477376.0,0.07120000000462218
forecaster-tenant-pool,2026-01-31 12:27:32,0.0018671131288988784,1141035008.0,1.2084999999962747
forecaster-tenant-pool,2026-01-31 12:28:02,0.0013867504591891233,1141583872.0,0.0739999999998569
forecaster-tenant-pool,2026-01-31 12:28:32,0.002204506278367884,1140842496.0,1.4016000000061468
forecaster-tenant-pool,2026-01-31 12:29:02,0.00016351738003448496,1140854784.0,0.046999999997206034
forecaster-tenant-pool,2026-01-31 12:29:32,0.0019037439549115735,1140908032.0,1.2502000000017384
forecaster-tenant-pool,2026-01-31 12:30:02,0.0003652171809992921,1140908032.0,0.08859999999961778
forecaster-tenant-pool,2026-01-31 12:30:02,0.0017395653161630543,1141293056.0,0.08859999999961778
forecaster-tenant-pool,2026-01-31 12:30:32,0.0024908517314106825,1140756480.0,1.3214999999954065
forecaster-tenant-pool,2026-01-31 12:31:02,0.00021830807626044917,1140756480.0,0.24740000000165308
forecaster-tenant-pool,2026-01-31 12:31:32,0.001826130481925967,1140498432.0,1.2667999999996027
forecaster-tenant-pool,2026-01-31 12:32:02,0.0004227429420859387,1140502528.0,0.07850000000034923
forecaster-tenant-pool,2026-01-31 12:32:32,0.001996860396399787,1140568064.0,1.3165000000036646
forecaster-tenant-pool,2026-01-31 12:33:02,0.0004583150499592411,1140752384.0,0.08099999999667488
forecaster-tenant-pool,2026-01-31 12:33:32,0.001974123819066542,1140637696.0,1.1360000000024835
forecaster-tenant-pool,2026-01-31 12:34:02,0.0008693880204108387,1141166080.0,0.056099999998696144
forecaster-tenant-pool,2026-01-31 12:34:32,0.00230511193252638,1140707328.0,1.3732000000008457
forecaster-tenant-pool,2026-01-31 12:35:02,0.0006086563494014093,1140760576.0,0.04290000000037253
forecaster-tenant-pool,2026-01-31 12:35:32,0.0019626284772042485,1140809728.0,1.3591000000014901
forecaster-tenant-pool,2026-01-31 12:36:02,0.0013231254404909396,1140776960.0,0.07689999999699162
forecaster-tenant-pool,2026-01-31 12:36:32,0.0033456500975901746,1140563968.0,1.503300000001703
forecaster-tenant-pool,2026-01-31 12:37:02,0.0002949946845803943,1140580352.0,0.10519999999420786
forecaster-tenant-pool,2026-01-31 12:37:32,0.002069265224099774,1140867072.0,1.2565999999998894
forecaster-tenant-pool,2026-01-31 12:38:02,0.0008274358554026882,1141051392.0,0.10900000000735115
forecaster-tenant-pool,2026-01-31 12:38:32,0.002037255348190294,1141161984.0,1.3152999999939008
forecaster-tenant-pool,2026-01-31 12:39:02,0.0002235768620133082,1141198848.0,0.09300000000312139
forecaster-tenant-pool,2026-01-31 12:39:32,0.0019179822214513277,1141264384.0,1.165199999996912
forecaster-tenant-pool,2026-01-31 12:40:02,0.0008523963330994254,1141264384.0,0.36510000000616855
forecaster-tenant-pool,2026-01-31 12:40:03,0.0014585058864822324,1141559296.0,0.36510000000616855
forecaster-tenant-pool,2026-01-31 12:40:33,0.002098648578318486,1140379648.0,1.311599999995936
forecaster-tenant-pool,2026-01-31 12:41:03,0.00023368163632642231,1140379648.0,0.21559999999863066
forecaster-tenant-pool,2026-01-31 12:41:33,0.0026101798788058257,1140133888.0,1.2598000000025422
forecaster-tenant-pool,2026-01-31 12:42:03,0.0001883608402922069,1140142080.0,0.08110000000294046
forecaster-tenant-pool,2026-01-31 12:42:33,0.001829908638089189,1140219904.0,1.3901999999925465
forecaster-tenant-pool,2026-01-31 12:43:03,0.0014587423749808633,1140781056.0,0.09480000000391253
forecaster-tenant-pool,2026-01-31 12:43:33,0.00206420612616061,1140281344.0,1.2812999999968573
forecaster-tenant-pool,2026-01-31 12:44:03,0.0016480810449057792,1140826112.0,0.07180000000510821
forecaster-tenant-pool,2026-01-31 12:44:33,0.0020694351506575694,1140375552.0,1.3906999999950131
forecaster-tenant-pool,2026-01-31 12:45:03,0.0007549071609463263,1140400128.0,0.10190000000529835
forecaster-tenant-pool,2026-01-31 12:45:33,0.0016185321916506114,1140457472.0,1.1790999999942264
forecaster-tenant-pool,2026-01-31 12:46:03,0.0007829768095551138,1140428800.0,0.08920000000022506
forecaster-tenant-pool,2026-01-31 12:46:33,0.0021798838774739772,1140281344.0,1.3534000000021478
forecaster-tenant-pool,2026-01-31 12:47:03,0.0013839219529338137,1140334592.0,0.08919999999846671
forecaster-tenant-pool,2026-01-31 12:47:33,0.002388646369004928,1140436992.0,1.3209999999988213
forecaster-tenant-pool,2026-01-31 12:48:03,0.0015462517662451158,1140629504.0,0.08110000000488071
forecaster-tenant-pool,2026-01-31 12:48:33,0.0020689906137326647,1140408320.0,1.137300000001839
forecaster-tenant-pool,2026-01-31 12:49:03,0.00021551613846866667,1140412416.0,0.3771999999941424
forecaster-tenant-pool,2026-01-31 12:49:33,0.0019413085987493707,1140482048.0,1.2998000000061438
forecaster-tenant-pool,2026-01-31 12:50:02,0.0016646886751098676,1141096448.0,0.0831999999962136
forecaster-tenant-pool,2026-01-31 12:50:03,0.0004017375176101501,1140490240.0,0.0831999999962136
forecaster-tenant-pool,2026-01-31 12:50:32,0.002177228050850957,1141137408.0,1.30749999999692
forecaster-tenant-pool,2026-01-31 12:51:02,0.0010505661685741897,1141096448.0,0.21920000000245637
forecaster-tenant-pool,2026-01-31 12:51:32,0.00189458979267223,1140879360.0,1.2702999999979512
forecaster-tenant-pool,2026-01-31 12:52:02,0.0014947519385752406,1140920320.0,0.05390000000285605
forecaster-tenant-pool,2026-01-31 12:52:32,0.0021465825993156893,1140047872.0,1.230999999997827
forecaster-tenant-pool,2026-01-31 12:53:02,0.0001406620759838968,1140047872.0,0.06420000000022508
forecaster-tenant-pool,2026-01-31 12:53:32,0.0020364752316337363,1140121600.0,1.1228000000041598
forecaster-tenant-pool,2026-01-31 12:54:02,0.00035708843489735216,1140125696.0,0.08919999999501063
forecaster-tenant-pool,2026-01-31 12:54:32,0.0019100163446647022,1140195328.0,1.4352999999997944
forecaster-tenant-pool,2026-01-31 12:55:02,0.0003791563699264443,1140199424.0,0.08590000000343329
forecaster-tenant-pool,2026-01-31 12:55:32,0.002369552775551431,1140264960.0,1.2165000000011181
forecaster-tenant-pool,2026-01-31 12:56:02,0.0004017519829288155,1140273152.0,0.08099999999709932
forecaster-tenant-pool,2026-01-31 12:56:32,0.0021432216080130274,1140244480.0,1.3799000000029384
forecaster-tenant-pool,2026-01-31 12:57:02,0.00038360906559815373,1140420608.0,0.10250000000075185
forecaster-tenant-pool,2026-01-31 12:57:32,0.0016168168456121383,1140559872.0,1.17669999999495
forecaster-tenant-pool,2026-01-31 12:58:02,0.0019123097674588149,1140776960.0,0.07600000000171954
forecaster-tenant-pool,2026-01-31 12:58:32,0.002720814290590895,1140908032.0,1.3218999999988834
forecaster-tenant-pool,2026-01-31 12:59:02,0.0016007087888969989,1141325824.0,0.09180000000020906
forecaster-tenant-pool,2026-01-31 12:59:32,0.001708744266384244,1141096448.0,1.221099999998781
forecaster-tenant-pool,2026-01-31 13:00:02,0.0001769284875530908,1141104640.0,0.08140000000657893
forecaster-tenant-pool,2026-01-31 13:00:02,0.0015170129053078557,1141899264.0,0.08140000000657893
forecaster-tenant-pool,2026-01-31 13:00:32,0.002848999068482642,1141202944.0,1.4026999999951537
forecaster-tenant-pool,2026-01-31 13:01:02,0.0019627908411618917,1140916224.0,0.26419999999907307
forecaster-tenant-pool,2026-01-31 13:01:32,0.0017697063554261926,1140969472.0,1.321600000004158
forecaster-tenant-pool,2026-01-31 13:02:02,0.0003738339867201896,1141026816.0,0.07539999999917199
forecaster-tenant-pool,2026-01-31 13:02:32,0.0020663347595114307,1140961280.0,1.3306999999970384
forecaster-tenant-pool,2026-01-31 13:03:02,0.0017785140449486855,1141010432.0,0.10820000000330765
forecaster-tenant-pool,2026-01-31 13:03:32,0.0026031497004909937,1141030912.0,1.3249000000008286
forecaster-tenant-pool,2026-01-31 13:04:02,0.0006443064674184096,1141059584.0,0.08850000000087069
forecaster-tenant-pool,2026-01-31 13:04:32,0.001860164025658113,1141125120.0,1.3127999999973934
forecaster-tenant-pool,2026-01-31 13:05:02,0.0004194868346556612,1141182464.0,0.0847000000026431
forecaster-tenant-pool,2026-01-31 13:05:32,0.002159929696984477,1141231616.0,1.284199999998903
forecaster-tenant-pool,2026-01-31 13:06:02,0.00045852255966737467,1141231616.0,0.12609999999961777
forecaster-tenant-pool,2026-01-31 13:06:32,0.00166775814820497,1141010432.0,1.3349999999963984
forecaster-tenant-pool,2026-01-31 13:07:02,0.0014778970030640045,1141129216.0,0.08130000000231424
forecaster-tenant-pool,2026-01-31 13:07:32,0.0026377730704260196,1141137408.0,1.3278999999959826
forecaster-tenant-pool,2026-01-31 13:08:02,0.0007864644693500253,1141141504.0,0.10710000000217405
forecaster-tenant-pool,2026-01-31 13:08:32,0.002140241523057514,1141211136.0,1.3249999999983022
forecaster-tenant-pool,2026-01-31 13:09:02,0.0012091653805636924,1141493760.0,0.10520000000045306
forecaster-tenant-pool,2026-01-31 13:09:32,0.0017525127083200356,1141276672.0,1.2994000000044252
forecaster-tenant-pool,2026-01-31 13:10:02,0.0002661990570699218,1141276672.0,0.08039999999521873
forecaster-tenant-pool,2026-01-31 13:10:02,0.0015746834691609376,1141567488.0,0.08039999999521873
forecaster-tenant-pool,2026-01-31 13:10:32,0.002594311006118585,1141370880.0,1.3671000000030593
forecaster-tenant-pool,2026-01-31 13:11:02,0.0014245653364805726,1141100544.0,0.26200000000341483
forecaster-tenant-pool,2026-01-31 13:11:32,0.002052424544345912,1141133312.0,1.2591999999985393
forecaster-tenant-pool,2026-01-31 13:12:02,0.0005055279895252727,1141141504.0,0.1893000000012762
forecaster-tenant-pool,2026-01-31 13:12:32,0.0026142199751999573,1141215232.0,1.5907999999969131
forecaster-tenant-pool,2026-01-31 13:13:02,0.0007955373041381022,1141764096.0,0.09560000000316601
forecaster-tenant-pool,2026-01-31 13:13:32,0.002262500833515316,1141284864.0,1.2601000000000568
forecaster-tenant-pool,2026-01-31 13:14:02,0.0006812527687329729,1141305344.0,0.10999999999633776
forecaster-tenant-pool,2026-01-31 13:14:32,0.002193984194722622,1141358592.0,1.292000000002857
forecaster-tenant-pool,2026-01-31 13:15:02,0.0009791872690044611,1141899264.0,0.11439999999486948
forecaster-tenant-pool,2026-01-31 13:15:32,0.0023244639970989283,1141432320.0,1.2185000000023745
forecaster-tenant-pool,2026-01-31 13:16:02,0.0003793468745779755,1141432320.0,0.1049000000003313
forecaster-tenant-pool,2026-01-31 13:16:32,0.001994288825015082,1141174272.0,1.3198999999970207
forecaster-tenant-pool,2026-01-31 13:17:02,0.0010074311336581137,1141469184.0,0.08389999999969101
forecaster-tenant-pool,2026-01-31 13:17:32,0.0017918540140552744,1141243904.0,1.138000000003558
forecaster-tenant-pool,2026-01-31 13:18:02,0.0015247250014548094,1141780480.0,0.10150000000036623
forecaster-tenant-pool,2026-01-31 13:18:32,0.0023469636765682217,1141313536.0,1.3743999999984224
forecaster-tenant-pool,2026-01-31 13:19:02,0.00025677163802517716,1141321728.0,0.0832000000004579
forecaster-tenant-pool,2026-01-31 13:19:32,0.0018015393994982184,1141383168.0,1.2735999999994116
forecaster-tenant-pool,2026-01-31 13:20:02,0.0001764889779268386,1141383168.0,0.07730000000101427
forecaster-tenant-pool,2026-01-31 13:20:02,0.00122199275174038,1141678080.0,0.07730000000101427
forecaster-tenant-pool,2026-01-31 13:20:32,0.0022667857255114147,1141473280.0,1.2717999999971654
forecaster-tenant-pool,2026-01-31 13:21:02,0.0008345202161278508,1141174272.0,0.2388000000045698
forecaster-tenant-pool,2026-01-31 13:21:32,0.0018936446664717871,1141219328.0,1.2564000000003943
forecaster-tenant-pool,2026-01-31 13:22:02,0.00023724611316408388,1141223424.0,0.11629999999525656
forecaster-tenant-pool,2026-01-31 13:22:32,0.0029123957253675567,1141284864.0,1.40680000000472
forecaster-tenant-pool,2026-01-31 13:23:02,0.00027720330113955216,1141297152.0,0.11100000000072517
forecaster-tenant-pool,2026-01-31 13:23:32,0.0018135396903390729,1141362688.0,1.239699999996143
forecaster-tenant-pool,2026-01-31 13:24:02,0.00097697177175953,1141624832.0,0.09440000000407357
forecaster-tenant-pool,2026-01-31 13:24:32,0.0025527663761046224,1141432320.0,1.4069999999983944
forecaster-tenant-pool,2026-01-31 13:25:02,0.00036083026162039974,1141440512.0,0.0931000000013834
forecaster-tenant-pool,2026-01-31 13:25:32,0.0021927587458214874,1141370880.0,0.8802000000004531
forecaster-tenant-pool,2026-01-31 13:26:02,0.001045057958885228,1141579776.0,0.4431999999989178
forecaster-tenant-pool,2026-01-31 13:26:32,0.001727158638554371,1141104640.0,1.374199999996684
forecaster-tenant-pool,2026-01-31 13:27:02,0.0011706175926379312,1141383168.0,0.08590000000258441
forecaster-tenant-pool,2026-01-31 13:27:32,0.0027589244913195153,1141174272.0,1.1182999999977863
forecaster-tenant-pool,2026-01-31 13:28:02,0.0002462510814589762,1141174272.0,0.2189999999996265
forecaster-tenant-pool,2026-01-31 13:28:32,0.002310062524399946,1141243904.0,1.367699999999604
forecaster-tenant-pool,2026-01-31 13:29:02,0.0003695289437766256,1141252096.0,0.12240000000225942
forecaster-tenant-pool,2026-01-31 13:29:32,0.0016177857570966912,1141313536.0,1.1231999999989057
forecaster-tenant-pool,2026-01-31 13:30:02,0.00016314594390311036,1141313536.0,0.07840000000087458
forecaster-tenant-pool,2026-01-31 13:30:02,0.00016314594390311036,1141313536.0,0.07840000000087458
forecaster-tenant-pool,2026-01-31 13:30:32,0.0030169000269264085,1141407744.0,1.3
forecaster-tenant-pool,2026-01-31 13:31:02,0.0007837683695021024,1141112832.0,0.22759999999931702
forecaster-tenant-pool,2026-01-31 13:31:32,0.0017767341895506715,1140240384.0,1.2183999999969577
forecaster-tenant-pool,2026-01-31 13:32:02,0.0007748683704431386,1140510720.0,0.08810000000303263
forecaster-tenant-pool,2026-01-31 13:32:32,0.0018863974721708998,1140305920.0,1.418499999997827
forecaster-tenant-pool,2026-01-31 13:33:02,0.00021502545518445963,1140305920.0,0.08880000000384218
forecaster-tenant-pool,2026-01-31 13:33:32,0.002068646823616699,1140412416.0,1.3986999999972491
forecaster-tenant-pool,2026-01-31 13:34:02,0.0011156041877757312,1140932608.0,0.10139999999998205
forecaster-tenant-pool,2026-01-31 13:34:32,0.0020265754177161864,1140477952.0,1.2822000000013454
forecaster-tenant-pool,2026-01-31 13:35:02,0.00024619327041127114,1140551680.0,0.08300000000314564
forecaster-tenant-pool,2026-01-31 13:35:32,0.002058177452753411,1140768768.0,1.120699999995486
forecaster-tenant-pool,2026-01-31 13:36:02,0.0004468198273582109,1140772864.0,0.2271999999992962
forecaster-tenant-pool,2026-01-31 13:36:32,0.0020915703857094475,1140539392.0,1.3890999999989313
forecaster-tenant-pool,2026-01-31 13:37:02,0.0002640978478875267,1140572160.0,0.09329999999948389
forecaster-tenant-pool,2026-01-31 13:37:32,0.0018739971067727819,1140727808.0,1.210300000003311
forecaster-tenant-pool,2026-01-31 13:38:02,0.00027313600953779237,1140740096.0,0.09670000000399645
forecaster-tenant-pool,2026-01-31 13:38:32,0.0018993872892326645,1140858880.0,1.2837999999945169
forecaster-tenant-pool,2026-01-31 13:39:02,0.0002379903354549636,1140858880.0,0.0807000000052843
forecaster-tenant-pool,2026-01-31 13:39:32,0.0018086771135558764,1140928512.0,1.2699999999953433
forecaster-tenant-pool,2026-01-31 13:40:02,0.00031973080852939145,1140670464.0,0.0558000000048196
forecaster-tenant-pool,2026-01-31 13:40:03,0.00031973080852939145,1140670464.0,0.0558000000048196
forecaster-tenant-pool,2026-01-31 13:40:33,0.0018993151224654763,1140760576.0,1.3000999999931082
forecaster-tenant-pool,2026-01-31 13:41:03,0.0004022238362518606,1140760576.0,0.2024000000053396
forecaster-tenant-pool,2026-01-31 13:41:33,0.0020752839797289263,1140576256.0,1.3662999999942258
forecaster-tenant-pool,2026-01-31 13:42:03,0.0008132456458359914,1140895744.0,0.10770000000235692
forecaster-tenant-pool,2026-01-31 13:42:33,0.0021945035787843967,1140449280.0,1.451000000002811
forecaster-tenant-pool,2026-01-31 13:43:03,0.0007629568360844452,1140768768.0,0.08129999999522018
forecaster-tenant-pool,2026-01-31 13:43:33,0.0024458714895892533,1140645888.0,1.0461000000005394
forecaster-tenant-pool,2026-01-31 13:44:03,0.000570563103562292,1140781056.0,0.3830999999989823
forecaster-tenant-pool,2026-01-31 13:44:33,0.001786047194264081,1140846592.0,1.334200000004906
forecaster-tenant-pool,2026-01-31 13:45:03,0.00022002965406079695,1140858880.0,0.10209999999563782
forecaster-tenant-pool,2026-01-31 13:45:33,0.0016879405562276618,1140928512.0,1.1986000000052324
forecaster-tenant-pool,2026-01-31 13:46:03,0.00024060105670348377,1140965376.0,0.07569999999996072
forecaster-tenant-pool,2026-01-31 13:46:33,0.002852970970436382,1140703232.0,1.4424999999958041
forecaster-tenant-pool,2026-01-31 13:47:03,0.0006919406930820909,1141043200.0,0.07980000000194802
forecaster-tenant-pool,2026-01-31 13:47:33,0.001836263657825308,1140809728.0,1.1754999999991318
forecaster-tenant-pool,2026-01-31 13:48:03,0.00022384253913417738,1140850688.0,0.07250000000173411
forecaster-tenant-pool,2026-01-31 13:48:33,0.0020349397225231302,1140908032.0,1.3531000000002675
forecaster-tenant-pool,2026-01-31 13:49:03,0.0010302282389836402,1141178368.0,0.07700000000289339
forecaster-tenant-pool,2026-01-31 13:49:33,0.0023252932896497573,1140981760.0,1.2567999999985358
forecaster-tenant-pool,2026-01-31 13:50:02,0.0014902765319846057,1141260288.0,0.07659999999492963
forecaster-tenant-pool,2026-01-31 13:50:03,0.00020327206611199346,1140981760.0,0.07659999999492963
forecaster-tenant-pool,2026-01-31 13:50:32,0.0021865137836960735,1141071872.0,1.3131000000031539
forecaster-tenant-pool,2026-01-31 13:51:02,0.0018296224756620427,1140830208.0,0.19250000000016979
forecaster-tenant-pool,2026-01-31 13:51:32,0.002730371743310934,1140838400.0,1.2227000000032906
forecaster-tenant-pool,2026-01-31 13:52:02,0.00017441055209734452,1140457472.0,0.05090000000006209
forecaster-tenant-pool,2026-01-31 13:52:32,0.0019295389859418754,1139863552.0,1.3428999999970377
forecaster-tenant-pool,2026-01-31 13:53:02,0.00016387125619470746,1139863552.0,0.05410000000010769
forecaster-tenant-pool,2026-01-31 13:53:32,0.001962957241448773,1139929088.0,1.2340000000006208
forecaster-tenant-pool,2026-01-31 13:54:02,0.0006693433135200523,1140199424.0,0.0876000000002629
forecaster-tenant-pool,2026-01-31 13:54:32,0.0020479371075781652,1139998720.0,1.4362999999997554
forecaster-tenant-pool,2026-01-31 13:55:02,0.00022973563580611702,1140019200.0,0.08939999999838619
forecaster-tenant-pool,2026-01-31 13:55:32,0.0023104938776971956,1140191232.0,1.2712000000015904
forecaster-tenant-pool,2026-01-31 13:56:02,0.0004721889971818922,1140256768.0,0.0837999999960933
forecaster-tenant-pool,2026-01-31 13:56:32,0.002827402256662653,1139728384.0,1.6205000000023573
forecaster-tenant-pool,2026-01-31 13:57:02,0.0014194084065065286,1139777536.0,0.09279999999756304
forecaster-tenant-pool,2026-01-31 13:57:32,0.0021197510729933314,1139798016.0,1.0386000000002242
forecaster-tenant-pool,2026-01-31 13:58:02,0.00023997444708046402,1139884032.0,0.357800000004075
forecaster-tenant-pool,2026-01-31 13:58:32,0.0020214601410537274,1140015104.0,1.3469000000015512
forecaster-tenant-pool,2026-01-31 13:59:02,0.0016838812116406136,1140215808.0,0.0793999999933779
forecaster-tenant-pool,2026-01-31 13:59:32,0.0016786773011567718,1140224000.0,1.2657000000062302
forecaster-tenant-pool,2026-01-31 14:00:02,0.0001921009678427802,1140310016.0,0.07309999999397405
forecaster-tenant-pool,2026-01-31 14:00:02,0.001539642578010816,1140400128.0,0.07309999999397405
forecaster-tenant-pool,2026-01-31 14:00:32,0.0021476547347851088,1140420608.0,1.2773000000037427
forecaster-tenant-pool,2026-01-31 14:01:02,0.0005109523165663099,1140523008.0,0.2030999999977818
forecaster-tenant-pool,2026-01-31 14:01:32,0.0019607935833604096,1140150272.0,1.2299000000003313
forecaster-tenant-pool,2026-01-31 14:02:02,0.0004105473672873163,1140158464.0,0.0813999999995455
forecaster-tenant-pool,2026-01-31 14:02:32,0.002067516894102214,1140228096.0,1.3369000000043647
forecaster-tenant-pool,2026-01-31 14:03:02,0.0013279803777031635,1140510720.0,0.0831999999988208
forecaster-tenant-pool,2026-01-31 14:03:32,0.002253908713988833,1140301824.0,1.4365000000016759
forecaster-tenant-pool,2026-01-31 14:04:02,0.0002869537353384753,1140310016.0,0.08029999999447075
forecaster-tenant-pool,2026-01-31 14:04:32,0.002387204342317305,1140379648.0,1.5369000000048496
forecaster-tenant-pool,2026-01-31 14:05:02,0.0006777723411925401,1140654080.0,0.08670000000062525
forecaster-tenant-pool,2026-01-31 14:05:32,0.002585764325338168,1140445184.0,1.3368999999964217
forecaster-tenant-pool,2026-01-31 14:06:02,0.00023831385504479263,1140445184.0,0.08519999999898573
forecaster-tenant-pool,2026-01-31 14:06:32,0.0018893389635298535,1140260864.0,1.468900000000273
forecaster-tenant-pool,2026-01-31 14:07:02,0.0002679996918143174,1140264960.0,0.08260000000324605
forecaster-tenant-pool,2026-01-31 14:07:32,0.0027260874081038926,1139621888.0,1.0862999999950262
forecaster-tenant-pool,2026-01-31 14:08:02,0.0008403564308729892,1139625984.0,0.4199000000039935
forecaster-tenant-pool,2026-01-31 14:08:32,0.001697175476164298,1139699712.0,1.3584999999997913
forecaster-tenant-pool,2026-01-31 14:09:02,0.00020203924814058002,1139707904.0,0.0860999999955311
forecaster-tenant-pool,2026-01-31 14:09:32,0.0019861816026111806,1139785728.0,1.1320000000011836
forecaster-tenant-pool,2026-01-31 14:10:02,0.00027850994677599525,1139785728.0,0.10240000000533958
forecaster-tenant-pool,2026-01-31 14:10:06,0.002002790364609514,1139847168.0,0.10240000000533958
forecaster-tenant-pool,2026-01-31 14:10:36,0.0021662980512675003,1139879936.0,1.327799999997539
forecaster-tenant-pool,2026-01-31 14:11:06,0.002146310265861707,1139286016.0,0.24609999999623444
forecaster-tenant-pool,2026-01-31 14:11:36,0.0019675586907656924,1139011584.0,1.336300000006789
forecaster-tenant-pool,2026-01-31 14:12:06,0.0016368564045943516,1139339264.0,0.08389999999811457
forecaster-tenant-pool,2026-01-31 14:12:36,0.001976421881448887,1139081216.0,1.1938000000014655
forecaster-tenant-pool,2026-01-31 14:13:06,0.0017878207568544223,1139187712.0,0.23550000000068394
forecaster-tenant-pool,2026-01-31 14:13:36,0.002013569210238425,1139154944.0,1.3880999999961205
forecaster-tenant-pool,2026-01-31 14:14:06,0.0021237792808851616,1139523584.0,0.08100000000067667
forecaster-tenant-pool,2026-01-31 14:14:36,0.0022786270427892726,1139261440.0,1.3967000000015104
forecaster-tenant-pool,2026-01-31 14:15:06,0.002008685553677484,1139621888.0,0.1094999999940531
forecaster-tenant-pool,2026-01-31 14:15:36,0.0024565702265222614,1139482624.0,1.3703000000073493
forecaster-tenant-pool,2026-01-31 14:16:06,0.0019804385062523007,1139425280.0,0.08949999999495048
forecaster-tenant-pool,2026-01-31 14:16:36,0.0021719550453210643,1139298304.0,1.3378000000033958
forecaster-tenant-pool,2026-01-31 14:17:06,0.0016865699509791654,1139642368.0,0.09319999999952416
forecaster-tenant-pool,2026-01-31 14:17:36,0.0018837330049527056,1139384320.0,1.2563000000014046
forecaster-tenant-pool,2026-01-31 14:18:06,0.001627862475681967,1139679232.0,0.07689999999426314
forecaster-tenant-pool,2026-01-31 14:18:36,0.002411762945664776,1139474432.0,1.1885000000019013
forecaster-tenant-pool,2026-01-31 14:19:06,0.0018318488051407233,1139552256.0,0.2061000000004545
forecaster-tenant-pool,2026-01-31 14:19:36,0.0021164414381394376,1139544064.0,1.1738999999990483
forecaster-tenant-pool,2026-01-31 14:20:02,0.00022730397001794676,1139548160.0,0.07460000000440535
forecaster-tenant-pool,2026-01-31 14:20:06,0.00022730397001794673,1139548160.0,0.07460000000440535
forecaster-tenant-pool,2026-01-31 14:20:32,0.0023397422790611866,1139646464.0,1.3410999999958828
forecaster-tenant-pool,2026-01-31 14:21:02,0.0005835905081039631,1139703808.0,0.2483000000009876
forecaster-tenant-pool,2026-01-31 14:21:32,0.002066215784621035,1139408896.0,1.3681999999977659
forecaster-tenant-pool,2026-01-31 14:22:02,0.0007619628226363262,1139421184.0,0.0682000000031015
forecaster-tenant-pool,2026-01-31 14:22:32,0.0018307351302576564,1139478528.0,1.2591999999971448
forecaster-tenant-pool,2026-01-31 14:23:02,0.001445906965436988,1139789824.0,0.08240000000411479
forecaster-tenant-pool,2026-01-31 14:23:32,0.0017966353948982291,1139548160.0,1.1698999999945954
forecaster-tenant-pool,2026-01-31 14:24:02,0.001193526717404731,1139589120.0,0.09290000000140328
forecaster-tenant-pool,2026-01-31 14:24:32,0.0024513619289019974,1139625984.0,1.2536000000020675
forecaster-tenant-pool,2026-01-31 14:25:02,0.0019128398516663246,1139412992.0,0.09969999999636153
forecaster-tenant-pool,2026-01-31 14:25:32,0.002024964225123398,1139433472.0,1.2699000000054488
forecaster-tenant-pool,2026-01-31 14:26:02,0.0020308338070567423,1139388416.0,0.07029999999734476
forecaster-tenant-pool,2026-01-31 14:26:32,0.00219439004067282,1139167232.0,1.4211000000014489
forecaster-tenant-pool,2026-01-31 14:27:02,0.0011946615257056059,1139712000.0,0.08218904145793704
forecaster-tenant-pool,2026-01-31 14:27:32,0.002336346042789838,1139232768.0,1.2581677557028752
forecaster-tenant-pool,2026-01-31 14:28:02,0.0001672120004753094,1139232768.0,0.07209999999807526
forecaster-tenant-pool,2026-01-31 14:28:32,0.002162238352332032,1139302400.0,1.4296000000011797
forecaster-tenant-pool,2026-01-31 14:29:02,0.0017454717576593645,1138364416.0,0.05740000000241707
forecaster-tenant-pool,2026-01-31 14:29:32,0.0018486842792184593,1138388992.0,1.292699999998634
forecaster-tenant-pool,2026-01-31 14:30:02,0.00020740084613817453,1138388992.0,0.07430000000022119
forecaster-tenant-pool,2026-01-31 14:30:02,0.002091658716717319,1138446336.0,0.07430000000022119
forecaster-tenant-pool,2026-01-31 14:30:32,0.003481826557706831,1138483200.0,1.3704999999987195
forecaster-tenant-pool,2026-01-31 14:31:02,0.0003625071970877695,1138561024.0,0.25660000000492195
forecaster-tenant-pool,2026-01-31 14:31:32,0.002036638484381555,1138302976.0,1.339199999999255
forecaster-tenant-pool,2026-01-31 14:32:02,0.000588350082772841,1138577408.0,0.09229999999430825
forecaster-tenant-pool,2026-01-31 14:32:32,0.002220033285019679,1138442240.0,1.3405999999994795
forecaster-tenant-pool,2026-01-31 14:33:02,0.0003632122783534517,1138614272.0,0.1879000000041439
forecaster-tenant-pool,2026-01-31 14:33:32,0.00159809564719522,1138683904.0,1.1622999999983221
forecaster-tenant-pool,2026-01-31 14:34:02,0.0016871959633662122,1139183616.0,0.09479999999772795
forecaster-tenant-pool,2026-01-31 14:34:32,0.002148587624080197,1138905088.0,1.3533000000062505
forecaster-tenant-pool,2026-01-31 14:35:02,0.0002838526952251721,1138974720.0,0.08829999999385715
forecaster-tenant-pool,2026-01-31 14:35:32,0.0022405200277531463,1139052544.0,1.3028999999999844
forecaster-tenant-pool,2026-01-31 14:36:02,0.00019036190265280895,1139056640.0,0.09160000000192667
forecaster-tenant-pool,2026-01-31 14:36:32,0.002076304326010645,1138810880.0,1.440699999997802
forecaster-tenant-pool,2026-01-31 14:37:02,0.0002827860515535576,1138880512.0,0.07850000000362342
forecaster-tenant-pool,2026-01-31 14:37:32,0.0017840135505010608,1138995200.0,1.2769000000009934
forecaster-tenant-pool,2026-01-31 14:38:02,0.0002067165189285878,1139011584.0,0.07899999999851086
forecaster-tenant-pool,2026-01-31 14:38:32,0.002999334859073589,1139126272.0,1.3843999999980952
forecaster-tenant-pool,2026-01-31 14:39:02,0.0008987870174041704,1139757056.0,0.08419999999908516
forecaster-tenant-pool,2026-01-31 14:39:32,0.0018977143292405018,1139314688.0,1.2448000000025787
forecaster-tenant-pool,2026-01-31 14:40:02,0.0002597769100136705,1139318784.0,0.0781000000042089
forecaster-tenant-pool,2026-01-31 14:40:02,0.00025737428809499176,1139351552.0,0.0781000000042089
forecaster-tenant-pool,2026-01-31 14:40:32,0.0027150712886980584,1139470336.0,1.3574999999927362
forecaster-tenant-pool,2026-01-31 14:41:02,0.0008869040730925737,1139613696.0,0.2402000000043093
forecaster-tenant-pool,2026-01-31 14:41:32,0.0019478233867133575,1139249152.0,1.25020000000095
forecaster-tenant-pool,2026-01-31 14:42:02,0.0020696287475109616,1139290112.0,0.06949999999554468
forecaster-tenant-pool,2026-01-31 14:42:32,0.00227457093292508,1139314688.0,1.4689000000031835
forecaster-tenant-pool,2026-01-31 14:43:02,0.001437126035992185,1139617792.0,0.08859999999658612
forecaster-tenant-pool,2026-01-31 14:43:32,0.001673588838857529,1139388416.0,1.2718000000058964
forecaster-tenant-pool,2026-01-31 14:44:02,0.0018397742714069553,1133707264.0,0.0719999999982368
forecaster-tenant-pool,2026-01-31 14:44:32,0.002066193074401584,1133551616.0,1.3134000000000015
forecaster-tenant-pool,2026-01-31 14:45:02,0.00015938093412220486,1133555712.0,0.07270000000165358
forecaster-tenant-pool,2026-01-31 14:45:32,0.0029606162555183297,1133621248.0,1.253499999999379
forecaster-tenant-pool,2026-01-31 14:46:02,0.00028670158320690415,1133625344.0,0.11750000000029104
forecaster-tenant-pool,2026-01-31 14:46:32,0.0019682430444609112,1133379584.0,1.4870999999990697
forecaster-tenant-pool,2026-01-31 14:47:02,0.0013072803817572698,1133404160.0,0.08309999999625385
forecaster-tenant-pool,2026-01-31 14:47:32,0.001942726661326778,1133449216.0,1.2688999999996668
forecaster-tenant-pool,2026-01-31 14:48:02,0.0013496737292956432,1134252032.0,0.07820000000550256
forecaster-tenant-pool,2026-01-31 14:48:32,0.002146711046427681,1133539328.0,1.3803999999969163
forecaster-tenant-pool,2026-01-31 14:49:02,0.001159632825407989,1133580288.0,0.08499999999809611
forecaster-tenant-pool,2026-01-31 14:49:32,0.002206194692416157,1133608960.0,1.3202000000001135
forecaster-tenant-pool,2026-01-31 14:50:02,0.0002427074520630864,1133617152.0,0.08249999999873883
forecaster-tenant-pool,2026-01-31 14:50:08,0.00017024432688576233,1133617152.0,1.6709000000014085
forecaster-tenant-pool,2026-01-31 14:50:38,0.0036519006405539554,1133703168.0,0.2591999999997522
forecaster-tenant-pool,2026-01-31 14:51:08,0.0018663228530970467,1133395968.0,1.3113999999996548
forecaster-tenant-pool,2026-01-31 14:51:38,0.00212799019935137,1133432832.0,0.09940000000333386
forecaster-tenant-pool,2026-01-31 14:52:08,0.0019045212413900442,1133486080.0,1.4208999999979524
forecaster-tenant-pool,2026-01-31 14:52:38,0.0025052927911496407,1133502464.0,0.11270000000434571
forecaster-tenant-pool,2026-01-31 14:53:08,0.000892544758440594,1133772800.0,1.3681999999953407
forecaster-tenant-pool,2026-01-31 14:53:38,0.0023720770139576265,1133568000.0,0.08090000000483998
forecaster-tenant-pool,2026-01-31 14:54:08,0.0019203106424258392,1133645824.0,1.445299999992737
forecaster-tenant-pool,2026-01-31 14:54:38,0.0019871820313021446,1133637632.0,0.08150000000490158
forecaster-tenant-pool,2026-01-31 14:55:08,0.0002862658056784942,1133658112.0,1.2750999999950487
forecaster-tenant-pool,2026-01-31 14:55:38,0.002824185883084129,1133707264.0,0.09420000000203195
forecaster-tenant-pool,2026-01-31 14:56:08,0.0019302343349222192,1133469696.0,1.404200000001159
forecaster-tenant-pool,2026-01-31 14:56:38,0.002299563667875757,1133473792.0,0.10379999999871267
forecaster-tenant-pool,2026-01-31 14:57:08,0.0018780633704338807,1133547520.0,1.3106000000025841
forecaster-tenant-pool,2026-01-31 14:57:38,0.0019361472191649757,1133551616.0,0.10129999999680878
forecaster-tenant-pool,2026-01-31 14:58:08,0.0021576732068564084,1133600768.0,1.1667000000055245
forecaster-tenant-pool,2026-01-31 14:58:38,0.002253923328797084,1133617152.0,0.46910000000043517
forecaster-tenant-pool,2026-01-31 14:59:08,0.0011025824243728563,1133903872.0,1.2258999999957574
forecaster-tenant-pool,2026-01-31 14:59:38,0.0021756724844921743,1133686784.0,0.08740000000179862
forecaster-tenant-pool,2026-01-31 15:00:02,0.0005173827767326145,1133707264.0,0.08740000000179861
forecaster-tenant-pool,2026-01-31 15:00:08,0.0005210730411133701,1133707264.0,1.1511000000000424
forecaster-tenant-pool,2026-01-31 15:00:32,0.002362668079234645,1133780992.0,1.1511000000000422
forecaster-tenant-pool,2026-01-31 15:01:02,0.002230953246421393,1133490176.0,0.49349999999958527
forecaster-tenant-pool,2026-01-31 15:01:32,0.0026738769174733112,1133694976.0,1.242299999996127
forecaster-tenant-pool,2026-01-31 15:02:02,0.0005920791166728829,1133735936.0,0.09170000000697959
forecaster-tenant-pool,2026-01-31 15:02:32,0.0019547847317169373,1133780992.0,1.4300999999926716
forecaster-tenant-pool,2026-01-31 15:03:02,0.00022543466334450096,1133801472.0,0.08679999999991803
forecaster-tenant-pool,2026-01-31 15:03:32,0.0030762289529263805,1133879296.0,1.3342000000006011
forecaster-tenant-pool,2026-01-31 15:04:02,0.0002604305067525452,1133883392.0,0.09059999999941888
forecaster-tenant-pool,2026-01-31 15:04:32,0.0020502766079966866,1133944832.0,1.4145000000062282
forecaster-tenant-pool,2026-01-31 15:05:02,0.0006234443588604736,1133977600.0,0.07849999999950039
forecaster-tenant-pool,2026-01-31 15:05:32,0.002022442354058839,1134026752.0,1.16389999999404
forecaster-tenant-pool,2026-01-31 15:06:02,0.0010056445660949782,1133744128.0,0.08530000000446308
forecaster-tenant-pool,2026-01-31 15:06:32,0.0023487272174014624,1133801472.0,1.2362000000013116
forecaster-tenant-pool,2026-01-31 15:07:02,0.0002444550679834645,1133801472.0,0.271699999996478
forecaster-tenant-pool,2026-01-31 15:07:32,0.0021313609337363314,1133735936.0,1.2706000000039541
forecaster-tenant-pool,2026-01-31 15:08:02,0.0008662056460091083,1133834240.0,0.10369999999735835
forecaster-tenant-pool,2026-01-31 15:08:32,0.0025634235832467205,1133801472.0,1.5246999999970892
forecaster-tenant-pool,2026-01-31 15:09:02,0.0015792359307267364,1134120960.0,0.075600000001153
forecaster-tenant-pool,2026-01-31 15:09:32,0.001934345147013724,1133871104.0,1.220200000003994
forecaster-tenant-pool,2026-01-31 15:10:02,0.00019549348135282683,1133871104.0,0.08379999999475937
forecaster-tenant-pool,2026-01-31 15:10:02,0.002058004065960009,1133981696.0,0.08379999999475937
forecaster-tenant-pool,2026-01-31 15:10:32,0.002168516087347258,1133965312.0,1.354000000005605
forecaster-tenant-pool,2026-01-31 15:11:02,0.0010507422673796587,1134489600.0,0.2636000000000422
forecaster-tenant-pool,2026-01-31 15:11:32,0.0020050604277819005,1133703168.0,1.3382999999939784
forecaster-tenant-pool,2026-01-31 15:12:02,0.0002298708725286201,1133703168.0,0.10840000000340902
forecaster-tenant-pool,2026-01-31 15:12:32,0.002270098725347627,1133768704.0,1.3745000000008076
forecaster-tenant-pool,2026-01-31 15:13:02,0.0015327973377146716,1134063616.0,0.0766999999993762
forecaster-tenant-pool,2026-01-31 15:13:32,0.00221156072297718,1133842432.0,1.3306999999977658
forecaster-tenant-pool,2026-01-31 15:14:02,0.000268846383368994,1133838336.0,0.0976000000023608
forecaster-tenant-pool,2026-01-31 15:14:32,0.002423757362260441,1133907968.0,1.3756000000008497
forecaster-tenant-pool,2026-01-31 15:15:02,0.00016692482071020944,1133907968.0,0.0648999999963659
forecaster-tenant-pool,2026-01-31 15:15:32,0.0015326012282635782,1133973504.0,1.1864000000059605
forecaster-tenant-pool,2026-01-31 15:16:02,0.00015944984927180502,1133588480.0,0.056499999997079914
forecaster-tenant-pool,2026-01-31 15:16:32,0.0025040404944591936,1133080576.0,1.5753000000026076
forecaster-tenant-pool,2026-01-31 15:17:02,0.00036537293643164337,1133342720.0,0.05979999999981373
forecaster-tenant-pool,2026-01-31 15:17:32,0.0024614238131016666,1133142016.0,1.315099999999317
forecaster-tenant-pool,2026-01-31 15:18:02,0.00024135164008772512,1132883968.0,0.09379999999473512
forecaster-tenant-pool,2026-01-31 15:18:32,0.00207612558528819,1132949504.0,1.4911000000028556
forecaster-tenant-pool,2026-01-31 15:19:02,0.0004994884510990081,1133756416.0,0.07839999999766102
forecaster-tenant-pool,2026-01-31 15:19:32,0.0019144953143086499,1133031424.0,1.2898999999994583
forecaster-tenant-pool,2026-01-31 15:20:02,0.0001998760505463208,1133203456.0,0.09690000000506793
forecaster-tenant-pool,2026-01-31 15:20:02,0.0009262603215552334,1133322240.0,0.09690000000506793
forecaster-tenant-pool,2026-01-31 15:20:32,0.0022264845867841334,1133342720.0,1.399199999997048
forecaster-tenant-pool,2026-01-31 15:21:02,0.001987341209874012,1133043712.0,0.28750000000042447
forecaster-tenant-pool,2026-01-31 15:21:32,0.0018055851803933324,1133166592.0,1.2644000000008115
forecaster-tenant-pool,2026-01-31 15:22:02,0.001509487086281471,1133576192.0,0.0917000000022502
forecaster-tenant-pool,2026-01-31 15:22:32,0.002317001136900097,1133359104.0,1.31559999999954
forecaster-tenant-pool,2026-01-31 15:23:02,0.0008603945976866496,1133371392.0,0.08139999999693827
forecaster-tenant-pool,2026-01-31 15:23:32,0.0020674553709833796,1133436928.0,1.2087000000014085
forecaster-tenant-pool,2026-01-31 15:24:02,0.0002740543622950316,1133453312.0,0.1014999999993961
forecaster-tenant-pool,2026-01-31 15:24:32,0.002368355776667605,1133527040.0,1.3929999999971185
forecaster-tenant-pool,2026-01-31 15:25:02,0.00023640721469427188,1133531136.0,0.07920000000194705
forecaster-tenant-pool,2026-01-31 15:25:32,0.001871651121320236,1133617152.0,1.2741999999991094
forecaster-tenant-pool,2026-01-31 15:26:02,0.00024137915057816155,1133637632.0,0.07470000000527457
forecaster-tenant-pool,2026-01-31 15:26:32,0.00190335063227546,1133379584.0,1.2643999999975373
forecaster-tenant-pool,2026-01-31 15:27:02,0.0013878475083543434,1133719552.0,0.0647999999955573
forecaster-tenant-pool,2026-01-31 15:27:32,0.0023091033225803173,1133449216.0,1.3009000000000621
forecaster-tenant-pool,2026-01-31 15:28:02,0.0006865144197889233,1133129728.0,0.052500000006208816
forecaster-tenant-pool,2026-01-31 15:28:32,0.00193376108967985,1133182976.0,0.9113999999994727
forecaster-tenant-pool,2026-01-31 15:29:02,0.0006718126676640917,1133260800.0,0.5243999999947846
forecaster-tenant-pool,2026-01-31 15:29:32,0.002028324257203078,1133252608.0,1.2243000000016764
forecaster-tenant-pool,2026-01-31 15:30:02,0.00022792752544908542,1133252608.0,0.07870000000396733
forecaster-tenant-pool,2026-01-31 15:30:02,0.0002273491150746292,1133252608.0,0.07870000000396733
forecaster-tenant-pool,2026-01-31 15:30:32,0.0032273332540568183,1133604864.0,1.4074000000005373
forecaster-tenant-pool,2026-01-31 15:31:02,0.00045400853050147076,1133346816.0,0.2353999999935695
forecaster-tenant-pool,2026-01-31 15:31:32,0.0022391230177459596,1133236224.0,1.3593000000042592
forecaster-tenant-pool,2026-01-31 15:32:02,0.0008691443278039296,1133363200.0,0.10519999999772457
forecaster-tenant-pool,2026-01-31 15:32:32,0.00231397885801282,1133457408.0,1.2698999999987792
forecaster-tenant-pool,2026-01-31 15:33:02,0.000210964509978015,1133498368.0,0.28180000000575095
forecaster-tenant-pool,2026-01-31 15:33:32,0.002068919142737543,1133592576.0,1.2333999999988614
forecaster-tenant-pool,2026-01-31 15:34:02,0.0007435210625961834,1133699072.0,0.09779999999809662
forecaster-tenant-pool,2026-01-31 15:34:32,0.0019234485466472471,1133756416.0,1.353299999998914
forecaster-tenant-pool,2026-01-31 15:35:02,0.00024288417278935223,1133780992.0,0.07709999999751745
forecaster-tenant-pool,2026-01-31 15:35:32,0.0018527450672360484,1133846528.0,1.184100000005795
forecaster-tenant-pool,2026-01-31 15:36:02,0.00020072474966552245,1133850624.0,0.09429999999877813
forecaster-tenant-pool,2026-01-31 15:36:32,0.002237141596649827,1133608960.0,1.3726999999958327
forecaster-tenant-pool,2026-01-31 15:37:02,0.0009453013678812284,1133920256.0,0.0833000000012665
forecaster-tenant-pool,2026-01-31 15:37:32,0.0017678237433250282,1133682688.0,1.2165999999985313
forecaster-tenant-pool,2026-01-31 15:38:02,0.0002339187703558161,1133678592.0,0.0921000000019679
forecaster-tenant-pool,2026-01-31 15:38:32,0.002358580909281298,1133768704.0,1.4545000000052823
forecaster-tenant-pool,2026-01-31 15:39:02,0.0002712522743775209,1133768704.0,0.08759999999322947
forecaster-tenant-pool,2026-01-31 15:39:32,0.002164121030930202,1133858816.0,1.5081000000031661
forecaster-tenant-pool,2026-01-31 15:40:02,0.00028042239714632186,1133887488.0,0.07559999999830325
forecaster-tenant-pool,2026-01-31 15:40:03,0.0023847197261841068,1133928448.0,0.07559999999830325
forecaster-tenant-pool,2026-01-31 15:40:33,0.0036319090937647273,1133998080.0,1.5356000000007044
forecaster-tenant-pool,2026-01-31 15:41:03,0.0002304845620921311,1134006272.0,0.24710000000407792
forecaster-tenant-pool,2026-01-31 15:41:33,0.002064350544468828,1133744128.0,1.1851999999989251
forecaster-tenant-pool,2026-01-31 15:42:03,0.00039506060229487595,1133744128.0,0.1966999999956291
forecaster-tenant-pool,2026-01-31 15:42:33,0.0023294716701226,1133813760.0,1.458600000005026
forecaster-tenant-pool,2026-01-31 15:43:03,0.00021893826437003648,1133817856.0,0.07099999999463762
forecaster-tenant-pool,2026-01-31 15:43:33,0.001791267875444169,1133883392.0,1.2058000000030007
forecaster-tenant-pool,2026-01-31 15:44:03,0.00138063899839402,1127510016.0,0.09500000000037592
forecaster-tenant-pool,2026-01-31 15:44:33,0.0021924264748162618,1127391232.0,1.4574999999953433
forecaster-tenant-pool,2026-01-31 15:45:03,0.00020021784618837226,1127415808.0,0.08740000000755874
forecaster-tenant-pool,2026-01-31 15:45:33,0.0020808296704457547,1127510016.0,1.1930999999995038
forecaster-tenant-pool,2026-01-31 15:46:03,0.0008922445221742613,1127399424.0,0.09289999999364226
forecaster-tenant-pool,2026-01-31 15:46:33,0.002236237793789523,1127124992.0,1.4441000000013446
forecaster-tenant-pool,2026-01-31 15:47:03,0.0012575498770860806,1127137280.0,0.08700000000080763
forecaster-tenant-pool,2026-01-31 15:47:33,0.0025333094567421516,1127198720.0,1.2427000000020294
forecaster-tenant-pool,2026-01-31 15:48:03,0.00021801348813935427,1127202816.0,0.07789999999689219
forecaster-tenant-pool,2026-01-31 15:48:33,0.0021648288781554743,1127333888.0,1.429599999998815
forecaster-tenant-pool,2026-01-31 15:49:03,0.0015894456339677733,1127444480.0,0.1064000000036079
forecaster-tenant-pool,2026-01-31 15:49:33,0.002288902301126764,1127505920.0,1.3969999999964178
forecaster-tenant-pool,2026-01-31 15:50:02,0.0019763412462124458,1127587840.0,0.0895999999994577
forecaster-tenant-pool,2026-01-31 15:50:03,0.000191262854204511,1127813120.0,0.0895999999994577
forecaster-tenant-pool,2026-01-31 15:50:32,0.002700194475133487,1127669760.0,1.4265000000035797
forecaster-tenant-pool,2026-01-31 15:51:02,0.0015445620899295096,1127632896.0,0.25440000000301854
forecaster-tenant-pool,2026-01-31 15:51:32,0.002380298678695399,1127415808.0,1.3063999999945735
forecaster-tenant-pool,2026-01-31 15:52:02,0.002028188244130101,1127755776.0,0.07840000000275418
forecaster-tenant-pool,2026-01-31 15:52:32,0.0021066781392164047,1127243776.0,1.539300000001822
forecaster-tenant-pool,2026-01-31 15:53:02,0.0005652977572223503,1127784448.0,0.10719999999449405
forecaster-tenant-pool,2026-01-31 15:53:32,0.0021854119005220297,1127309312.0,1.262700000000829
forecaster-tenant-pool,2026-01-31 15:54:02,0.0002293044290757073,1127309312.0,0.07910000000210857
forecaster-tenant-pool,2026-01-31 15:54:32,0.0021276575730462396,1127387136.0,1.3841999999980543
forecaster-tenant-pool,2026-01-31 15:55:02,0.00020266510516191483,1127391232.0,0.09270000000039241
forecaster-tenant-pool,2026-01-31 15:55:32,0.0018213294036656697,1127456768.0,1.1585000000040357
forecaster-tenant-pool,2026-01-31 15:56:02,0.001488374482492167,1127747584.0,0.10160000000093229
forecaster-tenant-pool,2026-01-31 15:56:32,0.0019042445718476478,1127202816.0,1.3495999999931882
forecaster-tenant-pool,2026-01-31 15:57:02,0.0003131616311661878,1127219200.0,0.12200000000339059
forecaster-tenant-pool,2026-01-31 15:57:32,0.0024197749247067118,1127272448.0,1.2245999999991304
forecaster-tenant-pool,2026-01-31 15:58:02,0.0004119322626076654,1127280640.0,0.11929999999853559
forecaster-tenant-pool,2026-01-31 15:58:32,0.0024228468405687715,1127342080.0,1.5110000000024835
forecaster-tenant-pool,2026-01-31 15:59:02,0.001285482594236108,1127346176.0,0.10590000000199022
forecaster-tenant-pool,2026-01-31 15:59:32,0.0018717467005725118,1127411712.0,1.2074999999987388
forecaster-tenant-pool,2026-01-31 16:00:02,0.00017132904364133058,1127411712.0,0.26120000000252425
forecaster-tenant-pool,2026-01-31 16:00:02,0.0005922534754208671,1127505920.0,0.26120000000252425
forecaster-tenant-pool,2026-01-31 16:00:32,0.00249148446122472,1127501824.0,1.4218999999989441
forecaster-tenant-pool,2026-01-31 16:01:02,0.0017725156288243647,1127489536.0,0.2598999999999554
forecaster-tenant-pool,2026-01-31 16:01:32,0.002000447323823021,1127247872.0,1.3484000000016143
forecaster-tenant-pool,2026-01-31 16:02:02,0.002191063674592759,1127297024.0,0.0878999999929268
forecaster-tenant-pool,2026-01-31 16:02:32,0.002684838064807746,1127317504.0,1.669600000001386
forecaster-tenant-pool,2026-01-31 16:03:02,0.00019813225355218368,1127317504.0,0.08090000000089882
forecaster-tenant-pool,2026-01-31 16:03:32,0.0020944386402782966,1127391232.0,1.328300000001218
forecaster-tenant-pool,2026-01-31 16:04:02,0.0016728592697181186,1127411712.0,0.08400000000316747
forecaster-tenant-pool,2026-01-31 16:04:32,0.0024244083928841396,1127456768.0,1.479699999994288
forecaster-tenant-pool,2026-01-31 16:05:02,0.0006404040802647482,1127735296.0,0.093100000002111
forecaster-tenant-pool,2026-01-31 16:05:32,0.0022885243043459656,1127526400.0,1.0546000000039082
forecaster-tenant-pool,2026-01-31 16:06:02,0.0007428532393317776,1127632896.0,0.2475999999973889
forecaster-tenant-pool,2026-01-31 16:06:32,0.0022372047756147977,1127276544.0,1.4620000000008078
forecaster-tenant-pool,2026-01-31 16:07:02,0.0006869679203262797,1127821312.0,0.07880000000192619
forecaster-tenant-pool,2026-01-31 16:07:32,0.0022859595774125945,1127342080.0,1.3496999999958765
forecaster-tenant-pool,2026-01-31 16:08:02,0.0020985149336897467,1127370752.0,0.09489999999877909
forecaster-tenant-pool,2026-01-31 16:08:32,0.002758566703359023,1127411712.0,1.560999999998118
forecaster-tenant-pool,2026-01-31 16:09:02,0.00019766163239432174,1127219200.0,0.09100000000683697
forecaster-tenant-pool,2026-01-31 16:09:32,0.0018943956654972143,1127288832.0,1.3338999999997516
forecaster-tenant-pool,2026-01-31 16:10:02,0.00014013936008774083,1127292928.0,0.06529999999329447
forecaster-tenant-pool,2026-01-31 16:10:02,0.00014013936008774083,1127292928.0,0.06529999999329447
forecaster-tenant-pool,2026-01-31 16:10:32,0.002895230405657261,1127378944.0,1.3519000000009933
forecaster-tenant-pool,2026-01-31 16:11:02,0.00039064487849030074,1127645184.0,0.1972000000067055
forecaster-tenant-pool,2026-01-31 16:11:32,0.0018671283538843272,1126207488.0,1.1443999999980101
forecaster-tenant-pool,2026-01-31 16:12:02,0.00025365539000004244,1126207488.0,0.10139999999779928
forecaster-tenant-pool,2026-01-31 16:12:32,0.0021518680251376085,1126277120.0,1.4186000000012426
forecaster-tenant-pool,2026-01-31 16:13:02,0.0011429310973406527,1126739968.0,0.1044000000010783
forecaster-tenant-pool,2026-01-31 16:13:32,0.003070140870861147,1126592512.0,1.365699999999621
forecaster-tenant-pool,2026-01-31 16:14:02,0.00023384647752022666,1126625280.0,0.07799999999667004
forecaster-tenant-pool,2026-01-31 16:14:32,0.0018246210310450324,1126764544.0,1.4617000000042026
forecaster-tenant-pool,2026-01-31 16:15:02,0.001472300881007623,1127153664.0,0.07529999999411909
forecaster-tenant-pool,2026-01-31 16:15:32,0.001844972456546783,1126940672.0,1.2373000000028698
forecaster-tenant-pool,2026-01-31 16:16:02,0.0020072879626409925,1126932480.0,0.07309999999827899
forecaster-tenant-pool,2026-01-31 16:16:32,0.002704137430408073,1126699008.0,1.432600000003064
forecaster-tenant-pool,2026-01-31 16:17:02,0.00022398472756271224,1126715392.0,0.08099999999782691
forecaster-tenant-pool,2026-01-31 16:17:32,0.0017311424303624104,1126985728.0,1.2212000000042584
forecaster-tenant-pool,2026-01-31 16:18:02,0.0002586282915173189,1127002112.0,0.10849999999451636
forecaster-tenant-pool,2026-01-31 16:18:32,0.0033509065300123867,1127079936.0,1.4509000000060648
forecaster-tenant-pool,2026-01-31 16:19:02,0.0002790616519963754,1127108608.0,0.08769999999397744
forecaster-tenant-pool,2026-01-31 16:19:32,0.0022377441875568167,1127182336.0,1.2895000000044698
forecaster-tenant-pool,2026-01-31 16:20:02,0.00023347277657864975,1127190528.0,0.07539999999662542
forecaster-tenant-pool,2026-01-31 16:20:02,0.00023347277657864975,1127190528.0,0.07539999999662542
forecaster-tenant-pool,2026-01-31 16:20:32,0.0022828573414583977,1127276544.0,1.0477999999991274
forecaster-tenant-pool,2026-01-31 16:21:02,0.0007493326719916871,1127464960.0,0.5763000000040847
forecaster-tenant-pool,2026-01-31 16:21:32,0.0021440732248358,1126883328.0,1.1839999999975286
forecaster-tenant-pool,2026-01-31 16:22:02,0.0016830516147103161,1126903808.0,0.1808999999969577
forecaster-tenant-pool,2026-01-31 16:22:32,0.0022432883165891407,1126952960.0,1.2640000000052776
forecaster-tenant-pool,2026-01-31 16:23:02,0.0001608850693546207,1126952960.0,0.35949999999720605
forecaster-tenant-pool,2026-01-31 16:23:32,0.002066377856330666,1126391808.0,1.3633000000043467
forecaster-tenant-pool,2026-01-31 16:24:02,0.0005687354258812247,1126932480.0,0.09959999999749318
forecaster-tenant-pool,2026-01-31 16:24:32,0.0019885434975524556,1126461440.0,1.3335999999988417
forecaster-tenant-pool,2026-01-31 16:25:02,0.0002858930569636646,1126477824.0,0.10590000000120198
forecaster-tenant-pool,2026-01-31 16:25:32,0.0026223103202668964,1126719488.0,1.2318000000015674
forecaster-tenant-pool,2026-01-31 16:26:02,0.0010333552229425155,1117818880.0,0.07739999999848807
forecaster-tenant-pool,2026-01-31 16:26:32,0.00188034553838774,1117868032.0,1.3669000000004112
forecaster-tenant-pool,2026-01-31 16:27:02,0.0016244482642231248,1117933568.0,0.0884999999957169
forecaster-tenant-pool,2026-01-31 16:27:32,0.002111429961200192,1118109696.0,1.1801000000011603
forecaster-tenant-pool,2026-01-31 16:28:02,0.0017497632871705064,1118191616.0,0.10670000000585181
forecaster-tenant-pool,2026-01-31 16:28:32,0.002024926363193256,1118281728.0,1.3990999999940565
forecaster-tenant-pool,2026-01-31 16:29:02,0.0016212323326187392,1118568448.0,0.08830000000343716
forecaster-tenant-pool,2026-01-31 16:29:32,0.002319719889221258,1118482432.0,1.3489000000025042
forecaster-tenant-pool,2026-01-31 16:30:02,0.00019982358546668085,1118498816.0,0.08849999999238208
forecaster-tenant-pool,2026-01-31 16:30:04,0.0001936963392354527,1118498816.0,0.08849999999238208
forecaster-tenant-pool,2026-01-31 16:30:34,0.002481935085166132,1118593024.0,1.4802000000046367
forecaster-tenant-pool,2026-01-31 16:31:04,0.00040614404414835787,1118597120.0,0.24339999999689704
forecaster-tenant-pool,2026-01-31 16:31:34,0.0016130027758451911,1118380032.0,1.0168000000019675
forecaster-tenant-pool,2026-01-31 16:32:04,0.0006818738369226263,1118392320.0,0.32399999999755286
forecaster-tenant-pool,2026-01-31 16:32:34,0.0028646092345531076,1118474240.0,0.5293999999995624
forecaster-tenant-pool,2026-01-31 16:33:04,0.0014064439058794045,1118818304.0,1.0325000000021949
forecaster-tenant-pool,2026-01-31 16:33:34,0.0018229049891223435,1118572544.0,1.229400000001139
forecaster-tenant-pool,2026-01-31 16:34:04,0.0017742451630128476,1118613504.0,0.11870000000138438
forecaster-tenant-pool,2026-01-31 16:34:34,0.0024919236206292863,1118646272.0,1.2809999999952197
forecaster-tenant-pool,2026-01-31 16:35:04,0.0019916422710405802,1118699520.0,0.3688000000038907
forecaster-tenant-pool,2026-01-31 16:35:34,0.0027707611212107216,1118773248.0,1.2249000000018593
forecaster-tenant-pool,2026-01-31 16:36:04,0.0002408759104832987,1118838784.0,0.09989999999682672
forecaster-tenant-pool,2026-01-31 16:36:34,0.0025853433391618136,1118629888.0,1.2951999999986583
forecaster-tenant-pool,2026-01-31 16:37:04,0.0015610528986403644,1118961664.0,0.11039999999896585
forecaster-tenant-pool,2026-01-31 16:37:34,0.0015266177282027508,1118732288.0,1.1537000000019058
forecaster-tenant-pool,2026-01-31 16:38:04,0.00024580214527226453,1118887936.0,0.09449999999972836
forecaster-tenant-pool,2026-01-31 16:38:34,0.0031193901239782405,1118994432.0,1.45840000000256
forecaster-tenant-pool,2026-01-31 16:39:04,0.00022227740955728576,1119002624.0,0.09939999999818004
forecaster-tenant-pool,2026-01-31 16:39:34,0.0021168025392163557,1119084544.0,1.2733000000000174
forecaster-tenant-pool,2026-01-31 16:40:02,0.001305934224709022,1118990336.0,0.074600000000828
forecaster-tenant-pool,2026-01-31 16:40:04,0.0001897245403363282,1118990336.0,0.074600000000828
forecaster-tenant-pool,2026-01-31 16:40:32,0.002378480480332606,1119064064.0,1.4437000000035065
forecaster-tenant-pool,2026-01-31 16:41:02,0.0005451448411782896,1119064064.0,0.23979999999931653
forecaster-tenant-pool,2026-01-31 16:41:32,0.0027097627775316186,1118101504.0,1.2198999999963538
forecaster-tenant-pool,2026-01-31 16:42:02,0.0002709017675274875,1118138368.0,0.09350000000298073
forecaster-tenant-pool,2026-01-31 16:42:32,0.002182012607036657,1118203904.0,1.4211999999964973
forecaster-tenant-pool,2026-01-31 16:43:02,0.0014589128439840321,1118486528.0,0.08709999999997914
forecaster-tenant-pool,2026-01-31 16:43:32,0.002430182679634631,1118273536.0,1.229800000000311
forecaster-tenant-pool,2026-01-31 16:44:02,0.0002627034660924238,1118277632.0,0.06919999999966725
forecaster-tenant-pool,2026-01-31 16:44:32,0.0020637569157623903,1118343168.0,1.5528000000048146
forecaster-tenant-pool,2026-01-31 16:45:02,0.0006237150377000539,1118384128.0,0.0855999999973695
forecaster-tenant-pool,2026-01-31 16:45:32,0.0019410664674565819,1118416896.0,1.1814999999978075
forecaster-tenant-pool,2026-01-31 16:46:02,0.0007179967065623193,1118728192.0,0.1119000000050922
forecaster-tenant-pool,2026-01-31 16:46:32,0.001997226910871609,1118175232.0,1.3148999999969722
forecaster-tenant-pool,2026-01-31 16:47:02,0.0011990832015529582,1118191616.0,0.07920000000024932
forecaster-tenant-pool,2026-01-31 16:47:32,0.0018684473326400467,1118253056.0,1.2047999999961272
forecaster-tenant-pool,2026-01-31 16:48:02,0.0006313613755305305,1118277632.0,0.07210000000171325
forecaster-tenant-pool,2026-01-31 16:48:32,0.0021528431240867684,1118322688.0,1.4189000000040324
forecaster-tenant-pool,2026-01-31 16:49:02,0.0005682451890224115,1118343168.0,0.07459999999906965
forecaster-tenant-pool,2026-01-31 16:49:32,0.0020273715088636643,1118392320.0,1.1572999999997289
forecaster-tenant-pool,2026-01-31 16:50:02,0.00024460101748759926,1118392320.0,0.09489999999974921
forecaster-tenant-pool,2026-01-31 16:50:05,0.002156113448133677,1118523392.0,0.09489999999974921
forecaster-tenant-pool,2026-01-31 16:50:35,0.0033543836544891524,1118486528.0,1.454600000000755
forecaster-tenant-pool,2026-01-31 16:51:05,0.0007242771362752923,1118576640.0,0.27479999999923166
forecaster-tenant-pool,2026-01-31 16:51:35,0.0023992662311514423,1118248960.0,1.4029999999969127
forecaster-tenant-pool,2026-01-31 16:52:05,0.0008835022207518507,1118273536.0,0.09219999999859282
forecaster-tenant-pool,2026-01-31 16:52:35,0.0019654743537335286,1118318592.0,1.3422000000020489
forecaster-tenant-pool,2026-01-31 16:53:05,0.0018594452636747911,1118400512.0,0.08339999999795206
forecaster-tenant-pool,2026-01-31 16:53:35,0.002482797282175572,1118384128.0,1.2479000000049685
forecaster-tenant-pool,2026-01-31 16:54:05,0.0002022931388076273,1118388224.0,0.07779999999571979
forecaster-tenant-pool,2026-01-31 16:54:35,0.0017148046132753857,1118453760.0,1.3213000000016715
forecaster-tenant-pool,2026-01-31 16:55:05,0.00025702209112014597,1118474240.0,0.0775999999985288
forecaster-tenant-pool,2026-01-31 16:55:35,0.0024010509748506026,1118523392.0,1.2489000000025043
forecaster-tenant-pool,2026-01-31 16:56:05,0.0007166705547409916,1118801920.0,0.10339999999760038
forecaster-tenant-pool,2026-01-31 16:56:35,0.0023870543602898683,1118257152.0,1.5292000000057668
forecaster-tenant-pool,2026-01-31 16:57:05,0.0009063699612855259,1118531584.0,0.07999999999877522
forecaster-tenant-pool,2026-01-31 16:57:35,0.0017426262926656443,1118326784.0,1.251199999997516
forecaster-tenant-pool,2026-01-31 16:58:05,0.001788782644203351,1118388224.0,0.07250000000167348
forecaster-tenant-pool,2026-01-31 16:58:35,0.0021787859950760705,1118396416.0,1.4223999999949228
forecaster-tenant-pool,2026-01-31 16:59:05,0.0015131713247022874,1118441472.0,0.08230000000045644
forecaster-tenant-pool,2026-01-31 16:59:35,0.0021571931055935005,1118466048.0,1.282700000000356
forecaster-tenant-pool,2026-01-31 17:00:02,0.00022218332911605614,1118466048.0,0.07410000000005917
forecaster-tenant-pool,2026-01-31 17:00:05,0.00022218332911605614,1118466048.0,0.07410000000005917
forecaster-tenant-pool,2026-01-31 17:00:32,0.0030954843603481887,1118556160.0,0.6412000000062713
forecaster-tenant-pool,2026-01-31 17:01:02,0.0016996569721329559,1118556160.0,1.349999999995877
forecaster-tenant-pool,2026-01-31 17:01:32,0.002244632180550546,1118310400.0,1.420900000002257
forecaster-tenant-pool,2026-01-31 17:02:02,0.0012418203170778623,1118580736.0,0.10289999999846865
forecaster-tenant-pool,2026-01-31 17:02:32,0.0018953715857565005,1118380032.0,1.326599999999174
forecaster-tenant-pool,2026-01-31 17:03:02,0.0015925610776431234,1118404608.0,0.16630000000041034
forecaster-tenant-pool,2026-01-31 17:03:32,0.0020757062920350737,1118445568.0,1.1840000000025006
forecaster-tenant-pool,2026-01-31 17:04:02,0.0002306883460595708,1118445568.0,0.10340000000014699
forecaster-tenant-pool,2026-01-31 17:04:32,0.0026215307533802713,1118515200.0,1.5270999999976387
forecaster-tenant-pool,2026-01-31 17:05:02,0.00026026139305098425,1118531584.0,0.10319999999852977
forecaster-tenant-pool,2026-01-31 17:05:32,0.0018265524156977503,1118584832.0,1.264199999999376
forecaster-tenant-pool,2026-01-31 17:06:02,0.0002147646370909395,1118588928.0,0.09890000000335325
forecaster-tenant-pool,2026-01-31 17:06:32,0.0027563532828571765,1118302208.0,1.4287999999959236
forecaster-tenant-pool,2026-01-31 17:07:02,0.0002568641025292632,1118302208.0,0.09339999999962553
forecaster-tenant-pool,2026-01-31 17:07:32,0.0019149385350244763,1118371840.0,1.2220000000032087
forecaster-tenant-pool,2026-01-31 17:08:02,0.0004003953559412552,1118375936.0,0.07640000000010332
forecaster-tenant-pool,2026-01-31 17:08:32,0.002241126118715237,1118441472.0,1.467799999996229
forecaster-tenant-pool,2026-01-31 17:09:02,0.0011313482781027118,1118720000.0,0.11270000000331493
forecaster-tenant-pool,2026-01-31 17:09:32,0.0017347608118998526,1118515200.0,1.1825000000037713
forecaster-tenant-pool,2026-01-31 17:10:02,0.0011574185382888587,1118539776.0,0.16280000000000047
forecaster-tenant-pool,2026-01-31 17:10:02,0.00022778321825585372,1118515200.0,0.16280000000000047
forecaster-tenant-pool,2026-01-31 17:10:32,0.0032087247856102783,1118601216.0,1.4749999999947856
forecaster-tenant-pool,2026-01-31 17:11:02,0.0016539270703870533,1118666752.0,0.26610000000024836
forecaster-tenant-pool,2026-01-31 17:11:32,0.001845574302701175,1118351360.0,1.3056000000012016
forecaster-tenant-pool,2026-01-31 17:12:02,0.0008830133242986847,1118896128.0,0.08250000000049718
forecaster-tenant-pool,2026-01-31 17:12:32,0.0020236580025948746,1118420992.0,1.4960999999971438
forecaster-tenant-pool,2026-01-31 17:13:02,0.0006976527320901038,1118457856.0,0.09140000000558454
forecaster-tenant-pool,2026-01-31 17:13:32,0.002346945831410615,1118490624.0,1.2982999999965614
forecaster-tenant-pool,2026-01-31 17:14:02,0.0007333866821713406,1119019008.0,0.07800000000273333
forecaster-tenant-pool,2026-01-31 17:14:32,0.0019416976478919472,1118560256.0,1.3663999999942462
forecaster-tenant-pool,2026-01-31 17:15:02,0.0018689762423479987,1118605312.0,0.09869999999997768
forecaster-tenant-pool,2026-01-31 17:15:32,0.002698783986946825,1118625792.0,1.3079000000022158
forecaster-tenant-pool,2026-01-31 17:16:02,0.0015860799397918169,1118707712.0,0.08280000000140716
forecaster-tenant-pool,2026-01-31 17:16:32,0.0017885199755991374,1118375936.0,1.3722000000006422
forecaster-tenant-pool,2026-01-31 17:17:02,0.0002021611159127524,1118371840.0,0.09310000000035264
forecaster-tenant-pool,2026-01-31 17:17:32,0.0026794918663481855,1118445568.0,1.223599999995713
forecaster-tenant-pool,2026-01-31 17:18:02,0.0005613801957901237,1118453760.0,0.22760000000325817
forecaster-tenant-pool,2026-01-31 17:18:32,0.0019076254957080612,1118515200.0,1.421399999999024
forecaster-tenant-pool,2026-01-31 17:19:02,0.0016025560039356502,1118556160.0,0.11169999999735106
forecaster-tenant-pool,2026-01-31 17:19:32,0.002720513111454959,1118584832.0,1.2118000000044655
forecaster-tenant-pool,2026-01-31 17:20:02,0.0002177325741750518,1118584832.0,0.19700000000278428
forecaster-tenant-pool,2026-01-31 17:20:02,0.0002248231855986307,1118584832.0,0.19700000000278428
forecaster-tenant-pool,2026-01-31 17:20:32,0.002700378589176967,1118674944.0,1.543799999998555
forecaster-tenant-pool,2026-01-31 17:21:02,0.0004729554168139232,1118674944.0,0.2652999999960836
forecaster-tenant-pool,2026-01-31 17:21:32,0.002229336650554031,1118445568.0,1.3803000000038081
forecaster-tenant-pool,2026-01-31 17:22:02,0.00021446267564929466,1118445568.0,0.0810000000003735
forecaster-tenant-pool,2026-01-31 17:22:32,0.002609044090605845,1118511104.0,1.5672999999994013
forecaster-tenant-pool,2026-01-31 17:23:02,0.0006727381839908441,1118781440.0,0.11160000000078678
forecaster-tenant-pool,2026-01-31 17:23:32,0.0020984954387028004,1118580736.0,1.3233999999965818
forecaster-tenant-pool,2026-01-31 17:24:02,0.00020993906558757218,1118580736.0,0.09189999999956247
forecaster-tenant-pool,2026-01-31 17:24:32,0.0018283797887739355,1118650368.0,1.1400000000045718
forecaster-tenant-pool,2026-01-31 17:25:02,0.0015663997020305186,1119002624.0,0.36999999999400945
forecaster-tenant-pool,2026-01-31 17:25:32,0.00202640909063645,1118720000.0,1.207300000003973
forecaster-tenant-pool,2026-01-31 17:26:02,0.00024232363482235033,1118724096.0,0.08709999999834206
forecaster-tenant-pool,2026-01-31 17:26:32,0.0023450785182073802,1118445568.0,1.4563999999969988
forecaster-tenant-pool,2026-01-31 17:27:02,0.00041241996014981504,1118740480.0,0.10890000000217696
forecaster-tenant-pool,2026-01-31 17:27:32,0.001999624921961272,1118511104.0,0.4403000000043297
forecaster-tenant-pool,2026-01-31 17:28:02,0.0024557659608954946,1119395840.0,0.9997999999966244
forecaster-tenant-pool,2026-01-31 17:28:32,0.0023651374585143834,1118580736.0,1.4140999999966881
forecaster-tenant-pool,2026-01-31 17:29:02,0.00026531001452353916,1118580736.0,0.08560000000064369
forecaster-tenant-pool,2026-01-31 17:29:32,0.0018863404821375391,1118650368.0,1.2022000000034798
forecaster-tenant-pool,2026-01-31 17:30:02,0.00023862835639496894,1118666752.0,0.08099999999885768
forecaster-tenant-pool,2026-01-31 17:30:02,0.00023862835639496894,1118666752.0,0.08099999999885768
forecaster-tenant-pool,2026-01-31 17:30:32,0.0022277825287066785,1118744576.0,1.4412999999984701
forecaster-tenant-pool,2026-01-31 17:31:02,0.0016772282514922374,1119318016.0,0.24900000000076639
forecaster-tenant-pool,2026-01-31 17:31:32,0.002740349643326489,1118490624.0,1.3718999999998533
forecaster-tenant-pool,2026-01-31 17:32:02,0.0019377736546880317,1118629888.0,0.08080000000397072
forecaster-tenant-pool,2026-01-31 17:32:32,0.0021084437970277092,1118560256.0,1.4382999999947665
forecaster-tenant-pool,2026-01-31 17:33:02,0.0006410157667362765,1119088640.0,0.08289999999936602
forecaster-tenant-pool,2026-01-31 17:33:32,0.0019166096765160594,1118240768.0,1.224000000005132
forecaster-tenant-pool,2026-01-31 17:34:02,0.0002978033668517285,1118507008.0,0.044700000000496704
forecaster-tenant-pool,2026-01-31 17:34:32,0.0020289455324813276,1118306304.0,1.3003999999957159
forecaster-tenant-pool,2026-01-31 17:35:02,0.0001799053408536394,1118310400.0,0.04830000000074506
forecaster-tenant-pool,2026-01-31 17:35:32,0.0020278382828721746,1117589504.0,1.3032000000013189
forecaster-tenant-pool,2026-01-31 17:36:02,0.0010524991220992653,1118126080.0,0.08130000000285993
forecaster-tenant-pool,2026-01-31 17:36:32,0.002147491800826641,1117331456.0,1.4153999999932543
forecaster-tenant-pool,2026-01-31 17:37:02,0.00026295664563006103,1117536256.0,0.08569999999969392
forecaster-tenant-pool,2026-01-31 17:37:32,0.0021083790008800166,1117626368.0,1.2827000000075712
forecaster-tenant-pool,2026-01-31 17:38:02,0.00020547214463943143,1117646848.0,0.0944999999986976
forecaster-tenant-pool,2026-01-31 17:38:32,0.0018704972595448793,1117790208.0,1.406399999996999
forecaster-tenant-pool,2026-01-31 17:39:02,0.000243876907120332,1117958144.0,0.09769999999977395
forecaster-tenant-pool,2026-01-31 17:39:32,0.002130554949486101,1118027776.0,1.2833000000016301
forecaster-tenant-pool,2026-01-31 17:40:02,0.00018162791691280874,1118044160.0,0.08619999999985642
forecaster-tenant-pool,2026-01-31 17:40:02,0.0009173902582156343,1118908416.0,0.08619999999985642
forecaster-tenant-pool,2026-01-31 17:40:32,0.002045537770795464,1118203904.0,1.3304000000027978
forecaster-tenant-pool,2026-01-31 17:41:02,0.0014984487169623802,1118289920.0,0.23369999999540594
forecaster-tenant-pool,2026-01-31 17:41:32,0.0018486410037985058,1118031872.0,0.9719000000026427
forecaster-tenant-pool,2026-01-31 17:42:02,0.00034481236679297593,1118040064.0,0.4427999999962291
forecaster-tenant-pool,2026-01-31 17:42:32,0.0025911891460177854,1118113792.0,1.4711000000031467
forecaster-tenant-pool,2026-01-31 17:43:02,0.0006465370542271967,1118363648.0,0.09739999999565044
forecaster-tenant-pool,2026-01-31 17:43:32,0.0021939086418365852,1118294016.0,1.2876000000024457
forecaster-tenant-pool,2026-01-31 17:44:02,0.00023686941392971902,1118298112.0,0.10969999999973272
forecaster-tenant-pool,2026-01-31 17:44:32,0.003006606352831338,1118396416.0,1.2741000000050917
forecaster-tenant-pool,2026-01-31 17:45:02,0.0009521066104125791,1118552064.0,0.16249999999751405
forecaster-tenant-pool,2026-01-31 17:45:32,0.001762810176514924,1118507008.0,0.7747999999951086
forecaster-tenant-pool,2026-01-31 17:46:02,0.0002249687993992554,1118502912.0,0.49830000000686897
forecaster-tenant-pool,2026-01-31 17:46:32,0.003051703584612598,1118228480.0,1.266999999994429
forecaster-tenant-pool,2026-01-31 17:47:02,0.00033414295431451386,1118228480.0,0.13050000000287884
forecaster-tenant-pool,2026-01-31 17:47:32,0.001758845850598165,1118302208.0,1.2005000000002837
forecaster-tenant-pool,2026-01-31 17:48:02,0.0003580644026861987,1118568448.0,0.07090000000195384
forecaster-tenant-pool,2026-01-31 17:48:32,0.0024373400286373604,1118375936.0,1.3152000000001862
forecaster-tenant-pool,2026-01-31 17:49:02,0.00045382383480226476,1118642176.0,0.06559999999590219
forecaster-tenant-pool,2026-01-31 17:49:32,0.0018189792879731658,1117855744.0,1.1959999999982756
forecaster-tenant-pool,2026-01-31 17:50:02,0.0001556726110732277,1117859840.0,0.04530000000571211
forecaster-tenant-pool,2026-01-31 17:50:02,0.00015511857523192268,1117859840.0,0.04530000000571211
forecaster-tenant-pool,2026-01-31 17:50:32,0.0021648277432231053,1117958144.0,1.2755999999974543
forecaster-tenant-pool,2026-01-31 17:51:02,0.00023730907284971904,1117970432.0,0.22490000000276875
forecaster-tenant-pool,2026-01-31 17:51:32,0.002289354008707457,1117696000.0,1.4232999999937115
forecaster-tenant-pool,2026-01-31 17:52:02,0.0016989092382528087,1118502912.0,0.1236000000015944
forecaster-tenant-pool,2026-01-31 17:52:32,0.002066829347211046,1117810688.0,1.4289999999986929
forecaster-tenant-pool,2026-01-31 17:53:02,0.0014286956372016337,1118203904.0,0.12150000000492582
forecaster-tenant-pool,2026-01-31 17:53:32,0.001767682547128202,1117061120.0,1.1783999999994799
forecaster-tenant-pool,2026-01-31 17:54:02,0.0018147520147595584,1117376512.0,0.08019999999893723
forecaster-tenant-pool,2026-01-31 17:54:32,0.002062779085949135,1117396992.0,1.3450999999972433
forecaster-tenant-pool,2026-01-31 17:55:02,0.001774539799474174,1117872128.0,0.096700000000601
forecaster-tenant-pool,2026-01-31 17:55:32,0.0021522082338857403,1117630464.0,1.252299999998589
forecaster-tenant-pool,2026-01-31 17:56:02,0.0010270752459109033,1117908992.0,0.08440000000252136
forecaster-tenant-pool,2026-01-31 17:56:32,0.002137044686296024,1117376512.0,1.433600000001752
forecaster-tenant-pool,2026-01-31 17:57:02,0.00018244775916015577,1117380608.0,0.09719999999803501
forecaster-tenant-pool,2026-01-31 17:57:32,0.001923516557544468,1117458432.0,1.2137000000009115
forecaster-tenant-pool,2026-01-31 17:58:02,0.0008303295098769997,1117483008.0,0.0790000000015425
forecaster-tenant-pool,2026-01-31 17:58:32,0.002563292119100323,1117532160.0,1.4676999999951779
forecaster-tenant-pool,2026-01-31 17:59:02,0.000852337554675649,1118068736.0,0.10470000000368601
forecaster-tenant-pool,2026-01-31 17:59:32,0.0021486740787077705,1117618176.0,1.3196000000005368
forecaster-tenant-pool,2026-01-31 18:00:02,0.00023680248372843772,1117626368.0,0.08979999999871022
forecaster-tenant-pool,2026-01-31 18:00:04,0.0017810735611216652,1117646848.0,0.08979999999871022
forecaster-tenant-pool,2026-01-31 18:00:34,0.002157070165141315,1117720576.0,1.3648000000009535
forecaster-tenant-pool,2026-01-31 18:01:04,0.00021259598447048126,1117724672.0,0.23290000000148817
forecaster-tenant-pool,2026-01-31 18:01:34,0.0018567054771620789,1117470720.0,1.183199999997123
forecaster-tenant-pool,2026-01-31 18:02:04,0.0004406042092089498,1117478912.0,0.13150000000223372
forecaster-tenant-pool,2026-01-31 18:02:34,0.0024997983832222956,1116983296.0,1.0546999999953186
forecaster-tenant-pool,2026-01-31 18:03:04,0.00023275658182739513,1116983296.0,0.49749999999924815
forecaster-tenant-pool,2026-01-31 18:03:34,0.001873882109287299,1117052928.0,1.2577000000022358
forecaster-tenant-pool,2026-01-31 18:04:04,0.00172709680342955,1117102080.0,0.09219999999865347
forecaster-tenant-pool,2026-01-31 18:04:34,0.0024009507280197836,1117126656.0,1.4562000000012025
forecaster-tenant-pool,2026-01-31 18:05:04,0.00026104554328062687,1117413376.0,0.08700000000080763
forecaster-tenant-pool,2026-01-31 18:05:34,0.0019434212800294927,1117216768.0,1.20610000000385
forecaster-tenant-pool,2026-01-31 18:06:04,0.0012228675657368264,1117257728.0,0.09319999999976669
forecaster-tenant-pool,2026-01-31 18:06:34,0.0024634476695817717,1116966912.0,1.490099999995012
forecaster-tenant-pool,2026-01-31 18:07:04,0.0017339968993589031,1116983296.0,0.10579999999972642
forecaster-tenant-pool,2026-01-31 18:07:34,0.002026868548803404,1117036544.0,1.3145000000001044
forecaster-tenant-pool,2026-01-31 18:08:04,0.0006154230841513217,1117167616.0,0.09120000000384607
forecaster-tenant-pool,2026-01-31 18:08:34,0.0020412629435314815,1117138944.0,1.366099999996974
forecaster-tenant-pool,2026-01-31 18:09:04,0.0005180586466822754,1117409280.0,0.07959999999869372
forecaster-tenant-pool,2026-01-31 18:09:34,0.0023181773433242174,1117216768.0,1.1410000000019864
forecaster-tenant-pool,2026-01-31 18:10:03,0.0005701910025930598,1117323264.0,0.20289999999798358
forecaster-tenant-pool,2026-01-31 18:10:04,0.0005701910025930598,1117323264.0,0.20289999999798358
forecaster-tenant-pool,2026-01-31 18:10:33,0.002597830657160498,1117310976.0,1.2874000000010104
forecaster-tenant-pool,2026-01-31 18:11:03,0.0002205127842384742,1117315072.0,0.38700000000171714
forecaster-tenant-pool,2026-01-31 18:11:33,0.00302645130738893,1117061120.0,1.2860999999981384
forecaster-tenant-pool,2026-01-31 18:12:03,0.0017602412486062266,1117102080.0,0.12070000000500537
forecaster-tenant-pool,2026-01-31 18:12:33,0.0023349694097118214,1117130752.0,1.5263999999992546
forecaster-tenant-pool,2026-01-31 18:13:03,0.0015275197836797888,1117655040.0,0.11519999999430487
forecaster-tenant-pool,2026-01-31 18:13:33,0.0017222241298431278,1117200384.0,1.252100000004369
forecaster-tenant-pool,2026-01-31 18:14:03,0.0007003113058357392,1117487104.0,0.07780000000099487
forecaster-tenant-pool,2026-01-31 18:14:33,0.0024861381545469106,1117286400.0,1.4012999999993552
forecaster-tenant-pool,2026-01-31 18:15:03,0.00017073825181641178,1117290496.0,0.0738999999990483
forecaster-tenant-pool,2026-01-31 18:15:33,0.0018225532477474911,1117356032.0,1.327099999997578
forecaster-tenant-pool,2026-01-31 18:16:03,0.0006506833293938646,1117880320.0,0.09190000000029006
forecaster-tenant-pool,2026-01-31 18:16:33,0.002260453404971029,1117106176.0,1.386200000002888
forecaster-tenant-pool,2026-01-31 18:17:03,0.001512416484600278,1117405184.0,0.11579999999927774
forecaster-tenant-pool,2026-01-31 18:17:33,0.0018961791722746152,1117171712.0,1.1501999999982824
forecaster-tenant-pool,2026-01-31 18:18:03,0.00023222816726093854,1117171712.0,0.08269999999805197
forecaster-tenant-pool,2026-01-31 18:18:33,0.0020042637353654613,1117241344.0,1.3961000000043593
forecaster-tenant-pool,2026-01-31 18:19:03,0.0015490753180569755,1117278208.0,0.0759999999983241
forecaster-tenant-pool,2026-01-31 18:19:33,0.0020024284091240533,1117310976.0,1.2987999999983608
forecaster-tenant-pool,2026-01-31 18:20:01,0.0015553074351937954,1117343744.0,0.1044000000044131
forecaster-tenant-pool,2026-01-31 18:20:03,0.0002629338934823855,1117310976.0,0.1044000000044131
forecaster-tenant-pool,2026-01-31 18:20:31,0.002266376365502807,1117405184.0,1.339699999999296
forecaster-tenant-pool,2026-01-31 18:21:01,0.00020885129677225951,1117405184.0,0.23030000000059467
forecaster-tenant-pool,2026-01-31 18:21:31,0.0019449700971259406,1117147136.0,1.2181999999977657
forecaster-tenant-pool,2026-01-31 18:22:01,0.00030334041955027644,1117147136.0,0.11150000000404059
forecaster-tenant-pool,2026-01-31 18:22:31,0.0022977911038161475,1117216768.0,1.3964999999937089
forecaster-tenant-pool,2026-01-31 18:23:01,0.00019649979480800117,1117216768.0,0.09870000000361566
forecaster-tenant-pool,2026-01-31 18:23:31,0.00207228661279944,1117544448.0,1.364899999995699
forecaster-tenant-pool,2026-01-31 18:24:01,0.0002491704711232133,1117290496.0,0.07370000000173604
forecaster-tenant-pool,2026-01-31 18:24:31,0.0019378468126728025,1117376512.0,1.403299999999217
forecaster-tenant-pool,2026-01-31 18:25:01,0.0002420880882039356,1117454336.0,0.07530000000363846
forecaster-tenant-pool,2026-01-31 18:25:31,0.0025212036004071754,1117523968.0,1.3063999999969382
forecaster-tenant-pool,2026-01-31 18:26:01,0.00028055079661083363,1117642752.0,0.07610000000349829
forecaster-tenant-pool,2026-01-31 18:26:31,0.0021615273538602643,1117392896.0,1.4853000000013707
forecaster-tenant-pool,2026-01-31 18:27:01,0.000616219898006121,1117671424.0,0.10109999999500965
forecaster-tenant-pool,2026-01-31 18:27:31,0.001992151506100426,1117540352.0,1.2389000000002246
forecaster-tenant-pool,2026-01-31 18:28:01,0.0002653370636960759,1117614080.0,0.1066000000038912
forecaster-tenant-pool,2026-01-31 18:28:31,0.002893014982667174,1117675520.0,1.3885999999974956
forecaster-tenant-pool,2026-01-31 18:29:01,0.00024087726955474746,1117679616.0,0.07489999999749368
forecaster-tenant-pool,2026-01-31 18:29:31,0.0023559476930418545,1117745152.0,1.3728000000024623
forecaster-tenant-pool,2026-01-31 18:30:01,0.00023037456112448508,1117745152.0,0.07950000000194754
forecaster-tenant-pool,2026-01-31 18:30:02,0.00023037456112448508,1117745152.0,0.07950000000194754
forecaster-tenant-pool,2026-01-31 18:30:32,0.0022452410311367245,1117618176.0,1.3039999999985714
forecaster-tenant-pool,2026-01-31 18:31:02,0.00026177516396463663,1117618176.0,0.2516000000000834
forecaster-tenant-pool,2026-01-31 18:31:32,0.0021017158960738597,1117360128.0,1.2852999999988848
forecaster-tenant-pool,2026-01-31 18:32:02,0.000277001523729617,1117360128.0,0.09300000000221188
forecaster-tenant-pool,2026-01-31 18:32:32,0.0024061304815291853,1117429760.0,1.5219999999953264
forecaster-tenant-pool,2026-01-31 18:33:02,0.001086587234537444,1117687808.0,0.0767000000001038
forecaster-tenant-pool,2026-01-31 18:33:32,0.0017856648571734253,1117499392.0,1.3037000000020875
forecaster-tenant-pool,2026-01-31 18:34:02,0.0007871704284358212,1117605888.0,0.10300000000370346
forecaster-tenant-pool,2026-01-31 18:34:32,0.002578475701623387,1117569024.0,1.466500000000997
forecaster-tenant-pool,2026-01-31 18:35:02,0.0009883251114102196,1117507584.0,0.08149999999956586
forecaster-tenant-pool,2026-01-31 18:35:32,0.001977362482504559,1117638656.0,1.1696000000002944
forecaster-tenant-pool,2026-01-31 18:36:02,0.0010856389903133282,1118007296.0,0.21109999999656187
forecaster-tenant-pool,2026-01-31 18:36:32,0.0025761093409113855,1117380608.0,1.4139999999962432
forecaster-tenant-pool,2026-01-31 18:37:02,0.00023003162812324876,1117384704.0,0.09830000000589886
forecaster-tenant-pool,2026-01-31 18:37:32,0.0021233723263639794,1117450240.0,1.2766999999983455
forecaster-tenant-pool,2026-01-31 18:38:02,0.00027362316507902035,1117450240.0,0.0896999999958401
forecaster-tenant-pool,2026-01-31 18:38:32,0.001973479852703272,1117523968.0,1.335600000003433
forecaster-tenant-pool,2026-01-31 18:39:02,0.0013061961286034603,1117560832.0,0.09690000000246073
forecaster-tenant-pool,2026-01-31 18:39:32,0.002450563243126303,1117589504.0,1.3803999999995842
forecaster-tenant-pool,2026-01-31 18:40:02,0.000239886123748577,1117589504.0,0.0797999999978856
forecaster-tenant-pool,2026-01-31 18:40:02,0.0002424331386696924,1117589504.0,0.0797999999978856
forecaster-tenant-pool,2026-01-31 18:40:32,0.002434771079334937,1117585408.0,1.2980000000017753
forecaster-tenant-pool,2026-01-31 18:41:02,0.0017321432933226312,1117638656.0,0.24370000000120248
forecaster-tenant-pool,2026-01-31 18:41:32,0.0021419937412467285,1117331456.0,1.2936999999996865
forecaster-tenant-pool,2026-01-31 18:42:02,0.0015165468520664952,1117888512.0,0.10529999999428886
forecaster-tenant-pool,2026-01-31 18:42:32,0.0031761801155002177,1117401088.0,1.360500000005292
forecaster-tenant-pool,2026-01-31 18:43:02,0.0002380104182551763,1117401088.0,0.10420000000109818
forecaster-tenant-pool,2026-01-31 18:43:32,0.001768571549337086,1117470720.0,1.2841999999987819
forecaster-tenant-pool,2026-01-31 18:44:02,0.0005067050308166863,1117470720.0,0.09699999999702413
forecaster-tenant-pool,2026-01-31 18:44:32,0.0034479164063249863,1117540352.0,1.4862000000014328
forecaster-tenant-pool,2026-01-31 18:45:02,0.0015464919835627635,1117589504.0,0.08370000000237875
forecaster-tenant-pool,2026-01-31 18:45:32,0.0016858043057113368,1117605888.0,1.1889999999976983
forecaster-tenant-pool,2026-01-31 18:46:02,0.0017634462362742546,1117683712.0,0.07619999999915307
forecaster-tenant-pool,2026-01-31 18:46:32,0.00214320927761356,1117351936.0,1.3192000000006374
forecaster-tenant-pool,2026-01-31 18:47:02,0.0002462015079884585,1117368320.0,0.09909999999987727
forecaster-tenant-pool,2026-01-31 18:47:32,0.0022176822917970244,1117421568.0,0.832800000003408
forecaster-tenant-pool,2026-01-31 18:48:02,0.00022680212183803815,1117421568.0,0.41299999999755527
forecaster-tenant-pool,2026-01-31 18:48:32,0.0022775889838064414,1117487104.0,1.3692999999975652
forecaster-tenant-pool,2026-01-31 18:49:02,0.00021576876096629776,1117491200.0,0.07920000000285654
forecaster-tenant-pool,2026-01-31 18:49:32,0.0017823534591944014,1117556736.0,1.28010000000019
forecaster-tenant-pool,2026-01-31 18:50:02,0.00023305068134970997,1117560832.0,0.08080000000033274
forecaster-tenant-pool,2026-01-31 18:50:04,0.00019705070443551222,1117560832.0,0.08080000000033274
forecaster-tenant-pool,2026-01-31 18:50:34,0.002694027894604173,1117650944.0,1.5295999999952983
forecaster-tenant-pool,2026-01-31 18:51:04,0.0002324237216634732,1117650944.0,0.2637000000032761
forecaster-tenant-pool,2026-01-31 18:51:34,0.0019403592080572464,1117396992.0,1.2821000000004157
forecaster-tenant-pool,2026-01-31 18:52:04,0.0006095047971158109,1117585408.0,0.09439999999958673
forecaster-tenant-pool,2026-01-31 18:52:34,0.002439941088102612,1117466624.0,1.4714000000023588
forecaster-tenant-pool,2026-01-31 18:53:04,0.0017970575739908172,1117573120.0,0.08769999999743353
forecaster-tenant-pool,2026-01-31 18:53:34,0.0022135626449800495,1117536256.0,1.3282999999976406
forecaster-tenant-pool,2026-01-31 18:54:04,0.00014967427831901728,1117536256.0,0.07649999999854723
forecaster-tenant-pool,2026-01-31 18:54:34,0.002339099019970262,1117605888.0,1.3193000000065391
forecaster-tenant-pool,2026-01-31 18:55:04,0.0009773940466300246,1117880320.0,0.09729999999835855
forecaster-tenant-pool,2026-01-31 18:55:34,0.0019743168412676695,1117675520.0,1.2071999999987384
forecaster-tenant-pool,2026-01-31 18:56:04,0.0018173222037436625,1117708288.0,0.08669999999819994
forecaster-tenant-pool,2026-01-31 18:56:34,0.0019546586372740232,1117425664.0,1.3017000000053183
forecaster-tenant-pool,2026-01-31 18:57:04,0.0010784747097615736,1117716480.0,0.12749999999596184
forecaster-tenant-pool,2026-01-31 18:57:34,0.0023930194411834436,1117495296.0,1.278799999997803
forecaster-tenant-pool,2026-01-31 18:58:04,0.001039577442067777,1117511680.0,0.07300000000262419
forecaster-tenant-pool,2026-01-31 18:58:34,0.001974252735316337,1117564928.0,1.4129999999999805
forecaster-tenant-pool,2026-01-31 18:59:04,0.0004213949438614665,1117589504.0,0.11059999999633874
forecaster-tenant-pool,2026-01-31 18:59:34,0.001909186228789226,1117634560.0,0.40780000000243793
forecaster-tenant-pool,2026-01-31 19:00:03,0.0006108656435434753,1117634560.0,1.02140000000248
forecaster-tenant-pool,2026-01-31 19:00:04,0.0006108656435434753,1117634560.0,1.02140000000248
forecaster-tenant-pool,2026-01-31 19:00:33,0.002145025474635153,1117736960.0,1.3919000000013209
forecaster-tenant-pool,2026-01-31 19:01:03,0.0009028792116433793,1117765632.0,0.28079999999426947
forecaster-tenant-pool,2026-01-31 19:01:33,0.0025306385551375193,1117487104.0,1.3828000000048633
forecaster-tenant-pool,2026-01-31 19:02:03,0.0002550630129930665,1117487104.0,0.12059999999637512
forecaster-tenant-pool,2026-01-31 19:02:33,0.002656872233370068,1117552640.0,1.5181000000038694
forecaster-tenant-pool,2026-01-31 19:03:03,0.00023440100137697798,1117552640.0,0.10429999999881451
forecaster-tenant-pool,2026-01-31 19:03:33,0.002076511578476212,1117622272.0,1.2633999999991525
forecaster-tenant-pool,2026-01-31 19:04:03,0.0008346737858646232,1117900800.0,0.08169999999978851
forecaster-tenant-pool,2026-01-31 19:04:33,0.0024144070315800736,1118216192.0,1.341300000002775
forecaster-tenant-pool,2026-01-31 19:05:03,0.00040728179070843526,1117966336.0,0.10329999999939901
forecaster-tenant-pool,2026-01-31 19:05:33,0.0017174853227791308,1117761536.0,1.198500000001574
forecaster-tenant-pool,2026-01-31 19:06:03,0.0014838445165728201,1118306304.0,0.07409999999757322
forecaster-tenant-pool,2026-01-31 19:06:33,0.0024358876039336707,1117491200.0,1.3320000000014867
forecaster-tenant-pool,2026-01-31 19:07:03,0.00026471271118812484,1117491200.0,0.10889999999890278
forecaster-tenant-pool,2026-01-31 19:07:33,0.002167072247824235,1117556736.0,1.1930000000020906
forecaster-tenant-pool,2026-01-31 19:08:03,0.0016125200945335605,1117671424.0,0.09459999999714153
forecaster-tenant-pool,2026-01-31 19:08:33,0.0027817014753669074,1117622272.0,1.3307999999977256
forecaster-tenant-pool,2026-01-31 19:09:03,0.0015592283511955264,1118416896.0,0.11240000000349634
forecaster-tenant-pool,2026-01-31 19:09:33,0.0026009712368808575,1117691904.0,1.3344000000016727
forecaster-tenant-pool,2026-01-31 19:10:02,0.00023517062288728885,1117691904.0,0.09929999999646194
forecaster-tenant-pool,2026-01-31 19:10:03,0.00023355820731821807,1117691904.0,0.09929999999646194
forecaster-tenant-pool,2026-01-31 19:10:32,0.002296877922017592,1117786112.0,1.1240000000033736
forecaster-tenant-pool,2026-01-31 19:11:02,0.0007844742337074477,1117786112.0,0.46209999999318824
forecaster-tenant-pool,2026-01-31 19:11:32,0.001931940182946684,1117532160.0,1.2543000000009974
forecaster-tenant-pool,2026-01-31 19:12:02,0.0015256987993896719,1117835264.0,0.10610000000397121
forecaster-tenant-pool,2026-01-31 19:12:32,0.002784018660049437,1117605888.0,1.3928999999978866
forecaster-tenant-pool,2026-01-31 19:13:02,0.0019187073689932556,1118167040.0,0.11649999999954161
forecaster-tenant-pool,2026-01-31 19:13:32,0.001989608653984559,1117671424.0,1.2843000000032285
forecaster-tenant-pool,2026-01-31 19:14:02,0.00024855290087996685,1117671424.0,0.08929999999400025
forecaster-tenant-pool,2026-01-31 19:14:32,0.0024895987883488376,1117741056.0,1.401400000005257
forecaster-tenant-pool,2026-01-31 19:15:02,0.0002098342480332258,1118023680.0,0.09039999999731663
forecaster-tenant-pool,2026-01-31 19:15:32,0.0023273086964545275,1117814784.0,1.2941000000014053
forecaster-tenant-pool,2026-01-31 19:16:02,0.0017264217607595696,1118380032.0,0.06460000000273187
forecaster-tenant-pool,2026-01-31 19:16:32,0.0018754900181023005,1117556736.0,1.4248999999991308
forecaster-tenant-pool,2026-01-31 19:17:02,0.00031701765141027436,1117573120.0,0.06520000000018626
forecaster-tenant-pool,2026-01-31 19:17:32,0.002043091180047552,1116712960.0,1.0805000000012417
forecaster-tenant-pool,2026-01-31 19:18:02,0.0009859890949595654,1117007872.0,0.11359999999676802
forecaster-tenant-pool,2026-01-31 19:18:32,0.001704204351475976,1116819456.0,1.237500000003456
forecaster-tenant-pool,2026-01-31 19:19:02,0.0008551074025059479,1116880896.0,0.08909999999747621
forecaster-tenant-pool,2026-01-31 19:19:32,0.0020688634470045503,1117110272.0,1.301899999998568
forecaster-tenant-pool,2026-01-31 19:20:02,0.0002639673364129383,1117171712.0,0.11239999999900949
forecaster-tenant-pool,2026-01-31 19:20:08,0.0011936245367659992,1117474816.0,1.374100000000787
forecaster-tenant-pool,2026-01-31 19:20:38,0.0025310191586186267,1117429760.0,0.248800000003818
forecaster-tenant-pool,2026-01-31 19:21:08,0.0016592508821761539,1117253632.0,1.294499999994393
forecaster-tenant-pool,2026-01-31 19:21:38,0.001838279227727311,1117335552.0,0.11420000000149838
forecaster-tenant-pool,2026-01-31 19:22:08,0.0013278984249955892,1117364224.0,1.4691000000021937
forecaster-tenant-pool,2026-01-31 19:22:38,0.0019446717071892959,1117446144.0,0.07430000000082754
forecaster-tenant-pool,2026-01-31 19:23:08,0.0018068093142256025,1117515776.0,1.23879999999402
forecaster-tenant-pool,2026-01-31 19:23:38,0.0019287137379155157,1117605888.0,0.08320000000688502
forecaster-tenant-pool,2026-01-31 19:24:08,0.00022502765894792328,1117605888.0,1.2817999999945948
forecaster-tenant-pool,2026-01-31 19:24:38,0.0022035327763147996,1117675520.0,0.07849999999931849
forecaster-tenant-pool,2026-01-31 19:25:08,0.0006206938265525861,1118212096.0,1.2832000000005794
forecaster-tenant-pool,2026-01-31 19:25:38,0.0024105429680500454,1117757440.0,0.08330000000332805
forecaster-tenant-pool,2026-01-31 19:26:08,0.0002018724996564013,1117753344.0,1.2864000000009281
forecaster-tenant-pool,2026-01-31 19:26:38,0.001962139766902978,1117560832.0,0.12030000000122529
forecaster-tenant-pool,2026-01-31 19:27:08,0.0017297689285988634,1117937664.0,1.1815999999960696
forecaster-tenant-pool,2026-01-31 19:27:38,0.0019173050209275494,1117675520.0,0.12019999999762758
forecaster-tenant-pool,2026-01-31 19:28:08,0.002088944385433307,1118044160.0,1.2128000000000008
forecaster-tenant-pool,2026-01-31 19:28:38,0.001934422989903453,1117773824.0,0.08770000000428507
forecaster-tenant-pool,2026-01-31 19:29:08,0.0016645675471388163,1117884416.0,1.1710000000007617
forecaster-tenant-pool,2026-01-31 19:29:38,0.002399176633960548,1118257152.0,0.11149999999858363
forecaster-tenant-pool,2026-01-31 19:30:04,0.0004936785584844002,1118810112.0,0.11149999999858362
forecaster-tenant-pool,2026-01-31 19:30:08,0.0005770657951853598,1118810112.0,1.418500000000495
forecaster-tenant-pool,2026-01-31 19:30:34,0.002441711584827516,1118121984.0,1.4185000000004948
forecaster-tenant-pool,2026-01-31 19:31:04,0.0015434284447199036,1118150656.0,0.279199999998491
forecaster-tenant-pool,2026-01-31 19:31:34,0.0018289761764881992,1117917184.0,1.2833999999997103
forecaster-tenant-pool,2026-01-31 19:32:04,0.00026225837510161586,1117925376.0,0.11820000000188884
forecaster-tenant-pool,2026-01-31 19:32:34,0.002198678796033036,1117999104.0,1.3759999999966264
forecaster-tenant-pool,2026-01-31 19:33:04,0.0013396097540316631,1118306304.0,0.07770000000309665
forecaster-tenant-pool,2026-01-31 19:33:34,0.0017954335486873613,1118076928.0,1.2067000000003947
forecaster-tenant-pool,2026-01-31 19:34:04,0.0017599922541004732,1118212096.0,0.09589999999898281
forecaster-tenant-pool,2026-01-31 19:34:34,0.002105368493246499,1118171136.0,1.2639000000008915
forecaster-tenant-pool,2026-01-31 19:35:04,0.001873661064496218,1118507008.0,0.08099999999515906
forecaster-tenant-pool,2026-01-31 19:35:34,0.001913051309746669,1118076928.0,1.307000000007368
forecaster-tenant-pool,2026-01-31 19:36:04,0.0011321124988646011,1118339072.0,0.09099999999610495
forecaster-tenant-pool,2026-01-31 19:36:34,0.0022885460258461766,1117835264.0,1.4392000000028928
forecaster-tenant-pool,2026-01-31 19:37:04,0.0014272766928240758,1118134272.0,0.13649999999458184
forecaster-tenant-pool,2026-01-31 19:37:34,0.00236306573298902,1117732864.0,1.2158000000036433
forecaster-tenant-pool,2026-01-31 19:38:04,0.00027936713013794,1117732864.0,0.22240000000001603
forecaster-tenant-pool,2026-01-31 19:38:34,0.002714711271399353,1117802496.0,1.401799999997517
forecaster-tenant-pool,2026-01-31 19:39:04,0.0006691309619512057,1117843456.0,0.10939999999791326
forecaster-tenant-pool,2026-01-31 19:39:34,0.0019149673030539225,1117884416.0,1.2475000000065848
forecaster-tenant-pool,2026-01-31 19:40:04,0.0015210188611783147,1118167040.0,0.10929999999358794
forecaster-tenant-pool,2026-01-31 19:40:04,0.0015210188611783147,1118167040.0,0.10929999999358794
forecaster-tenant-pool,2026-01-31 19:40:34,0.0031223028113459336,1117970432.0,1.2694000000046193
forecaster-tenant-pool,2026-01-31 19:41:04,0.0019463806563884353,1118035968.0,0.3087999999990643
forecaster-tenant-pool,2026-01-31 19:41:34,0.001912168193719816,1117749248.0,1.1802000000020294
forecaster-tenant-pool,2026-01-31 19:42:04,0.00039975281373763914,1117802496.0,0.13789999999892946
forecaster-tenant-pool,2026-01-31 19:42:34,0.002091525115727517,1117818880.0,1.2788999999978234
forecaster-tenant-pool,2026-01-31 19:43:04,0.001369753608793076,1117835264.0,0.12400000000246413
forecaster-tenant-pool,2026-01-31 19:43:34,0.0018749089886622215,1117888512.0,1.2498000000015963
forecaster-tenant-pool,2026-01-31 19:44:04,0.0013139450967197034,1118445568.0,0.0989999999941574
forecaster-tenant-pool,2026-01-31 19:44:34,0.0030848127008872668,1118064640.0,1.5003000000060638
forecaster-tenant-pool,2026-01-31 19:45:04,0.00022950347586510425,1118105600.0,0.10639999999542246
forecaster-tenant-pool,2026-01-31 19:45:34,0.0019685201868931243,1118240768.0,1.2894000000044494
forecaster-tenant-pool,2026-01-31 19:46:04,0.0002624112626280479,1118273536.0,0.08119999999526044
forecaster-tenant-pool,2026-01-31 19:46:34,0.0021532099725143023,1118011392.0,1.3815000000049016
forecaster-tenant-pool,2026-01-31 19:47:04,0.0009755803365791218,1118547968.0,0.104499999995096
forecaster-tenant-pool,2026-01-31 19:47:34,0.0017526468261671061,1118081024.0,1.300299999999091
forecaster-tenant-pool,2026-01-31 19:48:04,0.00015026457318596584,1117745152.0,0.06770000000609191
forecaster-tenant-pool,2026-01-31 19:48:34,0.0021843252298517587,1117810688.0,1.3469999999931437
forecaster-tenant-pool,2026-01-31 19:49:04,0.00014022169838598955,1117810688.0,0.05150000000527749
forecaster-tenant-pool,2026-01-31 19:49:34,0.0026902861345488673,1117880320.0,1.189599999994971
forecaster-tenant-pool,2026-01-31 19:50:03,0.00026414853320419306,1117028352.0,0.06630000000198683
forecaster-tenant-pool,2026-01-31 19:50:04,0.00026414853320419306,1117028352.0,0.06630000000198683
forecaster-tenant-pool,2026-01-31 19:50:33,0.002367486089050362,1117122560.0,1.458800000003066
forecaster-tenant-pool,2026-01-31 19:51:03,0.0015099768199829753,1117466624.0,0.24969999999909
forecaster-tenant-pool,2026-01-31 19:51:33,0.0020005307789854555,1117138944.0,1.0791999999950956
forecaster-tenant-pool,2026-01-31 19:52:03,0.0002651707512175063,1116942336.0,0.3710000000057334
forecaster-tenant-pool,2026-01-31 19:52:33,0.0024936061117806197,1117052928.0,1.4923999999952986
forecaster-tenant-pool,2026-01-31 19:53:03,0.0014592690181897566,1117089792.0,0.10700000000306317
forecaster-tenant-pool,2026-01-31 19:53:33,0.002524576367787632,1117204480.0,1.2666999999959445
forecaster-tenant-pool,2026-01-31 19:54:03,0.0002184472093414,1117380608.0,0.07920000000473616
forecaster-tenant-pool,2026-01-31 19:54:33,0.0022032593623710324,1117544448.0,1.3814999999955035
forecaster-tenant-pool,2026-01-31 19:55:03,0.0009437002822673774,1117749248.0,0.08200000000651926
forecaster-tenant-pool,2026-01-31 19:55:33,0.0022789885603534408,1117876224.0,1.3745999999984027
forecaster-tenant-pool,2026-01-31 19:56:03,0.0015811096432696186,1117970432.0,0.09830000000159392
forecaster-tenant-pool,2026-01-31 19:56:33,0.002395018763773811,1117679616.0,1.405099999998735
forecaster-tenant-pool,2026-01-31 19:57:03,0.0012106264262102975,1117704192.0,0.09709999999946982
forecaster-tenant-pool,2026-01-31 19:57:33,0.0021668216777254454,1117749248.0,1.1963999999997517
forecaster-tenant-pool,2026-01-31 19:58:03,0.0006271440674167397,1117245440.0,0.06790000000037252
forecaster-tenant-pool,2026-01-31 19:58:33,0.00232704013728661,1117274112.0,1.2565000000013242
forecaster-tenant-pool,2026-01-31 19:59:03,0.00015207403487555376,1117278208.0,0.05439999999944121
forecaster-tenant-pool,2026-01-31 19:59:33,0.00224351943500256,1117343744.0,1.146099999997144
forecaster-tenant-pool,2026-01-31 20:00:03,0.00020805813083089197,1117343744.0,0.10510000000401003
forecaster-tenant-pool,2026-01-31 20:00:05,0.00192935053781236,1117364224.0,0.10510000000401003
forecaster-tenant-pool,2026-01-31 20:00:35,0.002838386299924407,1117437952.0,1.3609999999998157
forecaster-tenant-pool,2026-01-31 20:01:05,0.00022896039926016817,1117437952.0,0.23109999999348171
forecaster-tenant-pool,2026-01-31 20:01:35,0.0018386763878980908,1117184000.0,1.2064000000038504
forecaster-tenant-pool,2026-01-31 20:02:05,0.0019262860506312493,1117687808.0,0.10600000000285945
forecaster-tenant-pool,2026-01-31 20:02:35,0.002332265069628457,1117392896.0,1.4708999999955872
forecaster-tenant-pool,2026-01-31 20:03:05,0.002118812763816827,1117736960.0,0.08789999999929327
forecaster-tenant-pool,2026-01-31 20:03:35,0.0021503372596793956,1117523968.0,1.3518999999983863
forecaster-tenant-pool,2026-01-31 20:04:05,0.00021753929045021313,1117540352.0,0.10970000000076349
forecaster-tenant-pool,2026-01-31 20:04:35,0.0022738087234591827,1117609984.0,1.3623999999991914
forecaster-tenant-pool,2026-01-31 20:05:05,0.0006958834824721362,1117622272.0,0.11100000000163467
forecaster-tenant-pool,2026-01-31 20:05:35,0.0018138720374184804,1117683712.0,1.209999999998945
forecaster-tenant-pool,2026-01-31 20:06:05,0.00039150359749520703,1117822976.0,0.08660000000315146
forecaster-tenant-pool,2026-01-31 20:06:35,0.0024007938249304525,1117614080.0,1.305699999998554
forecaster-tenant-pool,2026-01-31 20:07:05,0.0011343584002510738,1117888512.0,0.1346000000041992
forecaster-tenant-pool,2026-01-31 20:07:35,0.002068968301461119,1117745152.0,1.2079999999979312
forecaster-tenant-pool,2026-01-31 20:08:05,0.00043555765380224617,1118277632.0,0.07880000000283569
forecaster-tenant-pool,2026-01-31 20:08:35,0.0018287099122307447,1117814784.0,1.186700000000019
forecaster-tenant-pool,2026-01-31 20:09:05,0.0017259481060975608,1117900800.0,0.18929999999751695
forecaster-tenant-pool,2026-01-31 20:09:35,0.0018471026617574752,1117884416.0,1.2012000000000627
forecaster-tenant-pool,2026-01-31 20:10:05,0.0006988498007088225,1117913088.0,0.09319999999867529
forecaster-tenant-pool,2026-01-31 20:10:06,0.0006988498007088225,1117913088.0,0.09319999999867529
forecaster-tenant-pool,2026-01-31 20:10:36,0.0028100685917505845,1117978624.0,0.7420000000000072
forecaster-tenant-pool,2026-01-31 20:11:06,0.00040593639625958154,1118257152.0,0.7975000000015522
forecaster-tenant-pool,2026-01-31 20:11:36,0.0019726609019062417,1117724672.0,1.268200000000373
forecaster-tenant-pool,2026-01-31 20:12:06,0.0014823208747268234,1118539776.0,0.10980000000187526
forecaster-tenant-pool,2026-01-31 20:12:36,0.0020299803215194506,1118027776.0,1.3589999999987412
forecaster-tenant-pool,2026-01-31 20:13:06,0.0012642143634569538,1118060544.0,0.09279999999513772
forecaster-tenant-pool,2026-01-31 20:13:36,0.001976146368176055,1118146560.0,1.2190000000030219
forecaster-tenant-pool,2026-01-31 20:14:06,0.0013058858744138245,1118670848.0,0.08269999999689995
forecaster-tenant-pool,2026-01-31 20:14:36,0.0025003692699895248,1118240768.0,1.4038000000038058
forecaster-tenant-pool,2026-01-31 20:15:06,0.0016677612579282873,1118838784.0,0.08310000000068006
forecaster-tenant-pool,2026-01-31 20:15:36,0.0018293241024619402,1118347264.0,1.2452000000006591
forecaster-tenant-pool,2026-01-31 20:16:06,0.0019964400889603343,1118650368.0,0.0849999999962165
forecaster-tenant-pool,2026-01-31 20:16:36,0.0024621706691702653,1118093312.0,1.302500000004511
forecaster-tenant-pool,2026-01-31 20:17:06,0.00023791662574269121,1118097408.0,0.22709999999418262
forecaster-tenant-pool,2026-01-31 20:17:36,0.0019186366613382988,1118162944.0,1.208300000003328
forecaster-tenant-pool,2026-01-31 20:18:06,0.001672852715187443,1118187520.0,0.0721999999982169
forecaster-tenant-pool,2026-01-31 20:18:36,0.002483369079532056,1118232576.0,1.5041000000037457
forecaster-tenant-pool,2026-01-31 20:19:06,0.0018120798732293654,1118253056.0,0.0908999999985099
forecaster-tenant-pool,2026-01-31 20:19:36,0.002188472953601416,1118302208.0,1.2719000000008236
forecaster-tenant-pool,2026-01-31 20:20:02,0.000276348387802662,1118576640.0,0.07889999999491314
forecaster-tenant-pool,2026-01-31 20:20:06,0.00031375378554814997,1118576640.0,0.07889999999491314
forecaster-tenant-pool,2026-01-31 20:20:32,0.002552877298175116,1118400512.0,1.2698000000030638
forecaster-tenant-pool,2026-01-31 20:21:02,0.0015997416373996537,1119232000.0,0.4130000000025878
forecaster-tenant-pool,2026-01-31 20:21:32,0.0020047431057282927,1118150656.0,1.358599999993809
forecaster-tenant-pool,2026-01-31 20:22:02,0.0020145954344112727,1118527488.0,0.08710000000440535
forecaster-tenant-pool,2026-01-31 20:22:32,0.0028279709119978184,1118220288.0,1.4037999999985307
forecaster-tenant-pool,2026-01-31 20:23:02,0.00021034439163940928,1118044160.0,0.1249999999990905
forecaster-tenant-pool,2026-01-31 20:23:32,0.0021106541424734666,1118109696.0,1.2761000000018006
forecaster-tenant-pool,2026-01-31 20:24:02,0.0018747765056666018,1118220288.0,0.09729999999835855
forecaster-tenant-pool,2026-01-31 20:24:32,0.002710051153063021,1118179328.0,1.4302000000046975
forecaster-tenant-pool,2026-01-31 20:25:02,0.0009440197642777609,1118461952.0,0.2448999999976877
forecaster-tenant-pool,2026-01-31 20:25:32,0.001750872759461763,1118248960.0,1.1969999999999346
forecaster-tenant-pool,2026-01-31 20:26:02,0.0014248174315141424,1118535680.0,0.08029999999604721
forecaster-tenant-pool,2026-01-31 20:26:32,0.0029414248006482888,1118019584.0,1.3397000000018429
forecaster-tenant-pool,2026-01-31 20:27:02,0.00023689436335290934,1118015488.0,0.2603999999975107
forecaster-tenant-pool,2026-01-31 20:27:32,0.001897115757384673,1118081024.0,1.1395000000070166
forecaster-tenant-pool,2026-01-31 20:28:02,0.0015366403849970216,1118126080.0,0.08299999999289866
forecaster-tenant-pool,2026-01-31 20:28:32,0.002841308839819324,1118150656.0,1.170000000004802
forecaster-tenant-pool,2026-01-31 20:29:02,0.0002637159827793826,1118150656.0,0.3376999999985855
forecaster-tenant-pool,2026-01-31 20:29:32,0.0018249259229349236,1118224384.0,1.311099999997411
forecaster-tenant-pool,2026-01-31 20:30:02,0.00020817535929894146,1118220288.0,0.11450000000556125
forecaster-tenant-pool,2026-01-31 20:30:02,0.0006054780643246972,1118314496.0,0.11450000000556125
forecaster-tenant-pool,2026-01-31 20:30:32,0.003334739018665648,1118314496.0,1.3487000000007658
forecaster-tenant-pool,2026-01-31 20:31:02,0.0002736121842165689,1118408704.0,0.3926999999986341
forecaster-tenant-pool,2026-01-31 20:31:32,0.0020366327249504218,1118154752.0,1.4009999999948681
forecaster-tenant-pool,2026-01-31 20:32:02,0.0015087842958479362,1118208000.0,0.10179999999939658
forecaster-tenant-pool,2026-01-31 20:32:32,0.001802175885280229,1118248960.0,1.2835000000073098
forecaster-tenant-pool,2026-01-31 20:33:02,0.0016151091127882221,1118535680.0,0.2176999999926314
forecaster-tenant-pool,2026-01-31 20:33:32,0.0018970386889886975,1118318592.0,1.265700000007079
forecaster-tenant-pool,2026-01-31 20:34:02,0.001808599045982147,1118371840.0,0.09020000000012562
forecaster-tenant-pool,2026-01-31 20:34:32,0.0026259040578282444,1118384128.0,1.1685999999994843
forecaster-tenant-pool,2026-01-31 20:35:02,0.0002625490149282238,1118384128.0,0.253199999999985
forecaster-tenant-pool,2026-01-31 20:35:32,0.002047615544842409,1118453760.0,1.3347999999998137
forecaster-tenant-pool,2026-01-31 20:36:02,0.0013235723068471153,1118461952.0,0.09899999999591576
forecaster-tenant-pool,2026-01-31 20:36:32,0.002134723012596293,1118195712.0,1.3486000000015945
forecaster-tenant-pool,2026-01-31 20:37:02,0.0014623221592025171,1118527488.0,0.24419999999639308
forecaster-tenant-pool,2026-01-31 20:37:32,0.0019350745830041404,1118265344.0,1.2842000000039966
forecaster-tenant-pool,2026-01-31 20:38:02,0.0014187116470839602,1118810112.0,0.08899999999745584
forecaster-tenant-pool,2026-01-31 20:38:32,0.0021632936367895206,1118339072.0,1.2803000000046572
forecaster-tenant-pool,2026-01-31 20:39:02,0.0003268787242119216,1118601216.0,0.21049999999844052
forecaster-tenant-pool,2026-01-31 20:39:32,0.002281652946664128,1118408704.0,1.2876999999976153
forecaster-tenant-pool,2026-01-31 20:40:02,0.0002430232349513955,1118408704.0,0.10689999999855596
forecaster-tenant-pool,2026-01-31 20:40:02,0.0002347292831168714,1118408704.0,0.10689999999855596
forecaster-tenant-pool,2026-01-31 20:40:32,0.0019414955404315401,1118498816.0,1.2790000000046953
forecaster-tenant-pool,2026-01-31 20:41:02,0.0016440973468750497,1118846976.0,0.33669999999819994
forecaster-tenant-pool,2026-01-31 20:41:32,0.002189703024842806,1118261248.0,1.343499999997948
forecaster-tenant-pool,2026-01-31 20:42:02,0.0016366907977989223,1118298112.0,0.11780000000550596
forecaster-tenant-pool,2026-01-31 20:42:32,0.0022539351115446163,1118322688.0,1.2664999999967523
forecaster-tenant-pool,2026-01-31 20:43:02,0.0002482192164306072,1118322688.0,0.19429999999877812
forecaster-tenant-pool,2026-01-31 20:43:32,0.0019961242609541317,1118392320.0,1.2665999999989557
forecaster-tenant-pool,2026-01-31 20:44:02,0.0016201611107356387,1118453760.0,0.07969999999859283
forecaster-tenant-pool,2026-01-31 20:44:32,0.0022761281995789277,1118461952.0,1.2106000000041606
forecaster-tenant-pool,2026-01-31 20:45:02,0.00020840700973782136,1118334976.0,0.24419999999627182
forecaster-tenant-pool,2026-01-31 20:45:32,0.00194008938328442,1118404608.0,1.4204999999992651
forecaster-tenant-pool,2026-01-31 20:46:02,0.00024310633787673873,1118404608.0,0.09710000000680641
forecaster-tenant-pool,2026-01-31 20:46:32,0.0022701543797978034,1118138368.0,1.254199999995217
forecaster-tenant-pool,2026-01-31 20:47:02,0.0014598984497235178,1118420992.0,0.22180000000153086
forecaster-tenant-pool,2026-01-31 20:47:32,0.0020104375959806562,1118212096.0,1.2224999999982782
forecaster-tenant-pool,2026-01-31 20:48:02,0.00023041544743015042,1118208000.0,0.11070000000042152
forecaster-tenant-pool,2026-01-31 20:48:32,0.0022481077458174617,1118277632.0,1.1637000000016997
forecaster-tenant-pool,2026-01-31 20:49:02,0.0006660471045342137,1118801920.0,0.2348999999989246
forecaster-tenant-pool,2026-01-31 20:49:32,0.0024296230362317976,1118347264.0,1.3435000000009192
forecaster-tenant-pool,2026-01-31 20:50:02,0.00020662003936933675,1118347264.0,0.07139999999987291
forecaster-tenant-pool,2026-01-31 20:50:03,0.00020323398323530896,1118347264.0,0.07139999999987291
forecaster-tenant-pool,2026-01-31 20:50:33,0.003038855715660375,1118441472.0,1.2187999999978274
forecaster-tenant-pool,2026-01-31 20:51:03,0.0010925935264207362,1118720000.0,0.35989999999807576
forecaster-tenant-pool,2026-01-31 20:51:33,0.0018672792650495918,1118187520.0,1.1890000000046104
forecaster-tenant-pool,2026-01-31 20:52:03,0.0017358509970106166,1118621696.0,0.12920000000194704
forecaster-tenant-pool,2026-01-31 20:52:33,0.0023172648680271214,1118535680.0,1.3404999999993379
forecaster-tenant-pool,2026-01-31 20:53:03,0.0010003005930316231,1118912512.0,0.20739999999617187
forecaster-tenant-pool,2026-01-31 20:53:33,0.002938907585736194,1118670848.0,1.2058999999996862
forecaster-tenant-pool,2026-01-31 20:54:03,0.0003979769261306414,1119461376.0,0.11820000000395035
forecaster-tenant-pool,2026-01-31 20:54:33,0.002325067724121166,1118740480.0,1.2813999999953012
forecaster-tenant-pool,2026-01-31 20:55:03,0.000373046191781787,1118887936.0,0.23670000000092842
forecaster-tenant-pool,2026-01-31 20:55:33,0.0020053317319683197,1118683136.0,1.3788000000050185
forecaster-tenant-pool,2026-01-31 20:56:03,0.00019946258051516767,1118683136.0,0.08349999999967016
forecaster-tenant-pool,2026-01-31 20:56:33,0.0018574900639752939,1118425088.0,1.2661999999959033
forecaster-tenant-pool,2026-01-31 20:57:03,0.0018314336929861241,1118785536.0,0.2031999999982266
forecaster-tenant-pool,2026-01-31 20:57:33,0.002349193523386075,1118494720.0,1.2898000000044703
forecaster-tenant-pool,2026-01-31 20:58:03,0.00022682602839879348,1118498816.0,0.08149999999792877
forecaster-tenant-pool,2026-01-31 20:58:33,0.0022780283163446806,1118564352.0,1.1394999999984066
forecaster-tenant-pool,2026-01-31 20:59:03,0.0006446741506490534,1118564352.0,0.22620000000539828
forecaster-tenant-pool,2026-01-31 20:59:33,0.001948274715746704,1118650368.0,1.0420999999978449
forecaster-tenant-pool,2026-01-31 21:00:01,0.00025141551116377077,1118650368.0,0.33899999999563685
forecaster-tenant-pool,2026-01-31 21:00:03,0.00025141551116377077,1118650368.0,0.33899999999563685
forecaster-tenant-pool,2026-01-31 21:00:31,0.002377153910289223,1118740480.0,1.2464000000040565
forecaster-tenant-pool,2026-01-31 21:01:01,0.0009059204268453187,1118924800.0,0.384000000001591
forecaster-tenant-pool,2026-01-31 21:01:31,0.0027236802434111866,1118498816.0,1.2147999999941022
forecaster-tenant-pool,2026-01-31 21:02:01,0.0002469659452419564,1118498816.0,0.11280000000006112
forecaster-tenant-pool,2026-01-31 21:02:31,0.0020971325736626307,1118568448.0,0.9809000000022328
forecaster-tenant-pool,2026-01-31 21:03:01,0.0012515434345777292,1118568448.0,0.38980000000283327
forecaster-tenant-pool,2026-01-31 21:03:31,0.0021060110415711234,1118457856.0,1.3685000000003735
forecaster-tenant-pool,2026-01-31 21:04:01,0.0006106567428275372,1118810112.0,0.10779999999728412
forecaster-tenant-pool,2026-01-31 21:04:31,0.002385567944256294,1118527488.0,1.3070000000044577
forecaster-tenant-pool,2026-01-31 21:05:01,0.00025578697187011155,1118539776.0,0.2529999999950329
forecaster-tenant-pool,2026-01-31 21:05:31,0.0021913270077031626,1118597120.0,1.235900000000038
forecaster-tenant-pool,2026-01-31 21:06:01,0.0005752778989061366,1118695424.0,0.11400000000163951
forecaster-tenant-pool,2026-01-31 21:06:31,0.0020924458183191976,1118371840.0,0.6595000000016322
forecaster-tenant-pool,2026-01-31 21:07:01,0.00026411100281681425,1118371840.0,0.7812999999969785
forecaster-tenant-pool,2026-01-31 21:07:31,0.0028547053904485033,1118519296.0,1.3259000000034575
forecaster-tenant-pool,2026-01-31 21:08:01,0.00026345792273979607,1118523392.0,0.09160000000028957
forecaster-tenant-pool,2026-01-31 21:08:31,0.002080691745270961,1118593024.0,1.288099999998485
forecaster-tenant-pool,2026-01-31 21:09:01,0.0003620817141494901,1118859264.0,0.21379999999656624
forecaster-tenant-pool,2026-01-31 21:09:31,0.0021506319976204702,1118666752.0,1.2369000000050923
forecaster-tenant-pool,2026-01-31 21:10:01,0.0002346121535190409,1118666752.0,0.09549999999956829
forecaster-tenant-pool,2026-01-31 21:10:02,0.00024087253199871374,1118670848.0,0.09549999999956829
forecaster-tenant-pool,2026-01-31 21:10:32,0.002187200207436912,1118765056.0,1.1455000000013873
forecaster-tenant-pool,2026-01-31 21:11:02,0.0012358278557142164,1118875648.0,0.39609999999623446
forecaster-tenant-pool,2026-01-31 21:11:32,0.002633085534269944,1118482432.0,1.2175000000005336
forecaster-tenant-pool,2026-01-31 21:12:02,0.0015198376200671255,1119039488.0,0.1602000000024418
forecaster-tenant-pool,2026-01-31 21:12:32,0.0017995670138986537,1118552064.0,1.2147999999974368
forecaster-tenant-pool,2026-01-31 21:13:02,0.0007199598803191877,1118646272.0,0.21210000000076737
forecaster-tenant-pool,2026-01-31 21:13:32,0.0018621835749430165,1118621696.0,1.2331999999988208
forecaster-tenant-pool,2026-01-31 21:14:02,0.0005469608025064063,1118728192.0,0.09340000000156579
forecaster-tenant-pool,2026-01-31 21:14:32,0.00236274562481073,1118687232.0,1.2761999999990923
forecaster-tenant-pool,2026-01-31 21:15:02,0.00024394267997650157,1118687232.0,0.22989999999930055
forecaster-tenant-pool,2026-01-31 21:15:32,0.0020615676287122865,1118760960.0,1.3255999999983032
forecaster-tenant-pool,2026-01-31 21:16:02,0.000230293464869081,1118756864.0,0.09890000000499033
forecaster-tenant-pool,2026-01-31 21:16:32,0.0023663793319544106,1118507008.0,1.1223999999928613
forecaster-tenant-pool,2026-01-31 21:17:02,0.0006382985676873593,1118507008.0,0.44140000000437185
forecaster-tenant-pool,2026-01-31 21:17:32,0.0023345386669130722,1118576640.0,1.3487999999982396
forecaster-tenant-pool,2026-01-31 21:18:02,0.0002428259758912121,1118576640.0,0.08950000000465176
forecaster-tenant-pool,2026-01-31 21:18:32,0.002111740514911704,1118646272.0,1.184299999999045
forecaster-tenant-pool,2026-01-31 21:19:02,0.0016991884176165292,1118900224.0,0.2557999999967554
forecaster-tenant-pool,2026-01-31 21:19:32,0.0018460566054630083,1118715904.0,1.1986000000026251
forecaster-tenant-pool,2026-01-31 21:20:01,0.0003218649902941399,1118736384.0,0.11990000000065872
forecaster-tenant-pool,2026-01-31 21:20:02,0.0002751199226618178,1118736384.0,0.11990000000065872
forecaster-tenant-pool,2026-01-31 21:20:31,0.003077187875567532,1118875648.0,1.2273999999997007
forecaster-tenant-pool,2026-01-31 21:21:01,0.0009225735232444554,1118920704.0,0.38390000000163127
forecaster-tenant-pool,2026-01-31 21:21:31,0.0019575769196407094,1118724096.0,1.265599999992446
forecaster-tenant-pool,2026-01-31 21:22:01,0.001468131078910033,1119334400.0,0.11180000000161575
forecaster-tenant-pool,2026-01-31 21:22:31,0.0024620375712891473,1118806016.0,1.3099000000008647
forecaster-tenant-pool,2026-01-31 21:23:01,0.00022864362842004576,1118810112.0,0.19649999999801365
forecaster-tenant-pool,2026-01-31 21:23:31,0.0018648963980887384,1118883840.0,1.2957000000015493
forecaster-tenant-pool,2026-01-31 21:24:01,0.0002398620422896573,1118654464.0,0.11249999999890861
forecaster-tenant-pool,2026-01-31 21:24:31,0.002345414183788106,1118720000.0,1.2877000000020415
forecaster-tenant-pool,2026-01-31 21:25:01,0.00025299584479584206,1118720000.0,0.22680000000436848
forecaster-tenant-pool,2026-01-31 21:25:31,0.002095393781632227,1118789632.0,1.2645999999940614
forecaster-tenant-pool,2026-01-31 21:26:01,0.0011317111750614728,1119064064.0,0.08810000000260818
forecaster-tenant-pool,2026-01-31 21:26:31,0.0019302727078207341,1118531584.0,1.34690000000143
forecaster-tenant-pool,2026-01-31 21:27:01,0.0016034498744498134,1118887936.0,0.23410000000161138
forecaster-tenant-pool,2026-01-31 21:27:31,0.0028017219233643486,1118605312.0,1.0500999999992322
forecaster-tenant-pool,2026-01-31 21:28:01,0.0002623291404308652,1118605312.0,0.4313999999978477
forecaster-tenant-pool,2026-01-31 21:28:31,0.001953189717509226,1118670848.0,1.2354000000023613
forecaster-tenant-pool,2026-01-31 21:29:01,0.000414784028379327,1118670848.0,0.19920000000074653
forecaster-tenant-pool,2026-01-31 21:29:31,0.00205641102012422,1118740480.0,1.3556999999994634
forecaster-tenant-pool,2026-01-31 21:30:01,0.00021992626212712728,1118740480.0,0.10809999999886107
forecaster-tenant-pool,2026-01-31 21:30:02,0.0005137761187623764,1119006720.0,0.10809999999886107
forecaster-tenant-pool,2026-01-31 21:30:32,0.0025174463225987845,1118830592.0,1.2701000000000324
forecaster-tenant-pool,2026-01-31 21:31:02,0.0016544835433974809,1118855168.0,0.3732999999955306
forecaster-tenant-pool,2026-01-31 21:31:32,0.002642370058424101,1118580736.0,1.2580999999988611
forecaster-tenant-pool,2026-01-31 21:32:02,0.0002527503812162159,1118580736.0,0.11219999999993888
forecaster-tenant-pool,2026-01-31 21:32:32,0.0021523070221288886,1118650368.0,1.2948000000040338
forecaster-tenant-pool,2026-01-31 21:33:02,0.0011881840397711004,1118658560.0,0.19049999999600306
forecaster-tenant-pool,2026-01-31 21:33:32,0.0018132762024017622,1118720000.0,1.2482999999998963
forecaster-tenant-pool,2026-01-31 21:34:02,0.0015809728458649399,1118789632.0,0.079700000003686
forecaster-tenant-pool,2026-01-31 21:34:32,0.002093142537139533,1118789632.0,1.1751000000026277
forecaster-tenant-pool,2026-01-31 21:35:02,0.00030051882241062517,1118797824.0,0.19380000000122283
forecaster-tenant-pool,2026-01-31 21:35:32,0.002362260821181687,1118855168.0,1.2392999999984264
forecaster-tenant-pool,2026-01-31 21:36:02,0.00026442612693392903,1118855168.0,0.12310000000173507
forecaster-tenant-pool,2026-01-31 21:36:32,0.002014678639923848,1118601216.0,1.3415999999971975
forecaster-tenant-pool,2026-01-31 21:37:02,0.0017916937112333001,1118892032.0,0.23180000000229484
forecaster-tenant-pool,2026-01-31 21:37:32,0.002691933211295832,1118666752.0,1.2797999999982494
forecaster-tenant-pool,2026-01-31 21:38:02,0.0008158654871892801,1118679040.0,0.07579999999482728
forecaster-tenant-pool,2026-01-31 21:38:32,0.0018888877503716842,1118736384.0,1.2673000000004928
forecaster-tenant-pool,2026-01-31 21:39:02,0.0011641699077913831,1119010816.0,0.20190000000626848
forecaster-tenant-pool,2026-01-31 21:39:32,0.002072684212323324,1118810112.0,1.2707000000005793
forecaster-tenant-pool,2026-01-31 21:40:02,0.00024427172171657486,1118806016.0,0.09439999999376596
forecaster-tenant-pool,2026-01-31 21:40:02,0.00024427172171657486,1118806016.0,0.09439999999376596
forecaster-tenant-pool,2026-01-31 21:40:32,0.002450671828351499,1118896128.0,1.2458000000050864
forecaster-tenant-pool,2026-01-31 21:41:02,0.0003735568072929899,1118924800.0,0.37639999999919377
forecaster-tenant-pool,2026-01-31 21:41:32,0.0019881487178151597,1118646272.0,1.1633000000000415
forecaster-tenant-pool,2026-01-31 21:42:02,0.0013824439545434316,1119051776.0,0.09589999999825523
forecaster-tenant-pool,2026-01-31 21:42:32,0.0018856138247695436,1118785536.0,1.2082999999987807
forecaster-tenant-pool,2026-01-31 21:43:02,0.00022590478852045764,1118793728.0,0.19860000000244324
forecaster-tenant-pool,2026-01-31 21:43:32,0.0018905205554269181,1118867456.0,1.1767000000019834
forecaster-tenant-pool,2026-01-31 21:44:02,0.0002329684726367908,1118871552.0,0.08829999999573677
forecaster-tenant-pool,2026-01-31 21:44:32,0.0021992353576979072,1118937088.0,1.250399999998687
forecaster-tenant-pool,2026-01-31 21:45:02,0.001851444535477182,1118982144.0,0.22990000000245345
forecaster-tenant-pool,2026-01-31 21:45:32,0.0020554489283314513,1119006720.0,1.282800000003105
forecaster-tenant-pool,2026-01-31 21:46:02,0.0011986792999084262,1119031296.0,0.09039999999671029
forecaster-tenant-pool,2026-01-31 21:46:32,0.0030642694922844035,1118785536.0,1.258700000002136
forecaster-tenant-pool,2026-01-31 21:47:02,0.0010309516482072362,1119072256.0,0.28859999999403957
forecaster-tenant-pool,2026-01-31 21:47:32,0.0020317472807911087,1118851072.0,1.3213000000050064
forecaster-tenant-pool,2026-01-31 21:48:02,0.00023268274307515342,1118851072.0,0.0803999999995843
forecaster-tenant-pool,2026-01-31 21:48:32,0.0021566043082862575,1118920704.0,1.3133999999983643
forecaster-tenant-pool,2026-01-31 21:49:02,0.00023881635282408878,1118920704.0,0.2168000000037864
forecaster-tenant-pool,2026-01-31 21:49:32,0.0021009280847068767,1118990336.0,1.2366999999955928
forecaster-tenant-pool,2026-01-31 21:50:01,0.00023895078490460876,1118990336.0,0.07389999999826008
forecaster-tenant-pool,2026-01-31 21:50:02,0.00019602552681504,1118990336.0,0.07389999999826008
forecaster-tenant-pool,2026-01-31 21:50:31,0.002163603169250198,1119084544.0,1.223200000003453
forecaster-tenant-pool,2026-01-31 21:51:01,0.0008174050773414913,1119092736.0,0.3561000000013034
forecaster-tenant-pool,2026-01-31 21:51:31,0.0017694588443366614,1118842880.0,1.03709999999719
forecaster-tenant-pool,2026-01-31 21:52:01,0.000301750782501877,1118842880.0,0.21210000000355647
forecaster-tenant-pool,2026-01-31 21:52:31,0.0022219363465014242,1118785536.0,1.2593000000006214
forecaster-tenant-pool,2026-01-31 21:53:01,0.001483090161978965,1118806016.0,0.19479999999797049
forecaster-tenant-pool,2026-01-31 21:53:31,0.002153187062234438,1118855168.0,1.303399999999298
forecaster-tenant-pool,2026-01-31 21:54:01,0.0002233724665020846,1118859264.0,0.09749999999821739
forecaster-tenant-pool,2026-01-31 21:54:31,0.002044236529720179,1118924800.0,1.1835000000014286
forecaster-tenant-pool,2026-01-31 21:55:01,0.0014544725478092587,1119526912.0,0.19030000000299574
forecaster-tenant-pool,2026-01-31 21:55:31,0.001990328569101257,1118994432.0,1.2930999999995039
forecaster-tenant-pool,2026-01-31 21:56:01,0.00019469993237581978,1118994432.0,0.0909000000002076
forecaster-tenant-pool,2026-01-31 21:56:31,0.0025202006351273364,1118732288.0,1.266199999996752
forecaster-tenant-pool,2026-01-31 21:57:01,0.001540516549140561,1118752768.0,0.2736999999974311
forecaster-tenant-pool,2026-01-31 21:57:31,0.002392663773995861,1118797824.0,1.261600000004182
forecaster-tenant-pool,2026-01-31 21:58:01,0.00022323936232819685,1118797824.0,0.09619999999643672
forecaster-tenant-pool,2026-01-31 21:58:31,0.001923356737827544,1118863360.0,1.2738999999998366
forecaster-tenant-pool,2026-01-31 21:59:01,0.0011346037555303675,1119195136.0,0.2451000000055501
forecaster-tenant-pool,2026-01-31 21:59:31,0.0021826919859553647,1118932992.0,1.2880999999939982
forecaster-tenant-pool,2026-01-31 22:00:01,0.00012873548513922135,1118932992.0,0.07250000000440196
forecaster-tenant-pool,2026-01-31 22:00:02,0.00037484669784809276,1118990336.0,0.07250000000440196
forecaster-tenant-pool,2026-01-31 22:00:32,0.002587199187038586,1119027200.0,1.3788000000019867
forecaster-tenant-pool,2026-01-31 22:01:02,0.0015854556962164978,1119039488.0,0.41400000000024495
forecaster-tenant-pool,2026-01-31 22:01:32,0.0018960263789501847,1118773248.0,1.2152999999965686
forecaster-tenant-pool,2026-01-31 22:02:02,0.00026079518152440355,1118777344.0,0.10089999999818247
forecaster-tenant-pool,2026-01-31 22:02:32,0.0025203424105794342,1118846976.0,1.2321000000032654
forecaster-tenant-pool,2026-01-31 22:03:02,0.0007759831413480984,1118949376.0,0.21510000000131793
forecaster-tenant-pool,2026-01-31 22:03:32,0.0022457820424768237,1118912512.0,1.2157999999984894
forecaster-tenant-pool,2026-01-31 22:04:02,0.00021435144068141223,1118912512.0,0.0872999999983828
forecaster-tenant-pool,2026-01-31 22:04:32,0.00191922622986594,1118982144.0,1.2300000000038078
forecaster-tenant-pool,2026-01-31 22:05:02,0.002056573427531884,1119215616.0,0.28009999999594587
forecaster-tenant-pool,2026-01-31 22:05:32,0.0031093626640841194,1119051776.0,1.3047000000011395
forecaster-tenant-pool,2026-01-31 22:06:02,0.00021476766941935034,1119051776.0,0.08939999999759796
forecaster-tenant-pool,2026-01-31 22:06:32,0.002032005478976674,1118793728.0,1.3302000000040912
forecaster-tenant-pool,2026-01-31 22:07:02,0.0005639389633274396,1118842880.0,0.24199999999867336
forecaster-tenant-pool,2026-01-31 22:07:32,0.0020210826347352817,1118863360.0,1.2560999999962104
forecaster-tenant-pool,2026-01-31 22:08:02,0.0002066604830160483,1118863360.0,0.09380000000122284
forecaster-tenant-pool,2026-01-31 22:08:32,0.0020337187010855094,1118928896.0,1.2855000000032912
forecaster-tenant-pool,2026-01-31 22:09:02,0.00042342447283409495,1118928896.0,0.21769999999529924
forecaster-tenant-pool,2026-01-31 22:09:32,0.0017516551343336902,1118998528.0,1.1660999999993389
forecaster-tenant-pool,2026-01-31 22:10:02,0.00022097804917630822,1118998528.0,0.08830000000349779
forecaster-tenant-pool,2026-01-31 22:10:02,0.0016246872833645821,1119100928.0,0.08830000000349779
forecaster-tenant-pool,2026-01-31 22:10:32,0.002425883570408378,1119125504.0,1.245399999999851
forecaster-tenant-pool,2026-01-31 22:11:02,0.00025972977784165057,1119125504.0,0.367299999997158
forecaster-tenant-pool,2026-01-31 22:11:32,0.002118088812371603,1118875648.0,1.3626000000017786
forecaster-tenant-pool,2026-01-31 22:12:02,0.0003764266800689182,1119145984.0,0.1095999999988635
forecaster-tenant-pool,2026-01-31 22:12:32,0.0022994607249335226,1118949376.0,1.197600000000663
forecaster-tenant-pool,2026-01-31 22:13:02,0.0013971197254969015,1119223808.0,0.21939999999885912
forecaster-tenant-pool,2026-01-31 22:13:32,0.001799256160740439,1119010816.0,1.1838000000005195
forecaster-tenant-pool,2026-01-31 22:14:02,0.0016655211428452375,1119047680.0,0.09250000000035166
forecaster-tenant-pool,2026-01-31 22:14:32,0.002162536775543029,1119080448.0,1.1837000000040159
forecaster-tenant-pool,2026-01-31 22:15:02,0.0012557636403938712,1119096832.0,0.24209999999535892
forecaster-tenant-pool,2026-01-31 22:15:32,0.0022359615993628114,1119150080.0,1.3439000000040324
forecaster-tenant-pool,2026-01-31 22:16:02,0.0017074026437531463,1119195136.0,0.10659999999606952
forecaster-tenant-pool,2026-01-31 22:16:32,0.002262125821511033,1118892032.0,1.3375000000033954
forecaster-tenant-pool,2026-01-31 22:17:02,0.00041076434971792214,1118900224.0,0.27700000000295405
forecaster-tenant-pool,2026-01-31 22:17:32,0.0018970327660470339,1118957568.0,0.9253999999949883
forecaster-tenant-pool,2026-01-31 22:18:02,0.0007412806888018876,1119289344.0,0.3216000000007019
forecaster-tenant-pool,2026-01-31 22:18:32,0.0023888027152114267,1119031296.0,1.3880000000034973
forecaster-tenant-pool,2026-01-31 22:19:02,0.0002563872634423198,1119035392.0,0.2311999999937446
forecaster-tenant-pool,2026-01-31 22:19:32,0.002912582691301961,1119096832.0,1.3207000000040352
forecaster-tenant-pool,2026-01-31 22:20:02,0.0002648856001110013,1119100928.0,0.07709999999594098
forecaster-tenant-pool,2026-01-31 22:20:02,0.0002648856001110013,1119100928.0,0.07709999999594098
forecaster-tenant-pool,2026-01-31 22:20:32,0.002455313143280844,1119191040.0,1.217800000003808
forecaster-tenant-pool,2026-01-31 22:21:02,0.0011593455972484866,1119735808.0,0.40109999999743495
forecaster-tenant-pool,2026-01-31 22:21:32,0.0018130748452694916,1118941184.0,1.2505000000026485
forecaster-tenant-pool,2026-01-31 22:22:02,0.0007095408511382378,1118965760.0,0.10370000000281532
forecaster-tenant-pool,2026-01-31 22:22:32,0.0019060556922778215,1119010816.0,1.1191999999978484
forecaster-tenant-pool,2026-01-31 22:23:02,0.0002619576894836893,1119010816.0,0.23619999999640034
forecaster-tenant-pool,2026-01-31 22:23:32,0.001732097575267254,1119076352.0,0.7537000000003293
forecaster-tenant-pool,2026-01-31 22:24:02,0.0007706202350036553,1119076352.0,0.49309999999895804
forecaster-tenant-pool,2026-01-31 22:24:32,0.0032211871215423486,1119145984.0,1.231900000003043
forecaster-tenant-pool,2026-01-31 22:25:02,0.0008182034405605081,1119158272.0,0.23780000000339593
forecaster-tenant-pool,2026-01-31 22:25:32,0.001798850296148669,1119215616.0,1.275799999998344
forecaster-tenant-pool,2026-01-31 22:26:02,0.0012742873522273775,1119522816.0,0.10629999999782741
forecaster-tenant-pool,2026-01-31 22:26:32,0.002731586651820922,1118957568.0,1.4765999999975368
forecaster-tenant-pool,2026-01-31 22:27:02,0.0018521355223493048,1119567872.0,0.29330000000294
forecaster-tenant-pool,2026-01-31 22:27:32,0.002253981494782029,1119027200.0,1.4270999999989726
forecaster-tenant-pool,2026-01-31 22:28:02,0.0013331768273701294,1119571968.0,0.10559999999865491
forecaster-tenant-pool,2026-01-31 22:28:32,0.002850705378927088,1119100928.0,1.3063000000064373
forecaster-tenant-pool,2026-01-31 22:29:02,0.0002615756184292826,1119096832.0,0.21139999999559222
forecaster-tenant-pool,2026-01-31 22:29:32,0.0018477797979755874,1119166464.0,1.3061000000022127
forecaster-tenant-pool,2026-01-31 22:30:02,0.0002468442692030215,1119166464.0,0.08069999999534047
forecaster-tenant-pool,2026-01-31 22:30:02,0.0002468442692030215,1119166464.0,0.08069999999534047
forecaster-tenant-pool,2026-01-31 22:30:32,0.0033158506032888,1119256576.0,1.248400000002645
forecaster-tenant-pool,2026-01-31 22:31:02,0.000707878666097946,1119256576.0,0.4287000000011176
forecaster-tenant-pool,2026-01-31 22:31:32,0.0018897152217257995,1119006720.0,1.2428000000021104
forecaster-tenant-pool,2026-01-31 22:32:02,0.0003048396628182589,1119019008.0,0.11989999999350402
forecaster-tenant-pool,2026-01-31 22:32:32,0.0020421480409380187,1119072256.0,1.2406000000020867
forecaster-tenant-pool,2026-01-31 22:33:02,0.0006906201260553943,1119272960.0,0.19940000000521346
forecaster-tenant-pool,2026-01-31 22:33:32,0.0020915799098318584,1119141888.0,1.2465999999963968
forecaster-tenant-pool,2026-01-31 22:34:02,0.0017736759433067113,1119768576.0,0.10830000000223662
forecaster-tenant-pool,2026-01-31 22:34:32,0.002081411371770115,1119211520.0,1.2703000000014677
forecaster-tenant-pool,2026-01-31 22:35:02,0.0009299557990500161,1119498240.0,0.2085999999945367
forecaster-tenant-pool,2026-01-31 22:35:32,0.0023034529904001322,1119281152.0,1.246799999998196
forecaster-tenant-pool,2026-01-31 22:36:02,0.00027657183219095957,1119281152.0,0.10480000000479776
forecaster-tenant-pool,2026-01-31 22:36:32,0.002303239927180836,1119023104.0,1.2734999999982999
forecaster-tenant-pool,2026-01-31 22:37:02,0.000503285804995958,1119023104.0,0.2794999999977032
forecaster-tenant-pool,2026-01-31 22:37:32,0.0021484272944702885,1119092736.0,1.1079000000005788
forecaster-tenant-pool,2026-01-31 22:38:02,0.0002945564037718521,1119109120.0,0.3416000000028362
forecaster-tenant-pool,2026-01-31 22:38:32,0.002224905930497135,1119162368.0,0.5957999999979923
forecaster-tenant-pool,2026-01-31 22:39:02,0.0017698446729179265,1119469568.0,0.889600000003702
forecaster-tenant-pool,2026-01-31 22:39:32,0.002006081535191725,1119232000.0,1.2378000000001825
forecaster-tenant-pool,2026-01-31 22:40:02,0.00024570327345982987,1119232000.0,0.08480000000078386
forecaster-tenant-pool,2026-01-31 22:40:05,0.0009555210537766682,1119502336.0,0.08480000000078386
forecaster-tenant-pool,2026-01-31 22:40:35,0.002895003159046671,1119322112.0,1.246599999998883
forecaster-tenant-pool,2026-01-31 22:41:05,0.0005892516263041193,1119854592.0,0.43290000000136686
forecaster-tenant-pool,2026-01-31 22:41:35,0.0018287548060528637,1119072256.0,1.205799999999969
forecaster-tenant-pool,2026-01-31 22:42:05,0.001470859469494957,1119703040.0,0.10339999999274975
forecaster-tenant-pool,2026-01-31 22:42:35,0.0019256043765562417,1119145984.0,1.199000000002464
forecaster-tenant-pool,2026-01-31 22:43:05,0.00026411424063473233,1119145984.0,0.21770000000293901
forecaster-tenant-pool,2026-01-31 22:43:35,0.002531188394960309,1119014912.0,0.9610000000021197
forecaster-tenant-pool,2026-01-31 22:44:05,0.0015350264153057799,1119064064.0,0.4258999999991526
forecaster-tenant-pool,2026-01-31 22:44:35,0.0023635623125820666,1119084544.0,1.249499999995472
forecaster-tenant-pool,2026-01-31 22:45:05,0.0016319092469848995,1119428608.0,0.23650000000216098
forecaster-tenant-pool,2026-01-31 22:45:35,0.0019141017909562576,1119158272.0,1.2351999999966818
forecaster-tenant-pool,2026-01-31 22:46:05,0.000607782467056126,1119178752.0,0.09500000000480213
forecaster-tenant-pool,2026-01-31 22:46:35,0.002472535650854424,1118912512.0,1.0867999999957951
forecaster-tenant-pool,2026-01-31 22:47:05,0.0003895747850966479,1118961664.0,0.37300000000244227
forecaster-tenant-pool,2026-01-31 22:47:35,0.002003268340624661,1118982144.0,0.8353000000034929
forecaster-tenant-pool,2026-01-31 22:48:05,0.0007108256559756326,1119260672.0,0.5650999999977405
forecaster-tenant-pool,2026-01-31 22:48:35,0.002529727807771933,1119051776.0,0.8943999999996473
forecaster-tenant-pool,2026-01-31 22:49:05,0.0015555961284973734,1119342592.0,0.6957999999970829
forecaster-tenant-pool,2026-01-31 22:49:35,0.0021932917141087517,1119121408.0,1.108500000004157
forecaster-tenant-pool,2026-01-31 22:50:01,0.0016360959225300796,1119150080.0,0.1299000000012408
forecaster-tenant-pool,2026-01-31 22:50:05,0.0016420636980502854,1119150080.0,0.1299000000012408
forecaster-tenant-pool,2026-01-31 22:50:31,0.00274312442692895,1119211520.0,1.0201999999944746
forecaster-tenant-pool,2026-01-31 22:51:01,0.0008959115555734575,1119473664.0,0.7257000000037805
forecaster-tenant-pool,2026-01-31 22:51:31,0.001971665185744824,1118957568.0,1.2443999999943722
forecaster-tenant-pool,2026-01-31 22:52:01,0.0016163424694143782,1119289344.0,0.11950000000609483
forecaster-tenant-pool,2026-01-31 22:52:31,0.0026334220600411472,1119023104.0,1.2914999999951153
forecaster-tenant-pool,2026-01-31 22:53:01,0.0009132920638701958,1119031296.0,0.20760000000306414
forecaster-tenant-pool,2026-01-31 22:53:31,0.0016358927490739371,1119137792.0,1.1477999999997943
forecaster-tenant-pool,2026-01-31 22:54:01,0.0002393696472337588,1119133696.0,0.13770000000016203
forecaster-tenant-pool,2026-01-31 22:54:31,0.0022494182910877286,1119203328.0,1.152400000000307
forecaster-tenant-pool,2026-01-31 22:55:01,0.0006596307853487147,1119145984.0,0.2168999999987136
forecaster-tenant-pool,2026-01-31 22:55:31,0.0024203829938469782,1119272960.0,1.2883000000017395
forecaster-tenant-pool,2026-01-31 22:56:01,0.0002613866186525766,1119272960.0,0.08989999999509261
forecaster-tenant-pool,2026-01-31 22:56:31,0.002209786418587677,1119014912.0,1.232200000004074
forecaster-tenant-pool,2026-01-31 22:57:01,0.0005003593884428561,1119014912.0,0.27499999999624075
forecaster-tenant-pool,2026-01-31 22:57:31,0.002128334106659103,1119084544.0,1.338399999999759
forecaster-tenant-pool,2026-01-31 22:58:01,0.00039959980428955953,1119608832.0,0.10380000000720126
forecaster-tenant-pool,2026-01-31 22:58:31,0.0024489384104602217,1119154176.0,1.35099999999505
forecaster-tenant-pool,2026-01-31 22:59:01,0.0004478053330527491,1119154176.0,0.23000000000289825
forecaster-tenant-pool,2026-01-31 22:59:31,0.0019695290159006014,1119219712.0,1.2499999999982416
forecaster-tenant-pool,2026-01-31 23:00:01,0.00024169481961521048,1119219712.0,0.10190000000093277
forecaster-tenant-pool,2026-01-31 23:00:02,0.00038889834885130845,1119248384.0,0.10190000000093277
forecaster-tenant-pool,2026-01-31 23:00:32,0.002013426451888903,1119313920.0,1.2408000000027946
forecaster-tenant-pool,2026-01-31 23:01:02,0.0007427819209155825,1119588352.0,0.4168999999987136
forecaster-tenant-pool,2026-01-31 23:01:32,0.0022900538218536396,1119068160.0,1.094700000000436
forecaster-tenant-pool,2026-01-31 23:02:02,0.000292553971673164,1119064064.0,0.3106999999982387
forecaster-tenant-pool,2026-01-31 23:02:32,0.00221198047941274,1119129600.0,1.1921000000020283
forecaster-tenant-pool,2026-01-31 23:03:02,0.0007051128028245374,1119666176.0,0.2000999999932295
forecaster-tenant-pool,2026-01-31 23:03:32,0.0018818569386510424,1119199232.0,1.293500000003951
forecaster-tenant-pool,2026-01-31 23:04:02,0.00041203856210372916,1119252480.0,0.11869999999707943
forecaster-tenant-pool,2026-01-31 23:04:32,0.0022192442395198484,1119268864.0,1.3239000000015948
forecaster-tenant-pool,2026-01-31 23:05:02,0.001520268636698356,1119318016.0,0.2085999999979928
forecaster-tenant-pool,2026-01-31 23:05:32,0.0019198601564938684,1119342592.0,1.2140000000069147
forecaster-tenant-pool,2026-01-31 23:06:02,0.0002931212384881395,1119338496.0,0.11839999999495679
forecaster-tenant-pool,2026-01-31 23:06:32,0.0018053430931973607,1119080448.0,1.2503000000035778
forecaster-tenant-pool,2026-01-31 23:07:02,0.00044081763120023426,1119080448.0,0.24039999999846867
forecaster-tenant-pool,2026-01-31 23:07:32,0.0026793267040940314,1119150080.0,1.4094999999979336
forecaster-tenant-pool,2026-01-31 23:08:02,0.00020566653168975407,1119154176.0,0.10870000000128735
forecaster-tenant-pool,2026-01-31 23:08:32,0.002189708080203752,1119219712.0,1.197099999996317
forecaster-tenant-pool,2026-01-31 23:09:02,0.00044331154915018377,1119219712.0,0.22330000000262468
forecaster-tenant-pool,2026-01-31 23:09:32,0.001923435368591441,1119285248.0,1.2778000000020862
forecaster-tenant-pool,2026-01-31 23:10:02,0.00021388713162941611,1119285248.0,0.093799999996736
forecaster-tenant-pool,2026-01-31 23:10:04,0.001129301094469902,1119297536.0,0.093799999996736
forecaster-tenant-pool,2026-01-31 23:10:34,0.0021419920288298132,1119383552.0,1.2628000000010313
forecaster-tenant-pool,2026-01-31 23:11:04,0.002166020832179451,1119436800.0,0.3861000000017157
forecaster-tenant-pool,2026-01-31 23:11:34,0.002264390671598332,1119129600.0,1.23329999999969
forecaster-tenant-pool,2026-01-31 23:12:04,0.00025212388899277277,1119129600.0,0.13930000000012419
forecaster-tenant-pool,2026-01-31 23:12:34,0.0019510930254824266,1119199232.0,1.30689999999607
forecaster-tenant-pool,2026-01-31 23:13:04,0.0003728355000255716,1119199232.0,0.17000000000413518
forecaster-tenant-pool,2026-01-31 23:13:34,0.002363416814828114,1119264768.0,1.210600000002402
forecaster-tenant-pool,2026-01-31 23:14:04,0.00040942360721378377,1119322112.0,0.10290000000040891
forecaster-tenant-pool,2026-01-31 23:14:34,0.002261542814594412,1119338496.0,1.1583999999988615
forecaster-tenant-pool,2026-01-31 23:15:04,0.00039909961141639395,1119334400.0,0.2124000000001009
forecaster-tenant-pool,2026-01-31 23:15:34,0.0019048304705240192,1119408128.0,1.3783999999943262
forecaster-tenant-pool,2026-01-31 23:16:04,0.001802414301384601,1119522816.0,0.09060000000536093
forecaster-tenant-pool,2026-01-31 23:16:34,0.0030972245059372214,1119145984.0,1.3023999999970328
forecaster-tenant-pool,2026-01-31 23:17:04,0.0007332350845575344,1120194560.0,0.2045999999995426
forecaster-tenant-pool,2026-01-31 23:17:34,0.0022051858151521226,1119215616.0,1.3033000000001873
forecaster-tenant-pool,2026-01-31 23:18:04,0.00029623175547075333,1119215616.0,0.12290000000472598
forecaster-tenant-pool,2026-01-31 23:18:34,0.002116814610662433,1119285248.0,1.2697999999931198
forecaster-tenant-pool,2026-01-31 23:19:04,0.00041223148834085624,1119285248.0,0.206300000000374
forecaster-tenant-pool,2026-01-31 23:19:34,0.0019433019442813186,1119354880.0,1.2847000000032494
forecaster-tenant-pool,2026-01-31 23:20:04,0.0005295069083981435,1119391744.0,0.10809999999619321
forecaster-tenant-pool,2026-01-31 23:20:05,0.0005295069083981435,1119391744.0,0.10809999999619321
forecaster-tenant-pool,2026-01-31 23:20:35,0.0021537563699530683,1119522816.0,1.2882000000001426
forecaster-tenant-pool,2026-01-31 23:21:05,0.001188811194768658,1119846400.0,0.38280000000668224
forecaster-tenant-pool,2026-01-31 23:21:35,0.0020026719733636,1119350784.0,1.0931999999984934
forecaster-tenant-pool,2026-01-31 23:22:05,0.0014593573983879232,1119354880.0,0.21370000000169967
forecaster-tenant-pool,2026-01-31 23:22:35,0.0018471246992005069,1119399936.0,1.2438999999937852
forecaster-tenant-pool,2026-01-31 23:23:05,0.0014290988863546953,1119662080.0,0.21320000000602402
forecaster-tenant-pool,2026-01-31 23:23:35,0.0017746483836544715,1119473664.0,1.0275999999967098
forecaster-tenant-pool,2026-01-31 23:24:05,0.001787552412508392,1119830016.0,0.2565000000020518
forecaster-tenant-pool,2026-01-31 23:24:35,0.0024856523857922017,1119547392.0,1.0869999999958355
forecaster-tenant-pool,2026-01-31 23:25:05,0.0018415159736407335,1119576064.0,0.4742000000025049
forecaster-tenant-pool,2026-01-31 23:25:35,0.0021883506193245967,1119617024.0,1.36609999999849
forecaster-tenant-pool,2026-01-31 23:26:05,0.00019047784964079653,1119621120.0,0.09510000000391301
forecaster-tenant-pool,2026-01-31 23:26:35,0.002074496168704656,1119358976.0,1.2102999999985211
forecaster-tenant-pool,2026-01-31 23:27:05,0.0004687041372751446,1119358976.0,0.243599999995907
forecaster-tenant-pool,2026-01-31 23:27:35,0.0026300456844659463,1119428608.0,1.2493000000007668
forecaster-tenant-pool,2026-01-31 23:28:05,0.0005390792237327912,1119969280.0,0.07750000000190388
forecaster-tenant-pool,2026-01-31 23:28:35,0.0030965069798503282,1119498240.0,1.2450999999964552
forecaster-tenant-pool,2026-01-31 23:29:05,0.0020614247063264132,1119571968.0,0.2874000000059823
forecaster-tenant-pool,2026-01-31 23:29:35,0.001703596532289499,1119563776.0,1.3287000000002687
forecaster-tenant-pool,2026-01-31 23:30:02,0.00013086264698203816,1119563776.0,0.07919999999915792
forecaster-tenant-pool,2026-01-31 23:30:05,0.0001396764162926145,1119563776.0,0.07919999999915792
forecaster-tenant-pool,2026-01-31 23:30:32,0.0022057776737569534,1119170560.0,1.2574999999943732
forecaster-tenant-pool,2026-01-31 23:31:02,0.0008598523488061907,1119694848.0,0.4678000000072643
forecaster-tenant-pool,2026-01-31 23:31:32,0.0018847021449345009,1118924800.0,1.3662999999942258
forecaster-tenant-pool,2026-01-31 23:32:02,0.0010580397444159603,1119182848.0,0.07600000000093132
forecaster-tenant-pool,2026-01-31 23:32:32,0.002544744861247947,1118330880.0,1.2204000000026403
forecaster-tenant-pool,2026-01-31 23:33:02,0.0013458103457451478,1118621696.0,0.20170000000004315
forecaster-tenant-pool,2026-01-31 23:33:32,0.0024451221575968415,1118400512.0,1.3010000000007493
forecaster-tenant-pool,2026-01-31 23:34:02,0.0012902536918653897,1118851072.0,0.09899999999646145
forecaster-tenant-pool,2026-01-31 23:34:32,0.0018603280755055246,1118556160.0,1.2617000000043237
forecaster-tenant-pool,2026-01-31 23:35:02,0.001123864582074548,1119510528.0,0.18340000000049864
forecaster-tenant-pool,2026-01-31 23:35:32,0.002203604706373494,1118834688.0,1.3025999999992564
forecaster-tenant-pool,2026-01-31 23:36:02,0.00023090538159188483,1118859264.0,0.079999999996168
forecaster-tenant-pool,2026-01-31 23:36:32,0.002108980028305877,1118642176.0,1.3611000000002607
forecaster-tenant-pool,2026-01-31 23:37:02,0.000530754788743412,1118650368.0,0.2271000000007916
forecaster-tenant-pool,2026-01-31 23:37:32,0.002145172341621805,1118748672.0,1.1120999999990697
forecaster-tenant-pool,2026-01-31 23:38:02,0.0002360306065025039,1118801920.0,0.09879999999745147
forecaster-tenant-pool,2026-01-31 23:38:32,0.001995653660335424,1118912512.0,1.366000000003684
forecaster-tenant-pool,2026-01-31 23:39:02,0.0004770185780599229,1118945280.0,0.2541999999995217
forecaster-tenant-pool,2026-01-31 23:39:32,0.002141921832625122,1119010816.0,1.3309000000013231
forecaster-tenant-pool,2026-01-31 23:40:01,0.00043613532118055235,1119039488.0,0.09969999999993888
forecaster-tenant-pool,2026-01-31 23:40:02,0.00043613532118055235,1119039488.0,0.09969999999993888
forecaster-tenant-pool,2026-01-31 23:40:31,0.0023152048312422594,1119309824.0,1.33470000000234
forecaster-tenant-pool,2026-01-31 23:41:01,0.0007082396395797319,1119330304.0,0.3704999999955665
forecaster-tenant-pool,2026-01-31 23:41:31,0.001960646932933741,1119096832.0,1.1595999999998943
forecaster-tenant-pool,2026-01-31 23:42:01,0.0018395537061596326,1119158272.0,0.35739999999793026
forecaster-tenant-pool,2026-01-31 23:42:31,0.002207037506334678,1119178752.0,1.2835000000047025
forecaster-tenant-pool,2026-01-31 23:43:01,0.00021471236861743154,1119227904.0,0.22319999999738988
forecaster-tenant-pool,2026-01-31 23:43:31,0.002123622709558083,1119313920.0,1.28890000000265
forecaster-tenant-pool,2026-01-31 23:44:01,0.0011566946603233923,1119346688.0,0.07810000000208675
forecaster-tenant-pool,2026-01-31 23:44:31,0.0023385895544846837,1119416320.0,1.3901999999992767
forecaster-tenant-pool,2026-01-31 23:45:01,0.0004371750681366431,1119436800.0,0.21389999999652595
forecaster-tenant-pool,2026-01-31 23:45:31,0.002729381066691467,1119502336.0,1.2186000000039714
forecaster-tenant-pool,2026-01-31 23:46:01,0.0002763554244037121,1119502336.0,0.10539999999346036
forecaster-tenant-pool,2026-01-31 23:46:31,0.0019150887846957497,1119240192.0,1.2514000000053782
forecaster-tenant-pool,2026-01-31 23:47:01,0.0016960893814977594,1119281152.0,0.22439999999842258
forecaster-tenant-pool,2026-01-31 23:47:31,0.0021567384309803027,1119305728.0,1.282899999997062
forecaster-tenant-pool,2026-01-31 23:48:01,0.00023207517347983804,1119305728.0,0.09750000000428069
forecaster-tenant-pool,2026-01-31 23:48:31,0.002469466798475571,1119379456.0,1.3085999999971438
forecaster-tenant-pool,2026-01-31 23:49:01,0.000523684985820851,1119379456.0,0.2543000000042108
forecaster-tenant-pool,2026-01-31 23:49:31,0.0025079075270974956,1119449088.0,1.4523999999974573
forecaster-tenant-pool,2026-01-31 23:50:01,0.00028492972493811654,1119449088.0,0.10550000000124175
forecaster-tenant-pool,2026-01-31 23:50:04,0.0002420305700964951,1119449088.0,0.10550000000124175
forecaster-tenant-pool,2026-01-31 23:50:34,0.0034968343781769744,1119543296.0,1.3612000000007658
forecaster-tenant-pool,2026-01-31 23:51:04,0.0007798902000308623,1119670272.0,0.4494999999960176
forecaster-tenant-pool,2026-01-31 23:51:34,0.002567628665012569,1119449088.0,1.4491999999999583
forecaster-tenant-pool,2026-01-31 23:52:04,0.0002732023412279533,1119461376.0,0.09980000000323344
forecaster-tenant-pool,2026-01-31 23:52:34,0.00265897699499163,1119535104.0,1.4898000000021057
forecaster-tenant-pool,2026-01-31 23:53:04,0.0014424238004260947,1119563776.0,0.22069999999366702
forecaster-tenant-pool,2026-01-31 23:53:34,0.00217089226413376,1119604736.0,1.2714999999988625
forecaster-tenant-pool,2026-01-31 23:54:04,0.000266329531719997,1119617024.0,0.10630000000273868
forecaster-tenant-pool,2026-01-31 23:54:34,0.0022676210340853843,1119686656.0,1.3860999999974108
forecaster-tenant-pool,2026-01-31 23:55:04,0.000452579046946975,1119686656.0,0.20380000000216872
forecaster-tenant-pool,2026-01-31 23:55:34,0.002009512884387181,1119756288.0,1.3065999999995255
forecaster-tenant-pool,2026-01-31 23:56:04,0.0005796438976764263,1119846400.0,0.11340000000442765
forecaster-tenant-pool,2026-01-31 23:56:34,0.0023132920781731166,1119502336.0,0.8271999999992962
forecaster-tenant-pool,2026-01-31 23:57:04,0.0017062925757372466,1119801344.0,0.597800000001674
forecaster-tenant-pool,2026-01-31 23:57:34,0.001965222312221654,1119567872.0,1.3693999999942512
forecaster-tenant-pool,2026-01-31 23:58:04,0.000246647423923902,1119567872.0,0.0912999999984701
forecaster-tenant-pool,2026-01-31 23:58:34,0.0022106122760192377,1119637504.0,1.1777000000046123
forecaster-tenant-pool,2026-01-31 23:59:04,0.001196777423912201,1119899648.0,0.23579999999656137
forecaster-tenant-pool,2026-01-31 23:59:34,0.002276122110908898,1119707136.0,1.2851000000039372
forecaster-tenant-pool,2026-02-01 00:00:02,0.0007546682893245465,1119707136.0,0.10590000000180833
forecaster-tenant-pool,2026-02-01 00:00:04,0.0002249900497737662,1119707136.0,0.10590000000180833
forecaster-tenant-pool,2026-02-01 00:00:32,0.012403202473164836,1522708480.0,1.2931000000002315
forecaster-tenant-pool,2026-02-01 00:01:02,0.004031997567491404,1522745344.0,4.837499999997575
forecaster-tenant-pool,2026-02-01 00:01:32,0.0018035400263849333,1523019776.0,1.3102000000014717
forecaster-tenant-pool,2026-02-01 00:02:02,0.00026724556637504717,1523023872.0,0.12300000000068394
forecaster-tenant-pool,2026-02-01 00:02:32,0.002661418711916499,1153576960.0,1.3991999999989275
forecaster-tenant-pool,2026-02-01 00:03:02,0.0005273612985720814,1153581056.0,0.3123999999982819
forecaster-tenant-pool,2026-02-01 00:03:32,0.0019408400400773122,1153642496.0,1.296199999997225
forecaster-tenant-pool,2026-02-01 00:04:02,0.0002553900243026614,1153642496.0,0.0754000000052353
forecaster-tenant-pool,2026-02-01 00:04:32,0.0023161289855813025,1153716224.0,1.2872999999940777
forecaster-tenant-pool,2026-02-01 00:05:02,0.00041329034602027056,1153716224.0,0.20900000000146976
forecaster-tenant-pool,2026-02-01 00:05:32,0.001916412323979453,1153785856.0,1.2747000000049107
forecaster-tenant-pool,2026-02-01 00:06:02,0.0002507333075038753,1153785856.0,0.08959999999933643
forecaster-tenant-pool,2026-02-01 00:06:32,0.002153237286683706,1153527808.0,1.345799999998841
forecaster-tenant-pool,2026-02-01 00:07:02,0.0004221005859632013,1153527808.0,0.2218999999980345
forecaster-tenant-pool,2026-02-01 00:07:32,0.0018834547131354057,1153597440.0,1.1761000000017399
forecaster-tenant-pool,2026-02-01 00:08:02,0.001370829862015209,1153613824.0,0.09100000000034925
forecaster-tenant-pool,2026-02-01 00:08:32,0.0026097221141289126,1153667072.0,1.2623000000008082
forecaster-tenant-pool,2026-02-01 00:09:02,0.0004421192144250637,1153671168.0,0.21650000000026923
forecaster-tenant-pool,2026-02-01 00:09:32,0.0016946003994012825,1153736704.0,1.2347999999972066
forecaster-tenant-pool,2026-02-01 00:10:02,0.0002321019882179582,1153736704.0,0.08049999999675492
forecaster-tenant-pool,2026-02-01 00:10:02,0.0002321019882179582,1153736704.0,0.08049999999675492
forecaster-tenant-pool,2026-02-01 00:10:32,0.0023561944956084387,1153830912.0,1.310100000000663
forecaster-tenant-pool,2026-02-01 00:11:02,0.0013380370828697864,1154379776.0,0.4538000000035633
forecaster-tenant-pool,2026-02-01 00:11:32,0.002154427915934067,1153576960.0,1.3065000000001723
forecaster-tenant-pool,2026-02-01 00:12:02,0.00023965539318406142,1153576960.0,0.1143000000020038
forecaster-tenant-pool,2026-02-01 00:12:32,0.002478915819128547,1153650688.0,1.3164999999985716
forecaster-tenant-pool,2026-02-01 00:13:02,0.0003896111454693577,1153667072.0,0.2067000000021532
forecaster-tenant-pool,2026-02-01 00:13:32,0.0020110359026517294,1153732608.0,1.2869999999974122
forecaster-tenant-pool,2026-02-01 00:14:02,0.001635129036530748,1154019328.0,0.0774999999984478
forecaster-tenant-pool,2026-02-01 00:14:32,0.002088571045457252,1153806336.0,1.281499999999566
forecaster-tenant-pool,2026-02-01 00:15:02,0.0004188340555523126,1153806336.0,0.19410000000225408
forecaster-tenant-pool,2026-02-01 00:15:32,0.0024229070461625033,1153875968.0,1.2451000000023973
forecaster-tenant-pool,2026-02-01 00:16:02,0.00025290484409377673,1153875968.0,0.10639999999517992
forecaster-tenant-pool,2026-02-01 00:16:32,0.0020697461453323264,1153454080.0,1.284899999998076
forecaster-tenant-pool,2026-02-01 00:17:02,0.0014978173467368335,1153794048.0,0.23560000000506987
forecaster-tenant-pool,2026-02-01 00:17:32,0.001976388687382252,1153523712.0,1.1798999999952382
forecaster-tenant-pool,2026-02-01 00:18:02,0.00021492422334689178,1153527808.0,0.1927000000049399
forecaster-tenant-pool,2026-02-01 00:18:32,0.0020238200936153333,1153593344.0,1.2242999999982203
forecaster-tenant-pool,2026-02-01 00:19:02,0.0004362644512945428,1153593344.0,0.2072000000021338
forecaster-tenant-pool,2026-02-01 00:19:32,0.0027886784957278396,1153658880.0,1.3459999999937888
forecaster-tenant-pool,2026-02-01 00:20:02,0.00021971736472583598,1153658880.0,0.09110000000127912
forecaster-tenant-pool,2026-02-01 00:20:06,0.0020182038380147844,1153720320.0,0.09110000000127912
forecaster-tenant-pool,2026-02-01 00:20:36,0.0021664473636880256,1153753088.0,1.2477999999997944
forecaster-tenant-pool,2026-02-01 00:21:06,0.00015490207285816224,1153757184.0,0.381200000001445
forecaster-tenant-pool,2026-02-01 00:21:36,0.0021777100246151695,1153540096.0,1.2909000000012383
forecaster-tenant-pool,2026-02-01 00:22:06,0.0018358729939108407,1153597440.0,0.12249999999864182
forecaster-tenant-pool,2026-02-01 00:22:36,0.0029982978961768754,1153609728.0,1.414999999999236
forecaster-tenant-pool,2026-02-01 00:23:06,0.00020798685915843202,1153605632.0,0.2538999999994
forecaster-tenant-pool,2026-02-01 00:23:36,0.002250538484646319,1153675264.0,1.2540000000037252
forecaster-tenant-pool,2026-02-01 00:24:06,0.0017098038135359365,1154260992.0,0.18429999999552818
forecaster-tenant-pool,2026-02-01 00:24:36,0.002026702077838442,1153748992.0,1.2500000000009701
forecaster-tenant-pool,2026-02-01 00:25:06,0.0002474390959216228,1153744896.0,0.23020000000378785
forecaster-tenant-pool,2026-02-01 00:25:36,0.001989987404831808,1153814528.0,1.279900000000331
forecaster-tenant-pool,2026-02-01 00:26:06,0.0013800637948716346,1154101248.0,0.0979999999976523
forecaster-tenant-pool,2026-02-01 00:26:36,0.0021621792877013486,1153556480.0,1.3297999999977037
forecaster-tenant-pool,2026-02-01 00:27:06,0.0010470407380530557,1153822720.0,0.2000000000040624
forecaster-tenant-pool,2026-02-01 00:27:36,0.002182200735109933,1153622016.0,1.3628999999957159
forecaster-tenant-pool,2026-02-01 00:28:06,0.0006308061364220361,1153503232.0,0.07770000000121702
forecaster-tenant-pool,2026-02-01 00:28:36,0.0027866252569923246,1153036288.0,1.3732000000040594
forecaster-tenant-pool,2026-02-01 00:29:06,0.0004837904071014084,1153077248.0,0.19139999999509502
forecaster-tenant-pool,2026-02-01 00:29:36,0.001929330038547535,1153105920.0,1.2014000000044083
forecaster-tenant-pool,2026-02-01 00:30:02,0.00023796064447708634,1152913408.0,0.0896999999995387
forecaster-tenant-pool,2026-02-01 00:30:06,0.00023160624202278813,1152909312.0,0.0896999999995387
forecaster-tenant-pool,2026-02-01 00:30:32,0.002415346244421156,1153003520.0,1.2099999999974291
forecaster-tenant-pool,2026-02-01 00:31:02,0.0007579807976921276,1153003520.0,0.40780000000049765
forecaster-tenant-pool,2026-02-01 00:31:32,0.0025490933714654588,1152823296.0,1.2413000000000467
forecaster-tenant-pool,2026-02-01 00:32:02,0.00032994775462770107,1153044480.0,0.10379999999840947
forecaster-tenant-pool,2026-02-01 00:32:32,0.0022768412427609016,1153216512.0,1.2345000000022992
forecaster-tenant-pool,2026-02-01 00:33:02,0.0004290589558426891,1153568768.0,0.3623000000018389
forecaster-tenant-pool,2026-02-01 00:33:32,0.0022540779269046977,1153417216.0,1.1490000000017973
forecaster-tenant-pool,2026-02-01 00:34:02,0.00024576014063893754,1153425408.0,0.14739999999461967
forecaster-tenant-pool,2026-02-01 00:34:32,0.0024228173282402664,1153495040.0,1.3981999999989057
forecaster-tenant-pool,2026-02-01 00:35:02,0.00039940552462421725,1153495040.0,0.19130000000028907
forecaster-tenant-pool,2026-02-01 00:35:32,0.00180777206052453,1153568768.0,1.2439000000046994
forecaster-tenant-pool,2026-02-01 00:36:02,0.0009950525785151155,1154093056.0,0.0623999999988276
forecaster-tenant-pool,2026-02-01 00:36:32,0.0019872519208756763,1153314816.0,1.2369999999956538
forecaster-tenant-pool,2026-02-01 00:37:02,0.0010103969774942917,1153581056.0,0.2062000000005355
forecaster-tenant-pool,2026-02-01 00:37:32,0.0025170966278329496,1153380352.0,1.3581000000005587
forecaster-tenant-pool,2026-02-01 00:38:02,0.0004551421108651042,1153560576.0,0.044300000004780786
forecaster-tenant-pool,2026-02-01 00:38:32,0.0021259249555204618,1152851968.0,1.1854999999981373
forecaster-tenant-pool,2026-02-01 00:39:02,0.0006924817953290662,1153036288.0,0.2225000000017341
forecaster-tenant-pool,2026-02-01 00:39:32,0.001973592372724895,1152937984.0,1.1507999999982834
forecaster-tenant-pool,2026-02-01 00:40:02,0.0002461093863395444,1152942080.0,0.07889999999679276
forecaster-tenant-pool,2026-02-01 00:40:02,0.001541194090467148,1153232896.0,0.07889999999679276
forecaster-tenant-pool,2026-02-01 00:40:32,0.0024832834901161523,1153187840.0,1.2702000000004772
forecaster-tenant-pool,2026-02-01 00:41:02,0.000442397502432046,1153196032.0,0.38820000000535704
forecaster-tenant-pool,2026-02-01 00:41:32,0.0025377320198114333,1152946176.0,1.2115999999973308
forecaster-tenant-pool,2026-02-01 00:42:02,0.0011413708220597424,1153810432.0,0.10630000000195045
forecaster-tenant-pool,2026-02-01 00:42:32,0.002165541583556025,1153101824.0,1.2573999999945953
forecaster-tenant-pool,2026-02-01 00:43:02,0.0005575548229884265,1153097728.0,0.27210000000407797
forecaster-tenant-pool,2026-02-01 00:43:32,0.0023987269696814748,1153167360.0,1.415899999999662
forecaster-tenant-pool,2026-02-01 00:44:02,0.00025306823240752027,1153167360.0,0.08109999999972692
forecaster-tenant-pool,2026-02-01 00:44:32,0.0023392858955139906,1153269760.0,1.3601999999997738
forecaster-tenant-pool,2026-02-01 00:45:02,0.000677100076627931,1153277952.0,0.21320000000256792
forecaster-tenant-pool,2026-02-01 00:45:32,0.002464550262094558,1153339392.0,1.2064000000005763
forecaster-tenant-pool,2026-02-01 00:46:02,0.0002254194984910445,1153355776.0,0.09059999999753927
forecaster-tenant-pool,2026-02-01 00:46:32,0.0017684837029038052,1153101824.0,1.211000000001756
forecaster-tenant-pool,2026-02-01 00:47:02,0.0017410569266354434,1153474560.0,0.24460000000071885
forecaster-tenant-pool,2026-02-01 00:47:32,0.0027413106666167816,1153179648.0,1.2529999999933352
forecaster-tenant-pool,2026-02-01 00:48:02,0.0018831336959266223,1153400832.0,0.09210000000027017
forecaster-tenant-pool,2026-02-01 00:48:32,0.001859006723536615,1153261568.0,1.2360000000050302
forecaster-tenant-pool,2026-02-01 00:49:02,0.0019601418822213007,1153503232.0,0.217799999996411
forecaster-tenant-pool,2026-02-01 00:49:32,0.002286596045031082,1153335296.0,1.2134000000026086
forecaster-tenant-pool,2026-02-01 00:50:02,0.00022024337375008208,1153339392.0,0.07550000000186022
forecaster-tenant-pool,2026-02-01 00:50:04,0.00022982887170013933,1153339392.0,0.07550000000186022
forecaster-tenant-pool,2026-02-01 00:50:34,0.002429922778481344,1153437696.0,1.268299999999484
forecaster-tenant-pool,2026-02-01 00:51:04,0.0018402363707107723,1154023424.0,0.38169999999499854
forecaster-tenant-pool,2026-02-01 00:51:34,0.002007239779089542,1153216512.0,1.3190000000047197
forecaster-tenant-pool,2026-02-01 00:52:04,0.001270113674862376,1153228800.0,0.0979999999971066
forecaster-tenant-pool,2026-02-01 00:52:34,0.0019525682010986523,1153294336.0,1.34700000000333
forecaster-tenant-pool,2026-02-01 00:53:04,0.0004604702419632078,1153294336.0,0.211199999997613
forecaster-tenant-pool,2026-02-01 00:53:34,0.00252374534908178,1153363968.0,1.363600000000103
forecaster-tenant-pool,2026-02-01 00:54:04,0.0012399101723358206,1153904640.0,0.08060000000023138
forecaster-tenant-pool,2026-02-01 00:54:34,0.002467905493427613,1153433600.0,1.3297000000012
forecaster-tenant-pool,2026-02-01 00:55:04,0.00048014154357088634,1153462272.0,0.22549999999482678
forecaster-tenant-pool,2026-02-01 00:55:34,0.002323791485350696,1153843200.0,1.3877000000027087
forecaster-tenant-pool,2026-02-01 00:56:04,0.0020052534009512182,1153740800.0,0.10760000000136644
forecaster-tenant-pool,2026-02-01 00:56:34,0.002328827437431137,1153585152.0,1.3967000000015104
forecaster-tenant-pool,2026-02-01 00:57:04,0.0008255205338161557,1153904640.0,0.22189999999403273
forecaster-tenant-pool,2026-02-01 00:57:34,0.0019017037150260308,1153695744.0,1.3333000000016908
forecaster-tenant-pool,2026-02-01 00:58:04,0.001575604417370995,1153970176.0,0.09290000000376797
forecaster-tenant-pool,2026-02-01 00:58:34,0.0028987698956974453,1153769472.0,1.3367999999999787
forecaster-tenant-pool,2026-02-01 00:59:04,0.0009938392067679366,1153830912.0,0.2387999999948685
forecaster-tenant-pool,2026-02-01 00:59:34,0.0020366187992834133,1153921024.0,1.0786000000055234
forecaster-tenant-pool,2026-02-01 01:00:02,0.0002614118557526319,1153929216.0,0.3533999999940837
forecaster-tenant-pool,2026-02-01 01:00:04,0.0015583637663760513,1153957888.0,0.3533999999940837
forecaster-tenant-pool,2026-02-01 01:00:32,0.0023664038019238095,1154002944.0,1.0260000000060243
forecaster-tenant-pool,2026-02-01 01:01:02,0.0014572656169774864,1154551808.0,0.6624999999993937
forecaster-tenant-pool,2026-02-01 01:01:32,0.001949738990604815,1153773568.0,1.3440999999962515
forecaster-tenant-pool,2026-02-01 01:02:02,0.0014476399106145169,1154101248.0,0.12130000000573393
forecaster-tenant-pool,2026-02-01 01:02:32,0.0020676868217821445,1153843200.0,1.0068999999980102
forecaster-tenant-pool,2026-02-01 01:03:02,0.0004417170869799295,1153863680.0,0.4410000000011375
forecaster-tenant-pool,2026-02-01 01:03:32,0.0019962023876988933,1153941504.0,1.2308999999955026
forecaster-tenant-pool,2026-02-01 01:04:02,0.0012121445474085123,1154469888.0,0.15260000000101473
forecaster-tenant-pool,2026-02-01 01:04:32,0.0022085678085762674,1154011136.0,1.3582000000020948
forecaster-tenant-pool,2026-02-01 01:05:02,0.0005547580771053249,1154019328.0,0.2755999999983639
forecaster-tenant-pool,2026-02-01 01:05:32,0.003027306254170498,1154080768.0,1.4299999999985327
forecaster-tenant-pool,2026-02-01 01:06:02,0.00022789531586782954,1154080768.0,0.10189999999929569
forecaster-tenant-pool,2026-02-01 01:06:32,0.0022422434694544884,1153822720.0,1.0375999999992322
forecaster-tenant-pool,2026-02-01 01:07:02,0.0008039646413098024,1154355200.0,0.4082999999998113
forecaster-tenant-pool,2026-02-01 01:07:32,0.0019050537792362065,1153892352.0,1.2662000000003293
forecaster-tenant-pool,2026-02-01 01:08:02,0.0008758413997792479,1154187264.0,0.07360000000420162
forecaster-tenant-pool,2026-02-01 01:08:32,0.0024416040504215224,1153961984.0,1.251799999996001
forecaster-tenant-pool,2026-02-01 01:09:02,0.0004196643716020615,1153961984.0,0.22239999999971283
forecaster-tenant-pool,2026-02-01 01:09:32,0.0016094702517068535,1154031616.0,1.2293000000053629
forecaster-tenant-pool,2026-02-01 01:10:02,0.00019569978720448432,1154031616.0,0.07100000000154977
forecaster-tenant-pool,2026-02-01 01:10:02,0.0013000830239881566,1154039808.0,0.07100000000154977
forecaster-tenant-pool,2026-02-01 01:10:32,0.0027105589013040063,1154125824.0,1.4122999999947448
forecaster-tenant-pool,2026-02-01 01:11:02,0.00039414662897882535,1154134016.0,0.3730000000049889
forecaster-tenant-pool,2026-02-01 01:11:32,0.0021187822782293727,1153875968.0,1.3978999999979351
forecaster-tenant-pool,2026-02-01 01:12:02,0.0016782582474851014,1153933312.0,0.09579999999817422
forecaster-tenant-pool,2026-02-01 01:12:32,0.0019950791618964575,1153941504.0,1.3353000000006432
forecaster-tenant-pool,2026-02-01 01:13:02,0.001866804012348674,1154297856.0,0.19429999999701977
forecaster-tenant-pool,2026-02-01 01:13:32,0.0020719978695520947,1154011136.0,1.24109999999946
forecaster-tenant-pool,2026-02-01 01:14:02,0.0019197019198611011,1154314240.0,0.07530000000600315
forecaster-tenant-pool,2026-02-01 01:14:32,0.002682226238543786,1154076672.0,1.2705999999943742
forecaster-tenant-pool,2026-02-01 01:15:02,0.00037868228405177546,1154076672.0,0.2162000000019058
forecaster-tenant-pool,2026-02-01 01:15:32,0.0019422972155710768,1154146304.0,1.2967000000001765
forecaster-tenant-pool,2026-02-01 01:16:02,0.0012666642898936941,1154424832.0,0.20870000000407646
forecaster-tenant-pool,2026-02-01 01:16:32,0.0025192376051686527,1153888256.0,1.3251999999991313
forecaster-tenant-pool,2026-02-01 01:17:02,0.001272339015259112,1153912832.0,0.2695000000013048
forecaster-tenant-pool,2026-02-01 01:17:32,0.0020190468842887633,1153966080.0,1.144999999993585
forecaster-tenant-pool,2026-02-01 01:18:02,0.00030656900814664327,1153970176.0,0.0899000000013378
forecaster-tenant-pool,2026-02-01 01:18:32,0.0020971814661264595,1154035712.0,0.8443000000012642
forecaster-tenant-pool,2026-02-01 01:19:02,0.00044192671218114607,1154035712.0,0.5256000000017593
forecaster-tenant-pool,2026-02-01 01:19:32,0.002975143385353772,1154105344.0,1.3534999999965294
forecaster-tenant-pool,2026-02-01 01:20:01,0.0015155275466213203,1154396160.0,0.14920000000092842
forecaster-tenant-pool,2026-02-01 01:20:02,0.0002079583590136577,1154105344.0,0.14920000000092842
forecaster-tenant-pool,2026-02-01 01:20:31,0.002529803336365965,1154199552.0,1.3109000000040396
forecaster-tenant-pool,2026-02-01 01:21:01,0.000438784004154423,1154265088.0,0.3729999999989256
forecaster-tenant-pool,2026-02-01 01:21:31,0.0020619032615153726,1154113536.0,1.301800000000973
forecaster-tenant-pool,2026-02-01 01:22:01,0.000638663232874135,1154125824.0,0.190699999999318
forecaster-tenant-pool,2026-02-01 01:22:31,0.0018751189090528907,1154195456.0,1.2401999999940017
forecaster-tenant-pool,2026-02-01 01:23:01,0.0003977118539689658,1154228224.0,0.20960000000238022
forecaster-tenant-pool,2026-02-01 01:23:31,0.0022242630560038268,1154056192.0,1.2960000000024592
forecaster-tenant-pool,2026-02-01 01:24:01,0.00018875259926283086,1154060288.0,0.0782000000020465
forecaster-tenant-pool,2026-02-01 01:24:31,0.0020408207832022154,1154125824.0,1.2950999999963337
forecaster-tenant-pool,2026-02-01 01:25:01,0.0009090842656068308,1154400256.0,0.21750000000392902
forecaster-tenant-pool,2026-02-01 01:25:31,0.0016397913327947573,1154191360.0,0.8964999999985593
forecaster-tenant-pool,2026-02-01 01:26:01,0.0015003949568497996,1154232320.0,0.41810000000035263
forecaster-tenant-pool,2026-02-01 01:26:31,0.0023171224125896864,1153933312.0,1.2830999999979518
forecaster-tenant-pool,2026-02-01 01:27:01,0.0005418432776297413,1153933312.0,0.2906000000029356
forecaster-tenant-pool,2026-02-01 01:27:31,0.0025292134648536345,1154002944.0,1.3136999999991532
forecaster-tenant-pool,2026-02-01 01:28:01,0.0005898131807968288,1154011136.0,0.07169999999556845
forecaster-tenant-pool,2026-02-01 01:28:31,0.0020324363512655725,1154076672.0,1.3461000000005394
forecaster-tenant-pool,2026-02-01 01:29:01,0.0003985101546196797,1154072576.0,0.23770000000331493
forecaster-tenant-pool,2026-02-01 01:29:31,0.002663086197852233,1154158592.0,1.2932999999963308
forecaster-tenant-pool,2026-02-01 01:30:01,0.00021234183050328773,1154158592.0,0.06560000000511838
forecaster-tenant-pool,2026-02-01 01:30:02,0.00021234183050328773,1154158592.0,0.06560000000511838
forecaster-tenant-pool,2026-02-01 01:30:32,0.0023751041315833127,1154248704.0,1.3018000000001242
forecaster-tenant-pool,2026-02-01 01:31:02,0.00034613924802061205,1154248704.0,0.38309999999279776
forecaster-tenant-pool,2026-02-01 01:31:32,0.0017477550209192322,1153019904.0,1.0860000000024834
forecaster-tenant-pool,2026-02-01 01:32:02,0.0007499571612456891,1153339392.0,0.11429999999751694
forecaster-tenant-pool,2026-02-01 01:32:32,0.0020904188065357134,1153089536.0,1.0494000000025456
forecaster-tenant-pool,2026-02-01 01:33:02,0.0017071225587022732,1153269760.0,0.45280000000451154
forecaster-tenant-pool,2026-02-01 01:33:32,0.0018937463312520262,1153155072.0,1.2131999999984449
forecaster-tenant-pool,2026-02-01 01:34:02,0.0004966747348583907,1153171456.0,0.08880000000026483
forecaster-tenant-pool,2026-02-01 01:34:32,0.0020016400279848487,1153224704.0,1.1375999999965036
forecaster-tenant-pool,2026-02-01 01:35:02,0.0017054370866869033,1153703936.0,0.21010000000411916
forecaster-tenant-pool,2026-02-01 01:35:32,0.0015954637368588574,1153638400.0,1.230899999996897
forecaster-tenant-pool,2026-02-01 01:36:02,0.0014088157740779455,1153933312.0,0.08990000000285363
forecaster-tenant-pool,2026-02-01 01:36:32,0.0020918350320783294,1153646592.0,1.014799999999438
forecaster-tenant-pool,2026-02-01 01:37:02,0.0004610171182082687,1153671168.0,0.45450000000031043
forecaster-tenant-pool,2026-02-01 01:37:32,0.001969808860506989,1153847296.0,1.247099999999955
forecaster-tenant-pool,2026-02-01 01:38:02,0.00028017191815253817,1153896448.0,0.1037999999942258
forecaster-tenant-pool,2026-02-01 01:38:32,0.002304530928593261,1154035712.0,1.435100000002846
forecaster-tenant-pool,2026-02-01 01:39:02,0.0005356209822399545,1154076672.0,0.22860000000394698
forecaster-tenant-pool,2026-02-01 01:39:32,0.0024188097071889234,1154129920.0,0.982999999995324
forecaster-tenant-pool,2026-02-01 01:40:02,0.00026031072038896504,1153986560.0,0.2912999999993796
forecaster-tenant-pool,2026-02-01 01:40:03,0.00025777789819334093,1153990656.0,0.2912999999993796
forecaster-tenant-pool,2026-02-01 01:40:33,0.002462219759820493,1154088960.0,1.2803000000036264
forecaster-tenant-pool,2026-02-01 01:41:03,0.00046870912486365554,1154150400.0,0.4284999999951348
forecaster-tenant-pool,2026-02-01 01:41:33,0.0018786156189457821,1154011136.0,1.1548000000055254
forecaster-tenant-pool,2026-02-01 01:42:03,0.0016518033966699086,1154199552.0,0.17519999999409872
forecaster-tenant-pool,2026-02-01 01:42:33,0.0021837498962330583,1153966080.0,1.2280000000038853
forecaster-tenant-pool,2026-02-01 01:43:03,0.00040100544912324246,1153961984.0,0.20210000000097353
forecaster-tenant-pool,2026-02-01 01:43:33,0.0021198442232998604,1154031616.0,1.2771000000020043
forecaster-tenant-pool,2026-02-01 01:44:03,0.0016559851952792125,1154068480.0,0.09139999999333669
forecaster-tenant-pool,2026-02-01 01:44:33,0.002257274440794021,1154109440.0,1.208200000006218
forecaster-tenant-pool,2026-02-01 01:45:03,0.0005274233216101409,1154158592.0,0.45249999999668944
forecaster-tenant-pool,2026-02-01 01:45:33,0.0022017983068499127,1154183168.0,1.298700000003373
forecaster-tenant-pool,2026-02-01 01:46:03,0.0014749577078311976,1154519040.0,0.07039999999809274
forecaster-tenant-pool,2026-02-01 01:46:33,0.0023811580259204936,1153925120.0,1.3323999999963538
forecaster-tenant-pool,2026-02-01 01:47:03,0.00041731369572509754,1153925120.0,0.21389999999913317
forecaster-tenant-pool,2026-02-01 01:47:33,0.001858173374958133,1153994752.0,1.2449000000056911
forecaster-tenant-pool,2026-02-01 01:48:03,0.0014991125176882503,1154011136.0,0.08279999999807235
forecaster-tenant-pool,2026-02-01 01:48:33,0.002179429963338613,1154064384.0,1.1981000000026445
forecaster-tenant-pool,2026-02-01 01:49:03,0.0008646077189197038,1154170880.0,0.29129999999580225
forecaster-tenant-pool,2026-02-01 01:49:33,0.002497435634731783,1154129920.0,1.2498000000042642
forecaster-tenant-pool,2026-02-01 01:50:02,0.0002496123483776621,1154129920.0,0.10369999999505429
forecaster-tenant-pool,2026-02-01 01:50:03,0.00022591385405508596,1154129920.0,0.10369999999505429
forecaster-tenant-pool,2026-02-01 01:50:32,0.0025408122955206986,1154220032.0,1.368600000003668
forecaster-tenant-pool,2026-02-01 01:51:02,0.0010590366130566716,1154260992.0,0.39749999999561014
forecaster-tenant-pool,2026-02-01 01:51:32,0.0026473458591880945,1153982464.0,1.3584000000014689
forecaster-tenant-pool,2026-02-01 01:52:02,0.0014802331046618936,1154031616.0,0.11900000000381018
forecaster-tenant-pool,2026-02-01 01:52:32,0.002075754146534391,1154043904.0,1.2422999999959454
forecaster-tenant-pool,2026-02-01 01:53:02,0.0005549073116688159,1154113536.0,0.21790000000291912
forecaster-tenant-pool,2026-02-01 01:53:32,0.0021316674347597996,1154113536.0,1.3312000000013844
forecaster-tenant-pool,2026-02-01 01:54:02,0.00023755206493219854,1154113536.0,0.089900000000974
forecaster-tenant-pool,2026-02-01 01:54:32,0.0018943656074121124,1154187264.0,1.2452999999996488
forecaster-tenant-pool,2026-02-01 01:55:02,0.00043868402563630824,1154183168.0,0.1930999999969572
forecaster-tenant-pool,2026-02-01 01:55:32,0.0024509327422091703,1154252800.0,1.2362000000018574
forecaster-tenant-pool,2026-02-01 01:56:02,0.0002610046489023321,1154252800.0,0.09979999999814027
forecaster-tenant-pool,2026-02-01 01:56:32,0.0020624554007012577,1154080768.0,1.1915999999961058
forecaster-tenant-pool,2026-02-01 01:57:02,0.00039208353491892805,1154088960.0,0.20970000000512906
forecaster-tenant-pool,2026-02-01 01:57:32,0.0019278951504508252,1154179072.0,1.2627000000001014
forecaster-tenant-pool,2026-02-01 01:58:02,0.00026796780302516327,1154187264.0,0.077700000001884
forecaster-tenant-pool,2026-02-01 01:58:32,0.0017535625065462068,1154265088.0,1.2445999999986572
forecaster-tenant-pool,2026-02-01 01:59:02,0.00033670955510643383,1154265088.0,0.1965999999954268
forecaster-tenant-pool,2026-02-01 01:59:32,0.002718063413361043,1154330624.0,1.1868000000033743
forecaster-tenant-pool,2026-02-01 02:00:02,0.0013139042868633786,1154674688.0,0.1174999999958042
forecaster-tenant-pool,2026-02-01 02:00:02,0.0003006696689835966,1154330624.0,0.1174999999958042
forecaster-tenant-pool,2026-02-01 02:00:32,0.002229095241098576,1154424832.0,1.306700000000031
forecaster-tenant-pool,2026-02-01 02:01:02,0.0014613967529535407,1154445312.0,0.40270000000618894
forecaster-tenant-pool,2026-02-01 02:01:32,0.002043467121908165,1154174976.0,1.369999999993585
forecaster-tenant-pool,2026-02-01 02:02:02,0.0012517070044794926,1154707456.0,0.11560000000105597
forecaster-tenant-pool,2026-02-01 02:02:32,0.0022877610597796206,1154244608.0,1.3253000000026076
forecaster-tenant-pool,2026-02-01 02:03:02,0.0022996012225591227,1154461696.0,0.2102000000033513
forecaster-tenant-pool,2026-02-01 02:03:32,0.003181372958204918,1154310144.0,1.3863999999957741
forecaster-tenant-pool,2026-02-01 02:04:02,0.000662254357519019,1154322432.0,0.09049999999745827
forecaster-tenant-pool,2026-02-01 02:04:32,0.0018365766288719356,1154379776.0,1.251600000006874
forecaster-tenant-pool,2026-02-01 02:05:02,0.0003930799203861329,1154379776.0,0.21320000000020323
forecaster-tenant-pool,2026-02-01 02:05:32,0.0027726429941891946,1154449408.0,1.275899999995939
forecaster-tenant-pool,2026-02-01 02:06:02,0.00023718460987970334,1154449408.0,0.0799000000040299
forecaster-tenant-pool,2026-02-01 02:06:32,0.0018141031154750205,1154191360.0,1.1828999999968801
forecaster-tenant-pool,2026-02-01 02:07:02,0.0007247457069961537,1154195456.0,0.23930000000103369
forecaster-tenant-pool,2026-02-01 02:07:32,0.002088818967173777,1154260992.0,1.3171999999958643
forecaster-tenant-pool,2026-02-01 02:08:02,0.0020163024917087364,1154338816.0,0.10070000000329551
forecaster-tenant-pool,2026-02-01 02:08:32,0.0026500560987012594,1154334720.0,1.4740999999992104
forecaster-tenant-pool,2026-02-01 02:09:02,0.0019648687277318425,1154428928.0,0.2724000000013499
forecaster-tenant-pool,2026-02-01 02:09:32,0.002293882889075963,1154400256.0,1.366999999995096
forecaster-tenant-pool,2026-02-01 02:10:02,0.0002446572312966761,1154404352.0,0.07900000000627187
forecaster-tenant-pool,2026-02-01 02:10:03,0.0002446572312966761,1154404352.0,0.07900000000627187
forecaster-tenant-pool,2026-02-01 02:10:33,0.002475745174007935,1154240512.0,1.2549999999996242
forecaster-tenant-pool,2026-02-01 02:11:03,0.000882682497650092,1154248704.0,0.45010000000068734
forecaster-tenant-pool,2026-02-01 02:11:33,0.0021131371161757914,1153986560.0,1.290199999996548
forecaster-tenant-pool,2026-02-01 02:12:03,0.00022024144094994155,1153990656.0,0.09210000000002765
forecaster-tenant-pool,2026-02-01 02:12:33,0.0017108977148459702,1154056192.0,1.186199999996461
forecaster-tenant-pool,2026-02-01 02:13:03,0.0007564768723596461,1154150400.0,0.1871000000042841
forecaster-tenant-pool,2026-02-01 02:13:33,0.0015087256557512827,1153937408.0,1.1565000000014454
forecaster-tenant-pool,2026-02-01 02:14:03,0.0014492818951059752,1153953792.0,0.05389999999509503
forecaster-tenant-pool,2026-02-01 02:14:33,0.002592659837880368,1153998848.0,1.3364000000059604
forecaster-tenant-pool,2026-02-01 02:15:03,0.0019033296916815962,1153769472.0,0.1974999999973685
forecaster-tenant-pool,2026-02-01 02:15:33,0.0018945276414852235,1153740800.0,1.3102999999975509
forecaster-tenant-pool,2026-02-01 02:16:03,0.00023528946837780046,1153740800.0,0.08480000000060196
forecaster-tenant-pool,2026-02-01 02:16:33,0.0018328809220349922,1153527808.0,1.2987000000034943
forecaster-tenant-pool,2026-02-01 02:17:03,0.0004629754889137945,1153589248.0,0.22320000000169482
forecaster-tenant-pool,2026-02-01 02:17:33,0.002281620284591267,1153671168.0,1.2807999999998476
forecaster-tenant-pool,2026-02-01 02:18:03,0.0011863928802768574,1154105344.0,0.08379999999809419
forecaster-tenant-pool,2026-02-01 02:18:33,0.0021924223460537073,1153957888.0,1.3551000000022515
forecaster-tenant-pool,2026-02-01 02:19:03,0.002209971493769208,1154101248.0,0.2663999999961258
forecaster-tenant-pool,2026-02-01 02:19:33,0.0025366566901695365,1154027520.0,1.342600000002009
forecaster-tenant-pool,2026-02-01 02:20:03,0.0002687598444443461,1154027520.0,0.08880000000008294
forecaster-tenant-pool,2026-02-01 02:20:05,0.0020025430731563836,1154060288.0,0.08880000000008294
forecaster-tenant-pool,2026-02-01 02:20:35,0.002765046096576779,1154166784.0,1.3796999999951367
forecaster-tenant-pool,2026-02-01 02:21:05,0.0014175109756719274,1154506752.0,0.4427000000063951
forecaster-tenant-pool,2026-02-01 02:21:35,0.0019374836451342206,1153974272.0,1.161999999999413
forecaster-tenant-pool,2026-02-01 02:22:05,0.0017688389641873693,1154023424.0,0.12810000000014649
forecaster-tenant-pool,2026-02-01 02:22:35,0.0021868829976910056,1154060288.0,1.389999999999357
forecaster-tenant-pool,2026-02-01 02:23:05,0.0004618040429901672,1154142208.0,0.2041999999943073
forecaster-tenant-pool,2026-02-01 02:23:35,0.0028122032569485684,1154220032.0,1.36430000000546
forecaster-tenant-pool,2026-02-01 02:24:05,0.00022845734986604556,1154232320.0,0.08049999999608796
forecaster-tenant-pool,2026-02-01 02:24:35,0.002136701009672232,1154297856.0,1.2838000000023384
forecaster-tenant-pool,2026-02-01 02:25:05,0.0004228569291272885,1154416640.0,0.20049999999652451
forecaster-tenant-pool,2026-02-01 02:25:35,0.001788667867619793,1154539520.0,1.2842000000036933
forecaster-tenant-pool,2026-02-01 02:26:05,0.00020517334825125206,1154674688.0,0.08709999999652306
forecaster-tenant-pool,2026-02-01 02:26:35,0.0023187625795965984,1154445312.0,1.2240000000044045
forecaster-tenant-pool,2026-02-01 02:27:05,0.0018213514543720523,1154568192.0,0.24990000000028278
forecaster-tenant-pool,2026-02-01 02:27:35,0.0021430477368370297,1154310144.0,1.214500000000832
forecaster-tenant-pool,2026-02-01 02:28:05,0.0019418943450496262,1154387968.0,0.10790000000069995
forecaster-tenant-pool,2026-02-01 02:28:35,0.0022962503850117873,1154674688.0,1.319799999993423
forecaster-tenant-pool,2026-02-01 02:29:05,0.001260141562853491,1154523136.0,0.2834999999996701
forecaster-tenant-pool,2026-02-01 02:29:35,0.0024822979877877705,1154400256.0,1.3181000000068404
forecaster-tenant-pool,2026-02-01 02:30:02,0.0016207170063471808,1154961408.0,0.10080000000022363
forecaster-tenant-pool,2026-02-01 02:30:05,0.0016093611434146505,1154961408.0,0.10080000000022363
forecaster-tenant-pool,2026-02-01 02:30:32,0.0022982169279941213,1154498560.0,1.3187999999943107
forecaster-tenant-pool,2026-02-01 02:31:02,0.001562768720668189,1154551808.0,0.4265000000044286
forecaster-tenant-pool,2026-02-01 02:31:32,0.0022479676374779524,1154269184.0,1.2587999999990642
forecaster-tenant-pool,2026-02-01 02:32:02,0.0007613647731370441,1154326528.0,0.13159999999697902
forecaster-tenant-pool,2026-02-01 02:32:32,0.0022654880091021977,1154392064.0,0.7790000000002086
forecaster-tenant-pool,2026-02-01 02:33:02,0.0014153394916271045,1154404352.0,0.7161000000003696
forecaster-tenant-pool,2026-02-01 02:33:32,0.001932746353528934,1154465792.0,0.9369000000026669
forecaster-tenant-pool,2026-02-01 02:34:02,0.0014011645551185593,1154752512.0,0.4100999999998142
forecaster-tenant-pool,2026-02-01 02:34:32,0.0023029352022185976,1154535424.0,1.205199999995178
forecaster-tenant-pool,2026-02-01 02:35:02,0.001389655238356446,1154535424.0,0.2080000000066017
forecaster-tenant-pool,2026-02-01 02:35:32,0.002308796302316258,1154605056.0,1.2143999999960822
forecaster-tenant-pool,2026-02-01 02:36:02,0.00021773009087138414,1154605056.0,0.07330000000347354
forecaster-tenant-pool,2026-02-01 02:36:32,0.002149160646142986,1154351104.0,1.2312999999970997
forecaster-tenant-pool,2026-02-01 02:37:02,0.0010994967640040145,1154617344.0,0.2551999999960268
forecaster-tenant-pool,2026-02-01 02:37:32,0.0021455949667930664,1154416640.0,1.2965000000034705
forecaster-tenant-pool,2026-02-01 02:38:02,0.0002721270345059195,1154416640.0,0.08690000000078726
forecaster-tenant-pool,2026-02-01 02:38:32,0.00209309170197603,1154490368.0,1.3250000000033955
forecaster-tenant-pool,2026-02-01 02:39:02,0.0013110705742896,1154756608.0,0.25409999999695476
forecaster-tenant-pool,2026-02-01 02:39:32,0.0019532649585588336,1154555904.0,1.3237999999983003
forecaster-tenant-pool,2026-02-01 02:40:02,0.00023985515364809097,1154560000.0,0.10230000000198439
forecaster-tenant-pool,2026-02-01 02:40:03,0.002133769078757738,1154600960.0,0.10230000000198439
forecaster-tenant-pool,2026-02-01 02:40:33,0.0024508947691713892,1154658304.0,1.381899999997889
forecaster-tenant-pool,2026-02-01 02:41:03,0.0008674073609048573,1154809856.0,0.39870000000246364
forecaster-tenant-pool,2026-02-01 02:41:33,0.0019657207857756206,1154404352.0,1.1467000000016923
forecaster-tenant-pool,2026-02-01 02:42:03,0.0002251774790477486,1154404352.0,0.11409999999565723
forecaster-tenant-pool,2026-02-01 02:42:33,0.0018679866991000381,1154473984.0,1.3148999999984272
forecaster-tenant-pool,2026-02-01 02:43:03,0.0004318303856353327,1154473984.0,0.22249999999991513
forecaster-tenant-pool,2026-02-01 02:43:33,0.002710903550350206,1154543616.0,1.4690000000047196
forecaster-tenant-pool,2026-02-01 02:44:03,0.0008344014732187667,1154826240.0,0.09549999999962892
forecaster-tenant-pool,2026-02-01 02:44:33,0.002396850799143117,1154613248.0,1.2756999999999001
forecaster-tenant-pool,2026-02-01 02:45:03,0.0005014504229894102,1154887680.0,0.226799999999821
forecaster-tenant-pool,2026-02-01 02:45:33,0.001765980386235971,1154789376.0,1.1348000000022997
forecaster-tenant-pool,2026-02-01 02:46:03,0.0008881701786944328,1155371008.0,0.1062999999928555
forecaster-tenant-pool,2026-02-01 02:46:33,0.0023567963204872994,1154592768.0,1.2729000000069088
forecaster-tenant-pool,2026-02-01 02:47:03,0.0016089751516936742,1154744320.0,0.25380000000022845
forecaster-tenant-pool,2026-02-01 02:47:33,0.001905757258876929,1154830336.0,1.2434999999943708
forecaster-tenant-pool,2026-02-01 02:48:03,0.0018069063788278563,1154789376.0,0.08940000000493455
forecaster-tenant-pool,2026-02-01 02:48:33,0.0020998784697076967,1154715648.0,1.1703000000004977
forecaster-tenant-pool,2026-02-01 02:49:03,0.0018636813512168217,1155072000.0,0.21429999999406085
forecaster-tenant-pool,2026-02-01 02:49:33,0.001836793694857377,1154789376.0,1.2627000000016777
forecaster-tenant-pool,2026-02-01 02:50:03,0.0002723667181146643,1154785280.0,0.11870000000011108
forecaster-tenant-pool,2026-02-01 02:50:05,0.0002723667181146643,1154785280.0,0.11870000000011108
forecaster-tenant-pool,2026-02-01 02:50:35,0.0035697380310800836,1154879488.0,1.5431999999994634
forecaster-tenant-pool,2026-02-01 02:51:05,0.0019060769994458375,1155223552.0,0.4298000000047371
forecaster-tenant-pool,2026-02-01 02:51:35,0.001763985394785464,1154629632.0,1.2733999999965817
forecaster-tenant-pool,2026-02-01 02:52:05,0.00023460509071051617,1154437120.0,0.10440000000301855
forecaster-tenant-pool,2026-02-01 02:52:35,0.002837210225849917,1154502656.0,1.3825999999980316
forecaster-tenant-pool,2026-02-01 02:53:05,0.0005908506799040543,1154510848.0,0.22189999999888338
forecaster-tenant-pool,2026-02-01 02:53:35,0.00194732384893549,1154834432.0,1.4766999999975572
forecaster-tenant-pool,2026-02-01 02:54:05,0.0017133586354628558,1154600960.0,0.0890000000029128
forecaster-tenant-pool,2026-02-01 02:54:35,0.002295338983050455,1154641920.0,1.4043000000013004
forecaster-tenant-pool,2026-02-01 02:55:05,0.0004207516999724892,1154641920.0,0.1966999999947196
forecaster-tenant-pool,2026-02-01 02:55:35,0.0023772999487547326,1154973696.0,0.7803000000038083
forecaster-tenant-pool,2026-02-01 02:56:05,0.000273440856834278,1154711552.0,0.4765999999995377
forecaster-tenant-pool,2026-02-01 02:56:35,0.0017659618527977492,1154453504.0,1.2540000000002691
forecaster-tenant-pool,2026-02-01 02:57:05,0.0016939695818208277,1155006464.0,0.21649999999954161
forecaster-tenant-pool,2026-02-01 02:57:35,0.0021063965522446085,1154523136.0,1.271299999998155
forecaster-tenant-pool,2026-02-01 02:58:05,0.0016149122408168812,1154547712.0,0.10840000000601624
forecaster-tenant-pool,2026-02-01 02:58:35,0.0023294905489020345,1154588672.0,1.241099999994367
forecaster-tenant-pool,2026-02-01 02:59:05,0.0005677874459553094,1154600960.0,0.2031000000001465
forecaster-tenant-pool,2026-02-01 02:59:35,0.0018929825571380354,1154658304.0,1.1308000000028187
forecaster-tenant-pool,2026-02-01 03:00:02,0.0013577035988682283,1154719744.0,0.11200000000086827
forecaster-tenant-pool,2026-02-01 03:00:05,0.0013577035988682283,1154719744.0,0.11200000000086827
forecaster-tenant-pool,2026-02-01 03:00:32,0.0031304561557279195,1154797568.0,1.3033000000003692
forecaster-tenant-pool,2026-02-01 03:01:02,0.0016022801769654171,1155362816.0,0.4004999999939779
forecaster-tenant-pool,2026-02-01 03:01:32,0.0021474127799674374,1154551808.0,1.2800000000012004
forecaster-tenant-pool,2026-02-01 03:02:02,0.0002706680005870467,1154555904.0,0.11810000000041328
forecaster-tenant-pool,2026-02-01 03:02:32,0.0021391038953952756,1154621440.0,1.2876000000009904
forecaster-tenant-pool,2026-02-01 03:03:02,0.000858219469202815,1154899968.0,0.22679999999848707
forecaster-tenant-pool,2026-02-01 03:03:32,0.002273461511317022,1154686976.0,1.3274000000001251
forecaster-tenant-pool,2026-02-01 03:04:02,0.0006020377281306126,1154797568.0,0.08740000000167736
forecaster-tenant-pool,2026-02-01 03:04:32,0.0018556099769747847,1154756608.0,1.2905999999986912
forecaster-tenant-pool,2026-02-01 03:05:02,0.0018330660621231195,1154809856.0,0.22020000000138681
forecaster-tenant-pool,2026-02-01 03:05:32,0.0024591877461455688,1154826240.0,1.2420999999994213
forecaster-tenant-pool,2026-02-01 03:06:02,0.00021061338099530292,1154826240.0,0.0697000000051048
forecaster-tenant-pool,2026-02-01 03:06:32,0.0018695293208313701,1154580480.0,1.1950999999988805
forecaster-tenant-pool,2026-02-01 03:07:02,0.0004139789145226795,1154576384.0,0.20839999999898282
forecaster-tenant-pool,2026-02-01 03:07:32,0.0017816960260679515,1154637824.0,1.1191000000004352
forecaster-tenant-pool,2026-02-01 03:08:02,0.00026194166329879563,1154662400.0,0.19409999999867672
forecaster-tenant-pool,2026-02-01 03:08:32,0.002206217910995734,1154703360.0,1.2629999999957968
forecaster-tenant-pool,2026-02-01 03:09:02,0.001154390077282835,1154973696.0,0.194000000000536
forecaster-tenant-pool,2026-02-01 03:09:32,0.001913443314507538,1154772992.0,1.351800000000124
forecaster-tenant-pool,2026-02-01 03:10:02,0.00018886707378339888,1154772992.0,0.09150000000384655
forecaster-tenant-pool,2026-02-01 03:10:04,0.0015008422719882553,1155330048.0,0.09150000000384655
forecaster-tenant-pool,2026-02-01 03:10:34,0.0019336365358737556,1154867200.0,1.188199999998566
forecaster-tenant-pool,2026-02-01 03:11:04,0.0018522719745404713,1154891776.0,0.38780000000357784
forecaster-tenant-pool,2026-02-01 03:11:34,0.002276369129694565,1154617344.0,1.1916999999933977
forecaster-tenant-pool,2026-02-01 03:12:04,0.0021146022622293083,1154842624.0,0.2491000000043035
forecaster-tenant-pool,2026-02-01 03:12:34,0.002019473164333931,1154686976.0,1.3329000000013669
forecaster-tenant-pool,2026-02-01 03:13:04,0.0019257917168501956,1154936832.0,0.19099999999865153
forecaster-tenant-pool,2026-02-01 03:13:34,0.001951704381080522,1154752512.0,1.2292000000002494
forecaster-tenant-pool,2026-02-01 03:14:04,0.0002464903132287538,1154752512.0,0.07790000000034827
forecaster-tenant-pool,2026-02-01 03:14:34,0.002178519500089901,1154822144.0,1.3729000000006635
forecaster-tenant-pool,2026-02-01 03:15:04,0.001320403251802179,1155084288.0,0.22900000000111806
forecaster-tenant-pool,2026-02-01 03:15:34,0.0018960700942329601,1154891776.0,1.3245999999993727
forecaster-tenant-pool,2026-02-01 03:16:04,0.00024713983584552984,1154891776.0,0.1089999999962553
forecaster-tenant-pool,2026-02-01 03:16:34,0.003092184168474436,1154633728.0,1.3283000000039464
forecaster-tenant-pool,2026-02-01 03:17:04,0.0005235193917445691,1154899968.0,0.20599999999879703
forecaster-tenant-pool,2026-02-01 03:17:34,0.0017727204170600662,1154707456.0,1.222399999998076
forecaster-tenant-pool,2026-02-01 03:18:04,0.0008479920200448406,1155301376.0,0.08140000000318348
forecaster-tenant-pool,2026-02-01 03:18:34,0.0022174180322518276,1154772992.0,1.2367999999975532
forecaster-tenant-pool,2026-02-01 03:19:04,0.0016435357771900428,1154797568.0,0.21400000000006306
forecaster-tenant-pool,2026-02-01 03:19:34,0.002383552210186286,1154842624.0,1.2018999999992956
forecaster-tenant-pool,2026-02-01 03:20:04,0.0016744546443496753,1154863104.0,0.11319999999814172
forecaster-tenant-pool,2026-02-01 03:20:05,0.0016744546443496753,1154863104.0,0.11319999999814172
forecaster-tenant-pool,2026-02-01 03:20:35,0.0021470939469652025,1154932736.0,1.06170000000111
forecaster-tenant-pool,2026-02-01 03:21:05,0.0008111237698901491,1155194880.0,0.6903999999993174
forecaster-tenant-pool,2026-02-01 03:21:35,0.0020480065095478464,1154682880.0,0.784399999999611
forecaster-tenant-pool,2026-02-01 03:22:05,0.0014984079121264401,1155026944.0,0.5189000000055483
forecaster-tenant-pool,2026-02-01 03:22:35,0.002163014207849082,1154752512.0,1.0980999999931251
forecaster-tenant-pool,2026-02-01 03:23:05,0.0004996541076816397,1154752512.0,0.4987000000034944
forecaster-tenant-pool,2026-02-01 03:23:35,0.0029263510829178143,1154826240.0,1.2075000000006186
forecaster-tenant-pool,2026-02-01 03:24:05,0.0012163772513668243,1155096576.0,0.12150000000219734
forecaster-tenant-pool,2026-02-01 03:24:35,0.0018909628592635379,1154891776.0,1.257999999998962
forecaster-tenant-pool,2026-02-01 03:25:05,0.002038732709057791,1154949120.0,0.21449999999925543
forecaster-tenant-pool,2026-02-01 03:25:35,0.0020083843402845373,1154965504.0,1.214900000000125
forecaster-tenant-pool,2026-02-01 03:26:05,0.0009983977824447098,1155158016.0,0.08390000000144937
forecaster-tenant-pool,2026-02-01 03:26:35,0.0019481324662162884,1154703360.0,1.205699999998736
forecaster-tenant-pool,2026-02-01 03:27:05,0.000905170516088106,1154789376.0,0.2203999999989416
forecaster-tenant-pool,2026-02-01 03:27:35,0.0018378373813524912,1154772992.0,1.209700000001673
forecaster-tenant-pool,2026-02-01 03:28:05,0.00046776411260254845,1155567616.0,0.08240000000053745
forecaster-tenant-pool,2026-02-01 03:28:35,0.002400397717755631,1154842624.0,1.2974999999990664
forecaster-tenant-pool,2026-02-01 03:29:05,0.00040725079813341386,1154846720.0,0.2056999999994635
forecaster-tenant-pool,2026-02-01 03:29:35,0.0019572192942589627,1154908160.0,1.2616000000000591
forecaster-tenant-pool,2026-02-01 03:30:03,0.0002300033713094183,1154912256.0,0.08899999999678887
forecaster-tenant-pool,2026-02-01 03:30:05,0.0002300033713094183,1154912256.0,0.08899999999678887
forecaster-tenant-pool,2026-02-01 03:30:33,0.0020791844344888034,1155006464.0,1.2238000000008469
forecaster-tenant-pool,2026-02-01 03:31:03,0.0009593827881836242,1155108864.0,0.410600000001735
forecaster-tenant-pool,2026-02-01 03:31:33,0.002232770525330199,1154756608.0,1.2743999999980586
forecaster-tenant-pool,2026-02-01 03:32:03,0.00031624371933921245,1154752512.0,0.12030000000134654
forecaster-tenant-pool,2026-02-01 03:32:33,0.0021001973521632997,1154822144.0,1.381300000001223
forecaster-tenant-pool,2026-02-01 03:33:03,0.00043768495342360973,1154822144.0,0.23849999999638385
forecaster-tenant-pool,2026-02-01 03:33:33,0.0021170180597285477,1154891776.0,1.0548000000038882
forecaster-tenant-pool,2026-02-01 03:34:03,0.00025824965303065565,1154891776.0,0.35600000000213183
forecaster-tenant-pool,2026-02-01 03:34:33,0.002011854062187923,1154961408.0,1.2535999999941245
forecaster-tenant-pool,2026-02-01 03:35:03,0.0017229258701389656,1155264512.0,0.19780000000246217
forecaster-tenant-pool,2026-02-01 03:35:33,0.0018604271503297476,1155026944.0,1.2786000000002482
forecaster-tenant-pool,2026-02-01 03:36:03,0.0006829964504206197,1155039232.0,0.07760000000113602
forecaster-tenant-pool,2026-02-01 03:36:33,0.0019072754594097493,1154965504.0,1.2814999999988383
forecaster-tenant-pool,2026-02-01 03:37:03,0.0010149261081860727,1154842624.0,0.20110000000173994
forecaster-tenant-pool,2026-02-01 03:37:33,0.0017500146883229135,1154838528.0,1.169799999998031
forecaster-tenant-pool,2026-02-01 03:38:03,0.0006521571888374182,1155637248.0,0.07740000000097401
forecaster-tenant-pool,2026-02-01 03:38:33,0.002398278973129926,1154908160.0,1.349200000001838
forecaster-tenant-pool,2026-02-01 03:39:03,0.0003779218583689046,1154908160.0,0.1836000000007213
forecaster-tenant-pool,2026-02-01 03:39:33,0.001956935102993184,1154977792.0,1.2982999999972888
forecaster-tenant-pool,2026-02-01 03:40:03,0.0002188921557633058,1154977792.0,0.08370000000055977
forecaster-tenant-pool,2026-02-01 03:40:03,0.0014445271138987918,1155330048.0,0.08370000000055977
forecaster-tenant-pool,2026-02-01 03:40:33,0.002110694354990911,1155072000.0,1.0104000000009667
forecaster-tenant-pool,2026-02-01 03:41:03,0.0006957157404044355,1155092480.0,0.6248000000001411
forecaster-tenant-pool,2026-02-01 03:41:33,0.002331123275652489,1154822144.0,0.8855999999982184
forecaster-tenant-pool,2026-02-01 03:42:03,0.0012112866351206722,1154834432.0,0.452900000002046
forecaster-tenant-pool,2026-02-01 03:42:33,0.0016265947090597758,1154887680.0,1.249800000000808
forecaster-tenant-pool,2026-02-01 03:43:03,0.0012634474761961377,1154891776.0,0.23990000000012515
forecaster-tenant-pool,2026-02-01 03:43:33,0.002138973556370837,1154957312.0,1.3967999999963163
forecaster-tenant-pool,2026-02-01 03:44:03,0.00023706404574381728,1154961408.0,0.08229999999875873
forecaster-tenant-pool,2026-02-01 03:44:33,0.003090304354647375,1155125248.0,1.2861999999997957
forecaster-tenant-pool,2026-02-01 03:45:03,0.0007792087210590536,1155416064.0,0.19880000000193832
forecaster-tenant-pool,2026-02-01 03:45:33,0.0019959488997831096,1155252224.0,1.21029999999652
forecaster-tenant-pool,2026-02-01 03:46:03,0.001690855066809538,1155497984.0,0.09780000000070382
forecaster-tenant-pool,2026-02-01 03:46:33,0.0018164147543038615,1154891776.0,1.2793000000000878
forecaster-tenant-pool,2026-02-01 03:47:03,0.0009314468501347088,1154945024.0,0.23210000000308353
forecaster-tenant-pool,2026-02-01 03:47:33,0.0025265511689188305,1154965504.0,1.339900000000125
forecaster-tenant-pool,2026-02-01 03:48:03,0.00019793586765560366,1154965504.0,0.07539999999741363
forecaster-tenant-pool,2026-02-01 03:48:33,0.0018476522725901147,1155039232.0,1.3099000000015317
forecaster-tenant-pool,2026-02-01 03:49:03,0.00044104219899147076,1155035136.0,0.20849999999724483
forecaster-tenant-pool,2026-02-01 03:49:33,0.0021003525094908148,1155104768.0,1.2487000000007051
forecaster-tenant-pool,2026-02-01 03:50:03,0.0004659555335357429,1155117056.0,0.0922000000045955
forecaster-tenant-pool,2026-02-01 03:50:08,0.0018641505778288405,1155248128.0,1.2018999999957793
forecaster-tenant-pool,2026-02-01 03:50:38,0.0023444904564048365,1155239936.0,0.4581000000026811
forecaster-tenant-pool,2026-02-01 03:51:08,0.0018287773383836637,1155313664.0,1.1822999999953636
forecaster-tenant-pool,2026-02-01 03:51:38,0.0019303238707296846,1154998272.0,0.10370000000299723
forecaster-tenant-pool,2026-02-01 03:52:08,0.0015617602997033465,1155022848.0,1.2030999999968726
forecaster-tenant-pool,2026-02-01 03:52:38,0.0019228955741953575,1154932736.0,0.21420000000598524
forecaster-tenant-pool,2026-02-01 03:53:08,0.000766344906538716,1154940928.0,0.8239999999954309
forecaster-tenant-pool,2026-02-01 03:53:38,0.0018793122054909382,1155002368.0,0.5268999999994171
forecaster-tenant-pool,2026-02-01 03:54:08,0.0018120725322312598,1155592192.0,1.2986000000007458
forecaster-tenant-pool,2026-02-01 03:54:38,0.001998778168023186,1155072000.0,0.2395000000034998
forecaster-tenant-pool,2026-02-01 03:55:08,0.001801163281896334,1155342336.0,1.293899999995241
forecaster-tenant-pool,2026-02-01 03:55:38,0.0020868466496322662,1155141632.0,0.07700000000356039
forecaster-tenant-pool,2026-02-01 03:56:08,0.0005831158368764811,1155325952.0,1.2986000000024436
forecaster-tenant-pool,2026-02-01 03:56:38,0.0020180516727630387,1154879488.0,0.2741999999982606
forecaster-tenant-pool,2026-02-01 03:57:08,0.0021707645602361937,1154940928.0,1.4106000000008865
forecaster-tenant-pool,2026-02-01 03:57:38,0.0020781745289644962,1154953216.0,0.09389999999608943
forecaster-tenant-pool,2026-02-01 03:58:08,0.002041546218667684,1155022848.0,1.2461000000040563
forecaster-tenant-pool,2026-02-01 03:58:38,0.0023118095993143848,1155018752.0,0.21939999999879853
forecaster-tenant-pool,2026-02-01 03:59:08,0.0017786373510344298,1155055616.0,0.6787999999969544
forecaster-tenant-pool,2026-02-01 03:59:38,0.0025438464465931316,1155088384.0,0.6168000000021494
forecaster-tenant-pool,2026-02-01 04:00:02,0.0007037893438993584,1155088384.0,0.6168000000021493
forecaster-tenant-pool,2026-02-01 04:00:08,0.0020327693419911206,1155129344.0,1.2407999999984896
forecaster-tenant-pool,2026-02-01 04:00:32,0.0023813463436984307,1155186688.0,1.2407999999984893
forecaster-tenant-pool,2026-02-01 04:01:02,0.0014483651770297507,1155727360.0,0.37930000000239183
forecaster-tenant-pool,2026-02-01 04:01:32,0.0020369064184913668,1154969600.0,1.179599999999482
forecaster-tenant-pool,2026-02-01 04:02:02,0.0010821723435005177,1155485696.0,0.157799999996314
forecaster-tenant-pool,2026-02-01 04:02:32,0.0021077827246435035,1154998272.0,1.3613000000033328
forecaster-tenant-pool,2026-02-01 04:03:02,0.0013459535920174641,1155547136.0,0.19410000000201155
forecaster-tenant-pool,2026-02-01 04:03:32,0.0018311952135189533,1155067904.0,1.3749999999956344
forecaster-tenant-pool,2026-02-01 04:04:02,0.0008333996171575502,1155162112.0,0.09019999999903423
forecaster-tenant-pool,2026-02-01 04:04:32,0.0029365150691995833,1155137536.0,1.3779000000000452
forecaster-tenant-pool,2026-02-01 04:05:02,0.0006125128850348603,1155137536.0,0.24060000000517903
forecaster-tenant-pool,2026-02-01 04:05:32,0.0017078479442310173,1155207168.0,1.3192999999978685
forecaster-tenant-pool,2026-02-01 04:06:02,0.0015536785296137233,1155780608.0,0.0760000000036598
forecaster-tenant-pool,2026-02-01 04:06:32,0.001936645927770378,1154949120.0,1.343799999995402
forecaster-tenant-pool,2026-02-01 04:07:02,0.001180213745698429,1155424256.0,0.21829999999905947
forecaster-tenant-pool,2026-02-01 04:07:32,0.002042488779416279,1155018752.0,1.248899999999958
forecaster-tenant-pool,2026-02-01 04:08:02,0.0016382406585914782,1155166208.0,0.07249999999979384
forecaster-tenant-pool,2026-02-01 04:08:32,0.0019255867975070341,1155084288.0,1.2122000000052746
forecaster-tenant-pool,2026-02-01 04:09:02,0.0017013925148996422,1155112960.0,0.19609999999380914
forecaster-tenant-pool,2026-02-01 04:09:32,0.0018653217056231897,1155153920.0,1.1409999999999856
forecaster-tenant-pool,2026-02-01 04:10:02,0.0002196505045213723,1155153920.0,0.20490000000718284
forecaster-tenant-pool,2026-02-01 04:10:02,0.00021646229235411358,1155153920.0,0.20490000000718284
forecaster-tenant-pool,2026-02-01 04:10:32,0.0025208699862986454,1155248128.0,1.2330999999999523
forecaster-tenant-pool,2026-02-01 04:11:02,0.0004546166142524496,1155248128.0,0.3755999999958779
forecaster-tenant-pool,2026-02-01 04:11:32,0.0025036163009374015,1154994176.0,1.2736999999973706
forecaster-tenant-pool,2026-02-01 04:12:02,0.0015365173896841825,1155043328.0,0.08790000000487148
forecaster-tenant-pool,2026-02-01 04:12:32,0.0020075925596591882,1155063808.0,1.1998999999991307
forecaster-tenant-pool,2026-02-01 04:13:02,0.0010102431605160081,1155997696.0,0.15529999999950328
forecaster-tenant-pool,2026-02-01 04:13:32,0.0018682803497713227,1155530752.0,1.1442000000033052
forecaster-tenant-pool,2026-02-01 04:14:02,0.0003628255870736463,1155928064.0,0.12519999999397743
forecaster-tenant-pool,2026-02-01 04:14:32,0.001843430806004699,1154936832.0,1.2167000000054637
forecaster-tenant-pool,2026-02-01 04:15:02,0.000474339268561708,1154940928.0,0.2004999999994349
forecaster-tenant-pool,2026-02-01 04:15:32,0.0023883073756679188,1155010560.0,1.2749000000008286
forecaster-tenant-pool,2026-02-01 04:16:02,0.000650308362078121,1155035136.0,0.10529999999883632
forecaster-tenant-pool,2026-02-01 04:16:32,0.0021093276512153666,1154756608.0,1.2299999999943492
forecaster-tenant-pool,2026-02-01 04:17:02,0.0015562729755709867,1155354624.0,0.23480000000405804
forecaster-tenant-pool,2026-02-01 04:17:32,0.0018656519658346803,1155006464.0,1.186299999999877
forecaster-tenant-pool,2026-02-01 04:18:02,0.00025036219059758666,1155031040.0,0.12490000000101038
forecaster-tenant-pool,2026-02-01 04:18:32,0.0027452649440934574,1155096576.0,1.212599999994988
forecaster-tenant-pool,2026-02-01 04:19:02,0.00037973463220889717,1155121152.0,0.21050000000656532
forecaster-tenant-pool,2026-02-01 04:19:32,0.0020934479216530764,1155248128.0,1.2422999999944295
forecaster-tenant-pool,2026-02-01 04:20:02,0.0002786854594101138,1155272704.0,0.10709999999993064
forecaster-tenant-pool,2026-02-01 04:20:02,0.00027637545247207883,1155268608.0,0.10709999999993064
forecaster-tenant-pool,2026-02-01 04:20:32,0.0021152110739254644,1155362816.0,1.2049000000028778
forecaster-tenant-pool,2026-02-01 04:21:02,0.0006111447629836509,1155366912.0,0.3527000000000044
forecaster-tenant-pool,2026-02-01 04:21:32,0.0018176333397132113,1155194880.0,1.1014000000010127
forecaster-tenant-pool,2026-02-01 04:22:02,0.00028413721607691245,1155211264.0,0.24660000000076251
forecaster-tenant-pool,2026-02-01 04:22:32,0.0021475067933410244,1155289088.0,1.2748999999974937
forecaster-tenant-pool,2026-02-01 04:23:02,0.0010706920244225998,1155330048.0,0.20509999999776485
forecaster-tenant-pool,2026-02-01 04:23:32,0.0016922361543397974,1155375104.0,1.1729000000007241
forecaster-tenant-pool,2026-02-01 04:24:02,0.00023868063263339395,1155379200.0,0.093600000003183
forecaster-tenant-pool,2026-02-01 04:24:32,0.0025900433869487445,1155469312.0,1.2561999999954423
forecaster-tenant-pool,2026-02-01 04:25:02,0.0008193354070421619,1155743744.0,0.21280000000430543
forecaster-tenant-pool,2026-02-01 04:25:32,0.001879163793486199,1155547136.0,1.1128000000017588
forecaster-tenant-pool,2026-02-01 04:26:02,0.0004039586179256975,1156075520.0,0.17309999999815773
forecaster-tenant-pool,2026-02-01 04:26:32,0.0022826352957007515,1155284992.0,1.3381000000016987
forecaster-tenant-pool,2026-02-01 04:27:02,0.0012117140088167338,1155297280.0,0.20969999999736802
forecaster-tenant-pool,2026-02-01 04:27:32,0.0021242144563103794,1155358720.0,1.3356000000008863
forecaster-tenant-pool,2026-02-01 04:28:02,0.001756592889583435,1155715072.0,0.08319999999518284
forecaster-tenant-pool,2026-02-01 04:28:32,0.00213426185949019,1155436544.0,1.3161000000056446
forecaster-tenant-pool,2026-02-01 04:29:02,0.0003922391549758391,1155436544.0,0.17500000000103078
forecaster-tenant-pool,2026-02-01 04:29:32,0.0019649213181306127,1155506176.0,1.3360999999936516
forecaster-tenant-pool,2026-02-01 04:30:02,0.0011193256478225148,1155850240.0,0.0781000000036632
forecaster-tenant-pool,2026-02-01 04:30:02,0.0011193256478225148,1155850240.0,0.0781000000036632
forecaster-tenant-pool,2026-02-01 04:30:32,0.0021262747867329757,1155690496.0,1.2249000000026473
forecaster-tenant-pool,2026-02-01 04:31:02,0.0006844525954062288,1155735552.0,0.3564999999935632
forecaster-tenant-pool,2026-02-01 04:31:32,0.0019178049938909133,1155575808.0,1.272800000001007
forecaster-tenant-pool,2026-02-01 04:32:02,0.0006519846817386439,1155833856.0,0.10060000000000097
forecaster-tenant-pool,2026-02-01 04:32:32,0.0018901176193855931,1155817472.0,1.2081000000005586
forecaster-tenant-pool,2026-02-01 04:33:02,0.001045414056064329,1156128768.0,0.1605000000042613
forecaster-tenant-pool,2026-02-01 04:33:32,0.0023808556924216364,1155915776.0,1.1885000000000825
forecaster-tenant-pool,2026-02-01 04:34:02,0.0006146069552233024,1155756032.0,0.09659999999712454
forecaster-tenant-pool,2026-02-01 04:34:32,0.0016943065495983278,1155993600.0,1.3046000000032412
forecaster-tenant-pool,2026-02-01 04:35:02,0.0014441427959173605,1156268032.0,0.17240000000062233
forecaster-tenant-pool,2026-02-01 04:35:32,0.0018914929586113841,1155792896.0,1.2381999999931093
forecaster-tenant-pool,2026-02-01 04:36:02,0.0006026763198286484,1156329472.0,0.06570000000422926
forecaster-tenant-pool,2026-02-01 04:36:32,0.0017399544553682329,1155354624.0,1.324500000001414
forecaster-tenant-pool,2026-02-01 04:37:02,0.0004455289003356918,1155350528.0,0.18429999999546756
forecaster-tenant-pool,2026-02-01 04:37:32,0.002787759940751182,1155416064.0,1.245700000001428
forecaster-tenant-pool,2026-02-01 04:38:02,0.00015637265524119697,1155416064.0,0.05360000000024835
forecaster-tenant-pool,2026-02-01 04:38:32,0.0019352563350138216,1154637824.0,1.28010000000304
forecaster-tenant-pool,2026-02-01 04:39:02,0.00037473733894620475,1154637824.0,0.18099999999867578
forecaster-tenant-pool,2026-02-01 04:39:32,0.001738612312378741,1154707456.0,1.2382999999959186
forecaster-tenant-pool,2026-02-01 04:40:02,0.00019771761444890894,1154707456.0,0.10450000000285703
forecaster-tenant-pool,2026-02-01 04:40:05,0.0006846611721351347,1154936832.0,0.10450000000285703
forecaster-tenant-pool,2026-02-01 04:40:35,0.0021448797970175402,1155153920.0,1.1921000000022106
forecaster-tenant-pool,2026-02-01 04:41:05,0.0012526322811290157,1155514368.0,0.36239999999482586
forecaster-tenant-pool,2026-02-01 04:41:35,0.002175571114244371,1155035136.0,1.2692000000003947
forecaster-tenant-pool,2026-02-01 04:42:05,0.0008716839956962338,1155358720.0,0.10809999999970993
forecaster-tenant-pool,2026-02-01 04:42:35,0.0018206199667802187,1155186688.0,1.1311000000031224
forecaster-tenant-pool,2026-02-01 04:43:05,0.0020265725421323368,1155231744.0,0.30119999999654584
forecaster-tenant-pool,2026-02-01 04:43:35,0.0022201998859741378,1155284992.0,1.3624000000010104
forecaster-tenant-pool,2026-02-01 04:44:05,0.00021162126199592162,1155358720.0,0.08229999999875873
forecaster-tenant-pool,2026-02-01 04:44:35,0.002730582108254939,1155620864.0,1.1959000000032878
forecaster-tenant-pool,2026-02-01 04:45:05,0.0007166713659959992,1155682304.0,0.32229999999920744
forecaster-tenant-pool,2026-02-01 04:45:35,0.0020929443272881725,1155710976.0,1.261599999999089
forecaster-tenant-pool,2026-02-01 04:46:05,0.0002537649259773279,1155731456.0,0.08510000000151194
forecaster-tenant-pool,2026-02-01 04:46:35,0.002178920239792331,1155489792.0,1.2998000000001413
forecaster-tenant-pool,2026-02-01 04:47:05,0.00044270456491033106,1155489792.0,0.20330000000073292
forecaster-tenant-pool,2026-02-01 04:47:35,0.0020877193727094883,1155588096.0,1.3288999999959439
forecaster-tenant-pool,2026-02-01 04:48:05,0.00022766911914093066,1155678208.0,0.07830000000643242
forecaster-tenant-pool,2026-02-01 04:48:35,0.0020376255563891257,1155751936.0,1.2682999999970586
forecaster-tenant-pool,2026-02-01 04:49:05,0.0007822932013560087,1156550656.0,0.10450000000031043
forecaster-tenant-pool,2026-02-01 04:49:35,0.001909533050340629,1155821568.0,1.3275000000020252
forecaster-tenant-pool,2026-02-01 04:50:05,0.0012009187734717242,1156362240.0,0.07610000000173991
forecaster-tenant-pool,2026-02-01 04:50:06,0.0012009187734717242,1156362240.0,0.07610000000173991
forecaster-tenant-pool,2026-02-01 04:50:36,0.0024797894845329073,1155915776.0,1.1624999999956345
forecaster-tenant-pool,2026-02-01 04:51:06,0.0004664595905238199,1155923968.0,0.38360000000272215
forecaster-tenant-pool,2026-02-01 04:51:36,0.0016848424195062476,1155682304.0,1.3782999999993384
forecaster-tenant-pool,2026-02-01 04:52:06,0.0016354197401343327,1155772416.0,0.10969999999542779
forecaster-tenant-pool,2026-02-01 04:52:36,0.0023521713841225993,1156026368.0,1.277799999999358
forecaster-tenant-pool,2026-02-01 04:53:06,0.00209338559979332,1155796992.0,0.11230000000571938
forecaster-tenant-pool,2026-02-01 04:53:36,0.002121314016093735,1155833856.0,1.5740999999981795
forecaster-tenant-pool,2026-02-01 04:54:06,0.0020368491560709533,1156669440.0,0.08689999999666422
forecaster-tenant-pool,2026-02-01 04:54:36,0.0022958308337361487,1155907584.0,1.3435000000063155
forecaster-tenant-pool,2026-02-01 04:55:06,0.002065693521110708,1156218880.0,0.09069999999871167
forecaster-tenant-pool,2026-02-01 04:55:36,0.002082859381672257,1155973120.0,1.4219999999970847
forecaster-tenant-pool,2026-02-01 04:56:06,0.0002044604380296905,1155973120.0,0.08839999999830374
forecaster-tenant-pool,2026-02-01 04:56:36,0.0020885017226069395,1155727360.0,1.3908000000063716
forecaster-tenant-pool,2026-02-01 04:57:06,0.000546924543331291,1155743744.0,0.12850000000004608
forecaster-tenant-pool,2026-02-01 04:57:36,0.0021166080398587754,1155796992.0,1.3367999999990692
forecaster-tenant-pool,2026-02-01 04:58:06,0.00022013606137914906,1155796992.0,0.08379999999366798
forecaster-tenant-pool,2026-02-01 04:58:36,0.002126651841884783,1155866624.0,1.2103000000068884
forecaster-tenant-pool,2026-02-01 04:59:06,0.0010843216320595684,1156390912.0,0.11899999999344194
forecaster-tenant-pool,2026-02-01 04:59:36,0.0018808890280949194,1155932160.0,1.4031000000062097
forecaster-tenant-pool,2026-02-01 05:00:02,0.0008534081743572277,1155940352.0,0.08379999999366798
forecaster-tenant-pool,2026-02-01 05:00:06,0.000834392760676138,1155940352.0,0.08379999999366798
forecaster-tenant-pool,2026-02-01 05:00:32,0.0024027350121921744,1156030464.0,1.203100000005543
forecaster-tenant-pool,2026-02-01 05:01:02,0.0006467262530727615,1156030464.0,0.3926999999992404
forecaster-tenant-pool,2026-02-01 05:01:32,0.001857995712538757,1155776512.0,1.3339999999988625
forecaster-tenant-pool,2026-02-01 05:02:02,0.001436077217185526,1156116480.0,0.12359999999813832
forecaster-tenant-pool,2026-02-01 05:02:32,0.002034373765139446,1155846144.0,1.2006999999982628
forecaster-tenant-pool,2026-02-01 05:03:02,0.0004310925270730097,1155846144.0,0.08690000000357638
forecaster-tenant-pool,2026-02-01 05:03:32,0.0023131686185159407,1155915776.0,1.4886000000007698
forecaster-tenant-pool,2026-02-01 05:04:02,0.00024181084356074078,1155915776.0,0.09439999999716141
forecaster-tenant-pool,2026-02-01 05:04:32,0.002211380422367266,1155985408.0,1.3430999999986548
forecaster-tenant-pool,2026-02-01 05:05:02,0.00044728871607184657,1155985408.0,0.08440000000337022
forecaster-tenant-pool,2026-02-01 05:05:32,0.00214460992014065,1156050944.0,1.3762000000017602
forecaster-tenant-pool,2026-02-01 05:06:02,0.00021820569723514388,1156055040.0,0.07430000000191891
forecaster-tenant-pool,2026-02-01 05:06:32,0.0020698389609451855,1155792896.0,1.3941999999986971
forecaster-tenant-pool,2026-02-01 05:07:02,0.0010367874032392243,1155813376.0,0.12079999999799232
forecaster-tenant-pool,2026-02-01 05:07:32,0.001963688179307175,1155862528.0,1.483700000002318
forecaster-tenant-pool,2026-02-01 05:08:02,0.00021113383534104591,1155862528.0,0.0878999999984444
forecaster-tenant-pool,2026-02-01 05:08:32,0.0023513472264967807,1155932160.0,1.134799999999935
forecaster-tenant-pool,2026-02-01 05:09:02,0.0015600846152135411,1155964928.0,0.19829999999759215
forecaster-tenant-pool,2026-02-01 05:09:32,0.0022358730407993125,1156001792.0,1.420800000001691
forecaster-tenant-pool,2026-02-01 05:10:01,0.00020754131474967955,1156001792.0,0.07290000000254318
forecaster-tenant-pool,2026-02-01 05:10:02,0.00021330543186349972,1156001792.0,0.07290000000254318
forecaster-tenant-pool,2026-02-01 05:10:31,0.0017778093093990654,1156100096.0,1.2202999999937068
forecaster-tenant-pool,2026-02-01 05:11:01,0.0007051096177262731,1156128768.0,0.258900000004481
forecaster-tenant-pool,2026-02-01 05:11:31,0.0025262449914476965,1155874816.0,1.370099999997971
forecaster-tenant-pool,2026-02-01 05:12:01,0.00025498849456473806,1155874816.0,0.10229999999749755
forecaster-tenant-pool,2026-02-01 05:12:31,0.0018410195757043056,1155944448.0,1.1881000000026083
forecaster-tenant-pool,2026-02-01 05:13:01,0.0014727041952884556,1155973120.0,0.08149999999968713
forecaster-tenant-pool,2026-02-01 05:13:31,0.0019071214500097481,1156014080.0,1.3549999999994422
forecaster-tenant-pool,2026-02-01 05:14:01,0.0002797925834067744,1156018176.0,0.11200000000202029
forecaster-tenant-pool,2026-02-01 05:14:31,0.0025631690486781003,1156079616.0,1.3767000000026504
forecaster-tenant-pool,2026-02-01 05:15:01,0.0004783697835866257,1156173824.0,0.08979999999852832
forecaster-tenant-pool,2026-02-01 05:15:31,0.002524655466942337,1156280320.0,1.3643999999962033
forecaster-tenant-pool,2026-02-01 05:16:01,0.0005397083176566799,1156341760.0,0.10170000000453
forecaster-tenant-pool,2026-02-01 05:16:31,0.0018390536066515287,1156096000.0,1.3089999999962554
forecaster-tenant-pool,2026-02-01 05:17:01,0.0005156833441227087,1156145152.0,0.1095999999988635
forecaster-tenant-pool,2026-02-01 05:17:31,0.0019466057537529213,1156206592.0,1.1679999999998472
forecaster-tenant-pool,2026-02-01 05:18:01,0.0006222463498115243,1156206592.0,0.301700000001559
forecaster-tenant-pool,2026-02-01 05:18:31,0.001737706983428857,1156276224.0,1.1920000000003104
forecaster-tenant-pool,2026-02-01 05:19:01,0.000345994628010833,1156276224.0,0.047099999998075265
forecaster-tenant-pool,2026-02-01 05:19:31,0.002037229521151624,1155391488.0,1.1396000000021256
forecaster-tenant-pool,2026-02-01 05:20:01,0.0001674975034318903,1155391488.0,0.1950000000031044
forecaster-tenant-pool,2026-02-01 05:20:02,0.0001683393689113601,1155391488.0,0.1950000000031044
forecaster-tenant-pool,2026-02-01 05:20:32,0.002418268369571027,1155489792.0,1.15559999999435
forecaster-tenant-pool,2026-02-01 05:21:02,0.0007093287659861311,1155489792.0,0.2799000000049394
forecaster-tenant-pool,2026-02-01 05:21:32,0.002240120697375868,1155559424.0,1.368399999999686
forecaster-tenant-pool,2026-02-01 05:22:02,0.0005210054324914306,1155768320.0,0.11879999999515954
forecaster-tenant-pool,2026-02-01 05:22:32,0.0017454734427660012,1155309568.0,1.2266000000009323
forecaster-tenant-pool,2026-02-01 05:23:02,0.0011732033432889665,1155846144.0,0.08089999999950427
forecaster-tenant-pool,2026-02-01 05:23:32,0.0020002994511612755,1155645440.0,1.5923000000047978
forecaster-tenant-pool,2026-02-01 05:24:02,0.0002600306656865768,1155710976.0,0.09189999999695525
forecaster-tenant-pool,2026-02-01 05:24:32,0.0027031014713620586,1155837952.0,1.4356999999979356
forecaster-tenant-pool,2026-02-01 05:25:02,0.0015257597831341623,1155919872.0,0.11870000000168754
forecaster-tenant-pool,2026-02-01 05:25:32,0.002104239164269388,1155964928.0,1.5146000000018225
forecaster-tenant-pool,2026-02-01 05:26:02,0.0012855479574301577,1156513792.0,0.1084000000029846
forecaster-tenant-pool,2026-02-01 05:26:32,0.0021265409842973052,1155706880.0,1.3416000000002894
forecaster-tenant-pool,2026-02-01 05:27:02,0.0011526615958191526,1156141056.0,0.10989999999977347
forecaster-tenant-pool,2026-02-01 05:27:32,0.0020254066387392837,1156055040.0,1.5055999999970784
forecaster-tenant-pool,2026-02-01 05:28:02,0.00022790237370290634,1156075520.0,0.09479999999718226
forecaster-tenant-pool,2026-02-01 05:28:32,0.0019330743806428995,1156157440.0,1.217200000003868
forecaster-tenant-pool,2026-02-01 05:29:02,0.0017308447859639884,1156210688.0,0.09019999999757905
forecaster-tenant-pool,2026-02-01 05:29:32,0.0022618428380950166,1156243456.0,1.4352999999973082
forecaster-tenant-pool,2026-02-01 05:30:02,0.00023040850708390046,1156235264.0,0.09450000000342698
forecaster-tenant-pool,2026-02-01 05:30:04,0.001705662852109272,1156526080.0,0.09450000000342698
forecaster-tenant-pool,2026-02-01 05:30:34,0.00213904131297679,1156329472.0,1.2244999999990493
forecaster-tenant-pool,2026-02-01 05:31:04,0.00040695923771766053,1156337664.0,0.2549000000003313
forecaster-tenant-pool,2026-02-01 05:31:34,0.002390673980852235,1156091904.0,1.3055000000012418
forecaster-tenant-pool,2026-02-01 05:32:04,0.0008263999443238821,1157144576.0,0.12800000000091433
forecaster-tenant-pool,2026-02-01 05:32:34,0.0021712591760328272,1156153344.0,1.3913999999984905
forecaster-tenant-pool,2026-02-01 05:33:04,0.0003534604271690717,1156157440.0,0.0783000000003085
forecaster-tenant-pool,2026-02-01 05:33:34,0.002228661222990759,1156222976.0,1.402800000003602
forecaster-tenant-pool,2026-02-01 05:34:04,0.0008098515012022292,1155911680.0,0.10469999999695574
forecaster-tenant-pool,2026-02-01 05:34:34,0.002070090551676575,1155973120.0,1.269200000002214
forecaster-tenant-pool,2026-02-01 05:35:04,0.0007765314604449532,1156235264.0,0.08299999999762804
forecaster-tenant-pool,2026-02-01 05:35:34,0.0019369317024254373,1156038656.0,1.3871999999987263
forecaster-tenant-pool,2026-02-01 05:36:04,0.0008803573967198866,1156358144.0,0.13330000000375244
forecaster-tenant-pool,2026-02-01 05:36:34,0.0021325997635879773,1155821568.0,1.3513999999965864
forecaster-tenant-pool,2026-02-01 05:37:04,0.002040806722751294,1155866624.0,0.10260000000095412
forecaster-tenant-pool,2026-02-01 05:37:34,0.002030165588592229,1155895296.0,1.4552999999996852
forecaster-tenant-pool,2026-02-01 05:38:04,0.00026795003358727167,1155907584.0,0.09359999999627083
forecaster-tenant-pool,2026-02-01 05:38:34,0.003224399792801318,1155977216.0,1.302700000007038
forecaster-tenant-pool,2026-02-01 05:39:04,0.0009100078925364043,1156767744.0,0.09189999999871361
forecaster-tenant-pool,2026-02-01 05:39:34,0.0017685609984855449,1156046848.0,1.3673999999977242
forecaster-tenant-pool,2026-02-01 05:40:04,0.0005063814800369358,1156575232.0,0.11310000000357831
forecaster-tenant-pool,2026-02-01 05:40:05,0.0005168901859744796,1156575232.0,0.11310000000357831
forecaster-tenant-pool,2026-02-01 05:40:35,0.0023437387984986523,1156141056.0,1.178099999997782
forecaster-tenant-pool,2026-02-01 05:41:05,0.000650804431180981,1156141056.0,0.2885999999956766
forecaster-tenant-pool,2026-02-01 05:41:35,0.0023369803262212356,1155891200.0,1.4727000000068073
forecaster-tenant-pool,2026-02-01 05:42:05,0.0016633186577939504,1155964928.0,0.09559999999734524
forecaster-tenant-pool,2026-02-01 05:42:35,0.002040063803400121,1155960832.0,1.3055999999969572
forecaster-tenant-pool,2026-02-01 05:43:05,0.0005950124924161708,1155977216.0,0.07730000000186313
forecaster-tenant-pool,2026-02-01 05:43:35,0.0017979398309532603,1156030464.0,1.3430999999996858
forecaster-tenant-pool,2026-02-01 05:44:05,0.0020748416250539526,1156104192.0,0.09139999999933934
forecaster-tenant-pool,2026-02-01 05:44:35,0.002107441881321848,1156100096.0,1.4111999999991893
forecaster-tenant-pool,2026-02-01 05:45:05,0.0004079017130751097,1156096000.0,0.0845000000032087
forecaster-tenant-pool,2026-02-01 05:45:35,0.002313205449868878,1156165632.0,1.2797000000020489
forecaster-tenant-pool,2026-02-01 05:46:05,0.0019255297372921317,1156210688.0,0.10189999999984138
forecaster-tenant-pool,2026-02-01 05:46:35,0.002035853381842209,1155907584.0,1.365999999999379
forecaster-tenant-pool,2026-02-01 05:47:05,0.0014365758170343753,1156186112.0,0.11189999999818004
forecaster-tenant-pool,2026-02-01 05:47:35,0.002057582729075327,1155977216.0,1.4838000000023384
forecaster-tenant-pool,2026-02-01 05:48:05,0.0011210045058918602,1156243456.0,0.08449999999368932
forecaster-tenant-pool,2026-02-01 05:48:35,0.0020908777806127963,1156050944.0,1.2090000000051078
forecaster-tenant-pool,2026-02-01 05:49:05,0.0004490383894812255,1156050944.0,0.14060000000184422
forecaster-tenant-pool,2026-02-01 05:49:35,0.0024063923818368024,1156124672.0,1.575099999994806
forecaster-tenant-pool,2026-02-01 05:50:01,0.00024916656433454426,1156124672.0,0.08400000000316747
forecaster-tenant-pool,2026-02-01 05:50:05,0.00025706097113391746,1156124672.0,0.08400000000316747
forecaster-tenant-pool,2026-02-01 05:50:31,0.001995590955397061,1156218880.0,1.1442999999962922
forecaster-tenant-pool,2026-02-01 05:51:01,0.000791544528301789,1156227072.0,0.25540000000485935
forecaster-tenant-pool,2026-02-01 05:51:31,0.00247073165986323,1155969024.0,1.6095999999971657
forecaster-tenant-pool,2026-02-01 05:52:01,0.0012910630997931198,1156509696.0,0.13159999999891928
forecaster-tenant-pool,2026-02-01 05:52:31,0.0023661184698977222,1156042752.0,1.2976000000032097
forecaster-tenant-pool,2026-02-01 05:53:01,0.0012518452964366095,1156042752.0,0.07739999999509262
forecaster-tenant-pool,2026-02-01 05:53:31,0.0028988098848213685,1156112384.0,1.4776000000061078
forecaster-tenant-pool,2026-02-01 05:54:01,0.00021865723821901464,1156112384.0,0.092199999995258
forecaster-tenant-pool,2026-02-01 05:54:31,0.002034151767638458,1156177920.0,0.9931000000018685
forecaster-tenant-pool,2026-02-01 05:55:01,0.0003918140675842313,1156177920.0,0.3670000000019475
forecaster-tenant-pool,2026-02-01 05:55:31,0.0019032198720615114,1156247552.0,1.3252999999991515
forecaster-tenant-pool,2026-02-01 05:56:01,0.0015066832389679249,1157115904.0,0.09940000000169676
forecaster-tenant-pool,2026-02-01 05:56:31,0.001910767471546601,1155989504.0,1.4078999999998512
forecaster-tenant-pool,2026-02-01 05:57:01,0.0005059119731371075,1155989504.0,0.1362999999998768
forecaster-tenant-pool,2026-02-01 05:57:31,0.002440589870021531,1156059136.0,1.5640000000000631
forecaster-tenant-pool,2026-02-01 05:58:01,0.0011879457600857315,1156345856.0,0.11010000000060245
forecaster-tenant-pool,2026-02-01 05:58:31,0.0019512815186822291,1156128768.0,1.4560999999983322
forecaster-tenant-pool,2026-02-01 05:59:01,0.0008732820817763773,1156227072.0,0.0937000000012631
forecaster-tenant-pool,2026-02-01 05:59:31,0.002062664045423,1156194304.0,1.3607999999931053
forecaster-tenant-pool,2026-02-01 06:00:01,0.0002145620888125018,1156198400.0,0.09330000000481958
forecaster-tenant-pool,2026-02-01 06:00:12,0.001773974363228729,1156272128.0,1.299999999997514
forecaster-tenant-pool,2026-02-01 06:00:42,0.002167549976358608,1156288512.0,0.2811000000012427
forecaster-tenant-pool,2026-02-01 06:01:12,0.0020743467508843303,1156358144.0,1.395100000002276
forecaster-tenant-pool,2026-02-01 06:01:42,0.0018873375004008514,1156038656.0,0.11080000000074505
forecaster-tenant-pool,2026-02-01 06:02:12,0.0018891691934759041,1156390912.0,1.100299999994483
forecaster-tenant-pool,2026-02-01 06:02:42,0.002496151540411066,1156108288.0,0.33530000000076443
forecaster-tenant-pool,2026-02-01 06:03:12,0.0019303756021806606,1156464640.0,1.3739000000016555
forecaster-tenant-pool,2026-02-01 06:03:42,0.0017660647003223328,1156177920.0,0.08720000000078774
forecaster-tenant-pool,2026-02-01 06:04:12,0.0018093928654169178,1156280320.0,1.2457999999998113
forecaster-tenant-pool,2026-02-01 06:04:42,0.0019220060455014344,1156280320.0,0.08559999999985544
forecaster-tenant-pool,2026-02-01 06:05:12,0.002125779350753854,1156333568.0,1.3142999999967893
forecaster-tenant-pool,2026-02-01 06:05:42,0.0021651134550589282,1156345856.0,0.1291000000054434
forecaster-tenant-pool,2026-02-01 06:06:12,0.0016854854732020151,1156403200.0,1.1511000000006486
forecaster-tenant-pool,2026-02-01 06:06:42,0.0018764295634539781,1156087808.0,0.14649999999868063
forecaster-tenant-pool,2026-02-01 06:07:12,0.002099946823834186,1156636672.0,1.3130999999948472
forecaster-tenant-pool,2026-02-01 06:07:42,0.0020869805887618275,1156161536.0,0.2027000000063708
forecaster-tenant-pool,2026-02-01 06:08:12,0.0018707043706336316,1156186112.0,1.1650999999994383
forecaster-tenant-pool,2026-02-01 06:08:42,0.0022755891523460695,1156231168.0,0.24509999999869858
forecaster-tenant-pool,2026-02-01 06:09:12,0.0018678589851531965,1156296704.0,1.3447999999963334
forecaster-tenant-pool,2026-02-01 06:09:42,0.0019911209976076136,1156300800.0,0.10269999999939804
forecaster-tenant-pool,2026-02-01 06:10:02,0.00040026757612229543,1156562944.0,0.10269999999939804
forecaster-tenant-pool,2026-02-01 06:10:12,0.00030662159257932375,1156562944.0,0.4187000000022332
forecaster-tenant-pool,2026-02-01 06:10:32,0.00221222928717501,1156370432.0,0.4187000000022332
forecaster-tenant-pool,2026-02-01 06:11:02,0.0012615376298757567,1156386816.0,1.1441999999997885
forecaster-tenant-pool,2026-02-01 06:11:32,0.002338545685564682,1156136960.0,1.289400000004692
forecaster-tenant-pool,2026-02-01 06:12:02,0.0006825432050633174,1156403200.0,0.22529999999611997
forecaster-tenant-pool,2026-02-01 06:12:32,0.0018470625002362858,1155948544.0,0.970299999997951
forecaster-tenant-pool,2026-02-01 06:13:02,0.0012411831242120047,1156235264.0,0.3778000000010555
forecaster-tenant-pool,2026-02-01 06:13:32,0.0019698458479096652,1156014080.0,1.377599999999317
forecaster-tenant-pool,2026-02-01 06:14:02,0.0005709049388677599,1156296704.0,0.07820000000453244
forecaster-tenant-pool,2026-02-01 06:14:32,0.002027322666886767,1155563520.0,1.2164999999959643
forecaster-tenant-pool,2026-02-01 06:15:02,0.0009528997647748881,1155592192.0,0.10640000000148575
forecaster-tenant-pool,2026-02-01 06:15:32,0.0025879449140204748,1155641344.0,0.5989999999988868
forecaster-tenant-pool,2026-02-01 06:16:02,0.00020652426582694856,1155633152.0,0.9427999999984119
forecaster-tenant-pool,2026-02-01 06:16:32,0.00216539375655704,1155842048.0,1.1344999999999346
forecaster-tenant-pool,2026-02-01 06:17:02,0.0006654034196161705,1155547136.0,0.24390000000130385
forecaster-tenant-pool,2026-02-01 06:17:32,0.002102963958030242,1155731456.0,1.3302000000031209
forecaster-tenant-pool,2026-02-01 06:18:02,0.0007640811154991122,1155854336.0,0.11659999999695476
forecaster-tenant-pool,2026-02-01 06:18:32,0.0027235134400419637,1155969024.0,1.1970000000050882
forecaster-tenant-pool,2026-02-01 06:19:02,0.00043719102163297516,1155989504.0,0.1646999999936573
forecaster-tenant-pool,2026-02-01 06:19:32,0.0018451639126385406,1156079616.0,0.9967000000000553
forecaster-tenant-pool,2026-02-01 06:20:02,0.0002159333313479092,1156079616.0,0.4382999999993141
forecaster-tenant-pool,2026-02-01 06:20:03,0.001202833235850207,1156083712.0,0.4382999999993141
forecaster-tenant-pool,2026-02-01 06:20:33,0.0021038620359544666,1156173824.0,1.2617000000033538
forecaster-tenant-pool,2026-02-01 06:21:03,0.0016774178513696621,1156521984.0,0.29519999999968904
forecaster-tenant-pool,2026-02-01 06:21:33,0.0021625799104526703,1155919872.0,1.3622000000034555
forecaster-tenant-pool,2026-02-01 06:22:03,0.0019015669485975926,1155940352.0,0.1161999999994805
forecaster-tenant-pool,2026-02-01 06:22:33,0.0023191346322379786,1155993600.0,1.2411999999959031
forecaster-tenant-pool,2026-02-01 06:23:03,0.001656085240145254,1156112384.0,0.09780000000343231
forecaster-tenant-pool,2026-02-01 06:23:33,0.0019167906502216214,1156218880.0,1.2392999999983658
forecaster-tenant-pool,2026-02-01 06:24:03,0.00018643918292461892,1156235264.0,0.3129999999993136
forecaster-tenant-pool,2026-02-01 06:24:33,0.0026587574437157593,1156333568.0,1.216500000000451
forecaster-tenant-pool,2026-02-01 06:25:03,0.0012815599337969278,1156423680.0,0.09529999999904248
forecaster-tenant-pool,2026-02-01 06:25:33,0.0018210678507024822,1156468736.0,1.3699999999996482
forecaster-tenant-pool,2026-02-01 06:26:03,0.0011873834807910044,1156497408.0,0.09000000000275273
forecaster-tenant-pool,2026-02-01 06:26:33,0.0022824579961903454,1156542464.0,1.2655999999984489
forecaster-tenant-pool,2026-02-01 06:27:03,0.0010037906457344779,1156268032.0,0.12299999999740975
forecaster-tenant-pool,2026-02-01 06:27:33,0.0021527876338624245,1156313088.0,0.8374000000036176
forecaster-tenant-pool,2026-02-01 06:28:03,0.0002169683181529956,1156313088.0,0.7292000000005525
forecaster-tenant-pool,2026-02-01 06:28:33,0.0017407428829695943,1156378624.0,1.2587000000014692
forecaster-tenant-pool,2026-02-01 06:29:03,0.0013502224950630434,1156915200.0,0.20309999999517458
forecaster-tenant-pool,2026-02-01 06:29:33,0.002146006794348812,1156448256.0,1.3932000000031015
forecaster-tenant-pool,2026-02-01 06:30:03,0.00023501475587179178,1156448256.0,0.09469999999619176
forecaster-tenant-pool,2026-02-01 06:30:08,0.001334531484256091,1156464640.0,1.1973000000042402
forecaster-tenant-pool,2026-02-01 06:30:38,0.002361550524182598,1156419584.0,0.29079999999867145
forecaster-tenant-pool,2026-02-01 06:31:08,0.0020739209283493197,1156481024.0,1.377700000001763
forecaster-tenant-pool,2026-02-01 06:31:38,0.002023655469438924,1156165632.0,0.11399999999666763
forecaster-tenant-pool,2026-02-01 06:32:08,0.0020152529018147482,1156231168.0,1.2023000000036217
forecaster-tenant-pool,2026-02-01 06:32:38,0.0021541342525849957,1156231168.0,0.07499999999921178
forecaster-tenant-pool,2026-02-01 06:33:08,0.0019262974215950794,1156308992.0,1.2923999999962084
forecaster-tenant-pool,2026-02-01 06:33:38,0.0017524825915844343,1156300800.0,0.1633000000034372
forecaster-tenant-pool,2026-02-01 06:34:08,0.0016294503930270184,1156341760.0,1.264999999998448
forecaster-tenant-pool,2026-02-01 06:34:38,0.0019248275230527006,1156399104.0,0.11239999999828193
forecaster-tenant-pool,2026-02-01 06:35:08,0.0006311561528285675,1156423680.0,0.9222000000005818
forecaster-tenant-pool,2026-02-01 06:35:38,0.0026737321507541304,1156726784.0,0.5772999999981646
forecaster-tenant-pool,2026-02-01 06:36:08,0.0012586362320689004,1156739072.0,1.3245000000043852
forecaster-tenant-pool,2026-02-01 06:36:38,0.002008416446068098,1156206592.0,0.12199999999714542
forecaster-tenant-pool,2026-02-01 06:37:08,0.0008513268027157238,1156730880.0,1.5152000000017025
forecaster-tenant-pool,2026-02-01 06:37:38,0.0020498572781547804,1156276224.0,0.08090000000296037
forecaster-tenant-pool,2026-02-01 06:38:08,0.0016920616651974398,1156378624.0,1.2199999999937672
forecaster-tenant-pool,2026-02-01 06:38:38,0.0018548305698573222,1156345856.0,0.10300000000552247
forecaster-tenant-pool,2026-02-01 06:39:08,0.0014970290561668687,1156640768.0,1.3604999999946814
forecaster-tenant-pool,2026-02-01 06:39:38,0.0023569812205421585,1156435968.0,0.20160000000353953
forecaster-tenant-pool,2026-02-01 06:40:07,0.0002230102840037033,1156456448.0,0.2016000000035395
forecaster-tenant-pool,2026-02-01 06:40:08,0.0002230102840037033,1156456448.0,0.7867999999983417
forecaster-tenant-pool,2026-02-01 06:40:37,0.002257676649288299,1156542464.0,0.7867999999983416
forecaster-tenant-pool,2026-02-01 06:41:07,0.001100845797015818,1156644864.0,0.7353000000033111
forecaster-tenant-pool,2026-02-01 06:41:37,0.0022407281129265388,1156288512.0,1.439199999995071
forecaster-tenant-pool,2026-02-01 06:42:07,0.0009916738322142135,1156575232.0,0.10539999999879607
forecaster-tenant-pool,2026-02-01 06:42:37,0.0019913774587109645,1156358144.0,1.3696000000057515
forecaster-tenant-pool,2026-02-01 06:43:07,0.001706500253088517,1156403200.0,0.08769999999652403
forecaster-tenant-pool,2026-02-01 06:43:37,0.0017740818842784884,1156427776.0,1.3660000000041086
forecaster-tenant-pool,2026-02-01 06:44:07,0.0019919726043971164,1156636672.0,0.10350000000101621
forecaster-tenant-pool,2026-02-01 06:44:37,0.0023518866264892217,1156497408.0,1.337599999994806
forecaster-tenant-pool,2026-02-01 06:45:07,0.0012661357167282543,1156509696.0,0.08329999999932625
forecaster-tenant-pool,2026-02-01 06:45:37,0.002184172966151904,1156567040.0,1.2452000000022962
forecaster-tenant-pool,2026-02-01 06:46:07,0.0009765674906490039,1156833280.0,0.20149999999751647
forecaster-tenant-pool,2026-02-01 06:46:37,0.0019529250599665672,1156313088.0,1.2228999999999965
forecaster-tenant-pool,2026-02-01 06:47:07,0.001957612738427623,1156386816.0,0.1014999999993961
forecaster-tenant-pool,2026-02-01 06:47:37,0.002076590088094499,1156386816.0,1.3885000000011132
forecaster-tenant-pool,2026-02-01 06:48:07,0.0002482186444438159,1156386816.0,0.11840000000380921
forecaster-tenant-pool,2026-02-01 06:48:37,0.0021460957086849967,1156452352.0,1.3706000000005587
forecaster-tenant-pool,2026-02-01 06:49:07,0.0004505022110880976,1156452352.0,0.08879999999492914
forecaster-tenant-pool,2026-02-01 06:49:37,0.0022682620593144484,1156521984.0,1.5824000000063583
forecaster-tenant-pool,2026-02-01 06:50:04,0.0008243434757469613,1156796416.0,0.11019999999977395
forecaster-tenant-pool,2026-02-01 06:50:07,0.0008243434757469613,1156796416.0,0.11019999999977395
forecaster-tenant-pool,2026-02-01 06:50:34,0.002669565238583248,1156616192.0,1.2348999999980759
forecaster-tenant-pool,2026-02-01 06:51:04,0.0018715767555582492,1156644864.0,0.5766999999978604
forecaster-tenant-pool,2026-02-01 06:51:34,0.002061003188903523,1156366336.0,1.462799999998242
forecaster-tenant-pool,2026-02-01 06:52:04,0.0018756249379105474,1156722688.0,0.11069999999884506
forecaster-tenant-pool,2026-02-01 06:52:34,0.0020966484977163404,1156435968.0,1.2971999999997326
forecaster-tenant-pool,2026-02-01 06:53:04,0.0005189246563400124,1156431872.0,0.11670000000043122
forecaster-tenant-pool,2026-02-01 06:53:34,0.002674367181006861,1156509696.0,1.4201000000068233
forecaster-tenant-pool,2026-02-01 06:54:04,0.0001706138768676801,1156509696.0,0.10369999999808593
forecaster-tenant-pool,2026-02-01 06:54:34,0.001858904041209372,1156579328.0,1.2414999999959642
forecaster-tenant-pool,2026-02-01 06:55:04,0.00047685065847920304,1156628480.0,0.043900000001303854
forecaster-tenant-pool,2026-02-01 06:55:34,0.002049592321709074,1156644864.0,1.4324000000022352
forecaster-tenant-pool,2026-02-01 06:56:04,0.001207302173750325,1156341760.0,0.060000000001006505
forecaster-tenant-pool,2026-02-01 06:56:34,0.0020359906326078534,1156136960.0,1.0343999999963367
forecaster-tenant-pool,2026-02-01 06:57:04,0.0019038506308146714,1156128768.0,0.38700000000008
forecaster-tenant-pool,2026-02-01 06:57:34,0.0017398997549776293,1155891200.0,1.3026000000035005
forecaster-tenant-pool,2026-02-01 06:58:04,0.0011180437014853566,1156169728.0,0.09849999999836048
forecaster-tenant-pool,2026-02-01 06:58:34,0.0021346992457606452,1155960832.0,1.1959999999971234
forecaster-tenant-pool,2026-02-01 06:59:04,0.0016346082437510919,1156231168.0,0.11779999999920013
forecaster-tenant-pool,2026-02-01 06:59:34,0.0026237085831522884,1156132864.0,1.5723999999997735
forecaster-tenant-pool,2026-02-01 07:00:02,0.00024087532372680604,1156128768.0,0.10550000000287886
forecaster-tenant-pool,2026-02-01 07:00:04,0.00024087532372680604,1156128768.0,0.10550000000287886
forecaster-tenant-pool,2026-02-01 07:00:32,0.0023921404264524294,1156268032.0,1.1959000000031665
forecaster-tenant-pool,2026-02-01 07:01:02,0.0011077668834897554,1156403200.0,0.4707999999972647
forecaster-tenant-pool,2026-02-01 07:01:32,0.002827344989024584,1156771840.0,1.4484999999972692
forecaster-tenant-pool,2026-02-01 07:02:02,0.0002978420130821215,1156247552.0,0.11189999999933206
forecaster-tenant-pool,2026-02-01 07:02:32,0.001940672624865184,1156333568.0,0.9196000000047813
forecaster-tenant-pool,2026-02-01 07:03:02,0.0005972324707522609,1156452352.0,0.418199999996735
forecaster-tenant-pool,2026-02-01 07:03:32,0.001981220825787278,1156485120.0,1.3433000000057291
forecaster-tenant-pool,2026-02-01 07:04:02,0.000243981124672294,1156493312.0,0.10249999999875095
forecaster-tenant-pool,2026-02-01 07:04:32,0.0021576831493365584,1156562944.0,1.2674000000003312
forecaster-tenant-pool,2026-02-01 07:05:02,0.00038859103830946815,1156562944.0,0.08389999999714443
forecaster-tenant-pool,2026-02-01 07:05:32,0.0019160595428484289,1156632576.0,1.3505999999976968
forecaster-tenant-pool,2026-02-01 07:06:02,0.00023591035698908552,1156632576.0,0.08170000000469978
forecaster-tenant-pool,2026-02-01 07:06:32,0.0021957246257296656,1156407296.0,1.308799999997973
forecaster-tenant-pool,2026-02-01 07:07:02,0.00040770014738094533,1156407296.0,0.09890000000171616
forecaster-tenant-pool,2026-02-01 07:07:32,0.0022397614023643465,1156476928.0,1.3130999999967268
forecaster-tenant-pool,2026-02-01 07:08:02,0.0014508858701997589,1156517888.0,0.0961999999997109
forecaster-tenant-pool,2026-02-01 07:08:32,0.0018037087660715898,1156554752.0,1.3361000000035346
forecaster-tenant-pool,2026-02-01 07:09:02,0.0013986834096662687,1156833280.0,0.07949999999873399
forecaster-tenant-pool,2026-02-01 07:09:32,0.0030936066649288477,1156886528.0,1.292899999996007
forecaster-tenant-pool,2026-02-01 07:10:02,0.0002599332463083522,1156628480.0,0.2334999999999127
forecaster-tenant-pool,2026-02-01 07:10:09,0.0013908833065977627,1156648960.0,1.231700000006216
forecaster-tenant-pool,2026-02-01 07:10:39,0.002463093011713616,1156718592.0,0.2704999999996896
forecaster-tenant-pool,2026-02-01 07:11:09,0.002182222426714577,1156792320.0,1.4576999999995681
forecaster-tenant-pool,2026-02-01 07:11:39,0.0025174521688775373,1156513792.0,0.09559999999546565
forecaster-tenant-pool,2026-02-01 07:12:09,0.0024459008228070586,1156661248.0,1.3844000000050076
forecaster-tenant-pool,2026-02-01 07:12:39,0.0020130044258253846,1156775936.0,0.11170000000062526
forecaster-tenant-pool,2026-02-01 07:13:09,0.0021275436938551833,1156927488.0,1.3354000000006638
forecaster-tenant-pool,2026-02-01 07:13:39,0.002036500515161986,1156972544.0,0.08989999999685098
forecaster-tenant-pool,2026-02-01 07:14:09,0.002215024866338166,1156816896.0,1.3631999999983844
forecaster-tenant-pool,2026-02-01 07:14:39,0.0020381058582283913,1156829184.0,0.06160000000224197
forecaster-tenant-pool,2026-02-01 07:15:09,0.0003765388674133988,1156829184.0,1.51929999999702
forecaster-tenant-pool,2026-02-01 07:15:39,0.0023712831311124873,1156898816.0,0.051100000001800566
forecaster-tenant-pool,2026-02-01 07:16:09,0.0017813614369965147,1156964352.0,1.306799999996353
forecaster-tenant-pool,2026-02-01 07:16:39,0.0025017450332485893,1155895296.0,0.08510000000242146
forecaster-tenant-pool,2026-02-01 07:17:09,0.0021815382321536342,1155964928.0,1.424799999998262
forecaster-tenant-pool,2026-02-01 07:17:39,0.0021130015156743715,1155960832.0,0.07900000000566557
forecaster-tenant-pool,2026-02-01 07:18:09,0.0011323569078956343,1156251648.0,1.193499999996372
forecaster-tenant-pool,2026-02-01 07:18:39,0.0017060535698407518,1156030464.0,0.09459999999702028
forecaster-tenant-pool,2026-02-01 07:19:09,0.0011993722766775556,1156300800.0,1.0352000000006838
forecaster-tenant-pool,2026-02-01 07:19:39,0.0020750670210804025,1156100096.0,0.46190000000630493
forecaster-tenant-pool,2026-02-01 07:20:02,0.0017781730593747446,1156218880.0,0.4619000000063048
forecaster-tenant-pool,2026-02-01 07:20:09,0.0017872007344000335,1156218880.0,1.330099999993278
forecaster-tenant-pool,2026-02-01 07:20:32,0.0019867605026081606,1156272128.0,1.3300999999932779
forecaster-tenant-pool,2026-02-01 07:21:02,0.0008486012739317865,1156796416.0,0.2803000000025349
forecaster-tenant-pool,2026-02-01 07:21:32,0.0024317319795092336,1156022272.0,1.2930000000022117
forecaster-tenant-pool,2026-02-01 07:22:02,0.0013540078748123978,1156575232.0,0.1329000000006393
forecaster-tenant-pool,2026-02-01 07:22:32,0.0022694949850130455,1156100096.0,1.4072999999963334
forecaster-tenant-pool,2026-02-01 07:23:02,0.0005310831831176032,1156247552.0,0.07750000000032742
forecaster-tenant-pool,2026-02-01 07:23:32,0.001931836052639542,1156321280.0,1.2488000000050912
forecaster-tenant-pool,2026-02-01 07:24:02,0.00018940207657678837,1156583424.0,0.3047999999952784
forecaster-tenant-pool,2026-02-01 07:24:32,0.0020925155448798262,1156395008.0,1.3133000000036796
forecaster-tenant-pool,2026-02-01 07:25:02,0.0003881824205063289,1156390912.0,0.07899999999942034
forecaster-tenant-pool,2026-02-01 07:25:32,0.0024333770019320366,1156460544.0,1.344799999997849
forecaster-tenant-pool,2026-02-01 07:26:02,0.000522915093138741,1156644864.0,0.09259999999776482
forecaster-tenant-pool,2026-02-01 07:26:32,0.0015662217932801686,1156308992.0,1.1556000000006559
forecaster-tenant-pool,2026-02-01 07:27:02,0.0004899299449593622,1156317184.0,0.12029999999789046
forecaster-tenant-pool,2026-02-01 07:27:32,0.002308541882078947,1156407296.0,1.3650000000019644
forecaster-tenant-pool,2026-02-01 07:28:02,0.0005888168718154935,1156431872.0,0.0877000000034362
forecaster-tenant-pool,2026-02-01 07:28:32,0.0024664978724117407,1156493312.0,1.3973999999982576
forecaster-tenant-pool,2026-02-01 07:29:02,0.001401879294140644,1156849664.0,0.10740000000047682
forecaster-tenant-pool,2026-02-01 07:29:32,0.0019635683419763276,1156562944.0,1.157499999997223
forecaster-tenant-pool,2026-02-01 07:30:02,0.0002166222681302291,1156562944.0,0.21789999999873544
forecaster-tenant-pool,2026-02-01 07:30:02,0.0002166222681302291,1156562944.0,0.21789999999873544
forecaster-tenant-pool,2026-02-01 07:30:32,0.0024322749877542685,1156661248.0,1.318400000007144
forecaster-tenant-pool,2026-02-01 07:31:02,0.0006967803357920399,1156657152.0,0.2925999999992806
forecaster-tenant-pool,2026-02-01 07:31:32,0.0021934418553722678,1156407296.0,1.4498999999940982
forecaster-tenant-pool,2026-02-01 07:32:02,0.00043228446513958056,1156427776.0,0.2211000000031466
forecaster-tenant-pool,2026-02-01 07:32:32,0.0017400954041585657,1156624384.0,1.2406999999968926
forecaster-tenant-pool,2026-02-01 07:33:02,0.0004777894623051797,1156673536.0,0.1063000000048002
forecaster-tenant-pool,2026-02-01 07:33:32,0.002371460616248564,1156796416.0,1.51859999999524
forecaster-tenant-pool,2026-02-01 07:34:02,0.0011645583359700623,1156902912.0,0.08320000000658184
forecaster-tenant-pool,2026-02-01 07:34:32,0.0017074855703754597,1156952064.0,1.2610999999938335
forecaster-tenant-pool,2026-02-01 07:35:02,0.0007207292905214907,1157136384.0,0.0872000000010909
forecaster-tenant-pool,2026-02-01 07:35:32,0.0021269350464043213,1157021696.0,1.31760000000304
forecaster-tenant-pool,2026-02-01 07:36:02,0.0012752914568200326,1157038080.0,0.10850000000154977
forecaster-tenant-pool,2026-02-01 07:36:32,0.0026675473308933532,1157087232.0,1.274299999995613
forecaster-tenant-pool,2026-02-01 07:37:02,0.0005051759506923623,1156771840.0,0.12280000000246219
forecaster-tenant-pool,2026-02-01 07:37:32,0.0020548581813591947,1156845568.0,1.3561999999988377
forecaster-tenant-pool,2026-02-01 07:38:02,0.0014185059130818014,1156886528.0,0.08279999999789045
forecaster-tenant-pool,2026-02-01 07:38:32,0.001739864891991732,1156931584.0,1.0486000000052325
forecaster-tenant-pool,2026-02-01 07:39:02,0.0004331055484653509,1156927488.0,0.41159999999854335
forecaster-tenant-pool,2026-02-01 07:39:32,0.0024661300025858764,1156997120.0,1.2878000000000005
forecaster-tenant-pool,2026-02-01 07:40:02,0.00024961411969005935,1156997120.0,0.0842000000007829
forecaster-tenant-pool,2026-02-01 07:40:02,0.0002569864102987929,1156997120.0,0.0842000000007829
forecaster-tenant-pool,2026-02-01 07:40:32,0.0022149908370965453,1157091328.0,1.3264999999967282
forecaster-tenant-pool,2026-02-01 07:41:02,0.0007079974371709837,1157107712.0,0.29590000000146877
forecaster-tenant-pool,2026-02-01 07:41:32,0.0027837244180450465,1157160960.0,1.1739999999990687
forecaster-tenant-pool,2026-02-01 07:42:02,0.0002692121128036532,1156845568.0,0.3466000000007019
forecaster-tenant-pool,2026-02-01 07:42:32,0.0019087542008211574,1156911104.0,1.3217000000030867
forecaster-tenant-pool,2026-02-01 07:43:02,0.0012747755717954507,1157206016.0,0.09999999999308784
forecaster-tenant-pool,2026-02-01 07:43:32,0.002304625353036421,1157242880.0,1.4148000000061682
forecaster-tenant-pool,2026-02-01 07:44:02,0.0002579998992006523,1156980736.0,0.08109999999693779
forecaster-tenant-pool,2026-02-01 07:44:32,0.001953349191509022,1157050368.0,1.2936999999987164
forecaster-tenant-pool,2026-02-01 07:45:02,0.001427134838541578,1157595136.0,0.09360000000245539
forecaster-tenant-pool,2026-02-01 07:45:32,0.002871790252094022,1157124096.0,1.485700000002301
forecaster-tenant-pool,2026-02-01 07:46:02,0.0002354330162682502,1157136384.0,0.07869999999414479
forecaster-tenant-pool,2026-02-01 07:46:32,0.002155585971522278,1156866048.0,1.3199000000056913
forecaster-tenant-pool,2026-02-01 07:47:02,0.0005974556461773783,1156939776.0,0.15169999999325226
forecaster-tenant-pool,2026-02-01 07:47:32,0.0020917021901158757,1156935680.0,1.4106000000034327
forecaster-tenant-pool,2026-02-01 07:48:02,0.0006510247300171593,1157201920.0,0.1050000000013218
forecaster-tenant-pool,2026-02-01 07:48:32,0.002145556619241167,1157005312.0,0.9666999999960656
forecaster-tenant-pool,2026-02-01 07:49:02,0.0006143782493104793,1157038080.0,0.43220000000486225
forecaster-tenant-pool,2026-02-01 07:49:32,0.0026777197059912952,1157070848.0,1.0294000000005326
forecaster-tenant-pool,2026-02-01 07:50:02,0.00026292693318094476,1157070848.0,0.37920000000115883
forecaster-tenant-pool,2026-02-01 07:50:02,0.00026292693318094476,1157070848.0,0.37920000000115883
forecaster-tenant-pool,2026-02-01 07:50:32,0.002335933156833905,1157165056.0,1.0762999999972334
forecaster-tenant-pool,2026-02-01 07:51:02,0.00045349518295851655,1156972544.0,0.42979999999831
forecaster-tenant-pool,2026-02-01 07:51:32,0.0023844358067237363,1157042176.0,1.4973999999980152
forecaster-tenant-pool,2026-02-01 07:52:02,0.00019477984307993257,1156718592.0,0.0809000000047187
forecaster-tenant-pool,2026-02-01 07:52:32,0.0019299392903064222,1156792320.0,0.36540000000192474
forecaster-tenant-pool,2026-02-01 07:53:02,0.001113582334931533,1156734976.0,1.031099999998696
forecaster-tenant-pool,2026-02-01 07:53:32,0.0017945051096347757,1156009984.0,1.2899999999992966
forecaster-tenant-pool,2026-02-01 07:54:02,0.00019576526896037741,1156009984.0,0.07549999999943491
forecaster-tenant-pool,2026-02-01 07:54:32,0.002251297792643949,1156079616.0,1.2537999999967724
forecaster-tenant-pool,2026-02-01 07:55:02,0.00041113009406523824,1156079616.0,0.1025999999994383
forecaster-tenant-pool,2026-02-01 07:55:32,0.0018944616943673068,1156149248.0,1.306900000001345
forecaster-tenant-pool,2026-02-01 07:56:02,0.00034912763860002976,1156419584.0,0.11170000000420259
forecaster-tenant-pool,2026-02-01 07:56:32,0.0018177785520600055,1155911680.0,1.1905999999950534
forecaster-tenant-pool,2026-02-01 07:57:02,0.0013342874887156035,1156833280.0,0.11420000000355987
forecaster-tenant-pool,2026-02-01 07:57:32,0.0025219472855541017,1156448256.0,1.4609000000002197
forecaster-tenant-pool,2026-02-01 07:58:02,0.000690613156871343,1156730880.0,0.09749999999464004
forecaster-tenant-pool,2026-02-01 07:58:32,0.002042691871617464,1156661248.0,1.011200000002585
forecaster-tenant-pool,2026-02-01 07:59:02,0.0011165118954348037,1157300224.0,0.3394999999984065
forecaster-tenant-pool,2026-02-01 07:59:32,0.00257863463826967,1156849664.0,1.4920000000027964
forecaster-tenant-pool,2026-02-01 08:00:02,0.0001938180767233401,1156837376.0,0.11260000000238507
forecaster-tenant-pool,2026-02-01 08:00:02,0.0003907151550595367,1156870144.0,0.11260000000238507
forecaster-tenant-pool,2026-02-01 08:00:32,0.002330665304134461,1156931584.0,0.9541999999950955
forecaster-tenant-pool,2026-02-01 08:01:02,0.0004721762750535814,1157005312.0,0.5103000000059182
forecaster-tenant-pool,2026-02-01 08:01:32,0.002414168829312697,1157079040.0,1.5322999999931803
forecaster-tenant-pool,2026-02-01 08:02:02,0.00027476083508332734,1156759552.0,0.12120000000577419
forecaster-tenant-pool,2026-02-01 08:02:32,0.0017772413359476687,1156829184.0,1.3501999999975547
forecaster-tenant-pool,2026-02-01 08:03:02,0.0005122927588235023,1156849664.0,0.10789999999894159
forecaster-tenant-pool,2026-02-01 08:03:32,0.002445093276057561,1157054464.0,1.2932999999980894
forecaster-tenant-pool,2026-02-01 08:04:02,0.00024674497371734847,1157070848.0,0.09810000000416039
forecaster-tenant-pool,2026-02-01 08:04:32,0.0019992540215335347,1157140480.0,1.2186000000020916
forecaster-tenant-pool,2026-02-01 08:05:02,0.001396126962256173,1157197824.0,0.1449999999987388
forecaster-tenant-pool,2026-02-01 08:05:32,0.0018519741365386555,1157242880.0,1.256399999997302
forecaster-tenant-pool,2026-02-01 08:06:02,0.0012969990847448815,1157259264.0,0.19759999999732827
forecaster-tenant-pool,2026-02-01 08:06:32,0.0025960709585784512,1157349376.0,0.9835999999996905
forecaster-tenant-pool,2026-02-01 08:07:02,0.0004546878867418167,1156923392.0,0.4263000000043273
forecaster-tenant-pool,2026-02-01 08:07:32,0.0019010400154757007,1156997120.0,1.4306999999970382
forecaster-tenant-pool,2026-02-01 08:08:02,0.001406380552175159,1157013504.0,0.09409999999958624
forecaster-tenant-pool,2026-02-01 08:08:32,0.0019780577610470948,1157087232.0,1.3443000000046594
forecaster-tenant-pool,2026-02-01 08:09:02,0.0017577917615157425,1157185536.0,0.09929999999906916
forecaster-tenant-pool,2026-02-01 08:09:32,0.0022548235443209485,1157173248.0,1.3567999999972622
forecaster-tenant-pool,2026-02-01 08:10:02,0.0016537848973191586,1157513216.0,0.0799000000045756
forecaster-tenant-pool,2026-02-01 08:10:02,0.00022928649930113618,1157181440.0,0.0799000000045756
forecaster-tenant-pool,2026-02-01 08:10:32,0.00264757505674991,1157283840.0,1.2991999999937736
forecaster-tenant-pool,2026-02-01 08:11:02,0.0013387861360152496,1157300224.0,0.3151000000028338
forecaster-tenant-pool,2026-02-01 08:11:32,0.002405399637334748,1157033984.0,1.4334000000023175
forecaster-tenant-pool,2026-02-01 08:12:02,0.0016346822224815947,1157312512.0,0.13199999999475645
forecaster-tenant-pool,2026-02-01 08:12:32,0.002966530038885401,1157103616.0,1.334800000006544
forecaster-tenant-pool,2026-02-01 08:13:02,0.0009259290856184083,1157148672.0,0.1811999999935021
forecaster-tenant-pool,2026-02-01 08:13:32,0.0020419489802180496,1157173248.0,1.3790000000020883
forecaster-tenant-pool,2026-02-01 08:14:02,0.0011606005771882789,1157189632.0,0.11680000000123981
forecaster-tenant-pool,2026-02-01 08:14:32,0.0017436410331668028,1157238784.0,1.0712999999988218
forecaster-tenant-pool,2026-02-01 08:15:02,0.0007948785101267105,1157246976.0,0.1949000000028415
forecaster-tenant-pool,2026-02-01 08:15:32,0.0022834197837197684,1156792320.0,1.4413000000019869
forecaster-tenant-pool,2026-02-01 08:16:02,0.0013645361801355896,1156804608.0,0.10349999999422532
forecaster-tenant-pool,2026-02-01 08:16:32,0.002391745155150877,1156534272.0,1.2194999999987581
forecaster-tenant-pool,2026-02-01 08:17:02,0.0004023371753693273,1156534272.0,0.22480000000602254
forecaster-tenant-pool,2026-02-01 08:17:32,0.001989253642202328,1156177920.0,1.409499999997206
forecaster-tenant-pool,2026-02-01 08:18:02,0.0013890276979568541,1157005312.0,0.09629999999827608
forecaster-tenant-pool,2026-02-01 08:18:32,0.0023883013144397262,1156505600.0,1.2379000000008697
forecaster-tenant-pool,2026-02-01 08:19:02,0.00025056431664168395,1156247552.0,0.08360000000332851
forecaster-tenant-pool,2026-02-01 08:19:32,0.0021952427314910136,1156567040.0,1.0502999999963625
forecaster-tenant-pool,2026-02-01 08:20:02,0.0014261273355612753,1156661248.0,0.33150000000405266
forecaster-tenant-pool,2026-02-01 08:20:02,0.0003066766953330326,1156575232.0,0.33150000000405266
forecaster-tenant-pool,2026-02-01 08:20:32,0.0021647223436649723,1156734976.0,1.295499999998962
forecaster-tenant-pool,2026-02-01 08:21:02,0.00039634706077134213,1156743168.0,0.29539999999718325
forecaster-tenant-pool,2026-02-01 08:21:32,0.0019391043635509165,1156579328.0,1.4477000000006834
forecaster-tenant-pool,2026-02-01 08:22:02,0.0003306817076472631,1156603904.0,0.12990000000281726
forecaster-tenant-pool,2026-02-01 08:22:32,0.002850643402960005,1156694016.0,1.4254999999991924
forecaster-tenant-pool,2026-02-01 08:23:02,0.0015651686393337797,1157083136.0,0.07289999999823825
forecaster-tenant-pool,2026-02-01 08:23:32,0.001946910706539125,1156857856.0,1.2154000000002876
forecaster-tenant-pool,2026-02-01 08:24:02,0.00025642567295556455,1156878336.0,0.3751999999969484
forecaster-tenant-pool,2026-02-01 08:24:32,0.0025448748854921548,1157001216.0,1.19720000000331
forecaster-tenant-pool,2026-02-01 08:25:02,0.00150852846728073,1157029888.0,0.10260000000277311
forecaster-tenant-pool,2026-02-01 08:25:32,0.0020167327444152033,1157087232.0,1.4319999999960298
forecaster-tenant-pool,2026-02-01 08:26:02,0.00025342610900772825,1157148672.0,0.10980000000078385
forecaster-tenant-pool,2026-02-01 08:26:32,0.002085999051912432,1157304320.0,1.2128000000018802
forecaster-tenant-pool,2026-02-01 08:27:02,0.00046480543743517553,1157005312.0,0.18459999999467983
forecaster-tenant-pool,2026-02-01 08:27:32,0.001905799793000242,1157087232.0,1.442500000004596
forecaster-tenant-pool,2026-02-01 08:28:02,0.0011434953508712231,1157382144.0,0.11420000000180153
forecaster-tenant-pool,2026-02-01 08:28:32,0.0019318353424875514,1157156864.0,1.3536999999978434
forecaster-tenant-pool,2026-02-01 08:29:02,0.00017923513564226673,1157160960.0,0.07910000000283617
forecaster-tenant-pool,2026-02-01 08:29:32,0.002405251994217562,1157230592.0,1.4843999999972461
forecaster-tenant-pool,2026-02-01 08:30:02,0.0003944271844770827,1157246976.0,0.11819999999812959
forecaster-tenant-pool,2026-02-01 08:30:02,0.0003860793823811085,1157246976.0,0.11819999999812959
forecaster-tenant-pool,2026-02-01 08:30:32,0.003014243405125405,1157341184.0,1.31880000000383
forecaster-tenant-pool,2026-02-01 08:31:02,0.0006577996918541509,1157341184.0,0.26980000000051707
forecaster-tenant-pool,2026-02-01 08:31:32,0.0021817624993531607,1157091328.0,1.4655999999967508
forecaster-tenant-pool,2026-02-01 08:32:02,0.00026604607520763535,1157087232.0,0.11619999999644885
forecaster-tenant-pool,2026-02-01 08:32:32,0.0022809555687907284,1157156864.0,1.2053000000013223
forecaster-tenant-pool,2026-02-01 08:33:02,0.0003968593747894708,1157156864.0,0.09790000000084546
forecaster-tenant-pool,2026-02-01 08:33:32,0.0020207661844907224,1157242880.0,1.160100000003452
forecaster-tenant-pool,2026-02-01 08:34:02,0.0010474685028913613,1157533696.0,0.29519999999599045
forecaster-tenant-pool,2026-02-01 08:34:32,0.001989958131708856,1157312512.0,1.2742000000045057
forecaster-tenant-pool,2026-02-01 08:35:02,0.0004054129084511718,1157312512.0,0.0816000000004351
forecaster-tenant-pool,2026-02-01 08:35:32,0.0022439278856046605,1157382144.0,1.308199999993788
forecaster-tenant-pool,2026-02-01 08:36:02,0.0009619273311704135,1157664768.0,0.1200000000003153
forecaster-tenant-pool,2026-02-01 08:36:32,0.001791400633557232,1157140480.0,1.0304000000060114
forecaster-tenant-pool,2026-02-01 08:37:02,0.0016847769307798315,1157173248.0,0.3426999999977852
forecaster-tenant-pool,2026-02-01 08:37:32,0.002159030213690775,1157226496.0,1.5273999999975785
forecaster-tenant-pool,2026-02-01 08:38:02,0.00022926584207562433,1157226496.0,0.09570000000227688
forecaster-tenant-pool,2026-02-01 08:38:32,0.0024912361941241664,1157296128.0,0.9008000000016788
forecaster-tenant-pool,2026-02-01 08:39:02,0.0005556452991262706,1157378048.0,0.4991999999970479
forecaster-tenant-pool,2026-02-01 08:39:32,0.0023286625930803335,1157361664.0,1.3928000000028986
forecaster-tenant-pool,2026-02-01 08:40:02,0.00024215048058719418,1157365760.0,0.097299999999935
forecaster-tenant-pool,2026-02-01 08:40:04,0.0013162742863124038,1157382144.0,0.097299999999935
forecaster-tenant-pool,2026-02-01 08:40:34,0.0020619729000327944,1157459968.0,1.1595999999976507
forecaster-tenant-pool,2026-02-01 08:41:04,0.0015978260164608627,1157795840.0,0.3797999999977037
forecaster-tenant-pool,2026-02-01 08:41:34,0.0018703798502745163,1157210112.0,1.1725000000006427
forecaster-tenant-pool,2026-02-01 08:42:04,0.002233163904781657,1157566464.0,0.2078999999998511
forecaster-tenant-pool,2026-02-01 08:42:34,0.002995407814066168,1157279744.0,1.4215999999980946
forecaster-tenant-pool,2026-02-01 08:43:04,0.0008109547626306484,1157369856.0,0.10440000000174526
forecaster-tenant-pool,2026-02-01 08:43:34,0.002141024568443718,1157345280.0,1.24940000000103
forecaster-tenant-pool,2026-02-01 08:44:04,0.0002558663163492654,1157345280.0,0.2704999999972036
forecaster-tenant-pool,2026-02-01 08:44:34,0.002213887050896824,1157414912.0,1.0701000000065202
forecaster-tenant-pool,2026-02-01 08:45:04,0.0005301378865202732,1157435392.0,0.362900000000991
forecaster-tenant-pool,2026-02-01 08:45:34,0.0017281385567971563,1157484544.0,0.7008999999983037
forecaster-tenant-pool,2026-02-01 08:46:04,0.0005483553214170183,1157586944.0,0.6920999999985724
forecaster-tenant-pool,2026-02-01 08:46:34,0.0022070682016014035,1157226496.0,1.1546999999962888
forecaster-tenant-pool,2026-02-01 08:47:04,0.001566485027118434,1157754880.0,0.1287000000002687
forecaster-tenant-pool,2026-02-01 08:47:34,0.002312189287845585,1157296128.0,1.5406000000062705
forecaster-tenant-pool,2026-02-01 08:48:04,0.0007429486951928704,1157353472.0,0.1158999999955995
forecaster-tenant-pool,2026-02-01 08:48:34,0.002534808009420789,1157414912.0,0.9386999999983648
forecaster-tenant-pool,2026-02-01 08:49:04,0.000796757903739672,1157681152.0,0.4105000000015328
forecaster-tenant-pool,2026-02-01 08:49:34,0.0023631188555734216,1157488640.0,1.0859999999972691
forecaster-tenant-pool,2026-02-01 08:50:02,0.00026109745707509594,1157488640.0,0.33220000000649935
forecaster-tenant-pool,2026-02-01 08:50:04,0.0004006933816735931,1157500928.0,0.33220000000649935
forecaster-tenant-pool,2026-02-01 08:50:32,0.0025877399829966887,1157586944.0,0.4978999999933876
forecaster-tenant-pool,2026-02-01 08:51:02,0.003145160610008773,1157619712.0,0.871000000001671
forecaster-tenant-pool,2026-02-01 08:51:32,0.001918600937909927,1157341184.0,1.1869999999992311
forecaster-tenant-pool,2026-02-01 08:52:02,0.000306455791898714,1157341184.0,0.33130000000146537
forecaster-tenant-pool,2026-02-01 08:52:32,0.00197605855159467,1157406720.0,0.6338999999978114
forecaster-tenant-pool,2026-02-01 08:53:02,0.00048072944730134104,1157406720.0,0.7495000000009289
forecaster-tenant-pool,2026-02-01 08:53:32,0.0026638787707298083,1157476352.0,1.398900000002383
forecaster-tenant-pool,2026-02-01 08:54:02,0.0002556896641508009,1157476352.0,0.10299999999685194
forecaster-tenant-pool,2026-02-01 08:54:32,0.0016653901326673859,1157545984.0,1.2346000000059574
forecaster-tenant-pool,2026-02-01 08:55:02,0.00021388238392623977,1157545984.0,0.08339999999552673
forecaster-tenant-pool,2026-02-01 08:55:32,0.002715827786727923,1157615616.0,1.5058000000038494
forecaster-tenant-pool,2026-02-01 08:56:02,0.0002528728713320098,1157615616.0,0.08619999999815871
forecaster-tenant-pool,2026-02-01 08:56:32,0.00196082119524077,1157681152.0,1.054499999997097
forecaster-tenant-pool,2026-02-01 08:57:02,0.0009085020868581496,1158144000.0,0.2902999999992971
forecaster-tenant-pool,2026-02-01 08:57:32,0.002268485206746581,1157427200.0,1.4768000000011547
forecaster-tenant-pool,2026-02-01 08:58:02,0.0013510211098860699,1157439488.0,0.10630000000037398
forecaster-tenant-pool,2026-02-01 08:58:32,0.0021700242540182513,1157496832.0,1.238000000005862
forecaster-tenant-pool,2026-02-01 08:59:02,0.0013608530580458428,1157492736.0,0.23679999999718954
forecaster-tenant-pool,2026-02-01 08:59:32,0.0021516631457178265,1157562368.0,1.492300000000311
forecaster-tenant-pool,2026-02-01 09:00:02,0.00018080025707328676,1157562368.0,0.0823000000023967
forecaster-tenant-pool,2026-02-01 09:00:07,0.0005769324107216097,1157599232.0,0.0823000000023967
forecaster-tenant-pool,2026-02-01 09:00:37,0.0024486284841989067,1157656576.0,1.2936999999971401
forecaster-tenant-pool,2026-02-01 09:01:07,0.0019832501240397322,1157718016.0,0.2649999999991148
forecaster-tenant-pool,2026-02-01 09:01:37,0.0026445790023308714,1157726208.0,1.4199999999970412
forecaster-tenant-pool,2026-02-01 09:02:07,0.0020600074474772987,1157480448.0,0.11760000000200913
forecaster-tenant-pool,2026-02-01 09:02:37,0.0017930244679078273,1157472256.0,1.2316000000031029
forecaster-tenant-pool,2026-02-01 09:03:07,0.0022068907712929644,1157525504.0,0.09879999999830033
forecaster-tenant-pool,2026-02-01 09:03:37,0.002287785476598109,1157545984.0,1.381799999998657
forecaster-tenant-pool,2026-02-01 09:04:07,0.0015184774247474849,1158098944.0,0.10890000000405659
forecaster-tenant-pool,2026-02-01 09:04:37,0.0020166299752778986,1157611520.0,1.2206999999946977
forecaster-tenant-pool,2026-02-01 09:05:07,0.00046774458793486776,1157611520.0,0.14260000000267609
forecaster-tenant-pool,2026-02-01 09:05:37,0.002559330182073619,1157681152.0,1.4024000000018835
forecaster-tenant-pool,2026-02-01 09:06:07,0.0016742340513012498,1157910528.0,0.15119999999430245
forecaster-tenant-pool,2026-02-01 09:06:37,0.001897284883619611,1157754880.0,1.0467000000022986
forecaster-tenant-pool,2026-02-01 09:07:07,0.00046145448841870384,1157439488.0,0.25989999999759067
forecaster-tenant-pool,2026-02-01 09:07:37,0.0019896848813177534,1157492736.0,1.0981000000042818
forecaster-tenant-pool,2026-02-01 09:08:07,0.0003317944010725207,1157496832.0,0.27049999999708235
forecaster-tenant-pool,2026-02-01 09:08:37,0.0021255773862555796,1157558272.0,1.2963999999998728
forecaster-tenant-pool,2026-02-01 09:09:07,0.0015479125792724935,1157840896.0,0.1488000000035754
forecaster-tenant-pool,2026-02-01 09:09:37,0.0021641969390846717,1157632000.0,1.3960999999953856
forecaster-tenant-pool,2026-02-01 09:10:01,0.0006173591205379796,1157640192.0,0.22720000000190338
forecaster-tenant-pool,2026-02-01 09:10:07,0.0006173591205379796,1157640192.0,0.22720000000190338
forecaster-tenant-pool,2026-02-01 09:10:31,0.002057970416307739,1157722112.0,1.2932000000004944
forecaster-tenant-pool,2026-02-01 09:11:01,0.0007515745706461286,1157722112.0,0.3231999999997546
forecaster-tenant-pool,2026-02-01 09:11:31,0.0021666070184570454,1157472256.0,1.4225000000022796
forecaster-tenant-pool,2026-02-01 09:12:01,0.0010711235056891694,1158004736.0,0.10929999999886301
forecaster-tenant-pool,2026-02-01 09:12:31,0.0022065058796499953,1157541888.0,1.3814999999962918
forecaster-tenant-pool,2026-02-01 09:13:01,0.0002470349259649048,1157541888.0,0.09630000000743166
forecaster-tenant-pool,2026-02-01 09:13:31,0.0031133115381440286,1157607424.0,1.5923999999994825
forecaster-tenant-pool,2026-02-01 09:14:01,0.0002501890328714722,1157607424.0,0.08569999999478266
forecaster-tenant-pool,2026-02-01 09:14:31,0.0021365506110909383,1157681152.0,1.3552000000046367
forecaster-tenant-pool,2026-02-01 09:15:01,0.0008819826997667925,1157693440.0,0.08679999999846283
forecaster-tenant-pool,2026-02-01 09:15:31,0.0026090579237355903,1157746688.0,1.3619999999965027
forecaster-tenant-pool,2026-02-01 09:16:01,0.00161979834706817,1158098944.0,0.08650000000349488
forecaster-tenant-pool,2026-02-01 09:16:31,0.001731032019999312,1157488640.0,1.2584000000005593
forecaster-tenant-pool,2026-02-01 09:17:01,0.00024778035944845203,1157488640.0,0.11169999999923069
forecaster-tenant-pool,2026-02-01 09:17:31,0.002028224288228825,1157554176.0,1.11770000000209
forecaster-tenant-pool,2026-02-01 09:18:01,0.0013467363446653148,1157910528.0,0.24309999999356174
forecaster-tenant-pool,2026-02-01 09:18:31,0.0020245460706536126,1157627904.0,1.2436000000014247
forecaster-tenant-pool,2026-02-01 09:19:01,0.001541621276325213,1158430720.0,0.11380000000281143
forecaster-tenant-pool,2026-02-01 09:19:31,0.0021883857539548974,1157697536.0,1.417699999998452
forecaster-tenant-pool,2026-02-01 09:20:01,0.00024162980174675166,1157697536.0,0.0854999999971066
forecaster-tenant-pool,2026-02-01 09:20:04,0.00023808665849846294,1157697536.0,0.0854999999971066
forecaster-tenant-pool,2026-02-01 09:20:34,0.002304805230526335,1157787648.0,1.2920000000054643
forecaster-tenant-pool,2026-02-01 09:21:04,0.0017861461055103433,1158332416.0,0.28579999999771344
forecaster-tenant-pool,2026-02-01 09:21:34,0.002532498747247188,1157857280.0,1.5163000000027143
forecaster-tenant-pool,2026-02-01 09:22:04,0.0017640285367430562,1157500928.0,0.11329999999919285
forecaster-tenant-pool,2026-02-01 09:22:34,0.0018053293141440266,1157611520.0,1.3100999999963583
forecaster-tenant-pool,2026-02-01 09:23:04,0.00022723768301717218,1157607424.0,0.09320000000413227
forecaster-tenant-pool,2026-02-01 09:23:34,0.0025575684916784914,1157681152.0,1.4837999999945168
forecaster-tenant-pool,2026-02-01 09:24:04,0.0002519622875719325,1157677056.0,0.10120000000060828
forecaster-tenant-pool,2026-02-01 09:24:34,0.0018028013732640693,1157742592.0,1.0663000000019867
forecaster-tenant-pool,2026-02-01 09:25:04,0.00045128273596384895,1157742592.0,0.2832999999989018
forecaster-tenant-pool,2026-02-01 09:25:34,0.002243646640680526,1157812224.0,1.4050000000038076
forecaster-tenant-pool,2026-02-01 09:26:04,0.0006772110622720028,1157832704.0,0.1056999999952192
forecaster-tenant-pool,2026-02-01 09:26:34,0.002217536456476077,1157554176.0,1.0109000000017354
forecaster-tenant-pool,2026-02-01 09:27:04,0.002359138985573021,1157926912.0,0.34030000000251065
forecaster-tenant-pool,2026-02-01 09:27:34,0.0034985210680702084,1157627904.0,1.5217000000022987
forecaster-tenant-pool,2026-02-01 09:28:04,0.0012229755894959855,1157677056.0,0.08299999999374753
forecaster-tenant-pool,2026-02-01 09:28:34,0.001804299043909284,1157779456.0,0.982700000003994
forecaster-tenant-pool,2026-02-01 09:29:04,0.0010895664610991653,1158049792.0,0.32470000000169724
forecaster-tenant-pool,2026-02-01 09:29:34,0.002538966118650966,1157844992.0,1.589599999994122
forecaster-tenant-pool,2026-02-01 09:30:03,0.0001631041855871482,1157844992.0,0.06690000000326109
forecaster-tenant-pool,2026-02-01 09:30:04,0.00016304219157537152,1157844992.0,0.06690000000326109
forecaster-tenant-pool,2026-02-01 09:30:33,0.002524172927344851,1157939200.0,1.1994000000025455
forecaster-tenant-pool,2026-02-01 09:31:03,0.0001698168362156311,1157087232.0,0.40769999999762757
forecaster-tenant-pool,2026-02-01 09:31:33,0.001989377597969542,1157152768.0,1.1753000000026077
forecaster-tenant-pool,2026-02-01 09:32:03,0.00020501914086290266,1156833280.0,0.319399999997889
forecaster-tenant-pool,2026-02-01 09:32:33,0.0019618221188067333,1156907008.0,1.0273999999975785
forecaster-tenant-pool,2026-02-01 09:33:03,0.0007902704411236066,1156902912.0,0.23769999999791858
forecaster-tenant-pool,2026-02-01 09:33:33,0.0020321134797754367,1156972544.0,1.459900000004139
forecaster-tenant-pool,2026-02-01 09:34:03,0.0007205837738200633,1157496832.0,0.07750000000281336
forecaster-tenant-pool,2026-02-01 09:34:33,0.0018225712292769191,1157091328.0,1.2289999999985108
forecaster-tenant-pool,2026-02-01 09:35:03,0.0006564629650080067,1157152768.0,0.08719999999563394
forecaster-tenant-pool,2026-02-01 09:35:33,0.002234139282043085,1157242880.0,1.4011000000034983
forecaster-tenant-pool,2026-02-01 09:36:03,0.001630328416264401,1157320704.0,0.06549999999636687
forecaster-tenant-pool,2026-02-01 09:36:33,0.0017231122962104296,1156984832.0,1.2907000000045323
forecaster-tenant-pool,2026-02-01 09:37:03,0.00018321374711432743,1156988928.0,0.06059999999900659
forecaster-tenant-pool,2026-02-01 09:37:33,0.0020709922764707294,1156997120.0,1.2772000000002055
forecaster-tenant-pool,2026-02-01 09:38:03,0.0012703238643026725,1157017600.0,0.15399999999596425
forecaster-tenant-pool,2026-02-01 09:38:33,0.0022209852339922643,1157066752.0,1.014300000000124
forecaster-tenant-pool,2026-02-01 09:39:03,0.0016804387335126196,1157443584.0,0.3132000000038412
forecaster-tenant-pool,2026-02-01 09:39:33,0.0021110328636036145,1157222400.0,1.3637999999962631
forecaster-tenant-pool,2026-02-01 09:40:02,0.00019993910952129953,1157222400.0,0.09530000000571211
forecaster-tenant-pool,2026-02-01 09:40:03,0.00020319200013461738,1157222400.0,0.09530000000571211
forecaster-tenant-pool,2026-02-01 09:40:32,0.00213860835812787,1157316608.0,1.2488999999990482
forecaster-tenant-pool,2026-02-01 09:41:02,0.0002555244077750559,1157365760.0,0.250499999997434
forecaster-tenant-pool,2026-02-01 09:41:32,0.002487525401541669,1157218304.0,1.6349000000028657
forecaster-tenant-pool,2026-02-01 09:42:02,0.0013816661151865597,1157591040.0,0.1141999999986486
forecaster-tenant-pool,2026-02-01 09:42:32,0.0019360755240867297,1157300224.0,1.271199999999711
forecaster-tenant-pool,2026-02-01 09:43:02,0.0014049508066727038,1157582848.0,0.09190000000283666
forecaster-tenant-pool,2026-02-01 09:43:32,0.002563158061117102,1157369856.0,1.407399999999628
forecaster-tenant-pool,2026-02-01 09:44:02,0.0005745164666741676,1157898240.0,0.08619999999749173
forecaster-tenant-pool,2026-02-01 09:44:32,0.00170283526974192,1157464064.0,1.2802999999968963
forecaster-tenant-pool,2026-02-01 09:45:02,0.002179500120414368,1157521408.0,0.07570000000438692
forecaster-tenant-pool,2026-02-01 09:45:32,0.0030842992359380508,1157619712.0,1.5196999999971619
forecaster-tenant-pool,2026-02-01 09:46:02,0.00025043284741509613,1157615616.0,0.1349000000014712
forecaster-tenant-pool,2026-02-01 09:46:32,0.0019775538794332796,1157693440.0,1.3302000000002712
forecaster-tenant-pool,2026-02-01 09:47:02,0.00039376151295568407,1157378048.0,0.09759999999896535
forecaster-tenant-pool,2026-02-01 09:47:32,0.002021598622186285,1157455872.0,1.3459999999988213
forecaster-tenant-pool,2026-02-01 09:48:02,0.0008074716034963492,1157513216.0,0.09590000000401536
forecaster-tenant-pool,2026-02-01 09:48:32,0.002468400139400424,1157554176.0,1.271899999998095
forecaster-tenant-pool,2026-02-01 09:49:02,0.00023098258043243117,1157558272.0,0.10329999999776192
forecaster-tenant-pool,2026-02-01 09:49:32,0.0018877594756279174,1157627904.0,1.4397000000035405
forecaster-tenant-pool,2026-02-01 09:50:02,0.00029679321542651176,1157627904.0,0.11549999999479041
forecaster-tenant-pool,2026-02-01 09:50:03,0.000261357613323055,1157627904.0,0.11549999999479041
forecaster-tenant-pool,2026-02-01 09:50:33,0.00223708904105116,1157722112.0,1.351300000003539
forecaster-tenant-pool,2026-02-01 09:51:03,0.0005542126738058107,1157726208.0,0.29780000000240153
forecaster-tenant-pool,2026-02-01 09:51:33,0.00262389071762709,1157496832.0,1.5550000000008972
forecaster-tenant-pool,2026-02-01 09:52:03,0.0014028092895660503,1158062080.0,0.12359999999383338
forecaster-tenant-pool,2026-02-01 09:52:33,0.0030995959969442374,1157574656.0,1.2284000000002684
forecaster-tenant-pool,2026-02-01 09:53:03,0.00048423973263945965,1157582848.0,0.11350000000262905
forecaster-tenant-pool,2026-02-01 09:53:33,0.0019055685347198147,1157836800.0,1.4278999999994388
forecaster-tenant-pool,2026-02-01 09:54:03,0.0003290281634446096,1157890048.0,0.10410000000010768
forecaster-tenant-pool,2026-02-01 09:54:33,0.0019564935845625573,1157963776.0,1.2247000000016366
forecaster-tenant-pool,2026-02-01 09:55:03,0.00024734073813566465,1157976064.0,0.09829999999989619
forecaster-tenant-pool,2026-02-01 09:55:33,0.0024743657124599925,1158049792.0,1.419300000000597
forecaster-tenant-pool,2026-02-01 09:56:03,0.0002409815967400604,1158049792.0,0.20480000000031093
forecaster-tenant-pool,2026-02-01 09:56:33,0.0018457855969361743,1157914624.0,1.3068999999961306
forecaster-tenant-pool,2026-02-01 09:57:03,0.001119989773968589,1158066176.0,0.11619999999990492
forecaster-tenant-pool,2026-02-01 09:57:33,0.001987829617664003,1157869568.0,1.4540000000028763
forecaster-tenant-pool,2026-02-01 09:58:03,0.0004323126529564387,1157947392.0,0.09340000000144452
forecaster-tenant-pool,2026-02-01 09:58:33,0.002003821937350234,1157947392.0,1.2602999999954894
forecaster-tenant-pool,2026-02-01 09:59:03,0.0001970166381716906,1157943296.0,0.07440000000497093
forecaster-tenant-pool,2026-02-01 09:59:33,0.0021860442413335307,1158012928.0,1.4298999999974815
forecaster-tenant-pool,2026-02-01 10:00:02,0.0015111916036962512,1158365184.0,0.10590000000283908
forecaster-tenant-pool,2026-02-01 10:00:03,0.00027760564295489527,1158012928.0,0.10590000000283908
forecaster-tenant-pool,2026-02-01 10:00:32,0.002218756077963552,1158107136.0,1.373399999995733
forecaster-tenant-pool,2026-02-01 10:01:02,0.00045152528978153,1158107136.0,0.2698999999984153
forecaster-tenant-pool,2026-02-01 10:01:32,0.0019753274792879707,1157861376.0,1.4776000000053804
forecaster-tenant-pool,2026-02-01 10:02:02,0.0006151639030673682,1157963776.0,0.10659999999703966
forecaster-tenant-pool,2026-02-01 10:02:32,0.0022028975103903343,1157926912.0,1.3827000000015686
forecaster-tenant-pool,2026-02-01 10:03:02,0.0012256164791744396,1158483968.0,0.07439999999708866
forecaster-tenant-pool,2026-02-01 10:03:32,0.0021989142540569735,1157996544.0,1.3969000000040979
forecaster-tenant-pool,2026-02-01 10:04:02,0.001404135720000557,1157271552.0,0.05189999999323239
forecaster-tenant-pool,2026-02-01 10:04:32,0.0020218960184312596,1157312512.0,0.9951000000042768
forecaster-tenant-pool,2026-02-01 10:05:02,0.000583394570082274,1157844992.0,0.3030999999959022
forecaster-tenant-pool,2026-02-01 10:05:32,0.0017232919753960593,1157378048.0,1.3034000000026935
forecaster-tenant-pool,2026-02-01 10:06:02,0.00022990392750729652,1157386240.0,0.10170000000210469
forecaster-tenant-pool,2026-02-01 10:06:32,0.0022153908114020977,1157451776.0,1.1087999999963964
forecaster-tenant-pool,2026-02-01 10:07:02,0.0002641407991547453,1157124096.0,0.12740000000255047
forecaster-tenant-pool,2026-02-01 10:07:32,0.00242300138836775,1157210112.0,1.3894000000017814
forecaster-tenant-pool,2026-02-01 10:08:02,0.0002598283328403658,1157505024.0,0.08289999999718324
forecaster-tenant-pool,2026-02-01 10:08:32,0.0019656202014980704,1157648384.0,1.2530000000038855
forecaster-tenant-pool,2026-02-01 10:09:02,0.0002377233598821225,1157734400.0,0.0969999999973273
forecaster-tenant-pool,2026-02-01 10:09:32,0.0020369182546166077,1157828608.0,1.2866999999966235
forecaster-tenant-pool,2026-02-01 10:10:02,0.000252627742019554,1157844992.0,0.08590000000058354
forecaster-tenant-pool,2026-02-01 10:10:03,0.001044544848776188,1158643712.0,0.08590000000058354
forecaster-tenant-pool,2026-02-01 10:10:33,0.0021951881516314516,1157939200.0,1.3253000000000612
forecaster-tenant-pool,2026-02-01 10:11:03,0.0002513424128696793,1157943296.0,0.227400000000974
forecaster-tenant-pool,2026-02-01 10:11:33,0.0026295896197353324,1157693440.0,1.271599999998883
forecaster-tenant-pool,2026-02-01 10:12:03,0.0017553042556996573,1158062080.0,0.38830000000022363
forecaster-tenant-pool,2026-02-01 10:12:33,0.0022202030623305912,1157836800.0,1.3239000000035352
forecaster-tenant-pool,2026-02-01 10:13:03,0.0008584077168148709,1151070208.0,0.08379999999882178
forecaster-tenant-pool,2026-02-01 10:13:33,0.002881831724747259,1151156224.0,1.251699999999073
forecaster-tenant-pool,2026-02-01 10:14:03,0.00023279722647696525,1151152128.0,0.10940000000233946
forecaster-tenant-pool,2026-02-01 10:14:33,0.0019298470340960916,1151225856.0,1.3046999999996236
forecaster-tenant-pool,2026-02-01 10:15:03,0.0007067374145858977,1151488000.0,0.0766999999993762
forecaster-tenant-pool,2026-02-01 10:15:33,0.0017613257550900105,1151299584.0,1.404100000000411
forecaster-tenant-pool,2026-02-01 10:16:03,0.00020002551808210683,1151303680.0,0.07839999999590266
forecaster-tenant-pool,2026-02-01 10:16:33,0.002039148791637103,1151057920.0,0.955299999999867
forecaster-tenant-pool,2026-02-01 10:17:03,0.0022839038184160063,1151111168.0,0.3588000000040362
forecaster-tenant-pool,2026-02-01 10:17:33,0.0021432942673297816,1151127552.0,1.5524000000001859
forecaster-tenant-pool,2026-02-01 10:18:03,0.0015812768326197125,1151672320.0,0.08710000000198004
forecaster-tenant-pool,2026-02-01 10:18:33,0.0022010211018913934,1151197184.0,1.2359999999975115
forecaster-tenant-pool,2026-02-01 10:19:03,0.0007971550067818944,1151733760.0,0.20349999999598367
forecaster-tenant-pool,2026-02-01 10:19:33,0.0031798078508706172,1151262720.0,1.3957000000039745
forecaster-tenant-pool,2026-02-01 10:20:03,0.0001948540399740769,1151262720.0,0.08880000000008294
forecaster-tenant-pool,2026-02-01 10:20:03,0.0010130582548908368,1151541248.0,0.08880000000008294
forecaster-tenant-pool,2026-02-01 10:20:33,0.0018753587044714123,1151356928.0,1.1666999999960657
forecaster-tenant-pool,2026-02-01 10:21:03,0.00021088162222459507,1151361024.0,0.26480000000083237
forecaster-tenant-pool,2026-02-01 10:21:33,0.002421817889954482,1151434752.0,1.4707000000014279
forecaster-tenant-pool,2026-02-01 10:22:03,0.0002633334337004046,1151115264.0,0.101500000002549
forecaster-tenant-pool,2026-02-01 10:22:33,0.00207816636610309,1151451136.0,1.294499999999607
forecaster-tenant-pool,2026-02-01 10:23:03,0.0002726054004135428,1151188992.0,0.1407999999995809
forecaster-tenant-pool,2026-02-01 10:23:33,0.00237886141302684,1151254528.0,1.3882000000017796
forecaster-tenant-pool,2026-02-01 10:24:03,0.0006794062504269325,1151283200.0,0.0758000000002236
forecaster-tenant-pool,2026-02-01 10:24:33,0.001985040070716314,1151324160.0,1.2972999999981767
forecaster-tenant-pool,2026-02-01 10:25:03,0.0017512426870736099,1151340544.0,0.12830000000103609
forecaster-tenant-pool,2026-02-01 10:25:33,0.0029911966218303877,1151397888.0,1.2240999999999378
forecaster-tenant-pool,2026-02-01 10:26:03,0.0002291143788943451,1151397888.0,0.33929999999909344
forecaster-tenant-pool,2026-02-01 10:26:33,0.0017402138267441308,1151471616.0,1.1287999999977425
forecaster-tenant-pool,2026-02-01 10:27:03,0.0006424654550412108,1148968960.0,0.19099999999871217
forecaster-tenant-pool,2026-02-01 10:27:33,0.0018601370884363914,1149030400.0,0.9018000000018218
forecaster-tenant-pool,2026-02-01 10:28:03,0.00024269946013237583,1149030400.0,0.46640000000024884
forecaster-tenant-pool,2026-02-01 10:28:33,0.002283461417679412,1149100032.0,1.0702000000015686
forecaster-tenant-pool,2026-02-01 10:29:03,0.0007384948792527167,1149124608.0,0.38239999999726326
forecaster-tenant-pool,2026-02-01 10:29:33,0.0022319968564524337,1149169664.0,1.3496999999981805
forecaster-tenant-pool,2026-02-01 10:30:02,0.0015285659219240785,1149227008.0,0.09540000000627817
forecaster-tenant-pool,2026-02-01 10:30:03,0.00020516528711307728,1149173760.0,0.09540000000627817
forecaster-tenant-pool,2026-02-01 10:30:32,0.002313743148757777,1149263872.0,1.1199999999946157
forecaster-tenant-pool,2026-02-01 10:31:02,0.0017949698799785752,1149562880.0,0.27180000000328924
forecaster-tenant-pool,2026-02-01 10:31:32,0.0022823701713878966,1149333504.0,1.4519999999957387
forecaster-tenant-pool,2026-02-01 10:32:02,0.0008886381410822162,1149276160.0,0.11630000000610986
forecaster-tenant-pool,2026-02-01 10:32:32,0.00259981485705317,1149083648.0,1.457399999995141
forecaster-tenant-pool,2026-02-01 10:33:02,0.00018923845570873252,1149079552.0,0.08850000000560007
forecaster-tenant-pool,2026-02-01 10:33:32,0.0019899769371111635,1149153280.0,1.5851999999955297
forecaster-tenant-pool,2026-02-01 10:34:02,0.00017248904257856793,1149149184.0,0.05090000000006209
forecaster-tenant-pool,2026-02-01 10:34:32,0.002871441846935643,1149218816.0,1.3701000000039736
forecaster-tenant-pool,2026-02-01 10:35:02,0.00017854095546439395,1148186624.0,0.05199999999913416
forecaster-tenant-pool,2026-02-01 10:35:32,0.0018222405658467598,1148252160.0,1.3733999999948232
forecaster-tenant-pool,2026-02-01 10:36:02,0.0013033006200145966,1148530688.0,0.07480000000286963
forecaster-tenant-pool,2026-02-01 10:36:32,0.0029461328817228932,1148321792.0,1.1373999999982818
forecaster-tenant-pool,2026-02-01 10:37:02,0.00028739152670615397,1148051456.0,0.3378000000009706
forecaster-tenant-pool,2026-02-01 10:37:32,0.0023543978722230276,1148121088.0,0.9763999999999821
forecaster-tenant-pool,2026-02-01 10:38:02,0.0009460270530417746,1148399616.0,0.5622000000043045
forecaster-tenant-pool,2026-02-01 10:38:32,0.0017819483248941175,1148366848.0,0.6435999999937849
forecaster-tenant-pool,2026-02-01 10:39:02,0.0002326305857907632,1148567552.0,0.5352000000025025
forecaster-tenant-pool,2026-02-01 10:39:32,0.0020658820325461214,1148649472.0,0.8783000000013393
forecaster-tenant-pool,2026-02-01 10:40:02,0.0009644317533780322,1148661760.0,0.5328999999980927
forecaster-tenant-pool,2026-02-01 10:40:03,0.0021986946609030343,1148899328.0,0.5328999999980927
forecaster-tenant-pool,2026-02-01 10:40:33,0.0017440567366594788,1148776448.0,1.235399999997935
forecaster-tenant-pool,2026-02-01 10:41:03,0.0008652476431618668,1149177856.0,0.26820000000352595
forecaster-tenant-pool,2026-02-01 10:41:33,0.002327316269586169,1148669952.0,1.2639000000030742
forecaster-tenant-pool,2026-02-01 10:42:03,0.0002477569532741899,1148694528.0,0.12209999999546806
forecaster-tenant-pool,2026-02-01 10:42:33,0.001985977377819243,1148829696.0,0.7429000000047987
forecaster-tenant-pool,2026-02-01 10:43:03,0.0016016001901677666,1149177856.0,0.5695999999978084
forecaster-tenant-pool,2026-02-01 10:43:33,0.0022489176030726873,1148964864.0,1.487000000001596
forecaster-tenant-pool,2026-02-01 10:44:03,0.001208823911023506,1149247488.0,0.07149999999728607
forecaster-tenant-pool,2026-02-01 10:44:33,0.0018816586314500843,1149050880.0,1.1912000000000869
forecaster-tenant-pool,2026-02-01 10:45:03,0.00017980825373895503,1149054976.0,0.08500000000300739
forecaster-tenant-pool,2026-02-01 10:45:33,0.0028632113177160684,1140559872.0,1.4088999999997516
forecaster-tenant-pool,2026-02-01 10:46:03,0.0005228428276659692,1140555776.0,0.08339999999485978
forecaster-tenant-pool,2026-02-01 10:46:33,0.0016412597830953184,1140297728.0,1.117700000002757
forecaster-tenant-pool,2026-02-01 10:47:03,0.00035703106455927855,1140305920.0,0.16730000000291814
forecaster-tenant-pool,2026-02-01 10:47:33,0.0020770295869420832,1140371456.0,1.2632999999991927
forecaster-tenant-pool,2026-02-01 10:48:03,0.00022682767215391817,1139744768.0,0.09229999999818878
forecaster-tenant-pool,2026-02-01 10:48:33,0.0018573631289474247,1139855360.0,1.2374000000001009
forecaster-tenant-pool,2026-02-01 10:49:03,0.0018201838403008332,1140879360.0,0.08560000000240203
forecaster-tenant-pool,2026-02-01 10:49:33,0.0020224986513527584,1140387840.0,1.33249999999789
forecaster-tenant-pool,2026-02-01 10:50:03,0.00019489489798896417,1140420608.0,0.09150000000039046
forecaster-tenant-pool,2026-02-01 10:50:07,0.0015279926240722946,1140453376.0,0.09150000000039046
forecaster-tenant-pool,2026-02-01 10:50:37,0.0019396328964389172,1140523008.0,1.0595999999954682
forecaster-tenant-pool,2026-02-01 10:51:07,0.0018438006762364935,1140629504.0,0.4936999999998079
forecaster-tenant-pool,2026-02-01 10:51:37,0.0026665481938012037,1140670464.0,1.2693000000028405
forecaster-tenant-pool,2026-02-01 10:52:07,0.001263416374591541,1140486144.0,0.11440000000202417
forecaster-tenant-pool,2026-02-01 10:52:37,0.0019303893490483911,1140604928.0,0.8875999999947453
forecaster-tenant-pool,2026-02-01 10:53:07,0.00024015479351645856,1140879360.0,0.4179000000055263
forecaster-tenant-pool,2026-02-01 10:53:37,0.0021162423837141086,1140723712.0,1.4762999999955961
forecaster-tenant-pool,2026-02-01 10:54:07,0.0010879369539985048,1141055488.0,0.09530000000134653
forecaster-tenant-pool,2026-02-01 10:54:37,0.0020745006617317718,1140805632.0,1.3215999999979733
forecaster-tenant-pool,2026-02-01 10:55:07,0.0019457418775119934,1140822016.0,0.08130000000298121
forecaster-tenant-pool,2026-02-01 10:55:37,0.002108738394291996,1140887552.0,1.3062000000013239
forecaster-tenant-pool,2026-02-01 10:56:07,0.0013522376343416932,1140932608.0,0.20769999999556604
forecaster-tenant-pool,2026-02-01 10:56:37,0.0019979679994096165,1140973568.0,0.8626000000019
forecaster-tenant-pool,2026-02-01 10:57:07,0.0002128661251136692,1140666368.0,0.40810000000134705
forecaster-tenant-pool,2026-02-01 10:57:37,0.0024068774118884972,1140736000.0,1.3347999999963576
forecaster-tenant-pool,2026-02-01 10:58:07,0.0011947408392369951,1141022720.0,0.19540000000106375
forecaster-tenant-pool,2026-02-01 10:58:37,0.0017529921409091176,1140805632.0,1.18610000000499
forecaster-tenant-pool,2026-02-01 10:59:07,0.0019406934191813995,1140883456.0,0.08569999999551024
forecaster-tenant-pool,2026-02-01 10:59:37,0.0027646169473409623,1140875264.0,1.3829999999996896
forecaster-tenant-pool,2026-02-01 11:00:02,0.001243613355478104,1140891648.0,0.11089999999924961
forecaster-tenant-pool,2026-02-01 11:00:07,0.0017358984254797966,1140891648.0,0.11089999999924961
forecaster-tenant-pool,2026-02-01 11:00:32,0.002314596713865487,1140969472.0,0.9015000000046711
forecaster-tenant-pool,2026-02-01 11:01:02,0.0001902109362649844,1140969472.0,0.6474000000006829
forecaster-tenant-pool,2026-02-01 11:01:32,0.0021546367567640244,1140731904.0,1.430299999997927
forecaster-tenant-pool,2026-02-01 11:02:02,0.0003369829073312963,1140731904.0,0.11070000000327126
forecaster-tenant-pool,2026-02-01 11:02:32,0.001821888535214606,1140805632.0,1.3124999999985447
forecaster-tenant-pool,2026-02-01 11:03:02,0.00020087676438761574,1140801536.0,0.06899999999762561
forecaster-tenant-pool,2026-02-01 11:03:32,0.0018534518277414694,1140871168.0,1.3685999999986962
forecaster-tenant-pool,2026-02-01 11:04:02,0.0001885159431359927,1140232192.0,0.05460000000117968
forecaster-tenant-pool,2026-02-01 11:04:32,0.0022258468964543657,1140297728.0,1.1316000000004958
forecaster-tenant-pool,2026-02-01 11:05:02,0.0016441568462356377,1140367360.0,0.06919999999615054
forecaster-tenant-pool,2026-02-01 11:05:32,0.0019352024605473776,1140371456.0,1.2864000000059606
forecaster-tenant-pool,2026-02-01 11:06:02,0.0004997093501099505,1140383744.0,0.0696999999964343
forecaster-tenant-pool,2026-02-01 11:06:32,0.0018676338792156962,1140117504.0,1.278100000001056
forecaster-tenant-pool,2026-02-01 11:07:02,0.00029973274429599976,1140117504.0,0.11319999999990007
forecaster-tenant-pool,2026-02-01 11:07:32,0.0023323587178927844,1140207616.0,1.4734000000007048
forecaster-tenant-pool,2026-02-01 11:08:02,0.00025219675893672433,1140441088.0,0.0784999999967719
forecaster-tenant-pool,2026-02-01 11:08:32,0.0024497500640788114,1140584448.0,1.2763000000042666
forecaster-tenant-pool,2026-02-01 11:09:02,0.0017056100987348315,1139314688.0,0.10179999999763822
forecaster-tenant-pool,2026-02-01 11:09:32,0.0022535117627424535,1139195904.0,1.5022000000028128
forecaster-tenant-pool,2026-02-01 11:10:02,0.0015914432816108322,1139560448.0,0.08189999999443291
forecaster-tenant-pool,2026-02-01 11:10:02,0.00023322076582172742,1139228672.0,0.08189999999443291
forecaster-tenant-pool,2026-02-01 11:10:32,0.002318657640615719,1139322880.0,1.2155000000001261
forecaster-tenant-pool,2026-02-01 11:11:02,0.00024359754774974532,1139351552.0,0.2739000000017768
forecaster-tenant-pool,2026-02-01 11:11:32,0.0023272835461575674,1139433472.0,1.3783999999995404
forecaster-tenant-pool,2026-02-01 11:12:02,0.00026896845898539913,1139113984.0,0.10760000000045693
forecaster-tenant-pool,2026-02-01 11:12:32,0.0021396513562862087,1139179520.0,1.2318999999987985
forecaster-tenant-pool,2026-02-01 11:13:02,0.00032025248744653424,1139449856.0,0.07149999999989329
forecaster-tenant-pool,2026-02-01 11:13:32,0.0029294133176896455,1139253248.0,1.5654000000069572
forecaster-tenant-pool,2026-02-01 11:14:02,0.0002416898074819975,1139249152.0,0.07689999999753733
forecaster-tenant-pool,2026-02-01 11:14:32,0.0019390221132410442,1139318784.0,1.358799999996457
forecaster-tenant-pool,2026-02-01 11:15:02,0.00038814386691792235,1139343360.0,0.11570000000544192
forecaster-tenant-pool,2026-02-01 11:15:32,0.00183868711671838,1139396608.0,1.3365999999973308
forecaster-tenant-pool,2026-02-01 11:16:02,0.0017224154986063833,1139466240.0,0.12559999999927338
forecaster-tenant-pool,2026-02-01 11:16:32,0.002078980244195797,1139171328.0,1.2744999999981397
forecaster-tenant-pool,2026-02-01 11:17:02,0.002048520806512576,1139261440.0,0.09440000000207267
forecaster-tenant-pool,2026-02-01 11:17:32,0.0027827669132896088,1139245056.0,1.449400000001636
forecaster-tenant-pool,2026-02-01 11:18:02,0.000622690318301182,1139511296.0,0.08019999999881595
forecaster-tenant-pool,2026-02-01 11:18:32,0.0020334327678893983,1139314688.0,1.33389999999672
forecaster-tenant-pool,2026-02-01 11:19:02,0.00024072235507776885,1139314688.0,0.2031000000029356
forecaster-tenant-pool,2026-02-01 11:19:32,0.0022652820352391852,1130864640.0,1.3059000000030816
forecaster-tenant-pool,2026-02-01 11:20:02,0.0006527474138229132,1130864640.0,0.11549999999333523
forecaster-tenant-pool,2026-02-01 11:20:04,0.0006898063930520855,1131180032.0,0.11549999999333523
forecaster-tenant-pool,2026-02-01 11:20:34,0.002349594476139732,1130958848.0,1.2951000000034278
forecaster-tenant-pool,2026-02-01 11:21:04,0.002130881317405456,1131167744.0,0.2646999999985686
forecaster-tenant-pool,2026-02-01 11:21:34,0.0028893529559716343,1131028480.0,1.455700000002192
forecaster-tenant-pool,2026-02-01 11:22:04,0.0006991503476566267,1131245568.0,0.1782000000019252
forecaster-tenant-pool,2026-02-01 11:22:34,0.002026517792626929,1130774528.0,1.107299999993726
forecaster-tenant-pool,2026-02-01 11:23:04,0.0015629722833921413,1130790912.0,0.31670000000473614
forecaster-tenant-pool,2026-02-01 11:23:34,0.0021789091038781536,1130844160.0,1.1615999999990891
forecaster-tenant-pool,2026-02-01 11:24:04,0.00017985756498234954,1130848256.0,0.4431999999979477
forecaster-tenant-pool,2026-02-01 11:24:34,0.003175919504980577,1130917888.0,1.3984000000042214
forecaster-tenant-pool,2026-02-01 11:25:04,0.0017155703018233762,1131040768.0,0.09689999999918655
forecaster-tenant-pool,2026-02-01 11:25:34,0.0021036564411155366,1130987520.0,1.456299999996069
forecaster-tenant-pool,2026-02-01 11:26:04,0.0007696010316294703,1131057152.0,0.10060000000351768
forecaster-tenant-pool,2026-02-01 11:26:34,0.00197080096680039,1130729472.0,1.2512999999970513
forecaster-tenant-pool,2026-02-01 11:27:04,0.0022715458583357365,1130799104.0,0.09620000000328824
forecaster-tenant-pool,2026-02-01 11:27:34,0.002330191380681046,1130799104.0,1.5323000000005171
forecaster-tenant-pool,2026-02-01 11:28:04,0.0002611236737988199,1130799104.0,0.07639999999488889
forecaster-tenant-pool,2026-02-01 11:28:34,0.0027155771072739487,1130868736.0,1.3515000000015183
forecaster-tenant-pool,2026-02-01 11:29:04,0.00020139932391461266,1130868736.0,0.08290000000051806
forecaster-tenant-pool,2026-02-01 11:29:34,0.0020147263855282223,1130934272.0,1.3473000000008444
forecaster-tenant-pool,2026-02-01 11:30:02,0.00029271721751932667,1130934272.0,0.1093000000015915
forecaster-tenant-pool,2026-02-01 11:30:04,0.0002891249754917389,1130934272.0,0.1093000000015915
forecaster-tenant-pool,2026-02-01 11:30:32,0.0023870007593066777,1131028480.0,1.095299999997466
forecaster-tenant-pool,2026-02-01 11:31:02,0.0018491942304005118,1131327488.0,0.4942999999995057
forecaster-tenant-pool,2026-02-01 11:31:32,0.002041774751868069,1130778624.0,1.4178999999978867
forecaster-tenant-pool,2026-02-01 11:32:02,0.0015577170940855986,1131057152.0,0.10960000000662451
forecaster-tenant-pool,2026-02-01 11:32:32,0.0018906486305299178,1130848256.0,1.2743999999977556
forecaster-tenant-pool,2026-02-01 11:33:02,0.00019307081219303103,1130852352.0,0.07680000000115494
forecaster-tenant-pool,2026-02-01 11:33:32,0.0029074842700384795,1130913792.0,1.4356999999967228
forecaster-tenant-pool,2026-02-01 11:34:02,0.00026121567675037045,1130913792.0,0.09890000000244374
forecaster-tenant-pool,2026-02-01 11:34:32,0.0020515381125067334,1130983424.0,1.0381999999983236
forecaster-tenant-pool,2026-02-01 11:35:02,0.00027100391079473756,1130983424.0,0.19480000000063835
forecaster-tenant-pool,2026-02-01 11:35:32,0.0019286553279204677,1131053056.0,1.434599999996317
forecaster-tenant-pool,2026-02-01 11:36:02,0.0005731024320852193,1131065344.0,0.06560000000336003
forecaster-tenant-pool,2026-02-01 11:36:32,0.0023382148563719013,1130577920.0,1.327200000003601
forecaster-tenant-pool,2026-02-01 11:37:02,0.00021703739035893092,1130254336.0,0.09509999999669769
forecaster-tenant-pool,2026-02-01 11:37:32,0.002165343632804836,1130323968.0,1.3729999999981373
forecaster-tenant-pool,2026-02-01 11:38:02,0.00048743890618640394,1130606592.0,0.06869999999956539
forecaster-tenant-pool,2026-02-01 11:38:32,0.0019476340127250668,1129996288.0,1.312900000003477
forecaster-tenant-pool,2026-02-01 11:39:02,0.0002279926615798945,1130000384.0,0.08719999999678596
forecaster-tenant-pool,2026-02-01 11:39:32,0.0029807700748809484,1130065920.0,1.2566000000004351
forecaster-tenant-pool,2026-02-01 11:40:02,0.0002854457889199459,1130094592.0,0.11130000000248402
forecaster-tenant-pool,2026-02-01 11:40:03,0.00028674091746223895,1130160128.0,0.11130000000248402
forecaster-tenant-pool,2026-02-01 11:40:33,0.0028689644317452523,1130369024.0,1.215600000001905
forecaster-tenant-pool,2026-02-01 11:41:03,0.00078913982701326,1130401792.0,0.28659999999842206
forecaster-tenant-pool,2026-02-01 11:41:33,0.0025584154217315434,1130475520.0,1.068499999999464
forecaster-tenant-pool,2026-02-01 11:42:03,0.0005469311398109235,1130463232.0,0.3731999999982387
forecaster-tenant-pool,2026-02-01 11:42:33,0.0020770288006093933,1130401792.0,1.2754000000017187
forecaster-tenant-pool,2026-02-01 11:43:03,0.0011830643813958066,1130987520.0,0.09239999999845168
forecaster-tenant-pool,2026-02-01 11:43:33,0.0021182540571330916,1130536960.0,1.3269999999984066
forecaster-tenant-pool,2026-02-01 11:44:03,0.0013219584835742898,1130565632.0,0.10490000000130142
forecaster-tenant-pool,2026-02-01 11:44:33,0.00198540233854309,1130651648.0,1.2882999999981621
forecaster-tenant-pool,2026-02-01 11:45:03,0.001868232526146024,1130717184.0,0.09630000000167153
forecaster-tenant-pool,2026-02-01 11:45:33,0.0022419539462138448,1130778624.0,1.4310000000038903
forecaster-tenant-pool,2026-02-01 11:46:03,0.00040383177080034847,1130844160.0,0.09489999999435288
forecaster-tenant-pool,2026-02-01 11:46:33,0.0022234943479249925,1130606592.0,1.3265000000053988
forecaster-tenant-pool,2026-02-01 11:47:03,0.0015671644173290058,1128521728.0,0.1402999999946284
forecaster-tenant-pool,2026-02-01 11:47:33,0.002652951672806194,1128583168.0,1.224100000003394
forecaster-tenant-pool,2026-02-01 11:48:03,0.0002209826415003143,1128583168.0,0.34220000000217016
forecaster-tenant-pool,2026-02-01 11:48:33,0.0020689150867271183,1128660992.0,1.092799999998715
forecaster-tenant-pool,2026-02-01 11:49:03,0.00030865538945600045,1128656896.0,0.23550000000159343
forecaster-tenant-pool,2026-02-01 11:49:33,0.0019841523507314256,1128726528.0,1.2795999999986938
forecaster-tenant-pool,2026-02-01 11:50:02,0.0002597779942466995,1128726528.0,0.11740000000027066
forecaster-tenant-pool,2026-02-01 11:50:03,0.00023002111050603036,1128726528.0,0.11740000000027066
forecaster-tenant-pool,2026-02-01 11:50:32,0.0023773863493556533,1128824832.0,1.2603999999963587
forecaster-tenant-pool,2026-02-01 11:51:02,0.0005177317977481627,1128828928.0,0.2673000000012204
forecaster-tenant-pool,2026-02-01 11:51:32,0.001904842143335068,1128587264.0,1.3775999999976194
forecaster-tenant-pool,2026-02-01 11:52:02,0.0005277067680628013,1128587264.0,0.11979999999960758
forecaster-tenant-pool,2026-02-01 11:52:32,0.0018061466812751756,1128816640.0,1.2477000000042606
forecaster-tenant-pool,2026-02-01 11:53:02,0.0007869309130910387,1128869888.0,0.08790000000196112
forecaster-tenant-pool,2026-02-01 11:53:32,0.002258187028209264,1128898560.0,1.268299999998817
forecaster-tenant-pool,2026-02-01 11:54:02,0.000520485589284156,1128939520.0,0.07540000000099098
forecaster-tenant-pool,2026-02-01 11:54:32,0.001938845942214359,1128964096.0,1.2117000000007465
forecaster-tenant-pool,2026-02-01 11:55:02,0.0002194921153432259,1128968192.0,0.1093999999970644
forecaster-tenant-pool,2026-02-01 11:55:32,0.002045477802526631,1129037824.0,1.3750000000033955
forecaster-tenant-pool,2026-02-01 11:56:02,0.00025859506004740604,1129041920.0,0.0695999999928972
forecaster-tenant-pool,2026-02-01 11:56:32,0.002141817645176283,1129111552.0,1.0199000000053882
forecaster-tenant-pool,2026-02-01 11:57:02,0.00038484376894681855,1129312256.0,0.4555000000011205
forecaster-tenant-pool,2026-02-01 11:57:32,0.002286787446700725,1128853504.0,1.6282999999950336
forecaster-tenant-pool,2026-02-01 11:58:02,0.0007634739820673826,1128882176.0,0.0820000000047609
forecaster-tenant-pool,2026-02-01 11:58:32,0.0026049002050858405,1128923136.0,1.0541000000001683
forecaster-tenant-pool,2026-02-01 11:59:02,0.00027993865524217077,1128923136.0,0.2757999999967069
forecaster-tenant-pool,2026-02-01 11:59:32,0.00215911760072549,1128992768.0,1.4847999999998136
forecaster-tenant-pool,2026-02-01 12:00:02,0.0010008939837888842,1129271296.0,0.07770000000200526
forecaster-tenant-pool,2026-02-01 12:00:02,0.00018750963950494063,1128996864.0,0.07770000000200526
forecaster-tenant-pool,2026-02-01 12:00:32,0.0022007945066761254,1129099264.0,1.3341999999947196
forecaster-tenant-pool,2026-02-01 12:01:02,0.001705728242330242,1129381888.0,0.2820000000049428
forecaster-tenant-pool,2026-02-01 12:01:32,0.003106757201385442,1129172992.0,1.4477999999954894
forecaster-tenant-pool,2026-02-01 12:02:02,0.00025078107943840653,1128849408.0,0.09520000000423655
forecaster-tenant-pool,2026-02-01 12:02:32,0.0019378353366616072,1128919040.0,1.1162999999985306
forecaster-tenant-pool,2026-02-01 12:03:02,0.00047746090808123046,1128919040.0,0.2415999999999864
forecaster-tenant-pool,2026-02-01 12:03:32,0.00206160287017314,1128751104.0,1.4622999999983222
forecaster-tenant-pool,2026-02-01 12:04:02,0.00015783867550361015,1128747008.0,0.04510000000397364
forecaster-tenant-pool,2026-02-01 12:04:32,0.0024113439606622284,1129078784.0,1.3640999999983856
forecaster-tenant-pool,2026-02-01 12:05:02,0.000870630335215361,1128542208.0,0.04950000000341485
forecaster-tenant-pool,2026-02-01 12:05:32,0.0019323926284966185,1128062976.0,1.3578999999999115
forecaster-tenant-pool,2026-02-01 12:06:02,0.0014074049946939155,1128099840.0,0.08369999999292001
forecaster-tenant-pool,2026-02-01 12:06:32,0.0019796312835992595,1127804928.0,1.2039000000002489
forecaster-tenant-pool,2026-02-01 12:07:02,0.0017584294227387424,1128165376.0,0.19080000000279446
forecaster-tenant-pool,2026-02-01 12:07:32,0.0025004215680939396,1127944192.0,1.6176000000012207
forecaster-tenant-pool,2026-02-01 12:08:02,0.00024364139057641876,1127944192.0,0.08350000000227738
forecaster-tenant-pool,2026-02-01 12:08:32,0.0026115110002411616,1128058880.0,1.3648999999986091
forecaster-tenant-pool,2026-02-01 12:09:02,0.0005634913139084147,1128284160.0,0.08480000000163274
forecaster-tenant-pool,2026-02-01 12:09:32,0.002065556779135191,1128259584.0,1.28889999999404
forecaster-tenant-pool,2026-02-01 12:10:02,0.00023241385206014453,1128267776.0,0.17740000000461198
forecaster-tenant-pool,2026-02-01 12:10:02,0.001237105456250174,1129054208.0,0.17740000000461198
forecaster-tenant-pool,2026-02-01 12:10:32,0.002690241924285843,1128394752.0,1.3573999999970208
forecaster-tenant-pool,2026-02-01 12:11:02,0.00025202343714376713,1128513536.0,0.28390000000490545
forecaster-tenant-pool,2026-02-01 12:11:32,0.0022617365213829363,1128665088.0,1.3987999999931464
forecaster-tenant-pool,2026-02-01 12:12:02,0.0011297125903262364,1128955904.0,0.1146000000000034
forecaster-tenant-pool,2026-02-01 12:12:32,0.0019224230229135141,1129066496.0,1.3462000000024998
forecaster-tenant-pool,2026-02-01 12:13:02,0.0002786772220959131,1128734720.0,0.09439999999782836
forecaster-tenant-pool,2026-02-01 12:13:32,0.0021645330811444013,1128828928.0,0.4254000000045077
forecaster-tenant-pool,2026-02-01 12:14:02,0.0013351960503837892,1128841216.0,1.105500000001181
forecaster-tenant-pool,2026-02-01 12:14:32,0.0017921492088693615,1128906752.0,1.3180999999979273
forecaster-tenant-pool,2026-02-01 12:15:02,0.00026560876127265616,1128919040.0,0.08059999999701783
forecaster-tenant-pool,2026-02-01 12:15:32,0.0020882885524309363,1128996864.0,1.3770000000001044
forecaster-tenant-pool,2026-02-01 12:16:02,0.00020992408557892703,1129000960.0,0.09780000000070382
forecaster-tenant-pool,2026-02-01 12:16:32,0.0026202002419854252,1129074688.0,1.3248000000016569
forecaster-tenant-pool,2026-02-01 12:17:02,0.00031143089422796936,1128792064.0,0.1012000000019422
forecaster-tenant-pool,2026-02-01 12:17:32,0.002171057133672419,1128857600.0,1.443800000001223
forecaster-tenant-pool,2026-02-01 12:18:02,0.00023866481871055118,1128857600.0,0.09749999999651966
forecaster-tenant-pool,2026-02-01 12:18:32,0.001802457205257072,1128927232.0,1.1180999999970784
forecaster-tenant-pool,2026-02-01 12:19:02,0.0019624958610775243,1129283584.0,0.2253000000060638
forecaster-tenant-pool,2026-02-01 12:19:32,0.002958576247915588,1129013248.0,1.494099999998616
forecaster-tenant-pool,2026-02-01 12:20:02,0.00021654088141543091,1129021440.0,0.07339999999912833
forecaster-tenant-pool,2026-02-01 12:20:06,0.0017808986723353644,1129312256.0,0.07339999999912833
forecaster-tenant-pool,2026-02-01 12:20:36,0.002773836298509796,1129140224.0,1.3748999999955533
forecaster-tenant-pool,2026-02-01 12:21:06,0.000684244310143966,1129160704.0,0.28490000000668564
forecaster-tenant-pool,2026-02-01 12:21:36,0.00262090505747876,1129201664.0,1.562999999996767
forecaster-tenant-pool,2026-02-01 12:22:06,0.0002926100141612657,1128878080.0,0.11699999999697562
forecaster-tenant-pool,2026-02-01 12:22:36,0.002247396022143836,1128947712.0,1.2815000000047196
forecaster-tenant-pool,2026-02-01 12:23:06,0.0008632415408497141,1129222144.0,0.08769999999464441
forecaster-tenant-pool,2026-02-01 12:23:36,0.0025663066527443915,1129017344.0,1.7108000000032917
forecaster-tenant-pool,2026-02-01 12:24:06,0.0014933943433210655,1129345024.0,0.0825999999996687
forecaster-tenant-pool,2026-02-01 12:24:36,0.0020741073519111933,1129086976.0,1.2763000000002647
forecaster-tenant-pool,2026-02-01 12:25:06,0.00037171954371656673,1129136128.0,0.0903000000028745
forecaster-tenant-pool,2026-02-01 12:25:36,0.0024809893089523328,1129156608.0,1.4981999999998152
forecaster-tenant-pool,2026-02-01 12:26:06,0.0008004818281331791,1129689088.0,0.11519999999751841
forecaster-tenant-pool,2026-02-01 12:26:36,0.0022089774972277546,1129222144.0,1.092399999998573
forecaster-tenant-pool,2026-02-01 12:27:06,0.0002698251183941737,1128951808.0,0.34480000000476135
forecaster-tenant-pool,2026-02-01 12:27:36,0.002547970090329925,1129070592.0,1.5434999999961898
forecaster-tenant-pool,2026-02-01 12:28:06,0.00027846221408890745,1129107456.0,0.12509999999729188
forecaster-tenant-pool,2026-02-01 12:28:36,0.0021336910073691106,1129185280.0,1.4314000000046994
forecaster-tenant-pool,2026-02-01 12:29:06,0.0018345158276093275,1129172992.0,0.12669999999579887
forecaster-tenant-pool,2026-02-01 12:29:36,0.0019682411768480582,1129271296.0,1.4254000000044469
forecaster-tenant-pool,2026-02-01 12:30:04,0.0008728722448006841,1129566208.0,0.12030000000207414
forecaster-tenant-pool,2026-02-01 12:30:06,0.0009188089797711712,1129566208.0,0.12030000000207414
forecaster-tenant-pool,2026-02-01 12:30:34,0.0018143470360123572,1129373696.0,1.2667999999942063
forecaster-tenant-pool,2026-02-01 12:31:04,0.00023464302616127617,1129369600.0,0.2945000000047609
forecaster-tenant-pool,2026-02-01 12:31:34,0.0030921075688633325,1129267200.0,1.4576999999944746
forecaster-tenant-pool,2026-02-01 12:32:04,0.0003085424938299671,1128943616.0,0.1988000000002406
forecaster-tenant-pool,2026-02-01 12:32:34,0.0018679856016672416,1129009152.0,1.3324000000032052
forecaster-tenant-pool,2026-02-01 12:33:04,0.0006818830840092874,1129144320.0,0.08410000000318785
forecaster-tenant-pool,2026-02-01 12:33:34,0.002213688250163918,1129103360.0,1.4093999999988833
forecaster-tenant-pool,2026-02-01 12:34:04,0.0004934049915791565,1129115648.0,0.11469999999693148
forecaster-tenant-pool,2026-02-01 12:34:34,0.0018445983439858455,1129172992.0,1.2083000000004782
forecaster-tenant-pool,2026-02-01 12:35:04,0.0016746014818429448,1129189376.0,0.1344000000031883
forecaster-tenant-pool,2026-02-01 12:35:34,0.0025309837291155293,1129242624.0,1.4023999999985486
forecaster-tenant-pool,2026-02-01 12:36:04,0.0005772698113383259,1129259008.0,0.08990000000121653
forecaster-tenant-pool,2026-02-01 12:36:34,0.0024887144468373305,1129316352.0,1.3292999999994208
forecaster-tenant-pool,2026-02-01 12:37:04,0.0005540411419382513,1129009152.0,0.09429999999974825
forecaster-tenant-pool,2026-02-01 12:37:34,0.0021919712060142447,1129058304.0,1.4700000000011642
forecaster-tenant-pool,2026-02-01 12:38:04,0.0006797720061242159,1129242624.0,0.11189999999357193
forecaster-tenant-pool,2026-02-01 12:38:34,0.0022048211221321317,1129123840.0,1.2465000000040163
forecaster-tenant-pool,2026-02-01 12:39:04,0.0010522736575106857,1129140224.0,0.11379999999547484
forecaster-tenant-pool,2026-02-01 12:39:34,0.002420735749940523,1129197568.0,1.5176000000029186
forecaster-tenant-pool,2026-02-01 12:40:02,0.00023345417975306418,1129193472.0,0.08270000000423655
forecaster-tenant-pool,2026-02-01 12:40:04,0.00023168781969816037,1129193472.0,0.08270000000423655
forecaster-tenant-pool,2026-02-01 12:40:32,0.001899644832591533,1129287680.0,1.0391999999957988
forecaster-tenant-pool,2026-02-01 12:41:02,0.0014848085288057897,1129287680.0,0.46089999999912834
forecaster-tenant-pool,2026-02-01 12:41:32,0.00235688168019466,1129037824.0,1.479200000001947
forecaster-tenant-pool,2026-02-01 12:42:02,0.0002964707823300461,1129041920.0,0.14780000000185584
forecaster-tenant-pool,2026-02-01 12:42:32,0.0020326174734701615,1129107456.0,1.2114000000008673
forecaster-tenant-pool,2026-02-01 12:43:02,0.0003025676787785938,1129107456.0,0.11039999999872331
forecaster-tenant-pool,2026-02-01 12:43:32,0.0027101163972807828,1129177088.0,1.320699999996335
forecaster-tenant-pool,2026-02-01 12:44:02,0.001213122624674985,1129181184.0,0.09880000000569755
forecaster-tenant-pool,2026-02-01 12:44:32,0.0023656426393778678,1129242624.0,1.2736999999990075
forecaster-tenant-pool,2026-02-01 12:45:02,0.0001575094010307469,1129242624.0,0.07879999999640859
forecaster-tenant-pool,2026-02-01 12:45:32,0.001986113181083241,1129316352.0,1.4347999999998138
forecaster-tenant-pool,2026-02-01 12:46:02,0.0003149534515457756,1129328640.0,0.058200000001428026
forecaster-tenant-pool,2026-02-01 12:46:32,0.0017732711962085783,1128919040.0,1.263799999999901
forecaster-tenant-pool,2026-02-01 12:47:02,0.0016279913047726,1128624128.0,0.06509999999931702
forecaster-tenant-pool,2026-02-01 12:47:32,0.002160659254564171,1128660992.0,1.2538000000019869
forecaster-tenant-pool,2026-02-01 12:48:02,0.0009851815280009484,1128763392.0,0.19989999999949457
forecaster-tenant-pool,2026-02-01 12:48:32,0.0020760052053689273,1128542208.0,1.2038000000019866
forecaster-tenant-pool,2026-02-01 12:49:02,0.001587650834988454,1128550400.0,0.11129999999381349
forecaster-tenant-pool,2026-02-01 12:49:32,0.002224532365510411,1128747008.0,1.4235000000044844
forecaster-tenant-pool,2026-02-01 12:50:02,0.00023475774309463608,1128845312.0,0.0835999999978109
forecaster-tenant-pool,2026-02-01 12:50:02,0.00023686111350607,1128890368.0,0.0835999999978109
forecaster-tenant-pool,2026-02-01 12:50:32,0.0031961332113824995,1129009152.0,1.3603999999988445
forecaster-tenant-pool,2026-02-01 12:51:02,0.0005364120118158317,1129050112.0,0.2856000000008862
forecaster-tenant-pool,2026-02-01 12:51:32,0.0022287690347489904,1129136128.0,1.4561000000037287
forecaster-tenant-pool,2026-02-01 12:52:02,0.0016055477797001932,1129635840.0,0.10399999999420592
forecaster-tenant-pool,2026-02-01 12:52:32,0.001985324588596725,1128886272.0,1.2491000000027876
forecaster-tenant-pool,2026-02-01 12:53:02,0.00019162282100107018,1128886272.0,0.10959999999874222
forecaster-tenant-pool,2026-02-01 12:53:32,0.0019201078221853542,1122512896.0,1.273199999999997
forecaster-tenant-pool,2026-02-01 12:54:02,0.0004248653978324232,1122562048.0,0.15200000000004366
forecaster-tenant-pool,2026-02-01 12:54:32,0.0019691080831891463,1122611200.0,1.2371000000050119
forecaster-tenant-pool,2026-02-01 12:55:02,0.0014664762125523561,1122648064.0,0.10969999999991462
forecaster-tenant-pool,2026-02-01 12:55:32,0.0030451544444752964,1122693120.0,1.4874999999939367
forecaster-tenant-pool,2026-02-01 12:56:02,0.00025628611572756885,1122951168.0,0.10050000000167833
forecaster-tenant-pool,2026-02-01 12:56:32,0.001707268601052533,1122717696.0,1.27670000000453
forecaster-tenant-pool,2026-02-01 12:57:02,0.002167870790811829,1122942976.0,0.10819999999360637
forecaster-tenant-pool,2026-02-01 12:57:32,0.0024222795950234258,1122807808.0,1.5345000000032087
forecaster-tenant-pool,2026-02-01 12:58:02,0.0008008035202037451,1122897920.0,0.08199999999706052
forecaster-tenant-pool,2026-02-01 12:58:32,0.00219082529297235,1122897920.0,1.4108000000058383
forecaster-tenant-pool,2026-02-01 12:59:02,0.0016464045409325426,1122918400.0,0.12149999999558835
forecaster-tenant-pool,2026-02-01 12:59:32,0.002104928427635206,1122963456.0,1.1592000000003586
forecaster-tenant-pool,2026-02-01 13:00:02,0.0001287383471364113,1122967552.0,0.4257000000032955
forecaster-tenant-pool,2026-02-01 13:00:02,0.001114208944399438,1123233792.0,0.4257000000032955
forecaster-tenant-pool,2026-02-01 13:00:32,0.002307366198727411,1123057664.0,1.1468999999962155
forecaster-tenant-pool,2026-02-01 13:01:02,0.0018859481736035722,1123098624.0,0.5452999999980723
forecaster-tenant-pool,2026-02-01 13:01:32,0.0024863208282035337,1122893824.0,1.4731000000005225
forecaster-tenant-pool,2026-02-01 13:02:02,0.0009700252505180238,1122840576.0,0.11820000000467795
forecaster-tenant-pool,2026-02-01 13:02:32,0.0020980067570505077,1122881536.0,1.3267999999989115
forecaster-tenant-pool,2026-02-01 13:03:02,0.0016686040041407313,1122910208.0,0.07860000000164291
forecaster-tenant-pool,2026-02-01 13:03:32,0.002743811230388001,1122947072.0,1.1894999999941016
forecaster-tenant-pool,2026-02-01 13:04:02,0.00015494081606710485,1122947072.0,0.2985000000024835
forecaster-tenant-pool,2026-02-01 13:04:32,0.001737743512858558,1122189312.0,1.1972000000030067
forecaster-tenant-pool,2026-02-01 13:05:02,0.00016294851839194726,1122193408.0,0.0475000000015522
forecaster-tenant-pool,2026-02-01 13:05:32,0.0018577682280391038,1122258944.0,0.7531999999967715
forecaster-tenant-pool,2026-02-01 13:06:02,0.0012477938988316767,1122553856.0,0.611899999995876
forecaster-tenant-pool,2026-02-01 13:06:32,0.0019520506997503144,1122340864.0,1.2583000000041162
forecaster-tenant-pool,2026-02-01 13:07:02,0.00026903209946330526,1122017280.0,0.11020000000256308
forecaster-tenant-pool,2026-02-01 13:07:32,0.0025318208787699437,1122086912.0,1.5608999999945201
forecaster-tenant-pool,2026-02-01 13:08:02,0.0008943553858389446,1122689024.0,0.07900000000039047
forecaster-tenant-pool,2026-02-01 13:08:32,0.0019366641547966738,1122324480.0,1.3456000000054702
forecaster-tenant-pool,2026-02-01 13:09:02,0.0007821631796720184,1122336768.0,0.08669999999462259
forecaster-tenant-pool,2026-02-01 13:09:32,0.0022393154128696295,1122521088.0,1.4884999999999005
forecaster-tenant-pool,2026-02-01 13:10:02,0.00020013306289328736,1122541568.0,0.08380000000051951
forecaster-tenant-pool,2026-02-01 13:10:02,0.0015874466891074774,1122598912.0,0.08380000000051951
forecaster-tenant-pool,2026-02-01 13:10:32,0.0023037312419797356,1122746368.0,1.299600000004951
forecaster-tenant-pool,2026-02-01 13:11:02,0.0007902550652810414,1122848768.0,0.3025999999939207
forecaster-tenant-pool,2026-02-01 13:11:32,0.0024820956162511705,1122897920.0,1.148600000001655
forecaster-tenant-pool,2026-02-01 13:12:02,0.0002212132804166207,1122643968.0,0.3275000000020251
forecaster-tenant-pool,2026-02-01 13:12:32,0.001957826679487649,1122738176.0,1.3401000000002266
forecaster-tenant-pool,2026-02-01 13:13:02,0.00032133905755981056,1123266560.0,0.08749999999648328
forecaster-tenant-pool,2026-02-01 13:13:32,0.0027729468639546722,1122811904.0,1.4758000000018001
forecaster-tenant-pool,2026-02-01 13:14:02,0.0006155468777865653,1122992128.0,0.08129999999703917
forecaster-tenant-pool,2026-02-01 13:14:32,0.0018117911454271403,1122889728.0,1.281600000003406
forecaster-tenant-pool,2026-02-01 13:15:02,0.0005107306136467633,1122897920.0,0.10220000000287352
forecaster-tenant-pool,2026-02-01 13:15:32,0.002814072172570061,1117650944.0,0.65699999999797
forecaster-tenant-pool,2026-02-01 13:16:02,0.0005786856392366558,1117925376.0,0.7999999999982417
forecaster-tenant-pool,2026-02-01 13:16:32,0.0016884470923363283,1117724672.0,1.1865000000025854
forecaster-tenant-pool,2026-02-01 13:17:02,0.000987847446210323,1117437952.0,0.1326999999971425
forecaster-tenant-pool,2026-02-01 13:17:32,0.0023104396780170896,1117466624.0,1.2208000000007209
forecaster-tenant-pool,2026-02-01 13:18:02,0.0005600458261860204,1117491200.0,0.25850000000154977
forecaster-tenant-pool,2026-02-01 13:18:32,0.002448291997863621,1117552640.0,0.8578999999979108
forecaster-tenant-pool,2026-02-01 13:19:02,0.000256183640545256,1117552640.0,0.43540000000072415
forecaster-tenant-pool,2026-02-01 13:19:32,0.002016827163068973,1117630464.0,1.5802000000011807
forecaster-tenant-pool,2026-02-01 13:20:02,0.00029511042284744956,1117642752.0,0.08429999999534629
forecaster-tenant-pool,2026-02-01 13:20:03,0.0016458112090837712,1117757440.0,0.08429999999534629
forecaster-tenant-pool,2026-02-01 13:20:33,0.003006080389453914,1117732864.0,1.24700000000236
forecaster-tenant-pool,2026-02-01 13:21:03,0.0001569740883698672,1117728768.0,0.2820000000051247
forecaster-tenant-pool,2026-02-01 13:21:33,0.0024315994088550032,1117798400.0,1.5158999999985099
forecaster-tenant-pool,2026-02-01 13:22:03,0.0013615298474755275,1117519872.0,0.10489999999602635
forecaster-tenant-pool,2026-02-01 13:22:33,0.0018186948872374953,1117548544.0,1.2377000000017384
forecaster-tenant-pool,2026-02-01 13:23:03,0.00018388444123094093,1116643328.0,0.18409999999815532
forecaster-tenant-pool,2026-02-01 13:23:33,0.0024664018664684543,1116704768.0,1.4417000000054638
forecaster-tenant-pool,2026-02-01 13:24:03,0.0018067383779653055,1116774400.0,0.07779999999875145
forecaster-tenant-pool,2026-02-01 13:24:33,0.0019221902599000171,1116774400.0,1.3701999999953236
forecaster-tenant-pool,2026-02-01 13:25:03,0.0016725220170035597,1117122560.0,0.08240000000326593
forecaster-tenant-pool,2026-02-01 13:25:33,0.0021098249492529186,1116901376.0,1.434399999999126
forecaster-tenant-pool,2026-02-01 13:26:03,0.0006532339597067154,1117270016.0,0.09100000000192571
forecaster-tenant-pool,2026-02-01 13:26:33,0.0022879476464143737,1117253632.0,1.0332000000013066
forecaster-tenant-pool,2026-02-01 13:27:03,0.00042114902173405716,1117077504.0,0.3532000000002275
forecaster-tenant-pool,2026-02-01 13:27:33,0.002163228221785046,1117212672.0,1.5138999999948282
forecaster-tenant-pool,2026-02-01 13:28:03,0.000623114063550809,1117224960.0,0.08360000000060003
forecaster-tenant-pool,2026-02-01 13:28:33,0.001711654542189764,1117327360.0,1.2245000000009896
forecaster-tenant-pool,2026-02-01 13:29:03,0.00025566640221026714,1117425664.0,0.08530000000234092
forecaster-tenant-pool,2026-02-01 13:29:33,0.0022111646151950345,1117511680.0,1.382200000000436
forecaster-tenant-pool,2026-02-01 13:30:03,0.00027527863673128435,1117523968.0,0.09680000000031819
forecaster-tenant-pool,2026-02-01 13:30:04,0.00024062795574737324,1117523968.0,0.09680000000031819
forecaster-tenant-pool,2026-02-01 13:30:34,0.0025447884105013973,1117634560.0,0.9489999999999176
forecaster-tenant-pool,2026-02-01 13:31:04,0.0005209714671491944,1117687808.0,0.5861999999947025
forecaster-tenant-pool,2026-02-01 13:31:34,0.002070245602347188,1117777920.0,1.3564000000056695
forecaster-tenant-pool,2026-02-01 13:32:04,0.0006574546803878133,1117560832.0,0.1949999999961316
forecaster-tenant-pool,2026-02-01 13:32:34,0.002308449246371688,1117569024.0,1.0134000000026693
forecaster-tenant-pool,2026-02-01 13:33:04,0.0018141840486575358,1117888512.0,0.3608999999993102
forecaster-tenant-pool,2026-02-01 13:33:34,0.0026092074201216485,1117671424.0,1.5472999999987829
forecaster-tenant-pool,2026-02-01 13:34:04,0.0018275742700651118,1117966336.0,0.07850000000289582
forecaster-tenant-pool,2026-02-01 13:34:34,0.0019937656772762067,1117741056.0,1.366199999994266
forecaster-tenant-pool,2026-02-01 13:35:04,0.00026357512349180467,1117773824.0,0.09470000000389216
forecaster-tenant-pool,2026-02-01 13:35:34,0.001897944794782491,1117827072.0,1.3919999999960053
forecaster-tenant-pool,2026-02-01 13:36:04,0.00023271438408368475,1117827072.0,0.10340000000554331
forecaster-tenant-pool,2026-02-01 13:36:34,0.0017713999522658479,1117569024.0,0.9670000000004316
forecaster-tenant-pool,2026-02-01 13:37:04,0.0012940514180780041,1117949952.0,0.3766999999991943
forecaster-tenant-pool,2026-02-01 13:37:34,0.0030640861441298896,1117769728.0,1.6618999999973312
forecaster-tenant-pool,2026-02-01 13:38:04,0.00026423340164478086,1117794304.0,0.09020000000346044
forecaster-tenant-pool,2026-02-01 13:38:34,0.0021075891128274076,1117876224.0,1.3811999999988378
forecaster-tenant-pool,2026-02-01 13:39:04,0.0021569480310661762,1117929472.0,0.11530000000147994
forecaster-tenant-pool,2026-02-01 13:39:34,0.0024991111478710995,1117941760.0,1.5696999999984957
forecaster-tenant-pool,2026-02-01 13:40:02,0.0008472473783798437,1117966336.0,0.08019999999523861
forecaster-tenant-pool,2026-02-01 13:40:04,0.0008472473783798437,1117966336.0,0.08019999999523861
forecaster-tenant-pool,2026-02-01 13:40:32,0.0025002397793715803,1118040064.0,1.2744999999992919
forecaster-tenant-pool,2026-02-01 13:41:02,0.0005411664456381212,1118040064.0,0.2676000000037675
forecaster-tenant-pool,2026-02-01 13:41:32,0.0024237515129006053,1118109696.0,1.2295999999959046
forecaster-tenant-pool,2026-02-01 13:42:02,0.00025492116603069144,1117790208.0,0.33640000000523285
forecaster-tenant-pool,2026-02-01 13:42:32,0.0021018869632375235,1117859840.0,1.3446999999987383
forecaster-tenant-pool,2026-02-01 13:43:02,0.000736751476167337,1117962240.0,0.10099999999656574
forecaster-tenant-pool,2026-02-01 13:43:32,0.0024285809760388856,1117925376.0,1.3895000000037423
forecaster-tenant-pool,2026-02-01 13:44:02,0.00023259237701615262,1117925376.0,0.07900000000039047
forecaster-tenant-pool,2026-02-01 13:44:32,0.0018311306573588553,1117995008.0,1.35160000000263
forecaster-tenant-pool,2026-02-01 13:45:02,0.001598938119255679,1118806016.0,0.07619999999763725
forecaster-tenant-pool,2026-02-01 13:45:32,0.0019637137031068013,1118068736.0,1.4877999999983027
forecaster-tenant-pool,2026-02-01 13:46:02,0.0009592131170299302,1118326784.0,0.09220000000374663
forecaster-tenant-pool,2026-02-01 13:46:32,0.002415223100294432,1118134272.0,1.2850999999947816
forecaster-tenant-pool,2026-02-01 13:47:02,0.0016528545713645876,1117831168.0,0.09570000000227688
forecaster-tenant-pool,2026-02-01 13:47:32,0.0018154527193376551,1117917184.0,1.4083999999982553
forecaster-tenant-pool,2026-02-01 13:48:02,0.00013918801267861678,1117913088.0,0.06850000000013097
forecaster-tenant-pool,2026-02-01 13:48:32,0.0018116605719644952,1117978624.0,1.2906000000036633
forecaster-tenant-pool,2026-02-01 13:49:02,0.001232281770514064,1118007296.0,0.04740000000068297
forecaster-tenant-pool,2026-02-01 13:49:32,0.0020281908902199997,1117208576.0,1.245699999993667
forecaster-tenant-pool,2026-02-01 13:50:02,0.00016147365894516629,1117208576.0,0.13620000000258492
forecaster-tenant-pool,2026-02-01 13:50:02,0.00016147365894516629,1117208576.0,0.13620000000258492
forecaster-tenant-pool,2026-02-01 13:50:32,0.0027710388746244904,1117302784.0,1.1326000000039735
forecaster-tenant-pool,2026-02-01 13:51:02,0.00047141199366473955,1117302784.0,0.25759999999906236
forecaster-tenant-pool,2026-02-01 13:51:32,0.002060784173724116,1117372416.0,1.449499999994805
forecaster-tenant-pool,2026-02-01 13:52:02,0.0004157752663210336,1117319168.0,0.12790000000344054
forecaster-tenant-pool,2026-02-01 13:52:32,0.0020823998539877065,1117122560.0,0.9583999999983158
forecaster-tenant-pool,2026-02-01 13:53:02,0.0006204807040702413,1117212672.0,0.3376999999992525
forecaster-tenant-pool,2026-02-01 13:53:32,0.0022411103730501326,1117368320.0,1.4000999999991108
forecaster-tenant-pool,2026-02-01 13:54:02,0.0005957821433932977,1117659136.0,0.09930000000452613
forecaster-tenant-pool,2026-02-01 13:54:32,0.002022140018720672,1117528064.0,1.4063999999976657
forecaster-tenant-pool,2026-02-01 13:55:02,0.00024886855148592514,1117569024.0,0.10680000000126408
forecaster-tenant-pool,2026-02-01 13:55:32,0.00225917028846025,1108750336.0,0.9788999999994
forecaster-tenant-pool,2026-02-01 13:56:02,0.0008495539253326759,1108852736.0,0.5218999999973676
forecaster-tenant-pool,2026-02-01 13:56:32,0.0018658483662395405,1108500480.0,1.2970000000056945
forecaster-tenant-pool,2026-02-01 13:57:02,0.00027870838290792137,1108492288.0,0.12929999999663172
forecaster-tenant-pool,2026-02-01 13:57:32,0.0027172314131601724,1108611072.0,1.2265000000036403
forecaster-tenant-pool,2026-02-01 13:58:02,0.0002492498411878234,1108611072.0,0.2330999999980122
forecaster-tenant-pool,2026-02-01 13:58:32,0.0018715455620001993,1108795392.0,1.170699999997972
forecaster-tenant-pool,2026-02-01 13:59:02,0.00024167426482581174,1108840448.0,0.08300000000308501
forecaster-tenant-pool,2026-02-01 13:59:32,0.002769267261864306,1108975616.0,1.3734000000008866
forecaster-tenant-pool,2026-02-01 14:00:02,0.00023280907949278998,1109254144.0,0.11309999999387704
forecaster-tenant-pool,2026-02-01 14:00:03,0.0005340595436957614,1109516288.0,0.11309999999387704
forecaster-tenant-pool,2026-02-01 14:00:33,0.00221604370804922,1109086208.0,1.0782000000062908
forecaster-tenant-pool,2026-02-01 14:01:03,0.00024289330844558742,1109102592.0,0.3110999999964406
forecaster-tenant-pool,2026-02-01 14:01:33,0.0021649831947381927,1109159936.0,1.3381999999991117
forecaster-tenant-pool,2026-02-01 14:02:03,0.0002861093593334997,1108881408.0,0.10899999999813494
forecaster-tenant-pool,2026-02-01 14:02:33,0.002359675827174493,1108967424.0,1.3924000000029384
forecaster-tenant-pool,2026-02-01 14:03:03,0.00022047879190777785,1108983808.0,0.08140000000227397
forecaster-tenant-pool,2026-02-01 14:03:33,0.002330157577137765,1109069824.0,1.5321000000005975
forecaster-tenant-pool,2026-02-01 14:04:03,0.0012890117717857545,1109110784.0,0.09319999999691694
forecaster-tenant-pool,2026-02-01 14:04:33,0.0016228875212197437,1109151744.0,1.156500000001021
forecaster-tenant-pool,2026-02-01 14:05:03,0.0017831514204793265,1109716992.0,0.10489999999851231
forecaster-tenant-pool,2026-02-01 14:05:33,0.0029575658507190413,1109221376.0,1.327399999998488
forecaster-tenant-pool,2026-02-01 14:06:03,0.0016840253797528303,1109274624.0,0.20690000000128445
forecaster-tenant-pool,2026-02-01 14:06:33,0.001700528428642216,1108963328.0,1.1019999999978607
forecaster-tenant-pool,2026-02-01 14:07:03,0.0009475503379666009,1108983808.0,0.23120000000556803
forecaster-tenant-pool,2026-02-01 14:07:33,0.0024044818003663244,1109037056.0,1.409499999997206
forecaster-tenant-pool,2026-02-01 14:08:03,0.0011342520108888782,1110089728.0,0.1100000000008246
forecaster-tenant-pool,2026-02-01 14:08:33,0.0022779674516619844,1109102592.0,1.224599999997372
forecaster-tenant-pool,2026-02-01 14:09:03,0.00041968332965442535,1109114880.0,0.09019999999848854
forecaster-tenant-pool,2026-02-01 14:09:33,0.0024316758268540513,1109176320.0,1.3924000000029384
forecaster-tenant-pool,2026-02-01 14:10:03,0.0002254040822376927,1109176320.0,0.09469999999885961
forecaster-tenant-pool,2026-02-01 14:10:05,0.0007169618866824076,1109282816.0,0.09469999999885961
forecaster-tenant-pool,2026-02-01 14:10:35,0.0022649633896945575,1109270528.0,0.4448000000048826
forecaster-tenant-pool,2026-02-01 14:11:05,0.0002547356200909907,1109270528.0,1.1406999999976202
forecaster-tenant-pool,2026-02-01 14:11:35,0.0020801041482790385,1109336064.0,1.347199999998217
forecaster-tenant-pool,2026-02-01 14:12:05,0.001383395063782959,1109032960.0,0.12850000000113748
forecaster-tenant-pool,2026-02-01 14:12:35,0.002196039449635762,1109086208.0,1.2302000000009987
forecaster-tenant-pool,2026-02-01 14:13:05,0.0002442121365063657,1109086208.0,0.14429999999786863
forecaster-tenant-pool,2026-02-01 14:13:35,0.0025158504932748685,1109155840.0,1.5709000000045006
forecaster-tenant-pool,2026-02-01 14:14:05,0.0014232907060766603,1109794816.0,0.0792999999936607
forecaster-tenant-pool,2026-02-01 14:14:35,0.0021705979531673894,1109315584.0,1.2303000000064155
forecaster-tenant-pool,2026-02-01 14:15:05,0.0016431617012862892,1109344256.0,0.09079999999776191
forecaster-tenant-pool,2026-02-01 14:15:35,0.0021404208130508117,1109389312.0,1.406299999999707
forecaster-tenant-pool,2026-02-01 14:16:05,0.0019410424664267855,1109438464.0,0.10260000000095412
forecaster-tenant-pool,2026-02-01 14:16:35,0.002004462322508968,1109458944.0,1.4087999999970027
forecaster-tenant-pool,2026-02-01 14:17:05,0.0005520926269632648,1109139456.0,0.10339999999863114
forecaster-tenant-pool,2026-02-01 14:17:35,0.0020628327837437016,1109209088.0,1.448400000000705
forecaster-tenant-pool,2026-02-01 14:18:05,0.0007020384932554044,1109209088.0,0.08220000000152747
forecaster-tenant-pool,2026-02-01 14:18:35,0.002213972652434731,1109270528.0,1.13080000000391
forecaster-tenant-pool,2026-02-01 14:19:05,0.0011703551552967953,1109282816.0,0.20499999999295446
forecaster-tenant-pool,2026-02-01 14:19:35,0.0020798129671403464,1109344256.0,1.2895000000027115
forecaster-tenant-pool,2026-02-01 14:20:02,0.0002571890887940363,1109340160.0,0.14469999999782884
forecaster-tenant-pool,2026-02-01 14:20:05,0.00025108218227258924,1109340160.0,0.14469999999782884
forecaster-tenant-pool,2026-02-01 14:20:32,0.0029311803997268196,1109430272.0,1.2981000000024625
forecaster-tenant-pool,2026-02-01 14:21:02,0.00043135676036875026,1109430272.0,0.2799999999974413
forecaster-tenant-pool,2026-02-01 14:21:32,0.0018217398480633955,1109184512.0,1.3762000000026697
forecaster-tenant-pool,2026-02-01 14:22:02,0.0001673696663579238,1109180416.0,0.06879999999770613
forecaster-tenant-pool,2026-02-01 14:22:32,0.00243573339383871,1108471808.0,1.1306000000045364
forecaster-tenant-pool,2026-02-01 14:23:02,0.0002759442938103396,1108471808.0,0.1799999999968956
forecaster-tenant-pool,2026-02-01 14:23:32,0.002393530337489354,1108541440.0,1.110399999997268
forecaster-tenant-pool,2026-02-01 14:24:02,0.0009017182432788844,1108643840.0,0.30560000000332366
forecaster-tenant-pool,2026-02-01 14:24:32,0.0018427884683509773,1108611072.0,1.2390000000019428
forecaster-tenant-pool,2026-02-01 14:25:02,0.0001992335596588482,1108611072.0,0.07750000000032742
forecaster-tenant-pool,2026-02-01 14:25:32,0.002235189135551274,1108680704.0,1.4213999999978721
forecaster-tenant-pool,2026-02-01 14:26:02,0.00025216798867361967,1108705280.0,0.07479999999826153
forecaster-tenant-pool,2026-02-01 14:26:32,0.001948439613720794,1108766720.0,1.2590000000034707
forecaster-tenant-pool,2026-02-01 14:27:02,0.0005786150100622818,1108451328.0,0.10719999999534291
forecaster-tenant-pool,2026-02-01 14:27:32,0.001997367644690717,1108508672.0,1.5442000000048208
forecaster-tenant-pool,2026-02-01 14:28:02,0.0002663839154119776,1108512768.0,0.07529999999824213
forecaster-tenant-pool,2026-02-01 14:28:32,0.0023256087041024567,1108590592.0,1.2393000000002454
forecaster-tenant-pool,2026-02-01 14:29:02,0.0002617163859232334,1108611072.0,0.08390000000053988
forecaster-tenant-pool,2026-02-01 14:29:32,0.002218260417774804,1108680704.0,1.3876999999974335
forecaster-tenant-pool,2026-02-01 14:30:02,0.00012597250333469946,1108680704.0,0.06310000000145616
forecaster-tenant-pool,2026-02-01 14:30:03,0.001368944753768114,1108774912.0,0.06310000000145616
forecaster-tenant-pool,2026-02-01 14:30:33,0.002244943620682044,1108811776.0,1.2222999999975097
forecaster-tenant-pool,2026-02-01 14:31:03,0.0014523815108804347,1108852736.0,0.23560000000676762
forecaster-tenant-pool,2026-02-01 14:31:33,0.0022044488532356435,1108873216.0,1.4209999999962748
forecaster-tenant-pool,2026-02-01 14:32:03,0.0006470055111561023,1108836352.0,0.08009999999776482
forecaster-tenant-pool,2026-02-01 14:32:33,0.0021654653944458897,1108365312.0,1.0408999999985098
forecaster-tenant-pool,2026-02-01 14:33:03,0.0016992121108074022,1108426752.0,0.3293000000046959
forecaster-tenant-pool,2026-02-01 14:33:33,0.002441916859911567,1108455424.0,1.511799999999918
forecaster-tenant-pool,2026-02-01 14:34:03,0.0008855625868684762,1109028864.0,0.08919999999646583
forecaster-tenant-pool,2026-02-01 14:34:33,0.0018060732085594898,1108692992.0,1.2693000000056296
forecaster-tenant-pool,2026-02-01 14:35:03,0.0007694037109699746,1108758528.0,0.08329999999829549
forecaster-tenant-pool,2026-02-01 14:35:33,0.0025730706744875004,1108791296.0,1.3104999999989255
forecaster-tenant-pool,2026-02-01 14:36:03,0.00022171576693675433,1108865024.0,0.09989999999676608
forecaster-tenant-pool,2026-02-01 14:36:33,0.0027063719675090676,1109090304.0,1.2716999999997523
forecaster-tenant-pool,2026-02-01 14:37:03,0.0003008309538250753,1108848640.0,0.12430000000349536
forecaster-tenant-pool,2026-02-01 14:37:33,0.001979628630513079,1108955136.0,1.3658999999994799
forecaster-tenant-pool,2026-02-01 14:38:03,0.0005896870373385605,1109254144.0,0.14620000000140865
forecaster-tenant-pool,2026-02-01 14:38:33,0.0021705210073975517,1109098496.0,1.2209999999981545
forecaster-tenant-pool,2026-02-01 14:39:03,0.0002475381471002971,1109102592.0,0.11229999999759456
forecaster-tenant-pool,2026-02-01 14:39:33,0.0021435376172022924,1109164032.0,1.2775000000011763
forecaster-tenant-pool,2026-02-01 14:40:02,0.0010991117101845252,1109454848.0,0.0887000000010327
forecaster-tenant-pool,2026-02-01 14:40:03,0.00019679736171880413,1109172224.0,0.0887000000010327
forecaster-tenant-pool,2026-02-01 14:40:32,0.002612914584424991,1109274624.0,1.2707000000005793
forecaster-tenant-pool,2026-02-01 14:41:02,0.0009204655327538595,1109311488.0,0.278299999999399
forecaster-tenant-pool,2026-02-01 14:41:32,0.002555281872697511,1109344256.0,1.4650000000025707
forecaster-tenant-pool,2026-02-01 14:42:02,0.0006009663673545165,1109213184.0,0.1376999999982824
forecaster-tenant-pool,2026-02-01 14:42:32,0.0020489231914630045,1109106688.0,1.3095999999990453
forecaster-tenant-pool,2026-02-01 14:43:02,0.00022851767295100657,1109106688.0,0.11069999999902695
forecaster-tenant-pool,2026-02-01 14:43:32,0.003035970144365957,1109172224.0,1.4482000000023012
forecaster-tenant-pool,2026-02-01 14:44:02,0.0002700495089785156,1109188608.0,0.09359999999772602
forecaster-tenant-pool,2026-02-01 14:44:32,0.002180322030402145,1109241856.0,1.3165000000003904
forecaster-tenant-pool,2026-02-01 14:45:02,0.00025057051184346863,1109241856.0,0.13260000000451935
forecaster-tenant-pool,2026-02-01 14:45:32,0.001704624365068729,1109311488.0,1.334999999998096
forecaster-tenant-pool,2026-02-01 14:46:02,0.0008840663268329953,1109606400.0,0.106499999998717
forecaster-tenant-pool,2026-02-01 14:46:32,0.0028657546077476928,1109385216.0,1.0350999999989046
forecaster-tenant-pool,2026-02-01 14:47:02,0.0002444901482918208,1109082112.0,0.34839999999912835
forecaster-tenant-pool,2026-02-01 14:47:32,0.0021784665076871037,1109159936.0,1.2210000000000338
forecaster-tenant-pool,2026-02-01 14:48:02,0.001305008715551836,1109368832.0,0.3452000000023569
forecaster-tenant-pool,2026-02-01 14:48:32,0.001866552835402847,1109241856.0,1.2343999999997322
forecaster-tenant-pool,2026-02-01 14:49:02,0.0002235512590984164,1109237760.0,0.11139999999807818
forecaster-tenant-pool,2026-02-01 14:49:32,0.002473968359723674,1109307392.0,1.0292999999997239
forecaster-tenant-pool,2026-02-01 14:50:02,0.0005563790702558542,1109307392.0,0.3182000000020101
forecaster-tenant-pool,2026-02-01 14:50:09,0.002058804657915614,1109372928.0,1.2706999999971234
forecaster-tenant-pool,2026-02-01 14:50:39,0.0018483942689727386,1109405696.0,0.2431000000001708
forecaster-tenant-pool,2026-02-01 14:51:09,0.0023985300659754762,1109774336.0,1.4234000000016145
forecaster-tenant-pool,2026-02-01 14:51:39,0.0019356472761187756,1109151744.0,0.09300000000124178
forecaster-tenant-pool,2026-02-01 14:52:09,0.001577217952617499,1109491712.0,1.3049000000037876
forecaster-tenant-pool,2026-02-01 14:52:39,0.0007521131012493849,1109225472.0,0.06989999999871847
forecaster-tenant-pool,2026-02-01 14:53:09,0.0019439148145486262,1108340736.0,1.3319999999987584
forecaster-tenant-pool,2026-02-01 14:53:39,0.002671849844628424,1108377600.0,0.11589999999687282
forecaster-tenant-pool,2026-02-01 14:54:09,0.00219321190726854,1108426752.0,1.2702000000013263
forecaster-tenant-pool,2026-02-01 14:54:39,0.0016197581766171768,1108463616.0,0.07680000000230698
forecaster-tenant-pool,2026-02-01 14:55:09,0.0019176800287758688,1108533248.0,1.2664999999978441
forecaster-tenant-pool,2026-02-01 14:55:39,0.0017202596277555557,1108533248.0,0.21940000000043564
forecaster-tenant-pool,2026-02-01 14:56:09,0.0021363635649687793,1108688896.0,1.3261999999984257
forecaster-tenant-pool,2026-02-01 14:56:39,0.0025534636631476797,1108869120.0,0.10880000000058015
forecaster-tenant-pool,2026-02-01 14:57:09,0.0012935572881565983,1109000192.0,1.4385000000042056
forecaster-tenant-pool,2026-02-01 14:57:39,0.0018959609766023016,1108754432.0,0.09959999999737194
forecaster-tenant-pool,2026-02-01 14:58:09,0.0017243972520225835,1108852736.0,1.278100000002754
forecaster-tenant-pool,2026-02-01 14:58:39,0.0020971602888484515,1108951040.0,0.08119999999968666
forecaster-tenant-pool,2026-02-01 14:59:09,0.002152559812078807,1109078016.0,1.372299999998844
forecaster-tenant-pool,2026-02-01 14:59:39,0.0023273165601578587,1109090304.0,0.10110000000161867
forecaster-tenant-pool,2026-02-01 15:00:02,0.0013323572272865435,1109467136.0,0.10110000000161866
forecaster-tenant-pool,2026-02-01 15:00:09,0.0016144673011480497,1109467136.0,0.9618999999983014
forecaster-tenant-pool,2026-02-01 15:00:32,0.0034956790890257996,1109245952.0,0.9618999999983012
forecaster-tenant-pool,2026-02-01 15:01:02,0.0007228776094369818,1109368832.0,0.6454999999988407
forecaster-tenant-pool,2026-02-01 15:01:32,0.0017532917629972922,1109143552.0,1.3190000000002935
forecaster-tenant-pool,2026-02-01 15:02:02,0.0002688267141525621,1109155840.0,0.10110000000010283
forecaster-tenant-pool,2026-02-01 15:02:32,0.0027085690415359675,1109233664.0,1.2554000000013426
forecaster-tenant-pool,2026-02-01 15:03:02,0.0006642429642768051,1109495808.0,0.10410000000022895
forecaster-tenant-pool,2026-02-01 15:03:32,0.0026842813766605645,1109311488.0,1.4286000000004908
forecaster-tenant-pool,2026-02-01 15:04:02,0.0010321351800007543,1109319680.0,0.08419999999629606
forecaster-tenant-pool,2026-02-01 15:04:32,0.0017847078699221356,1109393408.0,1.3395000000000437
forecaster-tenant-pool,2026-02-01 15:05:02,0.00043722359087370965,1109532672.0,0.07980000000025028
forecaster-tenant-pool,2026-02-01 15:05:32,0.0021885361834110286,1109626880.0,1.4401000000037434
forecaster-tenant-pool,2026-02-01 15:06:02,0.00015891098747552055,1109622784.0,0.06629999999543845
forecaster-tenant-pool,2026-02-01 15:06:32,0.002462718431250175,1109692416.0,1.1748999999991308
forecaster-tenant-pool,2026-02-01 15:07:02,0.00020599558672372952,1109364736.0,0.06850000000558794
forecaster-tenant-pool,2026-02-01 15:07:32,0.0022489671058407417,1108832256.0,1.3413999999927304
forecaster-tenant-pool,2026-02-01 15:08:02,0.00017984351218195695,1108828160.0,0.07150000000062089
forecaster-tenant-pool,2026-02-01 15:08:32,0.0018678551472323646,1108897792.0,1.3923000000029182
forecaster-tenant-pool,2026-02-01 15:09:02,0.0003064698973929812,1108905984.0,0.08360000000169142
forecaster-tenant-pool,2026-02-01 15:09:32,0.00304714283303817,1108975616.0,1.4981999999962985
forecaster-tenant-pool,2026-02-01 15:10:02,0.00024280619710105773,1108979712.0,0.08180000000405319
forecaster-tenant-pool,2026-02-01 15:10:06,0.00020609046828443345,1108979712.0,0.08180000000405319
forecaster-tenant-pool,2026-02-01 15:10:36,0.001916724760854219,1109082112.0,1.1865999999947234
forecaster-tenant-pool,2026-02-01 15:11:06,0.0009249987124209664,1109336064.0,0.2926000000003114
forecaster-tenant-pool,2026-02-01 15:11:36,0.0025112399092942577,1109209088.0,1.4371000000043446
forecaster-tenant-pool,2026-02-01 15:12:06,0.001693304445754641,1108930560.0,0.089399999996931
forecaster-tenant-pool,2026-02-01 15:12:36,0.0018570316449660212,1108967424.0,1.2913000000010773
forecaster-tenant-pool,2026-02-01 15:13:06,0.001570487633540724,1109102592.0,0.0954000000013669
forecaster-tenant-pool,2026-02-01 15:13:36,0.0027694728535505686,1109209088.0,1.0761999999986074
forecaster-tenant-pool,2026-02-01 15:14:06,0.002137710869072579,1109577728.0,0.40910000000064123
forecaster-tenant-pool,2026-02-01 15:14:36,0.0019623363112273163,1109356544.0,1.3596999999963373
forecaster-tenant-pool,2026-02-01 15:15:06,0.00041903025337654493,1109905408.0,0.07940000000041132
forecaster-tenant-pool,2026-02-01 15:15:36,0.0022440665344139856,1109532672.0,1.4774000000060672
forecaster-tenant-pool,2026-02-01 15:16:06,0.0019878154908245993,1109901312.0,0.07750000000032742
forecaster-tenant-pool,2026-02-01 15:16:36,0.0020503396404066027,1109700608.0,1.4666000000002894
forecaster-tenant-pool,2026-02-01 15:17:06,0.0016585690479193956,1109741568.0,0.10909999999700327
forecaster-tenant-pool,2026-02-01 15:17:36,0.0021704330838313887,1109487616.0,1.3436000000029404
forecaster-tenant-pool,2026-02-01 15:18:06,0.000779870005259525,1109524480.0,0.07930000000039096
forecaster-tenant-pool,2026-02-01 15:18:36,0.002250257932394222,1109573632.0,1.3742999999956131
forecaster-tenant-pool,2026-02-01 15:19:06,0.0002513327725368938,1109577728.0,0.07709999999921516
forecaster-tenant-pool,2026-02-01 15:19:36,0.0021239748146760166,1109647360.0,1.3419000000004113
forecaster-tenant-pool,2026-02-01 15:20:03,0.0015381548145867948,1109934080.0,0.08100000000467844
forecaster-tenant-pool,2026-02-01 15:20:06,0.0015440261614989657,1109934080.0,0.08100000000467844
forecaster-tenant-pool,2026-02-01 15:20:33,0.002282177566175248,1109741568.0,1.3350999999938116
forecaster-tenant-pool,2026-02-01 15:21:03,0.0007550042006441317,1109843968.0,0.27860000000224927
forecaster-tenant-pool,2026-02-01 15:21:33,0.002194824963189011,1109848064.0,1.3414999999984503
forecaster-tenant-pool,2026-02-01 15:22:03,0.0011556759498811396,1109868544.0,0.13470000000403767
forecaster-tenant-pool,2026-02-01 15:22:33,0.0017761459903990085,1109721088.0,1.2362999999989674
forecaster-tenant-pool,2026-02-01 15:23:03,0.0002424284852373498,1109827584.0,0.07589999999745486
forecaster-tenant-pool,2026-02-01 15:23:33,0.0018924509314235194,1109749760.0,1.3880000000042854
forecaster-tenant-pool,2026-02-01 15:24:03,0.00022888140882063306,1109757952.0,0.09450000000075913
forecaster-tenant-pool,2026-02-01 15:24:33,0.0023133282930692667,1109827584.0,1.2597999999929015
forecaster-tenant-pool,2026-02-01 15:25:03,0.0008905487163602424,1110089728.0,0.08130000000722551
forecaster-tenant-pool,2026-02-01 15:25:33,0.0022263101530462987,1109782528.0,1.3838999999988422
forecaster-tenant-pool,2026-02-01 15:26:03,0.002032282863289502,1109831680.0,0.09830000000025998
forecaster-tenant-pool,2026-02-01 15:26:33,0.002293350829030524,1109856256.0,1.3609999999946618
forecaster-tenant-pool,2026-02-01 15:27:03,0.00026328451305972634,1109553152.0,0.11269999999967695
forecaster-tenant-pool,2026-02-01 15:27:33,0.0021074963891327654,1109680128.0,1.3160000000053818
forecaster-tenant-pool,2026-02-01 15:28:03,0.0014737502547590778,1109970944.0,0.17820000000107636
forecaster-tenant-pool,2026-02-01 15:28:33,0.0021162424473178706,1109811200.0,1.210899999995551
forecaster-tenant-pool,2026-02-01 15:29:03,0.0007999091410014499,1110360064.0,0.09380000000389069
forecaster-tenant-pool,2026-02-01 15:29:33,0.0019671636084478412,1109921792.0,1.3192999999952009
forecaster-tenant-pool,2026-02-01 15:30:03,0.00019044701227127409,1109921792.0,0.11669999999849096
forecaster-tenant-pool,2026-02-01 15:30:05,0.0012105140555229558,1109958656.0,0.11669999999849096
forecaster-tenant-pool,2026-02-01 15:30:35,0.0023193334350372287,1110016000.0,1.3614000000051116
forecaster-tenant-pool,2026-02-01 15:31:05,0.00024459894054476783,1110020096.0,0.3053999999969164
forecaster-tenant-pool,2026-02-01 15:31:35,0.0022541823218815635,1109536768.0,1.3402999999992973
forecaster-tenant-pool,2026-02-01 15:32:05,0.00026066064196541953,1109549056.0,0.11880000000558842
forecaster-tenant-pool,2026-02-01 15:32:35,0.0029404138274924194,1109643264.0,0.5931999999944916
forecaster-tenant-pool,2026-02-01 15:33:05,0.000941428929175335,1109921792.0,0.6796999999999873
forecaster-tenant-pool,2026-02-01 15:33:35,0.0022198560947499684,1109786624.0,1.3247000000025462
forecaster-tenant-pool,2026-02-01 15:34:05,0.001024599970855036,1110065152.0,0.08369999999649735
forecaster-tenant-pool,2026-02-01 15:34:35,0.002060947982214269,1109860352.0,1.2671000000013009
forecaster-tenant-pool,2026-02-01 15:35:05,0.0009347931879707188,1110126592.0,0.08719999999993888
forecaster-tenant-pool,2026-02-01 15:35:35,0.002845205169060277,1110200320.0,1.5584999999996094
forecaster-tenant-pool,2026-02-01 15:36:05,0.0002851177377101915,1109938176.0,0.14820000000387762
forecaster-tenant-pool,2026-02-01 15:36:35,0.002053344792819323,1110007808.0,1.3296999999942878
forecaster-tenant-pool,2026-02-01 15:37:05,0.001105880919496257,1109688320.0,0.10420000000030996
forecaster-tenant-pool,2026-02-01 15:37:35,0.002088562881385513,1109749760.0,1.4111000000060812
forecaster-tenant-pool,2026-02-01 15:38:05,0.0017000612431176424,1109839872.0,0.10729999999463569
forecaster-tenant-pool,2026-02-01 15:38:35,0.0019669082979155,1109819392.0,1.2157000000053813
forecaster-tenant-pool,2026-02-01 15:39:05,0.00023457051910706785,1109819392.0,0.2224999999947613
forecaster-tenant-pool,2026-02-01 15:39:35,0.0019400362640897401,1109889024.0,1.2374000000001615
forecaster-tenant-pool,2026-02-01 15:40:04,0.00024537240881001036,1109893120.0,0.23950000000034682
forecaster-tenant-pool,2026-02-01 15:40:05,0.00021842757357540705,1109893120.0,0.23950000000034682
forecaster-tenant-pool,2026-02-01 15:40:34,0.0020601766447959965,1109983232.0,0.9983000000008663
forecaster-tenant-pool,2026-02-01 15:41:04,0.0005922295561832325,1109983232.0,0.5944999999979094
forecaster-tenant-pool,2026-02-01 15:41:34,0.002452017002219182,1110052864.0,1.4554000000063751
forecaster-tenant-pool,2026-02-01 15:42:04,0.0002781504142443723,1109733376.0,0.12309999999858215
forecaster-tenant-pool,2026-02-01 15:42:34,0.0020041260287113095,1109803008.0,1.2072999999996077
forecaster-tenant-pool,2026-02-01 15:43:04,0.0007202802069946482,1110323200.0,0.08060000000126213
forecaster-tenant-pool,2026-02-01 15:43:34,0.0025178276993782357,1109876736.0,1.3571000000005975
forecaster-tenant-pool,2026-02-01 15:44:04,0.001812741475809598,1110179840.0,0.08859999999773814
forecaster-tenant-pool,2026-02-01 15:44:34,0.002039779871951867,1109942272.0,1.2638000000028113
forecaster-tenant-pool,2026-02-01 15:45:04,0.0002299283740528214,1109942272.0,0.08459999999886349
forecaster-tenant-pool,2026-02-01 15:45:34,0.002026920858976358,1110011904.0,1.3123999999991307
forecaster-tenant-pool,2026-02-01 15:46:04,0.001393028527271169,1110343680.0,0.22890000000134025
forecaster-tenant-pool,2026-02-01 15:46:34,0.0024200103086019185,1110081536.0,0.9615999999947235
forecaster-tenant-pool,2026-02-01 15:47:04,0.0014625342053016114,1110085632.0,0.5027999999984483
forecaster-tenant-pool,2026-02-01 15:47:34,0.0019777120562717576,1109823488.0,0.9589000000075126
forecaster-tenant-pool,2026-02-01 15:48:04,0.00022101176715840417,1109823488.0,0.5583999999994073
forecaster-tenant-pool,2026-02-01 15:48:34,0.0027287790924659036,1109893120.0,1.41809999999435
forecaster-tenant-pool,2026-02-01 15:49:04,0.0009448552785842363,1110155264.0,0.07700000000198391
forecaster-tenant-pool,2026-02-01 15:49:34,0.0021250062064142486,1109962752.0,1.0590999999970032
forecaster-tenant-pool,2026-02-01 15:50:04,0.0007480593683401402,1110003712.0,0.5875000000046081
forecaster-tenant-pool,2026-02-01 15:50:05,0.0007472225411411699,1110003712.0,0.5875000000046081
forecaster-tenant-pool,2026-02-01 15:50:35,0.0022065981574121625,1110052864.0,0.7327000000014474
forecaster-tenant-pool,2026-02-01 15:51:05,0.0011979835262129744,1110085632.0,0.6902999999969931
forecaster-tenant-pool,2026-02-01 15:51:35,0.0021902229983057934,1110122496.0,1.3611999999998563
forecaster-tenant-pool,2026-02-01 15:52:05,0.0015949987973281471,1110151168.0,0.23729999999753396
forecaster-tenant-pool,2026-02-01 15:52:35,0.0018969799387331845,1109876736.0,1.2500000000001212
forecaster-tenant-pool,2026-02-01 15:53:05,0.000235684870001597,1109872640.0,0.10820000000221625
forecaster-tenant-pool,2026-02-01 15:53:35,0.002596846178669132,1109938176.0,1.2096000000032292
forecaster-tenant-pool,2026-02-01 15:54:05,0.0005852689016232866,1110274048.0,0.16419999999743595
forecaster-tenant-pool,2026-02-01 15:54:35,0.001728112756199145,1109757952.0,1.2824000000032052
forecaster-tenant-pool,2026-02-01 15:55:05,0.0016713721317355898,1110114304.0,0.08040000000037253
forecaster-tenant-pool,2026-02-01 15:55:35,0.0025111909395165275,1109831680.0,1.3269999999941016
forecaster-tenant-pool,2026-02-01 15:56:05,0.00017547714082254533,1109827584.0,0.3075000000031044
forecaster-tenant-pool,2026-02-01 15:56:35,0.0022194206482299404,1108721664.0,1.1993999999980587
forecaster-tenant-pool,2026-02-01 15:57:05,0.0002588748097507236,1108713472.0,0.11190000000109042
forecaster-tenant-pool,2026-02-01 15:57:35,0.002111446217115695,1108852736.0,1.1003000000016983
forecaster-tenant-pool,2026-02-01 15:58:05,0.0003020431210215743,1108979712.0,0.4141999999975572
forecaster-tenant-pool,2026-02-01 15:58:35,0.0028281542331623603,1109065728.0,1.379100000002715
forecaster-tenant-pool,2026-02-01 15:59:05,0.001687489922246432,1109159936.0,0.12030000000122527
forecaster-tenant-pool,2026-02-01 15:59:35,0.0021094027161275342,1109192704.0,1.28969999999584
forecaster-tenant-pool,2026-02-01 16:00:02,0.0004437396350052207,1109344256.0,0.22670000000186216
forecaster-tenant-pool,2026-02-01 16:00:05,0.00026021464154401234,1109344256.0,0.22670000000186216
forecaster-tenant-pool,2026-02-01 16:00:32,0.002326962728892666,1109549056.0,1.4481999999998152
forecaster-tenant-pool,2026-02-01 16:01:02,0.0005212461516322302,1109651456.0,0.286699999997351
forecaster-tenant-pool,2026-02-01 16:01:32,0.002261640333123452,1109782528.0,1.2501999999999802
forecaster-tenant-pool,2026-02-01 16:02:02,0.00029771643203338054,1109532672.0,0.23890000000452954
forecaster-tenant-pool,2026-02-01 16:02:32,0.00223381474912333,1109635072.0,1.4169999999961267
forecaster-tenant-pool,2026-02-01 16:03:02,0.00034947648640659354,1109667840.0,0.07789999999852928
forecaster-tenant-pool,2026-02-01 16:03:32,0.0020773480695572264,1109708800.0,1.059400000001612
forecaster-tenant-pool,2026-02-01 16:04:02,0.0011887876969748842,1109774336.0,0.43820000000262854
forecaster-tenant-pool,2026-02-01 16:04:32,0.0022103342065844375,1109794816.0,1.2992000000010495
forecaster-tenant-pool,2026-02-01 16:05:02,0.0009572381665285724,1110102016.0,0.0891999999940405
forecaster-tenant-pool,2026-02-01 16:05:32,0.0021224112490360364,1109897216.0,1.0571000000013253
forecaster-tenant-pool,2026-02-01 16:06:02,0.001028391803789591,1109954560.0,0.36650000000536237
forecaster-tenant-pool,2026-02-01 16:06:32,0.002151002634116955,1110085632.0,1.3141999999991336
forecaster-tenant-pool,2026-02-01 16:07:02,0.00026510508228435735,1109848064.0,0.09389999999615005
forecaster-tenant-pool,2026-02-01 16:07:32,0.0025273342468047156,1109913600.0,1.4079999999989619
forecaster-tenant-pool,2026-02-01 16:08:02,0.0008090209601830106,1110220800.0,0.2253000000007887
forecaster-tenant-pool,2026-02-01 16:08:32,0.002347402411032083,1110110208.0,1.2691000000048007
forecaster-tenant-pool,2026-02-01 16:09:02,0.00020080350601124717,1110110208.0,0.12979999999746117
forecaster-tenant-pool,2026-02-01 16:09:32,0.0019422974613833087,1110179840.0,1.2966000000014901
forecaster-tenant-pool,2026-02-01 16:10:02,0.0002824979744455586,1110179840.0,0.1677999999995033
forecaster-tenant-pool,2026-02-01 16:10:02,0.0004439964968270876,1110192128.0,0.1677999999995033
forecaster-tenant-pool,2026-02-01 16:10:32,0.002103702456113377,1109274624.0,1.2208999999980734
forecaster-tenant-pool,2026-02-01 16:11:02,0.000869988336670311,1109278720.0,0.206899999997889
forecaster-tenant-pool,2026-02-01 16:11:32,0.0024963038161652682,1109344256.0,1.255600000002111
forecaster-tenant-pool,2026-02-01 16:12:02,0.00028400088142827647,1109024768.0,0.24150000000123933
forecaster-tenant-pool,2026-02-01 16:12:32,0.0020562701635742724,1109090304.0,1.3444999999993645
forecaster-tenant-pool,2026-02-01 16:13:02,0.0002405918130430148,1109090304.0,0.08810000000248691
forecaster-tenant-pool,2026-02-01 16:13:32,0.0032132183061031622,1109237760.0,1.258499999995547
forecaster-tenant-pool,2026-02-01 16:14:02,0.0005257720242185322,1109536768.0,0.28430000000492633
forecaster-tenant-pool,2026-02-01 16:14:32,0.001996201000541555,1109663744.0,1.3318999999978889
forecaster-tenant-pool,2026-02-01 16:15:02,0.001252488788786993,1109696512.0,0.07999999999962408
forecaster-tenant-pool,2026-02-01 16:15:32,0.002071270296664915,1109803008.0,1.3530000000018845
forecaster-tenant-pool,2026-02-01 16:16:02,0.0002258897176504438,1109831680.0,0.1946000000015071
forecaster-tenant-pool,2026-02-01 16:16:32,0.0024602303940896484,1109913600.0,0.9659999999925275
forecaster-tenant-pool,2026-02-01 16:17:02,0.0011040273878217385,1109618688.0,0.3515000000052775
forecaster-tenant-pool,2026-02-01 16:17:32,0.0026290817312719927,1109655552.0,1.1554999999969369
forecaster-tenant-pool,2026-02-01 16:18:02,0.00023620865559528136,1109733376.0,0.2097000000024612
forecaster-tenant-pool,2026-02-01 16:18:32,0.0016906323760833774,1109823488.0,1.2483000000018971
forecaster-tenant-pool,2026-02-01 16:19:02,0.00022437419645651295,1109835776.0,0.08349999999536521
forecaster-tenant-pool,2026-02-01 16:19:32,0.0021212671413679152,1109921792.0,1.306600000004073
forecaster-tenant-pool,2026-02-01 16:20:01,0.0014765146459640927,1110581248.0,0.256699999995241
forecaster-tenant-pool,2026-02-01 16:20:02,0.00026269350955197927,1110016000.0,0.256699999995241
forecaster-tenant-pool,2026-02-01 16:20:31,0.002049196666506848,1110114304.0,1.2805000000040916
forecaster-tenant-pool,2026-02-01 16:21:01,0.00020349742909514206,1110114304.0,0.27430000000064564
forecaster-tenant-pool,2026-02-01 16:21:31,0.0022354284949568422,1110183936.0,1.3405999999974787
forecaster-tenant-pool,2026-02-01 16:22:01,0.0005424417042841083,1109950464.0,0.2518999999985075
forecaster-tenant-pool,2026-02-01 16:22:31,0.0021885689489920582,1109950464.0,1.2598000000009053
forecaster-tenant-pool,2026-02-01 16:23:01,0.00024947216370087944,1109954560.0,0.08999999999856906
forecaster-tenant-pool,2026-02-01 16:23:31,0.002047948207156248,1110024192.0,1.265600000000207
forecaster-tenant-pool,2026-02-01 16:24:01,0.0004775152579521157,1110024192.0,0.23829999999931412
forecaster-tenant-pool,2026-02-01 16:24:31,0.002564611235501601,1110126592.0,1.2444000000017694
forecaster-tenant-pool,2026-02-01 16:25:01,0.0007018210996361776,1110405120.0,0.14569999999966965
forecaster-tenant-pool,2026-02-01 16:25:31,0.0019366097020127732,1110208512.0,1.3003999999989901
forecaster-tenant-pool,2026-02-01 16:26:01,0.0018569612980589454,1110241280.0,0.21960000000478128
forecaster-tenant-pool,2026-02-01 16:26:31,0.0021918198978900954,1110306816.0,1.4720999999947406
forecaster-tenant-pool,2026-02-01 16:27:01,0.0002512278806806721,1110011904.0,0.09330000000397073
forecaster-tenant-pool,2026-02-01 16:27:31,0.0021149252882706844,1110102016.0,1.175300000000122
forecaster-tenant-pool,2026-02-01 16:28:01,0.0008757473770830653,1110384640.0,0.22329999999553063
forecaster-tenant-pool,2026-02-01 16:28:31,0.0021898987080969995,1110188032.0,1.3356000000032509
forecaster-tenant-pool,2026-02-01 16:29:01,0.0009593365255090446,1110728704.0,0.08959999999939705
forecaster-tenant-pool,2026-02-01 16:29:31,0.002060937522226098,1110261760.0,1.3434000000012625
forecaster-tenant-pool,2026-02-01 16:30:01,0.000216177970720648,1110269952.0,0.2174999999978657
forecaster-tenant-pool,2026-02-01 16:30:02,0.00021834455461761218,1110269952.0,0.2174999999978657
forecaster-tenant-pool,2026-02-01 16:30:32,0.0030580271626834766,1110368256.0,1.2419999999977034
forecaster-tenant-pool,2026-02-01 16:31:02,0.0004911638637645411,1110368256.0,0.2693999999999505
forecaster-tenant-pool,2026-02-01 16:31:32,0.0022049222981435405,1110446080.0,0.6909000000045125
forecaster-tenant-pool,2026-02-01 16:32:02,0.0002945355081636335,1110163456.0,0.7636999999983042
forecaster-tenant-pool,2026-02-01 16:32:32,0.0019201708225796779,1110335488.0,1.2794999999994616
forecaster-tenant-pool,2026-02-01 16:33:02,0.0002615597245207464,1110343680.0,0.12500000000272848
forecaster-tenant-pool,2026-02-01 16:33:32,0.0019426406747187059,1110413312.0,1.2035999999977625
forecaster-tenant-pool,2026-02-01 16:34:02,0.0004290095790782965,1110482944.0,0.3747999999991104
forecaster-tenant-pool,2026-02-01 16:34:32,0.002469620503792592,1110274048.0,1.4187999999979488
forecaster-tenant-pool,2026-02-01 16:35:02,0.0003395053553462763,1110798336.0,0.0921000000012403
forecaster-tenant-pool,2026-02-01 16:35:32,0.002164511497067578,1110351872.0,1.2431000000046577
forecaster-tenant-pool,2026-02-01 16:36:02,0.0013136848356115438,1110638592.0,0.20299999999927726
forecaster-tenant-pool,2026-02-01 16:36:32,0.0024544637452935452,1110417408.0,1.2549000000011803
forecaster-tenant-pool,2026-02-01 16:37:02,0.0005062066992968142,1110368256.0,0.13400000000001455
forecaster-tenant-pool,2026-02-01 16:37:32,0.002057738535626497,1110159360.0,1.2039999999952367
forecaster-tenant-pool,2026-02-01 16:38:02,0.0002305532817683052,1110159360.0,0.22510000000183936
forecaster-tenant-pool,2026-02-01 16:38:32,0.001924507800404145,1110228992.0,1.179299999996935
forecaster-tenant-pool,2026-02-01 16:39:02,0.00024289540666809392,1110228992.0,0.09140000000558454
forecaster-tenant-pool,2026-02-01 16:39:32,0.0016864566706384933,1110298624.0,1.115599999998388
forecaster-tenant-pool,2026-02-01 16:40:02,0.0002439271064340634,1110294528.0,0.3161000000027949
forecaster-tenant-pool,2026-02-01 16:40:02,0.0002439271064340634,1110294528.0,0.3161000000027949
forecaster-tenant-pool,2026-02-01 16:40:32,0.003515822921628122,1110388736.0,1.3694999999997888
forecaster-tenant-pool,2026-02-01 16:41:02,0.0018770405733009308,1110433792.0,0.27389999999310627
forecaster-tenant-pool,2026-02-01 16:41:32,0.00219555348062553,1110458368.0,1.3412000000036641
forecaster-tenant-pool,2026-02-01 16:42:02,0.00026094905165474733,1110138880.0,0.22219999999906578
forecaster-tenant-pool,2026-02-01 16:42:32,0.0017307052319533345,1110212608.0,1.1288000000012592
forecaster-tenant-pool,2026-02-01 16:43:02,0.0004190459758562258,1110286336.0,0.15649999999968714
forecaster-tenant-pool,2026-02-01 16:43:32,0.0025363246131525114,1110278144.0,1.3528000000009341
forecaster-tenant-pool,2026-02-01 16:44:02,0.001674335265971614,1110597632.0,0.24079999999945964
forecaster-tenant-pool,2026-02-01 16:44:32,0.0019107127038304284,1110351872.0,1.2798000000018874
forecaster-tenant-pool,2026-02-01 16:45:02,0.0007145107034570306,1110814720.0,0.0931000000004739
forecaster-tenant-pool,2026-02-01 16:45:32,0.0031622998705068276,1110679552.0,1.3123999999965237
forecaster-tenant-pool,2026-02-01 16:46:02,0.00022319513500644638,1110421504.0,0.18409999999888288
forecaster-tenant-pool,2026-02-01 16:46:32,0.0018009595818234837,1110503424.0,1.232500000001528
forecaster-tenant-pool,2026-02-01 16:47:02,0.0002906420400283036,1109966848.0,0.11210000000373839
forecaster-tenant-pool,2026-02-01 16:47:32,0.0020234617266711155,1110036480.0,1.251299999994929
forecaster-tenant-pool,2026-02-01 16:48:02,0.0003094711950489298,1110036480.0,0.1807999999983925
forecaster-tenant-pool,2026-02-01 16:48:32,0.0019438275243762644,1110106112.0,0.9103000000041599
forecaster-tenant-pool,2026-02-01 16:49:02,0.0006906949089048254,1109979136.0,0.2947999999981524
forecaster-tenant-pool,2026-02-01 16:49:32,0.001796410128668142,1109782528.0,1.2541000000045945
forecaster-tenant-pool,2026-02-01 16:50:02,0.0003243236769240786,1109778432.0,0.15779999999795108
forecaster-tenant-pool,2026-02-01 16:50:03,0.0014383832737586088,1109889024.0,0.15779999999795108
forecaster-tenant-pool,2026-02-01 16:50:33,0.0021954666412534584,1109356544.0,1.2860999999955918
forecaster-tenant-pool,2026-02-01 16:51:03,0.00019072886322781609,1109352448.0,0.26260000000450723
forecaster-tenant-pool,2026-02-01 16:51:33,0.0023179805565576865,1109422080.0,1.2705000000015692
forecaster-tenant-pool,2026-02-01 16:52:03,0.0004444637059086192,1109102592.0,0.23659999999648185
forecaster-tenant-pool,2026-02-01 16:52:33,0.00219767181990257,1109319680.0,0.9834999999997914
forecaster-tenant-pool,2026-02-01 16:53:03,0.0009523171849323878,1109381120.0,0.327299999999074
forecaster-tenant-pool,2026-02-01 16:53:33,0.002070740922554192,1109385216.0,1.3378000000000005
forecaster-tenant-pool,2026-02-01 16:54:03,0.0008692616482525669,1109663744.0,0.23289999999882033
forecaster-tenant-pool,2026-02-01 16:54:33,0.0028244153229260408,1109479424.0,1.32920000000031
forecaster-tenant-pool,2026-02-01 16:55:03,0.00025717742855325195,1109643264.0,0.09110000000370443
forecaster-tenant-pool,2026-02-01 16:55:33,0.0019728230911574157,1109823488.0,1.248399999995551
forecaster-tenant-pool,2026-02-01 16:56:03,0.0004365545596621391,1109934080.0,0.19800000000086584
forecaster-tenant-pool,2026-02-01 16:56:33,0.002038738887162584,1110093824.0,1.015299999999297
forecaster-tenant-pool,2026-02-01 16:57:03,0.001187939532766646,1110392832.0,0.34200000000406966
forecaster-tenant-pool,2026-02-01 16:57:33,0.0028594359004891472,1109913600.0,0.802499999998569
forecaster-tenant-pool,2026-02-01 16:58:03,0.0011940136364292668,1110466560.0,0.622599999997207
forecaster-tenant-pool,2026-02-01 16:58:33,0.0016217997957876894,1110016000.0,1.11960000000563
forecaster-tenant-pool,2026-02-01 16:59:03,0.00024188200658810448,1110036480.0,0.11669999999618691
forecaster-tenant-pool,2026-02-01 16:59:33,0.0025666665875236257,1110110208.0,1.2003999999992325
forecaster-tenant-pool,2026-02-01 17:00:02,0.0014133041308123818,1111191552.0,0.20030000000097062
forecaster-tenant-pool,2026-02-01 17:00:03,0.0003994344915508802,1110118400.0,0.20030000000097062
forecaster-tenant-pool,2026-02-01 17:00:32,0.0021908854555157398,1110204416.0,1.118899999998818
forecaster-tenant-pool,2026-02-01 17:01:02,0.00025675481823254253,1110228992.0,0.36630000000131985
forecaster-tenant-pool,2026-02-01 17:01:32,0.0017357949434526334,1110302720.0,1.1300000000028982
forecaster-tenant-pool,2026-02-01 17:02:02,0.0013460313085155583,1109999616.0,0.23059999999780606
forecaster-tenant-pool,2026-02-01 17:02:32,0.002041690119050939,1110052864.0,1.206999999999607
forecaster-tenant-pool,2026-02-01 17:03:02,0.000896959821496072,1110323200.0,0.08439999999761008
forecaster-tenant-pool,2026-02-01 17:03:32,0.002296955649883343,1110122496.0,1.2535000000056244
forecaster-tenant-pool,2026-02-01 17:04:02,0.0012526460080893383,1110671360.0,0.18109999999869614
forecaster-tenant-pool,2026-02-01 17:04:32,0.001696315913193201,1110192128.0,1.2326999999970818
forecaster-tenant-pool,2026-02-01 17:05:02,0.00016808793086341953,1109348352.0,0.041200000001117586
forecaster-tenant-pool,2026-02-01 17:05:32,0.0027379247724166806,1109405696.0,1.2417000000026748
forecaster-tenant-pool,2026-02-01 17:06:02,0.0004076738705252844,1109409792.0,0.22269999999753054
forecaster-tenant-pool,2026-02-01 17:06:32,0.001890580483875746,1109475328.0,0.9744000000026668
forecaster-tenant-pool,2026-02-01 17:07:02,0.0002491063515463307,1109360640.0,0.29039999999755917
forecaster-tenant-pool,2026-02-01 17:07:32,0.002142452598366822,1109508096.0,1.0529000000021065
forecaster-tenant-pool,2026-02-01 17:08:02,0.0017400792001309288,1110691840.0,0.475100000000748
forecaster-tenant-pool,2026-02-01 17:08:32,0.001906702665007765,1109798912.0,1.252099999994971
forecaster-tenant-pool,2026-02-01 17:09:02,0.00021638870887734853,1109848064.0,0.0896000000046115
forecaster-tenant-pool,2026-02-01 17:09:32,0.0028762718528661806,1109921792.0,1.213900000000467
forecaster-tenant-pool,2026-02-01 17:10:02,0.0017506429993068872,1110228992.0,0.18959999999666857
forecaster-tenant-pool,2026-02-01 17:10:02,0.0003879019368095482,1109917696.0,0.18959999999666857
forecaster-tenant-pool,2026-02-01 17:10:32,0.0018788609408112503,1110020096.0,1.3375999999982622
forecaster-tenant-pool,2026-02-01 17:11:02,0.001559911939441771,1110315008.0,0.23790000000444705
forecaster-tenant-pool,2026-02-01 17:11:32,0.003129688722910149,1110147072.0,1.3526999999995193
forecaster-tenant-pool,2026-02-01 17:12:02,0.0018134515927472378,1109909504.0,0.21969999999873835
forecaster-tenant-pool,2026-02-01 17:12:32,0.0020053182170809997,1109979136.0,1.2992000000017165
forecaster-tenant-pool,2026-02-01 17:13:02,0.00026631520126953884,1110093824.0,0.07659999999420203
forecaster-tenant-pool,2026-02-01 17:13:32,0.002053740727731287,1110163456.0,1.2713000000058552
forecaster-tenant-pool,2026-02-01 17:14:02,0.0012542586354178011,1110630400.0,0.2082999999976285
forecaster-tenant-pool,2026-02-01 17:14:32,0.0021776865131491975,1110228992.0,1.346599999998883
forecaster-tenant-pool,2026-02-01 17:15:02,0.00119349303720521,1110786048.0,0.06980000000191164
forecaster-tenant-pool,2026-02-01 17:15:32,0.002039917227534626,1110175744.0,1.2595999999980751
forecaster-tenant-pool,2026-02-01 17:16:02,0.0011190645961933557,1110441984.0,0.193899999998636
forecaster-tenant-pool,2026-02-01 17:16:32,0.0023860454129567893,1110253568.0,0.954300000006333
forecaster-tenant-pool,2026-02-01 17:17:02,0.00022381868052646112,1109921792.0,0.31139999999819945
forecaster-tenant-pool,2026-02-01 17:17:32,0.002242631609170111,1109987328.0,1.3825999999962126
forecaster-tenant-pool,2026-02-01 17:18:02,0.0014378252760303004,1109766144.0,0.2003000000031534
forecaster-tenant-pool,2026-02-01 17:18:32,0.0022672763560736475,1109745664.0,1.2264999999966677
forecaster-tenant-pool,2026-02-01 17:19:02,0.0001551224797414743,1109745664.0,0.07680000000012417
forecaster-tenant-pool,2026-02-01 17:19:32,0.00195787939361343,1109889024.0,1.1889000000053782
forecaster-tenant-pool,2026-02-01 17:20:02,0.0004547820736379887,1109893120.0,0.22559999999393765
forecaster-tenant-pool,2026-02-01 17:20:02,0.00045235161516549724,1109905408.0,0.22559999999393765
forecaster-tenant-pool,2026-02-01 17:20:32,0.0019920371736507464,1109991424.0,1.1911000000045533
forecaster-tenant-pool,2026-02-01 17:21:02,0.0004072832612359819,1110274048.0,0.2711999999971037
forecaster-tenant-pool,2026-02-01 17:21:32,0.0022443599850486963,1110093824.0,1.0605000000043219
forecaster-tenant-pool,2026-02-01 17:22:02,0.0003378212008455952,1109770240.0,0.38660000000042294
forecaster-tenant-pool,2026-02-01 17:22:32,0.002154408864873918,1109835776.0,0.8050999999944907
forecaster-tenant-pool,2026-02-01 17:23:02,0.0003914591420241677,1109884928.0,0.4225000000033712
forecaster-tenant-pool,2026-02-01 17:23:32,0.0023866580486204604,1110106112.0,1.2606999999980568
forecaster-tenant-pool,2026-02-01 17:24:02,0.0009273182809988845,1110130688.0,0.37219999999645853
forecaster-tenant-pool,2026-02-01 17:24:32,0.0018400435737261362,1110179840.0,1.1695000000065192
forecaster-tenant-pool,2026-02-01 17:25:02,0.0011127359528573112,1110446080.0,0.19259999999776484
forecaster-tenant-pool,2026-02-01 17:25:32,0.0025913214898162624,1110245376.0,1.237099999996523
forecaster-tenant-pool,2026-02-01 17:26:02,0.00039522344109566774,1109614592.0,0.40690000000686266
forecaster-tenant-pool,2026-02-01 17:26:32,0.001785578016768598,1109684224.0,1.198299999992984
forecaster-tenant-pool,2026-02-01 17:27:02,0.00027644526699886,1109426176.0,0.10790000000682387
forecaster-tenant-pool,2026-02-01 17:27:32,0.001993911628833928,1109549056.0,1.0590999999971245
forecaster-tenant-pool,2026-02-01 17:28:02,0.0009427157191420231,1109762048.0,0.3081999999999122
forecaster-tenant-pool,2026-02-01 17:28:32,0.0018703717224461541,1109553152.0,1.2805999999969573
forecaster-tenant-pool,2026-02-01 17:29:02,0.0002528055235380827,1109553152.0,0.0885000000036598
forecaster-tenant-pool,2026-02-01 17:29:32,0.002645267718565891,1109741568.0,0.9835999999996905
forecaster-tenant-pool,2026-02-01 17:30:02,0.0007467483409818807,1109958656.0,0.4703999999988203
forecaster-tenant-pool,2026-02-01 17:30:02,0.0007371192148039299,1109880832.0,0.4703999999988203
forecaster-tenant-pool,2026-02-01 17:30:32,0.002002700117841183,1110061056.0,1.2145999999991544
forecaster-tenant-pool,2026-02-01 17:31:02,0.00021142443075543063,1110056960.0,0.2695000000013654
forecaster-tenant-pool,2026-02-01 17:31:32,0.002017553647486098,1110188032.0,1.3238999999998973
forecaster-tenant-pool,2026-02-01 17:32:02,0.000488361248173957,1110028288.0,0.2520000000025296
forecaster-tenant-pool,2026-02-01 17:32:32,0.0021470119648008684,1110130688.0,1.23169999999706
forecaster-tenant-pool,2026-02-01 17:33:02,0.00023120652258809053,1110155264.0,0.10679999999986951
forecaster-tenant-pool,2026-02-01 17:33:32,0.0022080400926920616,1110233088.0,1.3780000000001869
forecaster-tenant-pool,2026-02-01 17:34:02,0.0003594209066493154,1110507520.0,0.26060000000082556
forecaster-tenant-pool,2026-02-01 17:34:32,0.0020009876798542906,1110319104.0,0.8750999999966249
forecaster-tenant-pool,2026-02-01 17:35:02,0.0016046064616572805,1110360064.0,0.38260000000324607
forecaster-tenant-pool,2026-02-01 17:35:32,0.002391919361560775,1110458368.0,1.293500000002071
forecaster-tenant-pool,2026-02-01 17:36:02,0.00024446359919541707,1110458368.0,0.2317999999979899
forecaster-tenant-pool,2026-02-01 17:36:32,0.0021431769973491487,1110536192.0,1.3223999999997735
forecaster-tenant-pool,2026-02-01 17:37:02,0.0002803098906300013,1110208512.0,0.09559999999970993
forecaster-tenant-pool,2026-02-01 17:37:32,0.002047097974894488,1110282240.0,1.193200000001222
forecaster-tenant-pool,2026-02-01 17:38:02,0.000406329531293362,1110282240.0,0.24899999999573386
forecaster-tenant-pool,2026-02-01 17:38:32,0.0028604395307292854,1110351872.0,1.049000000002646
forecaster-tenant-pool,2026-02-01 17:39:02,0.001850208812391406,1110392832.0,0.3118000000024646
forecaster-tenant-pool,2026-02-01 17:39:32,0.002062695052144198,1110421504.0,1.385299999998036
forecaster-tenant-pool,2026-02-01 17:40:02,0.0008741883889795936,1110695936.0,0.27020000000053795
forecaster-tenant-pool,2026-02-01 17:40:02,0.0004566820107910876,1110421504.0,0.27020000000053795
forecaster-tenant-pool,2026-02-01 17:40:32,0.0026212211055688765,1110515712.0,1.4378000000023043
forecaster-tenant-pool,2026-02-01 17:41:02,0.00048122175107004355,1110515712.0,0.2559999999943102
forecaster-tenant-pool,2026-02-01 17:41:32,0.002205065185183701,1110589440.0,1.2832000000041566
forecaster-tenant-pool,2026-02-01 17:42:02,0.00044867606000114214,1110269952.0,0.23109999999796854
forecaster-tenant-pool,2026-02-01 17:42:32,0.0021679928474104123,1110343680.0,1.2873999999994339
forecaster-tenant-pool,2026-02-01 17:43:02,0.0002335002564795585,1110355968.0,0.08770000000076834
forecaster-tenant-pool,2026-02-01 17:43:32,0.0024631484599495273,1110433792.0,1.5153000000027532
forecaster-tenant-pool,2026-02-01 17:44:02,0.0004330044729388498,1110433792.0,0.20759999999548504
forecaster-tenant-pool,2026-02-01 17:44:32,0.002315602739640904,1110503424.0,1.3706000000008012
forecaster-tenant-pool,2026-02-01 17:45:02,0.000281923477234993,1110511616.0,0.11919999999839395
forecaster-tenant-pool,2026-02-01 17:45:32,0.0020509687012112876,1110581248.0,1.2714000000049055
forecaster-tenant-pool,2026-02-01 17:46:02,0.0004545277477036667,1110581248.0,0.2272999999957392
forecaster-tenant-pool,2026-02-01 17:46:32,0.002261125509862727,1110650880.0,1.3851000000007843
forecaster-tenant-pool,2026-02-01 17:47:02,0.0015431926518352664,1110683648.0,0.10519999999942228
forecaster-tenant-pool,2026-02-01 17:47:32,0.0018949389424496599,1110392832.0,1.228300000004674
forecaster-tenant-pool,2026-02-01 17:48:02,0.000367435555653716,1110413312.0,0.2134999999975965
forecaster-tenant-pool,2026-02-01 17:48:32,0.0021388547762049115,1110470656.0,0.5923999999970571
forecaster-tenant-pool,2026-02-01 17:49:02,0.0002694077645215312,1110470656.0,0.66970000000656
forecaster-tenant-pool,2026-02-01 17:49:32,0.0024885897829758914,1110532096.0,1.1427999999935614
forecaster-tenant-pool,2026-02-01 17:50:02,0.0006483340176387444,1110532096.0,0.3516000000052372
forecaster-tenant-pool,2026-02-01 17:50:03,0.000652593493031584,1110532096.0,0.3516000000052372
forecaster-tenant-pool,2026-02-01 17:50:33,0.0022482316896933795,1110626304.0,1.2540999999993194
forecaster-tenant-pool,2026-02-01 17:51:03,0.00017595539960828585,1110626304.0,0.29920000000135283
forecaster-tenant-pool,2026-02-01 17:51:33,0.0022517042274396103,1110695936.0,1.3575999999962125
forecaster-tenant-pool,2026-02-01 17:52:03,0.0003747169812055417,1110372352.0,0.22399999999906867
forecaster-tenant-pool,2026-02-01 17:52:33,0.0016863839687013271,1110450176.0,1.236700000000807
forecaster-tenant-pool,2026-02-01 17:53:03,0.0001689420174228359,1109995520.0,0.06329999999925348
forecaster-tenant-pool,2026-02-01 17:53:33,0.0021632422330159274,1110061056.0,1.2043999999994413
forecaster-tenant-pool,2026-02-01 17:54:03,0.0003866307979760579,1110061056.0,0.24189999999871362
forecaster-tenant-pool,2026-02-01 17:54:33,0.0017808985855004742,1110134784.0,0.884400000004219
forecaster-tenant-pool,2026-02-01 17:55:03,0.0016674302050618368,1110175744.0,0.45739999999508046
forecaster-tenant-pool,2026-02-01 17:55:33,0.002601099261077182,1110200320.0,1.2567000000038508
forecaster-tenant-pool,2026-02-01 17:56:03,0.00024761648272307775,1110335488.0,0.2212000000014086
forecaster-tenant-pool,2026-02-01 17:56:33,0.0019690655136039388,1110544384.0,1.281299999998737
forecaster-tenant-pool,2026-02-01 17:57:03,0.00026863190878255097,1110216704.0,0.11039999999769254
forecaster-tenant-pool,2026-02-01 17:57:33,0.0021250016014345828,1110290432.0,1.2192000000039116
forecaster-tenant-pool,2026-02-01 17:58:03,0.000544257248426846,1110351872.0,0.2057999999978468
forecaster-tenant-pool,2026-02-01 17:58:33,0.002087924811293082,1110368256.0,1.3470999999990454
forecaster-tenant-pool,2026-02-01 17:59:03,0.0002499991574288384,1110364160.0,0.09190000000192716
forecaster-tenant-pool,2026-02-01 17:59:33,0.002780198677730641,1110478848.0,1.2485999999955917
forecaster-tenant-pool,2026-02-01 18:00:03,0.0003352035952028336,1110478848.0,0.201000000006934
forecaster-tenant-pool,2026-02-01 18:00:04,0.0012989588371961366,1110773760.0,0.201000000006934
forecaster-tenant-pool,2026-02-01 18:00:34,0.0022729314145141515,1110605824.0,1.3115999999939354
forecaster-tenant-pool,2026-02-01 18:01:04,0.0006727633729280256,1110614016.0,0.2541000000013203
forecaster-tenant-pool,2026-02-01 18:01:34,0.0022533504908841136,1110667264.0,1.268499999997948
forecaster-tenant-pool,2026-02-01 18:02:04,0.00166448439623291,1110921216.0,0.24130000000362392
forecaster-tenant-pool,2026-02-01 18:02:34,0.0022703493476077413,1110441984.0,1.1517000000001036
forecaster-tenant-pool,2026-02-01 18:03:04,0.0002527575755607374,1110491136.0,0.2423999999976028
forecaster-tenant-pool,2026-02-01 18:03:34,0.002529341414989922,1110560768.0,1.308100000004136
forecaster-tenant-pool,2026-02-01 18:04:04,0.000419421861651534,1110564864.0,0.27979999999588473
forecaster-tenant-pool,2026-02-01 18:04:34,0.001870083306764947,1110630400.0,1.146500000005047
forecaster-tenant-pool,2026-02-01 18:05:04,0.0005602959884987406,1111191552.0,0.12740000000006452
forecaster-tenant-pool,2026-02-01 18:05:34,0.002059330658108951,1110929408.0,1.2871999999973316
forecaster-tenant-pool,2026-02-01 18:06:04,0.0004053283807829745,1110937600.0,0.22829999999824696
forecaster-tenant-pool,2026-02-01 18:06:34,0.0017389138842965025,1111007232.0,0.4326999999996284
forecaster-tenant-pool,2026-02-01 18:07:04,0.0018403855723096913,1110716416.0,0.8699000000033872
forecaster-tenant-pool,2026-02-01 18:07:34,0.0022412213174771048,1110749184.0,1.2467000000022987
forecaster-tenant-pool,2026-02-01 18:08:04,0.001414878288386358,1110777856.0,0.1863999999938945
forecaster-tenant-pool,2026-02-01 18:08:34,0.0024889365448062368,1110822912.0,1.108700000004016
forecaster-tenant-pool,2026-02-01 18:09:04,0.0017278134031372624,1111166976.0,0.15399999999869277
forecaster-tenant-pool,2026-02-01 18:09:34,0.002513784522959407,1110892544.0,1.2652999999988728
forecaster-tenant-pool,2026-02-01 18:10:04,0.00023473202582848472,1110892544.0,0.22830000000279443
forecaster-tenant-pool,2026-02-01 18:10:05,0.00023473202582848472,1110892544.0,0.22830000000279443
forecaster-tenant-pool,2026-02-01 18:10:35,0.0022346214616345774,1110986752.0,1.1734999999982998
forecaster-tenant-pool,2026-02-01 18:11:05,0.0018420570632368951,1111093248.0,0.2822999999962121
forecaster-tenant-pool,2026-02-01 18:11:35,0.0019756414580482965,1111068672.0,1.3343000000030465
forecaster-tenant-pool,2026-02-01 18:12:05,0.001981414549450171,1110806528.0,0.2765000000001843
forecaster-tenant-pool,2026-02-01 18:12:35,0.0026544938871120314,1110818816.0,1.2977999999998548
forecaster-tenant-pool,2026-02-01 18:13:05,0.0018205617680354623,1110917120.0,0.08740000000094976
forecaster-tenant-pool,2026-02-01 18:13:35,0.002231416189375377,1110888448.0,1.3365999999970881
forecaster-tenant-pool,2026-02-01 18:14:05,0.00021155879331612,1110888448.0,0.2422000000037466
forecaster-tenant-pool,2026-02-01 18:14:35,0.0018920799372075356,1110958080.0,0.7423000000004322
forecaster-tenant-pool,2026-02-01 18:15:05,0.0008553442087747709,1111228416.0,0.5697999999986374
forecaster-tenant-pool,2026-02-01 18:15:35,0.0024562665336625073,1111023616.0,1.2467000000021773
forecaster-tenant-pool,2026-02-01 18:16:05,0.0011396218959770009,1111056384.0,0.22649999999563686
forecaster-tenant-pool,2026-02-01 18:16:35,0.00197494719665263,1111093248.0,1.2282000000002882
forecaster-tenant-pool,2026-02-01 18:17:05,0.00028718204034279684,1110765568.0,0.11670000000382667
forecaster-tenant-pool,2026-02-01 18:17:35,0.0019814384481818066,1110835200.0,1.3202999999969203
forecaster-tenant-pool,2026-02-01 18:18:05,0.0003933492447596291,1110835200.0,0.2026000000044102
forecaster-tenant-pool,2026-02-01 18:18:35,0.002768319884786727,1110904832.0,1.3398999999933343
forecaster-tenant-pool,2026-02-01 18:19:05,0.000281672206881254,1110904832.0,0.09700000000235984
forecaster-tenant-pool,2026-02-01 18:19:35,0.001851372132340661,1110974464.0,1.3016999999981635
forecaster-tenant-pool,2026-02-01 18:20:02,0.00147603260450437,1111519232.0,0.22510000000341582
forecaster-tenant-pool,2026-02-01 18:20:05,0.00147603260450437,1111519232.0,0.22510000000341582
forecaster-tenant-pool,2026-02-01 18:20:32,0.0019910037788494106,1111068672.0,1.159099999998034
forecaster-tenant-pool,2026-02-01 18:21:02,0.0008283297614286996,1111179264.0,0.3356999999974505
forecaster-tenant-pool,2026-02-01 18:21:32,0.002027229793028264,1111134208.0,1.1594000000074325
forecaster-tenant-pool,2026-02-01 18:22:02,0.0005592984424160756,1110843392.0,0.4691999999936646
forecaster-tenant-pool,2026-02-01 18:22:32,0.0025334948467030625,1110884352.0,1.438999999999093
forecaster-tenant-pool,2026-02-01 18:23:02,0.00028099430258394435,1110888448.0,0.10170000000610646
forecaster-tenant-pool,2026-02-01 18:23:32,0.0022135736034500975,1110958080.0,1.3441999999960292
forecaster-tenant-pool,2026-02-01 18:24:02,0.0008207019678595699,1110908928.0,0.23149999999877763
forecaster-tenant-pool,2026-02-01 18:24:32,0.0023971971923101238,1111027712.0,0.8401000000003478
forecaster-tenant-pool,2026-02-01 18:25:02,0.0013785042242698664,1111375872.0,0.43610000000329213
forecaster-tenant-pool,2026-02-01 18:25:32,0.0019107829162395618,1111097344.0,1.2584999999956077
forecaster-tenant-pool,2026-02-01 18:26:02,0.002103160692495006,1111666688.0,0.2479000000024219
forecaster-tenant-pool,2026-02-01 18:26:32,0.0021789895353881944,1111162880.0,1.4276000000044708
forecaster-tenant-pool,2026-02-01 18:27:02,0.0002276021510466487,1110839296.0,0.10329999999764064
forecaster-tenant-pool,2026-02-01 18:27:32,0.0025897073283205874,1110908928.0,1.3239999999948848
forecaster-tenant-pool,2026-02-01 18:28:02,0.000383253770080476,1110904832.0,0.21540000000016638
forecaster-tenant-pool,2026-02-01 18:28:32,0.0020336000916691415,1110974464.0,1.0610000000042419
forecaster-tenant-pool,2026-02-01 18:29:02,0.00040194308714098343,1110990848.0,0.2670999999995426
forecaster-tenant-pool,2026-02-01 18:29:32,0.002018646717018404,1111044096.0,1.2988999999994728
forecaster-tenant-pool,2026-02-01 18:30:02,0.0001353347926858459,1111044096.0,0.18710000000307142
forecaster-tenant-pool,2026-02-01 18:30:02,0.001363233088336405,1111048192.0,0.18710000000307142
forecaster-tenant-pool,2026-02-01 18:30:32,0.0020608842664989672,1111134208.0,1.2139999999975164
forecaster-tenant-pool,2026-02-01 18:31:02,0.0004890123917625851,1111154688.0,0.22430000000167638
forecaster-tenant-pool,2026-02-01 18:31:32,0.0021188595355947195,1111203840.0,0.7745999999965231
forecaster-tenant-pool,2026-02-01 18:32:02,0.0006599621044283129,1110331392.0,0.5817000000042146
forecaster-tenant-pool,2026-02-01 18:32:32,0.002177651086111189,1110044672.0,1.2147999999967094
forecaster-tenant-pool,2026-02-01 18:33:02,0.0007028150600923643,1110249472.0,0.07539999999771681
forecaster-tenant-pool,2026-02-01 18:33:32,0.002101957273633042,1110118400.0,1.303100000000207
forecaster-tenant-pool,2026-02-01 18:34:02,0.0018215616798105308,1110454272.0,0.2603999999994509
forecaster-tenant-pool,2026-02-01 18:34:32,0.0028523377247756136,1110183936.0,1.4469000000023395
forecaster-tenant-pool,2026-02-01 18:35:02,0.0002598137093613059,1110241280.0,0.08300000000320627
forecaster-tenant-pool,2026-02-01 18:35:32,0.002194750217617259,1110388736.0,1.3551999999985733
forecaster-tenant-pool,2026-02-01 18:36:02,0.0010415809375331677,1110458368.0,0.2374000000007072
forecaster-tenant-pool,2026-02-01 18:36:32,0.001933098468418614,1110577152.0,1.319399999997889
forecaster-tenant-pool,2026-02-01 18:37:02,0.0002835165476470328,1110306816.0,0.09289999999788656
forecaster-tenant-pool,2026-02-01 18:37:32,0.0029526491969560694,1110482944.0,1.391000000002229
forecaster-tenant-pool,2026-02-01 18:38:02,0.00041330092411509994,1110487040.0,0.2118000000019189
forecaster-tenant-pool,2026-02-01 18:38:32,0.0021975611195174825,1110560768.0,1.340900000000511
forecaster-tenant-pool,2026-02-01 18:39:02,0.00017570079649601486,1110560768.0,0.0888999999980418
forecaster-tenant-pool,2026-02-01 18:39:32,0.0022491263761271144,1110630400.0,0.9467000000023593
forecaster-tenant-pool,2026-02-01 18:40:02,0.0007947055446307255,1110630400.0,0.43389999999490103
forecaster-tenant-pool,2026-02-01 18:40:02,0.000797336856737793,1110552576.0,0.43389999999490103
forecaster-tenant-pool,2026-02-01 18:40:32,0.0017262809005851357,1110646784.0,1.1565000000062962
forecaster-tenant-pool,2026-02-01 18:41:02,0.0015578384567199383,1110851584.0,0.23369999999801316
forecaster-tenant-pool,2026-02-01 18:41:32,0.0020677978449876403,1110253568.0,1.2360999999955917
forecaster-tenant-pool,2026-02-01 18:42:02,0.0014426349333793431,1110204416.0,0.22640000000034585
forecaster-tenant-pool,2026-02-01 18:42:32,0.0021318533431935777,1109995520.0,1.3618000000059207
forecaster-tenant-pool,2026-02-01 18:43:02,0.0016112742214479862,1110032384.0,0.07569999999323045
forecaster-tenant-pool,2026-02-01 18:43:32,0.002020936830096475,1110138880.0,1.2838000000021565
forecaster-tenant-pool,2026-02-01 18:44:02,0.0002497128267768261,1110278144.0,0.23500000000482638
forecaster-tenant-pool,2026-02-01 18:44:32,0.0018979581835420402,1110507520.0,1.248699999993854
forecaster-tenant-pool,2026-02-01 18:45:02,0.00022239065630597662,1110581248.0,0.09390000000051563
forecaster-tenant-pool,2026-02-01 18:45:32,0.002570961883991086,1110695936.0,0.944100000000617
forecaster-tenant-pool,2026-02-01 18:46:02,0.0007361238153206515,1110745088.0,0.6112000000000384
forecaster-tenant-pool,2026-02-01 18:46:32,0.00182383096403744,1110863872.0,0.47090000000140814
forecaster-tenant-pool,2026-02-01 18:47:02,0.0010906382314686944,1110847488.0,0.8324000000013863
forecaster-tenant-pool,2026-02-01 18:47:32,0.0024053359339048673,1110695936.0,1.2005999999974544
forecaster-tenant-pool,2026-02-01 18:48:02,0.00165519040921817,1110769664.0,0.24889999999916956
forecaster-tenant-pool,2026-02-01 18:48:32,0.0025164070439322086,1110810624.0,1.254100000003685
forecaster-tenant-pool,2026-02-01 18:49:02,0.0014484019892956137,1110839296.0,0.08309999999795156
forecaster-tenant-pool,2026-02-01 18:49:32,0.002165984388588526,1110880256.0,1.2929999999988164
forecaster-tenant-pool,2026-02-01 18:50:02,0.0002616297590219965,1110986752.0,0.18579999999844102
forecaster-tenant-pool,2026-02-01 18:50:06,0.0019814235456612926,1111060480.0,0.18579999999844102
forecaster-tenant-pool,2026-02-01 18:50:36,0.0022750901019539223,1111113728.0,1.2725000000007034
forecaster-tenant-pool,2026-02-01 18:51:06,0.001181104805776746,1111408640.0,0.2427000000060919
forecaster-tenant-pool,2026-02-01 18:51:36,0.0025268459430167634,1111183360.0,1.2700999999962126
forecaster-tenant-pool,2026-02-01 18:52:06,0.0009919666404478752,1111228416.0,0.1815000000021731
forecaster-tenant-pool,2026-02-01 18:52:36,0.0016087846159286848,1110319104.0,1.2661999999988136
forecaster-tenant-pool,2026-02-01 18:53:06,0.00013733303919862049,1110319104.0,0.07849999999937912
forecaster-tenant-pool,2026-02-01 18:53:36,0.00269594973351777,1110405120.0,1.2191000000030423
forecaster-tenant-pool,2026-02-01 18:54:06,0.0007301081336337545,1110605824.0,0.2214999999957096
forecaster-tenant-pool,2026-02-01 18:54:36,0.002032918125791968,1110491136.0,1.2726999999972881
forecaster-tenant-pool,2026-02-01 18:55:06,0.00020210214995461755,1110487040.0,0.08250000000407454
forecaster-tenant-pool,2026-02-01 18:55:36,0.002356297429334202,1110585344.0,1.2729000000015729
forecaster-tenant-pool,2026-02-01 18:56:06,0.0014792587447023673,1111269376.0,0.22679999999751696
forecaster-tenant-pool,2026-02-01 18:56:36,0.001736171512842623,1110814720.0,1.2525999999993775
forecaster-tenant-pool,2026-02-01 18:57:06,0.0005938000135285876,1110867968.0,0.07689999999935632
forecaster-tenant-pool,2026-02-01 18:57:36,0.0022942661371519865,1110642688.0,1.4135000000043874
forecaster-tenant-pool,2026-02-01 18:58:06,0.00042185090554247015,1110683648.0,0.1910999999986719
forecaster-tenant-pool,2026-02-01 18:58:36,0.0021350966953996337,1110753280.0,1.2113999999992302
forecaster-tenant-pool,2026-02-01 18:59:06,0.0012040605366535682,1111281664.0,0.212599999998262
forecaster-tenant-pool,2026-02-01 18:59:36,0.0021010358297421225,1110831104.0,1.0655999999984487
forecaster-tenant-pool,2026-02-01 19:00:02,0.0004125819715428161,1110851584.0,0.4631000000017593
forecaster-tenant-pool,2026-02-01 19:00:06,0.0004125819715428161,1110851584.0,0.4631000000017593
forecaster-tenant-pool,2026-02-01 19:00:32,0.0025357005716717404,1110970368.0,1.2781000000029357
forecaster-tenant-pool,2026-02-01 19:01:02,0.000877179191074446,1110999040.0,0.29809999999937037
forecaster-tenant-pool,2026-02-01 19:01:32,0.001737686390536426,1111044096.0,0.8812999999986761
forecaster-tenant-pool,2026-02-01 19:02:02,0.0008831786140045811,1110835200.0,0.46560000000117724
forecaster-tenant-pool,2026-02-01 19:02:32,0.0019388759307261442,1110880256.0,1.1913999999953375
forecaster-tenant-pool,2026-02-01 19:03:02,0.0002554061547085266,1110884352.0,0.12160000000688645
forecaster-tenant-pool,2026-02-01 19:03:32,0.0023467663598617625,1110949888.0,1.363599999993312
forecaster-tenant-pool,2026-02-01 19:04:02,0.0014614737707516262,1111269376.0,0.18219999999964784
forecaster-tenant-pool,2026-02-01 19:04:32,0.0023368688660426328,1111105536.0,1.261400000004384
forecaster-tenant-pool,2026-02-01 19:05:02,0.001393711431313138,1111666688.0,0.09579999999550637
forecaster-tenant-pool,2026-02-01 19:05:32,0.002256704859944518,1111261184.0,1.1074000000047817
forecaster-tenant-pool,2026-02-01 19:06:02,0.00047784893511374377,1111310336.0,0.5054999999993015
forecaster-tenant-pool,2026-02-01 19:06:32,0.0033700670980769164,1111392256.0,1.2319999999963935
forecaster-tenant-pool,2026-02-01 19:07:02,0.0018339741920667442,1111465984.0,0.46889999999966675
forecaster-tenant-pool,2026-02-01 19:07:32,0.0023727855757669555,1111261184.0,1.3305000000063956
forecaster-tenant-pool,2026-02-01 19:08:02,0.00021885243101060274,1111277568.0,0.21339999999660603
forecaster-tenant-pool,2026-02-01 19:08:32,0.0018479144086356821,1111240704.0,1.291499999996813
forecaster-tenant-pool,2026-02-01 19:09:02,0.0002650193126695299,1111261184.0,0.08900000000024495
forecaster-tenant-pool,2026-02-01 19:09:32,0.0023014516464708286,1111334912.0,1.2438000000073468
forecaster-tenant-pool,2026-02-01 19:10:02,0.0008228766933471626,1111601152.0,0.3530999999977211
forecaster-tenant-pool,2026-02-01 19:10:02,0.0006611217546517165,1111334912.0,0.3530999999977211
forecaster-tenant-pool,2026-02-01 19:10:32,0.0021748124743388836,1111441408.0,1.191800000002028
forecaster-tenant-pool,2026-02-01 19:11:02,0.00023234758651519943,1111449600.0,0.2652999999948103
forecaster-tenant-pool,2026-02-01 19:11:32,0.0025200568808856952,1111523328.0,1.3541000000021086
forecaster-tenant-pool,2026-02-01 19:12:02,0.0015120731022074756,1111257088.0,0.20920000000326885
forecaster-tenant-pool,2026-02-01 19:12:32,0.0018376110443602276,1111285760.0,1.245199999998719
forecaster-tenant-pool,2026-02-01 19:13:02,0.0002352831506205812,1111298048.0,0.09440000000134507
forecaster-tenant-pool,2026-02-01 19:13:32,0.0019435758517807736,1111355392.0,0.7252999999982421
forecaster-tenant-pool,2026-02-01 19:14:02,0.0004229097679382595,1111359488.0,0.6749999999982416
forecaster-tenant-pool,2026-02-01 19:14:32,0.0020829211109020043,1111425024.0,1.2813000000032844
forecaster-tenant-pool,2026-02-01 19:15:02,0.0002846199886696908,1111425024.0,0.09389999999705954
forecaster-tenant-pool,2026-02-01 19:15:32,0.0025736387082374154,1111494656.0,1.3369999999970485
forecaster-tenant-pool,2026-02-01 19:16:02,0.00044309827441295656,1111629824.0,0.19350000000486034
forecaster-tenant-pool,2026-02-01 19:16:32,0.0019033668225838525,1111339008.0,1.3986999999990075
forecaster-tenant-pool,2026-02-01 19:17:02,0.00136353020624784,1111314432.0,0.09350000000037349
forecaster-tenant-pool,2026-02-01 19:17:32,0.0023376208347366525,1111097344.0,1.2488999999964412
forecaster-tenant-pool,2026-02-01 19:18:02,0.0006006015110537454,1111105536.0,0.3383000000035584
forecaster-tenant-pool,2026-02-01 19:18:32,0.0022153484021458264,1111166976.0,1.279999999998654
forecaster-tenant-pool,2026-02-01 19:19:02,0.00023667944922345797,1111166976.0,0.12170000000320821
forecaster-tenant-pool,2026-02-01 19:19:32,0.002572623111618918,1111236608.0,0.9426999999942685
forecaster-tenant-pool,2026-02-01 19:20:02,0.0008416510627724218,1111236608.0,0.5559999999986758
forecaster-tenant-pool,2026-02-01 19:20:02,0.0008400006419466714,1111236608.0,0.5559999999986758
forecaster-tenant-pool,2026-02-01 19:20:32,0.002079362280080988,1111334912.0,1.344899999999628
forecaster-tenant-pool,2026-02-01 19:21:02,0.0004516756871369332,1111334912.0,0.2790000000003299
forecaster-tenant-pool,2026-02-01 19:21:32,0.0020098552309179628,1111400448.0,1.2647000000061477
forecaster-tenant-pool,2026-02-01 19:22:02,0.0004153599616620149,1111076864.0,0.1822999999996682
forecaster-tenant-pool,2026-02-01 19:22:32,0.0027771299786662836,1111150592.0,1.285799999993954
forecaster-tenant-pool,2026-02-01 19:23:02,0.00023326698979044417,1111162880.0,0.12340000000082606
forecaster-tenant-pool,2026-02-01 19:23:32,0.0022132777246906387,1111216128.0,1.2660000000019258
forecaster-tenant-pool,2026-02-01 19:24:02,0.0013900013909552136,1111490560.0,0.18110000000142462
forecaster-tenant-pool,2026-02-01 19:24:32,0.0026461717512395303,1111400448.0,1.1777999999959017
forecaster-tenant-pool,2026-02-01 19:25:02,0.0002508179315970766,1111408640.0,0.22850000000550302
forecaster-tenant-pool,2026-02-01 19:25:32,0.001969984957830202,1111478272.0,1.1984999999999977
forecaster-tenant-pool,2026-02-01 19:26:02,0.0007967288515844893,1111670784.0,0.2590000000005602
forecaster-tenant-pool,2026-02-01 19:26:32,0.0023295369443916167,1111552000.0,1.2965999999989437
forecaster-tenant-pool,2026-02-01 19:27:02,0.00024146833639244477,1111228416.0,0.09939999999630042
forecaster-tenant-pool,2026-02-01 19:27:32,0.002934700525176613,1111293952.0,0.4069000000032247
forecaster-tenant-pool,2026-02-01 19:28:02,0.001932255113113276,1111293952.0,1.1587999999997312
forecaster-tenant-pool,2026-02-01 19:28:32,0.0016296240450462188,1111363584.0,1.288899999997496
forecaster-tenant-pool,2026-02-01 19:29:02,0.001203617316997641,1111912448.0,0.09160000000301807
forecaster-tenant-pool,2026-02-01 19:29:32,0.0022043603599006863,1111433216.0,1.3217999999973473
forecaster-tenant-pool,2026-02-01 19:30:02,0.000365572358111158,1111433216.0,0.2019000000028124
forecaster-tenant-pool,2026-02-01 19:30:05,0.0009688124746437032,1111695360.0,0.2019000000028124
forecaster-tenant-pool,2026-02-01 19:30:35,0.0020868349934729624,1111527424.0,1.2509999999984454
forecaster-tenant-pool,2026-02-01 19:31:05,0.0012571206909044806,1111789568.0,0.2658999999978429
forecaster-tenant-pool,2026-02-01 19:31:35,0.002428912851152454,1111597056.0,1.3102000000006835
forecaster-tenant-pool,2026-02-01 19:32:05,0.0009494287356187297,1111801856.0,0.20309999999844877
forecaster-tenant-pool,2026-02-01 19:32:35,0.0023050906384744115,1111343104.0,1.4244000000016968
forecaster-tenant-pool,2026-02-01 19:33:05,0.00040323633676747715,1111613440.0,0.08589999999773378
forecaster-tenant-pool,2026-02-01 19:33:35,0.002108525374512246,1111412736.0,1.0302000000013625
forecaster-tenant-pool,2026-02-01 19:34:05,0.0015077455456616652,1112227840.0,0.31610000000467453
forecaster-tenant-pool,2026-02-01 19:34:35,0.0019574657535991165,1111482368.0,1.2315999999969791
forecaster-tenant-pool,2026-02-01 19:35:05,0.00037160144143259533,1112014848.0,0.07610000000173991
forecaster-tenant-pool,2026-02-01 19:35:35,0.002048440723420234,1111556096.0,1.2904999999969127
forecaster-tenant-pool,2026-02-01 19:36:05,0.0009982272878228875,1111740416.0,0.1768000000018219
forecaster-tenant-pool,2026-02-01 19:36:35,0.0022613899628955328,1111621632.0,1.1976000000005418
forecaster-tenant-pool,2026-02-01 19:37:05,0.0019514402104677368,1111412736.0,0.18609999999989668
forecaster-tenant-pool,2026-02-01 19:37:35,0.0022247849014764304,1111363584.0,1.407700000001023
forecaster-tenant-pool,2026-02-01 19:38:05,0.0002248364885117372,1111363584.0,0.2613999999965017
forecaster-tenant-pool,2026-02-01 19:38:35,0.0020051099850535888,1111429120.0,0.9823999999996279
forecaster-tenant-pool,2026-02-01 19:39:05,0.0006213163810841911,1111437312.0,0.39460000000478124
forecaster-tenant-pool,2026-02-01 19:39:35,0.0022653219125581153,1111498752.0,0.6430000000013024
forecaster-tenant-pool,2026-02-01 19:40:02,0.002168156512265917,1111511040.0,0.7895999999950921
forecaster-tenant-pool,2026-02-01 19:40:05,0.001345460664895829,1111511040.0,0.7895999999950921
forecaster-tenant-pool,2026-02-01 19:40:32,0.0021680364237153717,1111592960.0,1.108699999999711
forecaster-tenant-pool,2026-02-01 19:41:02,0.001783543993302716,1111887872.0,0.3504999999999806
forecaster-tenant-pool,2026-02-01 19:41:32,0.0028452588738820755,1111662592.0,1.3010000000043267
forecaster-tenant-pool,2026-02-01 19:42:02,0.0008569372947362364,1111629824.0,0.1891999999956776
forecaster-tenant-pool,2026-02-01 19:42:32,0.001751556778347107,1111408640.0,1.247799999998218
forecaster-tenant-pool,2026-02-01 19:43:02,0.00025491134331890523,1111408640.0,0.10110000000161866
forecaster-tenant-pool,2026-02-01 19:43:32,0.0032417676555709027,1111478272.0,1.393500000001586
forecaster-tenant-pool,2026-02-01 19:44:02,0.0015551210168218367,1111498752.0,0.2919000000028366
forecaster-tenant-pool,2026-02-01 19:44:32,0.0017788539105853885,1111547904.0,1.287899999994867
forecaster-tenant-pool,2026-02-01 19:45:02,0.00023516514184860772,1111552000.0,0.09810000000349342
forecaster-tenant-pool,2026-02-01 19:45:32,0.002958731361176845,1111617536.0,1.2496999999975742
forecaster-tenant-pool,2026-02-01 19:46:02,0.0005034925037209204,1111625728.0,0.19469999999885962
forecaster-tenant-pool,2026-02-01 19:46:32,0.0019902480772613445,1111687168.0,1.2619000000032126
forecaster-tenant-pool,2026-02-01 19:47:02,0.00031996213433256983,1111367680.0,0.09449999999615102
forecaster-tenant-pool,2026-02-01 19:47:32,0.0021446167474665984,1111691264.0,1.2952999999995276
forecaster-tenant-pool,2026-02-01 19:48:02,0.0010189593790074134,1111441408.0,0.25380000000222935
forecaster-tenant-pool,2026-02-01 19:48:32,0.002480423387063333,1111494656.0,0.9649000000001252
forecaster-tenant-pool,2026-02-01 19:49:02,0.00016550247565606438,1111498752.0,0.43790000000426516
forecaster-tenant-pool,2026-02-01 19:49:32,0.0019108560425092733,1111564288.0,1.2505999999975757
forecaster-tenant-pool,2026-02-01 19:50:02,0.0011439410099668207,1111838720.0,0.33830000000010235
forecaster-tenant-pool,2026-02-01 19:50:02,0.000526722330475905,1111564288.0,0.33830000000010235
forecaster-tenant-pool,2026-02-01 19:50:32,0.0022638089700397755,1111662592.0,1.1995999999973719
forecaster-tenant-pool,2026-02-01 19:51:02,0.00023737868896210384,1111674880.0,0.24820000000357445
forecaster-tenant-pool,2026-02-01 19:51:32,0.0021212806621584406,1111732224.0,1.2222000000022792
forecaster-tenant-pool,2026-02-01 19:52:02,0.0004746225795723236,1111412736.0,0.2148000000001048
forecaster-tenant-pool,2026-02-01 19:52:32,0.0019724441460447282,1111482368.0,1.2297999999985525
forecaster-tenant-pool,2026-02-01 19:53:02,0.0014828742572871852,1111851008.0,0.09429999999641343
forecaster-tenant-pool,2026-02-01 19:53:32,0.002601673970542804,1111552000.0,1.2864000000023226
forecaster-tenant-pool,2026-02-01 19:54:02,0.00019175534508741545,1111552000.0,0.21859999999748347
forecaster-tenant-pool,2026-02-01 19:54:32,0.0019385630500625068,1111621632.0,1.2016999999985274
forecaster-tenant-pool,2026-02-01 19:55:02,0.0002511134956035688,1111621632.0,0.08040000000291911
forecaster-tenant-pool,2026-02-01 19:55:32,0.0019437828745941669,1111691264.0,1.3187999999979487
forecaster-tenant-pool,2026-02-01 19:56:02,0.0009765622311237227,1111687168.0,0.18390000000575432
forecaster-tenant-pool,2026-02-01 19:56:32,0.0017629007485010246,1111764992.0,1.1630000000000411
forecaster-tenant-pool,2026-02-01 19:57:02,0.00026575113296270524,1111437312.0,0.10169999999761785
forecaster-tenant-pool,2026-02-01 19:57:32,0.002739365460280835,1111502848.0,1.2894999999961632
forecaster-tenant-pool,2026-02-01 19:58:02,0.0005142836318279889,1111502848.0,0.2027000000001863
forecaster-tenant-pool,2026-02-01 19:58:32,0.0020731098368873633,1111576576.0,1.3987000000017968
forecaster-tenant-pool,2026-02-01 19:59:02,0.00023986716223035935,1111572480.0,0.11130000000248402
forecaster-tenant-pool,2026-02-01 19:59:32,0.0024348161273607272,1111638016.0,1.289699999994385
forecaster-tenant-pool,2026-02-01 20:00:02,0.00037962287836961845,1111642112.0,0.22680000000358025
forecaster-tenant-pool,2026-02-01 20:00:02,0.00037962287836961845,1111642112.0,0.22680000000358025
forecaster-tenant-pool,2026-02-01 20:00:32,0.0021343217951619656,1111732224.0,1.2232999999963794
forecaster-tenant-pool,2026-02-01 20:01:02,0.0005236335662090827,1111732224.0,0.27570000000341677
forecaster-tenant-pool,2026-02-01 20:01:32,0.0020672615834037593,1112064000.0,1.1850999999998144
forecaster-tenant-pool,2026-02-01 20:02:02,0.0004209780887817553,1111482368.0,0.24530000000401436
forecaster-tenant-pool,2026-02-01 20:02:32,0.0018857004225440476,1111547904.0,1.2215999999930014
forecaster-tenant-pool,2026-02-01 20:03:02,0.00020861043572072298,1111552000.0,0.10200000000180201
forecaster-tenant-pool,2026-02-01 20:03:32,0.002696739453970787,1111621632.0,1.3356000000041606
forecaster-tenant-pool,2026-02-01 20:04:02,0.0014613400247492378,1111642112.0,0.20969999999560968
forecaster-tenant-pool,2026-02-01 20:04:32,0.002048297342138573,1111687168.0,1.3215000000023187
forecaster-tenant-pool,2026-02-01 20:05:02,0.0002578470603557545,1111703552.0,0.08300000000320627
forecaster-tenant-pool,2026-02-01 20:05:32,0.002451655399285076,1111781376.0,1.2819999999962723
forecaster-tenant-pool,2026-02-01 20:06:02,0.00039098176616403054,1111781376.0,0.21340000000327564
forecaster-tenant-pool,2026-02-01 20:06:32,0.001921217070520343,1111855104.0,1.2649999999932333
forecaster-tenant-pool,2026-02-01 20:07:02,0.0006801660642374538,1111855104.0,0.08840000000691361
forecaster-tenant-pool,2026-02-01 20:07:32,0.002027667014147809,1111609344.0,1.2798999999968146
forecaster-tenant-pool,2026-02-01 20:08:02,0.0008543489434137924,1111642112.0,0.20500000000211002
forecaster-tenant-pool,2026-02-01 20:08:32,0.001834860999618295,1111674880.0,1.186399999999594
forecaster-tenant-pool,2026-02-01 20:09:02,0.0015667423072841617,1112018944.0,0.11639999999436744
forecaster-tenant-pool,2026-02-01 20:09:32,0.0032882445089726623,1111752704.0,1.4057000000031015
forecaster-tenant-pool,2026-02-01 20:10:02,0.0004919937259768519,1111752704.0,0.24629999999882177
forecaster-tenant-pool,2026-02-01 20:10:02,0.0004919937259768519,1111752704.0,0.24629999999882177
forecaster-tenant-pool,2026-02-01 20:10:32,0.0023546794064101145,1111846912.0,1.2991000000050918
forecaster-tenant-pool,2026-02-01 20:11:02,0.0011014126213810117,1111851008.0,0.2724999999980961
forecaster-tenant-pool,2026-02-01 20:11:32,0.001992644389409098,1111912448.0,1.2847999999972066
forecaster-tenant-pool,2026-02-01 20:12:02,0.0014775715131760704,1112133632.0,0.2546999999981078
forecaster-tenant-pool,2026-02-01 20:12:32,0.001826048662969504,1111662592.0,1.2558999999995042
forecaster-tenant-pool,2026-02-01 20:13:02,0.00023376781499815296,1111662592.0,0.08370000000747192
forecaster-tenant-pool,2026-02-01 20:13:32,0.002833778607358128,1111605248.0,1.3243999999929656
forecaster-tenant-pool,2026-02-01 20:14:02,0.00042735523415816625,1111601152.0,0.2142999999995785
forecaster-tenant-pool,2026-02-01 20:14:32,0.002018978268063059,1111670784.0,1.220200000005631
forecaster-tenant-pool,2026-02-01 20:15:02,0.0006281416115664963,1112457216.0,0.08219999999540353
forecaster-tenant-pool,2026-02-01 20:15:32,0.002136225892464348,1111736320.0,1.1499000000025867
forecaster-tenant-pool,2026-02-01 20:16:02,0.000429062886754814,1111736320.0,0.354499999998734
forecaster-tenant-pool,2026-02-01 20:16:32,0.00217886044487271,1111805952.0,1.0253000000001218
forecaster-tenant-pool,2026-02-01 20:17:02,0.0005802708274316385,1111662592.0,0.34280000000289873
forecaster-tenant-pool,2026-02-01 20:17:32,0.0022545416321213064,1111547904.0,0.8855999999988247
forecaster-tenant-pool,2026-02-01 20:18:02,0.00040804223662183775,1111552000.0,0.567299999997825
forecaster-tenant-pool,2026-02-01 20:18:32,0.0021837329534242183,1111617536.0,1.2445999999979298
forecaster-tenant-pool,2026-02-01 20:19:02,0.00024303234355354636,1111617536.0,0.10370000000712025
forecaster-tenant-pool,2026-02-01 20:19:32,0.0023975367258974862,1111687168.0,1.2476999999989857
forecaster-tenant-pool,2026-02-01 20:20:02,0.0006774907687666468,1111740416.0,0.28949999999410164
forecaster-tenant-pool,2026-02-01 20:20:02,0.0004554614746904591,1111687168.0,0.28949999999410164
forecaster-tenant-pool,2026-02-01 20:20:32,0.0022449434081122446,1111789568.0,1.4524000000012165
forecaster-tenant-pool,2026-02-01 20:21:02,0.00023198309868928413,1111789568.0,0.2801000000003114
forecaster-tenant-pool,2026-02-01 20:21:32,0.0022515801918176347,1111863296.0,1.4086000000049048
forecaster-tenant-pool,2026-02-01 20:22:02,0.0004884374991886612,1111531520.0,0.24709999999619564
forecaster-tenant-pool,2026-02-01 20:22:32,0.002110807131424151,1111605248.0,1.1209999999998521
forecaster-tenant-pool,2026-02-01 20:23:02,0.0011186769284093978,1111617536.0,0.3470000000032693
forecaster-tenant-pool,2026-02-01 20:23:32,0.0020555698728128495,1111670784.0,1.2651999999993981
forecaster-tenant-pool,2026-02-01 20:24:02,0.0010029525381682425,1111941120.0,0.2534999999951348
forecaster-tenant-pool,2026-02-01 20:24:32,0.0019027036020763549,1111740416.0,1.204700000002837
forecaster-tenant-pool,2026-02-01 20:25:02,0.0012163725013480166,1112018944.0,0.10170000000355987
forecaster-tenant-pool,2026-02-01 20:25:32,0.002407181437959674,1111805952.0,1.3263000000001435
forecaster-tenant-pool,2026-02-01 20:26:02,0.0009801989821413165,1111916544.0,0.24049999999757954
forecaster-tenant-pool,2026-02-01 20:26:32,0.0018498037882111328,1111875584.0,1.2704999999960516
forecaster-tenant-pool,2026-02-01 20:27:02,0.0002699931143862371,1111547904.0,0.08930000000254949
forecaster-tenant-pool,2026-02-01 20:27:32,0.0021203290285535855,1111617536.0,1.2168999999968342
forecaster-tenant-pool,2026-02-01 20:28:02,0.00040871619082420837,1111879680.0,0.22580000000264894
forecaster-tenant-pool,2026-02-01 20:28:32,0.0020609565313772695,1111687168.0,1.216800000002028
forecaster-tenant-pool,2026-02-01 20:29:02,0.00020898672663793706,1111687168.0,0.07929999999766248
forecaster-tenant-pool,2026-02-01 20:29:32,0.002217336789671235,1112027136.0,1.1501999999992527
forecaster-tenant-pool,2026-02-01 20:30:02,0.0009778106678783633,1111797760.0,0.5303999999986748
forecaster-tenant-pool,2026-02-01 20:30:02,0.0009778106678783633,1111797760.0,0.5303999999986748
forecaster-tenant-pool,2026-02-01 20:30:32,0.0022223907809137554,1111896064.0,1.293900000004578
forecaster-tenant-pool,2026-02-01 20:31:02,0.00022387302479293913,1111896064.0,0.2949000000022352
forecaster-tenant-pool,2026-02-01 20:31:32,0.0022659830945725447,1111969792.0,1.4307999999969372
forecaster-tenant-pool,2026-02-01 20:32:02,0.0004692326633814959,1111646208.0,0.22119999999752812
forecaster-tenant-pool,2026-02-01 20:32:32,0.0019403718957761008,1111715840.0,1.2793000000011185
forecaster-tenant-pool,2026-02-01 20:33:02,0.0009388381028080157,1111982080.0,0.12589999999824308
forecaster-tenant-pool,2026-02-01 20:33:32,0.0018005310097494913,1111785472.0,1.2675000000003516
forecaster-tenant-pool,2026-02-01 20:34:02,0.0004114017326697307,1111785472.0,0.22190000000233948
forecaster-tenant-pool,2026-02-01 20:34:32,0.002625493581302757,1111855104.0,1.3695000000030026
forecaster-tenant-pool,2026-02-01 20:35:02,0.000525615597034761,1111875584.0,0.08889999999919382
forecaster-tenant-pool,2026-02-01 20:35:32,0.0019442459324363164,1111928832.0,1.2907999999951547
forecaster-tenant-pool,2026-02-01 20:36:02,0.0004418403489168149,1111924736.0,0.20770000000496416
forecaster-tenant-pool,2026-02-01 20:36:32,0.002501652925215427,1111990272.0,1.2632999999974346
forecaster-tenant-pool,2026-02-01 20:37:02,0.0005525411127515605,1111674880.0,0.09729999999732777
forecaster-tenant-pool,2026-02-01 20:37:32,0.002531390767631976,1111732224.0,1.1547000000045955
forecaster-tenant-pool,2026-02-01 20:38:02,0.00046527802342917804,1111736320.0,0.2280999999968723
forecaster-tenant-pool,2026-02-01 20:38:32,0.0017720371261386117,1111801856.0,1.3103000000008251
forecaster-tenant-pool,2026-02-01 20:39:02,0.00018229722863491882,1111805952.0,0.0704000000002755
forecaster-tenant-pool,2026-02-01 20:39:32,0.001917131085602921,1111871488.0,1.1715000000006208
forecaster-tenant-pool,2026-02-01 20:40:02,0.00033521104515096676,1111150592.0,0.18050000000124175
forecaster-tenant-pool,2026-02-01 20:40:02,0.0006214390443016881,1111330816.0,0.18050000000124175
forecaster-tenant-pool,2026-02-01 20:40:32,0.001908111550394957,1111240704.0,1.3173000000004929
forecaster-tenant-pool,2026-02-01 20:41:02,0.0009431382834606417,1111502848.0,0.22479999999826153
forecaster-tenant-pool,2026-02-01 20:41:32,0.0023850268687302095,1111314432.0,1.2523999999975786
forecaster-tenant-pool,2026-02-01 20:42:02,0.001832371184513234,1111011328.0,0.27710000000370205
forecaster-tenant-pool,2026-02-01 20:42:32,0.0021254334004107774,1111060480.0,1.504899999997603
forecaster-tenant-pool,2026-02-01 20:43:02,0.0016197192863809484,1111105536.0,0.0918000000002697
forecaster-tenant-pool,2026-02-01 20:43:32,0.002208343374553634,1111281664.0,1.2661999999985105
forecaster-tenant-pool,2026-02-01 20:44:02,0.000448738241667952,1111339008.0,0.22480000000432482
forecaster-tenant-pool,2026-02-01 20:44:32,0.001875650411880566,1111425024.0,1.331100000000515
forecaster-tenant-pool,2026-02-01 20:45:02,0.0015248798642842085,1112096768.0,0.08479999999635765
forecaster-tenant-pool,2026-02-01 20:45:32,0.0021344590777920003,1111732224.0,1.2474000000032295
forecaster-tenant-pool,2026-02-01 20:46:02,0.0016024124370375365,1112551424.0,0.20929999999989377
forecaster-tenant-pool,2026-02-01 20:46:32,0.001993115467632886,1111801856.0,1.2558999999995042
forecaster-tenant-pool,2026-02-01 20:47:02,0.00020992622675158724,1111478272.0,0.09460000000205279
forecaster-tenant-pool,2026-02-01 20:47:32,0.0019717539196227518,1111547904.0,1.2422999999926712
forecaster-tenant-pool,2026-02-01 20:48:02,0.001564047151644037,1111564288.0,0.20720000000061797
forecaster-tenant-pool,2026-02-01 20:48:32,0.0019342362685437094,1111613440.0,1.064500000004591
forecaster-tenant-pool,2026-02-01 20:49:02,0.0014909841021659841,1111646208.0,0.44120000000184517
forecaster-tenant-pool,2026-02-01 20:49:32,0.002378542733037117,1111687168.0,1.1184999999962504
forecaster-tenant-pool,2026-02-01 20:50:02,0.00044931230885644324,1111695360.0,0.3347999999972065
forecaster-tenant-pool,2026-02-01 20:50:03,0.00044931230885644324,1111695360.0,0.3347999999972065
forecaster-tenant-pool,2026-02-01 20:50:33,0.002601951664388057,1111793664.0,1.2464000000014495
forecaster-tenant-pool,2026-02-01 20:51:03,0.000877811519079372,1111818240.0,0.3780000000055224
forecaster-tenant-pool,2026-02-01 20:51:33,0.002213237836106232,1111863296.0,1.3447999999986375
forecaster-tenant-pool,2026-02-01 20:52:03,0.002025843798014555,1111846912.0,0.24579999999623395
forecaster-tenant-pool,2026-02-01 20:52:33,0.0022915012686382237,1111609344.0,1.4970000000017536
forecaster-tenant-pool,2026-02-01 20:53:03,0.00026381307905606703,1111609344.0,0.10610000000039388
forecaster-tenant-pool,2026-02-01 20:53:33,0.0023765810141271777,1111678976.0,1.3228999999955704
forecaster-tenant-pool,2026-02-01 20:54:03,0.0004043032527326761,1111678976.0,0.22630000000378156
forecaster-tenant-pool,2026-02-01 20:54:33,0.00223281540987577,1111760896.0,1.3276999999990948
forecaster-tenant-pool,2026-02-01 20:55:03,0.0005553263491785737,1111863296.0,0.08430000000407745
forecaster-tenant-pool,2026-02-01 20:55:33,0.002032090550079339,1111851008.0,0.8355999999989459
forecaster-tenant-pool,2026-02-01 20:56:03,0.0008816394482703806,1111883776.0,0.5596999999964586
forecaster-tenant-pool,2026-02-01 20:56:33,0.0023053749912173823,1111945216.0,1.182099999997384
forecaster-tenant-pool,2026-02-01 20:57:03,0.00028552032859809377,1111617536.0,0.10920000000157112
forecaster-tenant-pool,2026-02-01 20:57:33,0.001912667479183744,1111695360.0,1.2110000000060002
forecaster-tenant-pool,2026-02-01 20:58:03,0.0003727509819552598,1111695360.0,0.18019999999875533
forecaster-tenant-pool,2026-02-01 20:58:33,0.0018440330994744726,1111769088.0,1.240099999994224
forecaster-tenant-pool,2026-02-01 20:59:03,0.0002506487181813044,1111769088.0,0.09580000000496511
forecaster-tenant-pool,2026-02-01 20:59:33,0.0023563637932967163,1111830528.0,1.2333999999979521
forecaster-tenant-pool,2026-02-01 21:00:02,0.00045150138046431027,1111838720.0,0.2375000000025466
forecaster-tenant-pool,2026-02-01 21:00:03,0.00045150138046431027,1111838720.0,0.2375000000025466
forecaster-tenant-pool,2026-02-01 21:00:32,0.0018254454257187077,1112186880.0,1.2547999999950963
forecaster-tenant-pool,2026-02-01 21:01:02,0.00041899630003390976,1111932928.0,0.2521000000061273
forecaster-tenant-pool,2026-02-01 21:01:32,0.002563607144644556,1111998464.0,1.3122999999956544
forecaster-tenant-pool,2026-02-01 21:02:02,0.001682570817890464,1111965696.0,0.22900000000202755
forecaster-tenant-pool,2026-02-01 21:02:32,0.0020960579932231965,1111793664.0,1.4534000000016627
forecaster-tenant-pool,2026-02-01 21:03:02,0.0002500910463355179,1111793664.0,0.09019999999939804
forecaster-tenant-pool,2026-02-01 21:03:32,0.0030228529589185708,1111863296.0,1.1214999999989839
forecaster-tenant-pool,2026-02-01 21:04:02,0.0004357503485967784,1111863296.0,0.4038999999967321
forecaster-tenant-pool,2026-02-01 21:04:32,0.0018733097743571403,1111932928.0,1.2501999999993132
forecaster-tenant-pool,2026-02-01 21:05:02,0.0014121205747419873,1112276992.0,0.10150000000618699
forecaster-tenant-pool,2026-02-01 21:05:32,0.0022289519354644536,1112002560.0,1.286099999998987
forecaster-tenant-pool,2026-02-01 21:06:02,0.0003332569569324135,1112002560.0,0.19159999999568147
forecaster-tenant-pool,2026-02-01 21:06:32,0.0019675170532052135,1111678976.0,1.1199000000016894
forecaster-tenant-pool,2026-02-01 21:07:02,0.0012841601063739048,1111638016.0,0.12399999999906867
forecaster-tenant-pool,2026-02-01 21:07:32,0.001959805388093927,1111429120.0,1.2934000000047188
forecaster-tenant-pool,2026-02-01 21:08:02,0.000364982849838801,1111425024.0,0.1524999999984478
forecaster-tenant-pool,2026-02-01 21:08:32,0.002717679665629442,1110900736.0,1.2782999999971556
forecaster-tenant-pool,2026-02-01 21:09:02,0.00022357751977015013,1110900736.0,0.09890000000280755
forecaster-tenant-pool,2026-02-01 21:09:32,0.0021583978641220194,1110970368.0,0.9703999999953643
forecaster-tenant-pool,2026-02-01 21:10:02,0.00039633308139692914,1111040000.0,0.5083000000058746
forecaster-tenant-pool,2026-02-01 21:10:04,0.0005648455014332616,1111306240.0,0.5083000000058746
forecaster-tenant-pool,2026-02-01 21:10:34,0.0021048531376156644,1111269376.0,1.1407000000001668
forecaster-tenant-pool,2026-02-01 21:11:04,0.0002750980118760458,1111322624.0,0.293899999994513
forecaster-tenant-pool,2026-02-01 21:11:34,0.0028462387725416284,1111494656.0,1.2978000000015528
forecaster-tenant-pool,2026-02-01 21:12:04,0.00042400102607991267,1111298048.0,0.21079999999910798
forecaster-tenant-pool,2026-02-01 21:12:34,0.0021742061210172376,1111441408.0,1.0469000000007629
forecaster-tenant-pool,2026-02-01 21:13:04,0.0011216748030116633,1111724032.0,0.3505999999990308
forecaster-tenant-pool,2026-02-01 21:13:34,0.001775674331886752,1111527424.0,1.1330999999979516
forecaster-tenant-pool,2026-02-01 21:14:04,0.0005544699552322285,1111531520.0,0.3713000000040362
forecaster-tenant-pool,2026-02-01 21:14:34,0.002326583530703938,1111699456.0,0.495700000003247
forecaster-tenant-pool,2026-02-01 21:15:04,0.0011712199566999962,1112244224.0,0.8461999999997716
forecaster-tenant-pool,2026-02-01 21:15:34,0.0023467392757136104,1111769088.0,1.279199999996854
forecaster-tenant-pool,2026-02-01 21:16:04,0.0017848538957871388,1112489984.0,0.24649999999625533
forecaster-tenant-pool,2026-02-01 21:16:34,0.0017350724560001377,1112035328.0,1.1503000000008494
forecaster-tenant-pool,2026-02-01 21:17:04,0.0020054926456813545,1111801856.0,0.1917000000004312
forecaster-tenant-pool,2026-02-01 21:17:34,0.0027805441738596583,1111797760.0,1.450700000004387
forecaster-tenant-pool,2026-02-01 21:18:04,0.0010859711521164935,1111818240.0,0.23239999999459543
forecaster-tenant-pool,2026-02-01 21:18:34,0.001930715485775367,1111871488.0,1.2157000000019254
forecaster-tenant-pool,2026-02-01 21:19:04,0.0012662365879596415,1112145920.0,0.11560000000457268
forecaster-tenant-pool,2026-02-01 21:19:34,0.0021403741587208364,1111941120.0,1.4464999999937087
forecaster-tenant-pool,2026-02-01 21:20:04,0.0018966461869797877,1111986176.0,0.22400000000513196
forecaster-tenant-pool,2026-02-01 21:20:05,0.0018995833142734842,1111986176.0,0.22400000000513196
forecaster-tenant-pool,2026-02-01 21:20:35,0.002588990003703864,1112043520.0,1.3631999999965654
forecaster-tenant-pool,2026-02-01 21:21:05,0.001562262100561284,1112317952.0,0.3079999999997502
forecaster-tenant-pool,2026-02-01 21:21:35,0.0023966273139354875,1112113152.0,1.4129000000043257
forecaster-tenant-pool,2026-02-01 21:22:05,0.0022339392467997737,1111863296.0,0.21659999999513577
forecaster-tenant-pool,2026-02-01 21:22:35,0.0020203240236154915,1111867392.0,1.3270000000053186
forecaster-tenant-pool,2026-02-01 21:23:05,0.001479116619683094,1112428544.0,0.09069999999610445
forecaster-tenant-pool,2026-02-01 21:23:35,0.0029125228320640104,1111957504.0,1.2533000000036434
forecaster-tenant-pool,2026-02-01 21:24:05,0.0024502107424584506,1112338432.0,0.24309999999580514
forecaster-tenant-pool,2026-02-01 21:24:35,0.0019979908174442593,1112035328.0,1.3809999999995246
forecaster-tenant-pool,2026-02-01 21:25:05,0.0004578041068125862,1112055808.0,0.11140000000056413
forecaster-tenant-pool,2026-02-01 21:25:35,0.0023373272791376424,1112096768.0,1.292499999999624
forecaster-tenant-pool,2026-02-01 21:26:05,0.001625724368665177,1112133632.0,0.19709999999977298
forecaster-tenant-pool,2026-02-01 21:26:35,0.0019579585833370042,1112166400.0,1.2150000000027525
forecaster-tenant-pool,2026-02-01 21:27:05,0.0002849496151690504,1111838720.0,0.12279999999870293
forecaster-tenant-pool,2026-02-01 21:27:35,0.002201181391979599,1111908352.0,0.974600000000161
forecaster-tenant-pool,2026-02-01 21:28:05,0.0013200061252448053,1112719360.0,0.6046000000030592
forecaster-tenant-pool,2026-02-01 21:28:35,0.002160656651486871,1111982080.0,1.1919999999935194
forecaster-tenant-pool,2026-02-01 21:29:05,0.0019614534356785884,1112215552.0,0.21580000000224875
forecaster-tenant-pool,2026-02-01 21:29:35,0.00201853539261764,1112240128.0,1.2329999999979313
forecaster-tenant-pool,2026-02-01 21:30:02,0.000465095392367211,1112256512.0,0.21980000000573152
forecaster-tenant-pool,2026-02-01 21:30:05,0.00037719070088714635,1112256512.0,0.21980000000573152
forecaster-tenant-pool,2026-02-01 21:30:32,0.001893992274669348,1112391680.0,1.1958000000005389
forecaster-tenant-pool,2026-02-01 21:31:02,0.0012551121518255583,1112391680.0,0.39199999999946156
forecaster-tenant-pool,2026-02-01 21:31:32,0.002422521238266639,1112461312.0,1.4083999999984977
forecaster-tenant-pool,2026-02-01 21:32:02,0.0013996589970950446,1112174592.0,0.23319999999979094
forecaster-tenant-pool,2026-02-01 21:32:32,0.0020787453174108085,1112211456.0,1.2547000000028976
forecaster-tenant-pool,2026-02-01 21:33:02,0.0003307995555092399,1112739840.0,0.10669999999821206
forecaster-tenant-pool,2026-02-01 21:33:32,0.002306295844897541,1112285184.0,1.347799999999006
forecaster-tenant-pool,2026-02-01 21:34:02,0.00047625257135550526,1112281088.0,0.21729999999661231
forecaster-tenant-pool,2026-02-01 21:34:32,0.0019721146792072673,1112354816.0,1.1894000000017815
forecaster-tenant-pool,2026-02-01 21:35:02,0.0006085863286767633,1112371200.0,0.20740000000308403
forecaster-tenant-pool,2026-02-01 21:35:32,0.002508717716961433,1112424448.0,1.429500000001038
forecaster-tenant-pool,2026-02-01 21:36:02,0.00045350585449393713,1112424448.0,0.2602999999981572
forecaster-tenant-pool,2026-02-01 21:36:32,0.0017729561063620923,1112494080.0,1.3000999999957155
forecaster-tenant-pool,2026-02-01 21:37:02,0.0017327252690793632,1112199168.0,0.08720000000072711
forecaster-tenant-pool,2026-02-01 21:37:32,0.002637179092632004,1112236032.0,1.3595000000044213
forecaster-tenant-pool,2026-02-01 21:38:02,0.0009385674562774679,1112244224.0,0.20999999999906624
forecaster-tenant-pool,2026-02-01 21:38:32,0.00172398139717913,1112301568.0,1.2487000000016149
forecaster-tenant-pool,2026-02-01 21:39:02,0.0002745521117738331,1112301568.0,0.08729999999535115
forecaster-tenant-pool,2026-02-01 21:39:32,0.002139100093171773,1112371200.0,1.2924999999985327
forecaster-tenant-pool,2026-02-01 21:40:02,0.0010386801735363636,1112649728.0,0.30730000000063834
forecaster-tenant-pool,2026-02-01 21:40:02,0.000360924541856752,1112371200.0,0.30730000000063834
forecaster-tenant-pool,2026-02-01 21:40:32,0.0033043240192947715,1112465408.0,1.2247000000016972
forecaster-tenant-pool,2026-02-01 21:41:02,0.00021679468843683897,1112469504.0,0.28290000000221577
forecaster-tenant-pool,2026-02-01 21:41:32,0.0017249416586493406,1112539136.0,1.234999999996641
forecaster-tenant-pool,2026-02-01 21:42:02,0.0003344309196041201,1112219648.0,0.20330000000424964
forecaster-tenant-pool,2026-02-01 21:42:32,0.001895136376088146,1112289280.0,0.9185999999986961
forecaster-tenant-pool,2026-02-01 21:43:02,0.00021442422910352717,1111515136.0,0.2884000000000621
forecaster-tenant-pool,2026-02-01 21:43:32,0.0020517135273335004,1111584768.0,1.3232000000016948
forecaster-tenant-pool,2026-02-01 21:44:02,0.0013361861389273781,1111597056.0,0.19669999999459833
forecaster-tenant-pool,2026-02-01 21:44:32,0.002027342731441665,1111650304.0,1.2652000000001862
forecaster-tenant-pool,2026-02-01 21:45:02,0.0004221771546723231,1111658496.0,0.12890000000043073
forecaster-tenant-pool,2026-02-01 21:45:32,0.0018704674806227367,1111719936.0,0.715500000002794
forecaster-tenant-pool,2026-02-01 21:46:02,0.0009514818028254211,1111769088.0,0.8337999999971847
forecaster-tenant-pool,2026-02-01 21:46:32,0.002549586894766773,1111789568.0,0.8823000000040945
forecaster-tenant-pool,2026-02-01 21:47:02,0.0012972635671002653,1111863296.0,0.5937999999961903
forecaster-tenant-pool,2026-02-01 21:47:32,0.0022950616710245442,1111851008.0,1.0228000000022803
forecaster-tenant-pool,2026-02-01 21:48:02,0.0009354310535686888,1112186880.0,0.5385999999959191
forecaster-tenant-pool,2026-02-01 21:48:32,0.0020651010447134935,1111990272.0,1.2742000000035356
forecaster-tenant-pool,2026-02-01 21:49:02,0.0015859514912094576,1112039424.0,0.1055000000003929
forecaster-tenant-pool,2026-02-01 21:49:32,0.002221879990463979,1112076288.0,1.0761000000002847
forecaster-tenant-pool,2026-02-01 21:50:02,0.00041295961323666584,1112080384.0,0.4800999999977042
forecaster-tenant-pool,2026-02-01 21:50:07,0.0005047743260287706,1112080384.0,0.4800999999977042
forecaster-tenant-pool,2026-02-01 21:50:37,0.0029003907957563255,1112174592.0,1.3712000000049254
forecaster-tenant-pool,2026-02-01 21:51:07,0.0018887703897443554,1112514560.0,0.24969999999363307
forecaster-tenant-pool,2026-02-01 21:51:37,0.0023443020441559046,1112064000.0,1.4141000000061468
forecaster-tenant-pool,2026-02-01 21:52:07,0.0020729447851044053,1111814144.0,0.20329999999363887
forecaster-tenant-pool,2026-02-01 21:52:37,0.0024516366358490922,1111810048.0,1.2083000000022972
forecaster-tenant-pool,2026-02-01 21:53:07,0.00039541140554478414,1111818240.0,0.07039999999882032
forecaster-tenant-pool,2026-02-01 21:53:37,0.0020331192841746694,1111314432.0,1.220300000005712
forecaster-tenant-pool,2026-02-01 21:54:07,0.001401288877172914,1111330816.0,0.23109999999299666
forecaster-tenant-pool,2026-02-01 21:54:37,0.0019662628490416017,1111416832.0,1.316500000004392
forecaster-tenant-pool,2026-02-01 21:55:07,0.00022827608928167986,1111457792.0,0.08909999999862823
forecaster-tenant-pool,2026-02-01 21:55:37,0.002388797458289003,1111887872.0,1.384900000001471
forecaster-tenant-pool,2026-02-01 21:56:07,0.0004647898571659063,1111957504.0,0.2570999999954438
forecaster-tenant-pool,2026-02-01 21:56:37,0.002033009999913948,1112109056.0,1.0372999999997774
forecaster-tenant-pool,2026-02-01 21:57:07,0.0005867983444880566,1111842816.0,0.3689000000050631
forecaster-tenant-pool,2026-02-01 21:57:37,0.002297704723154391,1112211456.0,1.3091999999971449
forecaster-tenant-pool,2026-02-01 21:58:07,0.0008611997873468431,1112543232.0,0.2532000000009551
forecaster-tenant-pool,2026-02-01 21:58:37,0.0018766016549623314,1112100864.0,1.2619999999991098
forecaster-tenant-pool,2026-02-01 21:59:07,0.00047178044137018496,1112117248.0,0.09350000000310199
forecaster-tenant-pool,2026-02-01 21:59:37,0.0021426402028779847,1112190976.0,1.2536000000018854
forecaster-tenant-pool,2026-02-01 22:00:04,0.0015536813017064663,1112547328.0,0.2153999999996813
forecaster-tenant-pool,2026-02-01 22:00:07,0.0015536813017064663,1112547328.0,0.2153999999996813
forecaster-tenant-pool,2026-02-01 22:00:34,0.002304909394501395,1112371200.0,1.1325999999986986
forecaster-tenant-pool,2026-02-01 22:01:04,0.0011536578860456698,1112465408.0,0.4872999999992923
forecaster-tenant-pool,2026-02-01 22:01:34,0.002512338107732598,1112424448.0,1.3629999999967064
forecaster-tenant-pool,2026-02-01 22:02:04,0.0018625354075716628,1112432640.0,0.22320000000509027
forecaster-tenant-pool,2026-02-01 22:02:34,0.0018715525379943208,1112174592.0,1.274599999998221
forecaster-tenant-pool,2026-02-01 22:03:04,0.00021134808599386726,1112178688.0,0.07829999999939902
forecaster-tenant-pool,2026-02-01 22:03:34,0.0018141639981906555,1112268800.0,1.2533000000010968
forecaster-tenant-pool,2026-02-01 22:04:04,0.0006778281912248125,1113051136.0,0.19889999999735059
forecaster-tenant-pool,2026-02-01 22:04:34,0.0024335342421377185,1112338432.0,1.2773000000044703
forecaster-tenant-pool,2026-02-01 22:05:04,0.0010604198868192614,1113133056.0,0.1482999999947424
forecaster-tenant-pool,2026-02-01 22:05:34,0.0022091781957717517,1112489984.0,1.2986000000007456
forecaster-tenant-pool,2026-02-01 22:06:04,0.0014779459978470244,1113055232.0,0.4369000000044252
forecaster-tenant-pool,2026-02-01 22:06:34,0.0020343623991726624,1112584192.0,1.3358999999956724
forecaster-tenant-pool,2026-02-01 22:07:04,0.002134546492080621,1112350720.0,0.09409999999873737
forecaster-tenant-pool,2026-02-01 22:07:34,0.0029989559918333986,1112367104.0,1.4621000000059818
forecaster-tenant-pool,2026-02-01 22:08:04,0.0004924876825223083,1112363008.0,0.2258999999941807
forecaster-tenant-pool,2026-02-01 22:08:34,0.0019639363667510595,1112432640.0,1.402399999999337
forecaster-tenant-pool,2026-02-01 22:09:04,0.0010085595704693094,1112440832.0,0.1064000000048812
forecaster-tenant-pool,2026-02-01 22:09:34,0.002260834755805118,1112514560.0,1.3039999999959642
forecaster-tenant-pool,2026-02-01 22:10:02,0.00043892357924362786,1112510464.0,0.230700000003344
forecaster-tenant-pool,2026-02-01 22:10:04,0.00042975291390635813,1112510464.0,0.230700000003344
forecaster-tenant-pool,2026-02-01 22:10:32,0.0026604378286929934,1112600576.0,1.4324000000013863
forecaster-tenant-pool,2026-02-01 22:11:02,0.0005224359585625022,1112600576.0,0.28219999999600986
forecaster-tenant-pool,2026-02-01 22:11:32,0.001970052335561175,1112670208.0,1.2537000000002687
forecaster-tenant-pool,2026-02-01 22:12:02,0.00045364379002708563,1112350720.0,0.22880000000047102
forecaster-tenant-pool,2026-02-01 22:12:32,0.0018586072267181234,1112420352.0,1.2988000000035147
forecaster-tenant-pool,2026-02-01 22:13:02,0.00025670247607673666,1112420352.0,0.09479999999439315
forecaster-tenant-pool,2026-02-01 22:13:32,0.001842088643858133,1112489984.0,1.317900000002919
forecaster-tenant-pool,2026-02-01 22:14:02,0.0017118723041385738,1112518656.0,0.2024000000029749
forecaster-tenant-pool,2026-02-01 22:14:32,0.001983862625261887,1112555520.0,1.192599999996734
forecaster-tenant-pool,2026-02-01 22:15:02,0.0002127527758580078,1112555520.0,0.2019000000011147
forecaster-tenant-pool,2026-02-01 22:15:32,0.0021408439796917183,1112625152.0,1.2540000000019669
forecaster-tenant-pool,2026-02-01 22:16:02,0.0004866513930881081,1112682496.0,0.24989999999306745
forecaster-tenant-pool,2026-02-01 22:16:32,0.002017904916252622,1112748032.0,1.3692000000072464
forecaster-tenant-pool,2026-02-01 22:17:02,0.0003191335673951767,1112424448.0,0.12029999999588957
forecaster-tenant-pool,2026-02-01 22:17:32,0.002215079592501668,1112494080.0,0.801200000002791
forecaster-tenant-pool,2026-02-01 22:18:02,0.00040199705362889784,1112498176.0,0.791800000000876
forecaster-tenant-pool,2026-02-01 22:18:32,0.001927387625093591,1112567808.0,1.2652999999995398
forecaster-tenant-pool,2026-02-01 22:19:02,0.0005248171931300241,1112756224.0,0.08549999999813736
forecaster-tenant-pool,2026-02-01 22:19:32,0.002360673166753645,1112633344.0,1.2610000000024835
forecaster-tenant-pool,2026-02-01 22:20:02,0.0003370929850919549,1112629248.0,0.18449999999720604
forecaster-tenant-pool,2026-02-01 22:20:07,0.0008360772330737687,1112883200.0,0.18449999999720604
forecaster-tenant-pool,2026-02-01 22:20:37,0.0021129840405817468,1111560192.0,1.2217000000033293
forecaster-tenant-pool,2026-02-01 22:21:07,0.0007461307221678664,1112109056.0,0.262399999999919
forecaster-tenant-pool,2026-02-01 22:21:37,0.00222706362097043,1111625728.0,1.2205999999955264
forecaster-tenant-pool,2026-02-01 22:22:07,0.002027262908785684,1111457792.0,0.1973000000006626
forecaster-tenant-pool,2026-02-01 22:22:37,0.0020684992281882206,1111465984.0,1.3113999999981993
forecaster-tenant-pool,2026-02-01 22:23:07,0.0020977873447477697,1111560192.0,0.07850000000362342
forecaster-tenant-pool,2026-02-01 22:23:37,0.0028016018818607454,1111580672.0,1.3145000000002862
forecaster-tenant-pool,2026-02-01 22:24:07,0.002168270313306862,1111760896.0,0.21529999999420396
forecaster-tenant-pool,2026-02-01 22:24:37,0.0017179766983403595,1111814144.0,1.2214000000043599
forecaster-tenant-pool,2026-02-01 22:25:07,0.0016110596784635021,1112170496.0,0.08810000000084983
forecaster-tenant-pool,2026-02-01 22:25:37,0.002351780813172353,1112064000.0,1.3237000000024637
forecaster-tenant-pool,2026-02-01 22:26:07,0.001901814812117905,1112174592.0,0.21129999999484425
forecaster-tenant-pool,2026-02-01 22:26:37,0.002242378000274057,1112195072.0,1.2980000000023817
forecaster-tenant-pool,2026-02-01 22:27:07,0.0009715718661613654,1111904256.0,0.18879999999547484
forecaster-tenant-pool,2026-02-01 22:27:37,0.0022826356009121593,1111937024.0,1.0799000000037873
forecaster-tenant-pool,2026-02-01 22:28:07,0.0020760759468977214,1112272896.0,0.4478999999972681
forecaster-tenant-pool,2026-02-01 22:28:37,0.002273471611968226,1111580672.0,1.2444999999987583
forecaster-tenant-pool,2026-02-01 22:29:07,0.0014252744125230247,1112096768.0,0.21650000000378591
forecaster-tenant-pool,2026-02-01 22:29:37,0.002380764978554296,1111642112.0,1.4459999999962747
forecaster-tenant-pool,2026-02-01 22:30:03,0.0014446715593058185,1112170496.0,0.22940000000501942
forecaster-tenant-pool,2026-02-01 22:30:07,0.0014434368747346191,1112170496.0,0.22940000000501942
forecaster-tenant-pool,2026-02-01 22:30:33,0.0025069007302,1111736320.0,1.0773999999958808
forecaster-tenant-pool,2026-02-01 22:31:03,0.00026719710229606593,1111736320.0,0.5938000000048608
forecaster-tenant-pool,2026-02-01 22:31:33,0.0025444399403602076,1111810048.0,1.3742999999991905
forecaster-tenant-pool,2026-02-01 22:32:03,0.001399505970427465,1111883776.0,0.21420000000186215
forecaster-tenant-pool,2026-02-01 22:32:33,0.0020974597038428237,1111887872.0,1.3920999999961472
forecaster-tenant-pool,2026-02-01 22:33:03,0.0005441810987339681,1112203264.0,0.09170000000049185
forecaster-tenant-pool,2026-02-01 22:33:33,0.002163315994413345,1112182784.0,1.2218000000016522
forecaster-tenant-pool,2026-02-01 22:34:03,0.0004031642321205355,1112248320.0,0.2311999999977464
forecaster-tenant-pool,2026-02-01 22:34:33,0.002021113299454343,1112494080.0,1.1229999999998352
forecaster-tenant-pool,2026-02-01 22:35:03,0.00025901886244833363,1112522752.0,0.19610000000060002
forecaster-tenant-pool,2026-02-01 22:35:33,0.0020043229006849344,1112674304.0,1.2200999999979103
forecaster-tenant-pool,2026-02-01 22:36:03,0.0005259511340738369,1112678400.0,0.22950000000455476
forecaster-tenant-pool,2026-02-01 22:36:33,0.0018818826585167263,1112752128.0,1.2856999999964196
forecaster-tenant-pool,2026-02-01 22:37:03,0.0015182355454521604,1113235456.0,0.09960000000022166
forecaster-tenant-pool,2026-02-01 22:37:33,0.0021084181200283296,1112498176.0,1.4170999999996032
forecaster-tenant-pool,2026-02-01 22:38:03,0.0019456728985358467,1113071616.0,0.2702999999996488
forecaster-tenant-pool,2026-02-01 22:38:33,0.00245702282509783,1112629248.0,1.2871999999998782
forecaster-tenant-pool,2026-02-01 22:39:03,0.00035309566565099113,1112662016.0,0.10760000000451934
forecaster-tenant-pool,2026-02-01 22:39:33,0.002045062736021147,1112805376.0,1.349599999997493
forecaster-tenant-pool,2026-02-01 22:40:03,0.00045907741206651715,1112829952.0,0.21849999999782693
forecaster-tenant-pool,2026-02-01 22:40:07,0.001910592561395853,1113137152.0,0.21849999999782693
forecaster-tenant-pool,2026-02-01 22:40:37,0.002145658200010496,1112686592.0,1.0775000000011763
forecaster-tenant-pool,2026-02-01 22:41:07,0.0010971614438349973,1112707072.0,0.4473000000018146
forecaster-tenant-pool,2026-02-01 22:41:37,0.0024842526348245126,1112752128.0,1.4366999999990488
forecaster-tenant-pool,2026-02-01 22:42:07,0.0015041164033367984,1112457216.0,0.20829999999653712
forecaster-tenant-pool,2026-02-01 22:42:37,0.002685821126041374,1112506368.0,0.9477999999997943
forecaster-tenant-pool,2026-02-01 22:43:07,0.002124521330141327,1112911872.0,0.3643000000029739
forecaster-tenant-pool,2026-02-01 22:43:37,0.0020281824355100017,1112592384.0,1.247400000000804
forecaster-tenant-pool,2026-02-01 22:44:07,0.0012458740303933717,1112612864.0,0.1968999999970644
forecaster-tenant-pool,2026-02-01 22:44:37,0.0019515370939088164,1112662016.0,1.1156000000019048
forecaster-tenant-pool,2026-02-01 22:45:07,0.0015587912850055698,1112694784.0,0.20790000000251893
forecaster-tenant-pool,2026-02-01 22:45:37,0.00219848349580834,1112731648.0,1.2532999999959429
forecaster-tenant-pool,2026-02-01 22:46:07,0.0020019026651219886,1112784896.0,0.18880000000020422
forecaster-tenant-pool,2026-02-01 22:46:37,0.002273687718393588,1112801280.0,1.2762000000036398
forecaster-tenant-pool,2026-02-01 22:47:07,0.0008531327905984183,1112535040.0,0.13519999999740925
forecaster-tenant-pool,2026-02-01 22:47:37,0.002336131790963002,1112555520.0,1.5223000000032698
forecaster-tenant-pool,2026-02-01 22:48:07,0.001997384315195586,1112633344.0,0.27729999999871024
forecaster-tenant-pool,2026-02-01 22:48:37,0.0020842078113000985,1112625152.0,1.352599999999317
forecaster-tenant-pool,2026-02-01 22:49:07,0.0020342174737677547,1112694784.0,0.09399999999944461
forecaster-tenant-pool,2026-02-01 22:49:37,0.0023280130020357863,1112690688.0,1.2220999999980753
forecaster-tenant-pool,2026-02-01 22:50:07,0.00042630075575283977,1112694784.0,0.2268000000018219
forecaster-tenant-pool,2026-02-01 22:50:07,0.001965231250556523,1113063424.0,0.2268000000018219
forecaster-tenant-pool,2026-02-01 22:50:37,0.002255207335049593,1112784896.0,1.279900000002211
forecaster-tenant-pool,2026-02-01 22:51:07,0.0020938326343218293,1112854528.0,0.2651000000008935
forecaster-tenant-pool,2026-02-01 22:51:37,0.0020512745382698836,1112854528.0,1.3043999999951361
forecaster-tenant-pool,2026-02-01 22:52:07,0.0010997412378325985,1112551424.0,0.22049999999878006
forecaster-tenant-pool,2026-02-01 22:52:37,0.0018820818602448186,1112633344.0,1.2334000000023175
forecaster-tenant-pool,2026-02-01 22:53:07,0.0013903456440962005,1112657920.0,0.12300000000329116
forecaster-tenant-pool,2026-02-01 22:53:37,0.002148364608688505,1112707072.0,1.140299999996811
forecaster-tenant-pool,2026-02-01 22:54:07,0.0014591343312268352,1113010176.0,0.488300000000163
forecaster-tenant-pool,2026-02-01 22:54:37,0.0022798810525118756,1112793088.0,1.3811000000029403
forecaster-tenant-pool,2026-02-01 22:55:07,0.0017052140571964347,1113411584.0,0.09749999999561017
forecaster-tenant-pool,2026-02-01 22:55:37,0.0022070316922739373,1112870912.0,1.3003999999991114
forecaster-tenant-pool,2026-02-01 22:56:07,0.002071663626123159,1113018368.0,0.2078000000031049
forecaster-tenant-pool,2026-02-01 22:56:37,0.0019081667617646127,1112940544.0,1.3040999999985918
forecaster-tenant-pool,2026-02-01 22:57:07,0.0018431919821931316,1112702976.0,0.10190000000396443
forecaster-tenant-pool,2026-02-01 22:57:37,0.00226675605339034,1112682496.0,1.100699999997414
forecaster-tenant-pool,2026-02-01 22:58:07,0.0017922367265811577,1112707072.0,0.34810000000416036
forecaster-tenant-pool,2026-02-01 22:58:37,0.0021645250745352517,1112752128.0,1.0315999999944325
forecaster-tenant-pool,2026-02-01 22:59:07,0.0017811492759731032,1113047040.0,0.4687000000041735
forecaster-tenant-pool,2026-02-01 22:59:37,0.002112742693181906,1112821760.0,1.2351999999946808
forecaster-tenant-pool,2026-02-01 23:00:02,0.00040729739896726297,1112817664.0,0.17820000000289535
forecaster-tenant-pool,2026-02-01 23:00:07,0.0018101129647264903,1112858624.0,0.17820000000289535
forecaster-tenant-pool,2026-02-01 23:00:32,0.0022875960726206545,1112915968.0,1.2658999999986311
forecaster-tenant-pool,2026-02-01 23:01:02,0.0008059807465698399,1112973312.0,0.30579999999954455
forecaster-tenant-pool,2026-02-01 23:01:32,0.0018074377029559947,1113042944.0,0.9728000000042205
forecaster-tenant-pool,2026-02-01 23:02:02,0.0012414582329157077,1112756224.0,0.5253999999938362
forecaster-tenant-pool,2026-02-01 23:02:32,0.0018696586644487124,1112801280.0,0.8217000000076344
forecaster-tenant-pool,2026-02-01 23:03:02,0.0008019362365860974,1112829952.0,0.41299999999312903
forecaster-tenant-pool,2026-02-01 23:03:32,0.0029551685412171967,1112875008.0,0.8711000000032679
forecaster-tenant-pool,2026-02-01 23:04:02,0.0005238157677792054,1112875008.0,0.6428000000010797
forecaster-tenant-pool,2026-02-01 23:04:32,0.0018612165709696708,1112944640.0,1.2906999999993787
forecaster-tenant-pool,2026-02-01 23:05:02,0.0004826174958113599,1113268224.0,0.08630000000175642
forecaster-tenant-pool,2026-02-01 23:05:32,0.001980748036319613,1113010176.0,1.2345999999955894
forecaster-tenant-pool,2026-02-01 23:06:02,0.0004226713201839774,1113010176.0,0.20640000000057626
forecaster-tenant-pool,2026-02-01 23:06:32,0.0020564082727549796,1113079808.0,0.9585999999980535
forecaster-tenant-pool,2026-02-01 23:07:02,0.0014938263636987523,1112772608.0,0.29170000000467555
forecaster-tenant-pool,2026-02-01 23:07:32,0.0025608851264578027,1112821760.0,1.3495999999975539
forecaster-tenant-pool,2026-02-01 23:08:02,0.0015706439067649626,1112850432.0,0.20860000000490497
forecaster-tenant-pool,2026-02-01 23:08:32,0.0020152032025998446,1112891392.0,1.1454999999989013
forecaster-tenant-pool,2026-02-01 23:09:02,0.0005231099128965502,1112915968.0,0.20859999999884166
forecaster-tenant-pool,2026-02-01 23:09:32,0.0017850712766115718,1112961024.0,1.1220999999989243
forecaster-tenant-pool,2026-02-01 23:10:02,0.00039833942150963606,1112961024.0,0.33209999999617135
forecaster-tenant-pool,2026-02-01 23:10:03,0.0004050681296809453,1112961024.0,0.33209999999617135
forecaster-tenant-pool,2026-02-01 23:10:33,0.0023211762788449683,1113051136.0,1.2380000000008293
forecaster-tenant-pool,2026-02-01 23:11:03,0.0005627016862606741,1113321472.0,0.2804000000004938
forecaster-tenant-pool,2026-02-01 23:11:33,0.0027434153378737966,1113124864.0,1.2349999999982781
forecaster-tenant-pool,2026-02-01 23:12:03,0.0018476677661861077,1112829952.0,0.399500000004385
forecaster-tenant-pool,2026-02-01 23:12:33,0.0017099998753345007,1112875008.0,1.2575999999981529
forecaster-tenant-pool,2026-02-01 23:13:03,0.0011125856997165533,1113411584.0,0.09120000000184518
forecaster-tenant-pool,2026-02-01 23:13:33,0.0023411909570940745,1112944640.0,1.097300000003088
forecaster-tenant-pool,2026-02-01 23:14:03,0.0019346522316648674,1112985600.0,0.5382999999989503
forecaster-tenant-pool,2026-02-01 23:14:33,0.0022845596603491653,1113010176.0,1.4125999999991716
forecaster-tenant-pool,2026-02-01 23:15:03,0.0007444674355283722,1113214976.0,0.06680000000160362
forecaster-tenant-pool,2026-02-01 23:15:33,0.002149847846466065,1112621056.0,1.370099999996334
forecaster-tenant-pool,2026-02-01 23:16:03,0.0003713983031607113,1112621056.0,0.17680000000012416
forecaster-tenant-pool,2026-02-01 23:16:33,0.0020330719423712084,1112690688.0,1.3795000000003104
forecaster-tenant-pool,2026-02-01 23:17:03,0.0006528802155690882,1112911872.0,0.05159999999838571
forecaster-tenant-pool,2026-02-01 23:17:33,0.0018042132331293577,1111777280.0,0.8569000000005569
forecaster-tenant-pool,2026-02-01 23:18:03,0.0003965461634884069,1111777280.0,0.5597000000028249
forecaster-tenant-pool,2026-02-01 23:18:33,0.002255122211960982,1111846912.0,1.3298999999977241
forecaster-tenant-pool,2026-02-01 23:19:03,0.00020391246411127604,1111846912.0,0.08739999999743304
forecaster-tenant-pool,2026-02-01 23:19:33,0.0021111595176682555,1112031232.0,1.0769000000002658
forecaster-tenant-pool,2026-02-01 23:20:03,0.0005223987101203674,1112047616.0,0.446800000002501
forecaster-tenant-pool,2026-02-01 23:20:04,0.0016362074157114945,1112072192.0,0.446800000002501
forecaster-tenant-pool,2026-02-01 23:20:34,0.0019958336465837534,1112178688.0,1.1934000000020508
forecaster-tenant-pool,2026-02-01 23:21:04,0.00023097815653817105,1112236032.0,0.3071000000005976
forecaster-tenant-pool,2026-02-01 23:21:34,0.002610790083383421,1112518656.0,1.1606000000009469
forecaster-tenant-pool,2026-02-01 23:22:04,0.0004270762369044173,1112215552.0,0.21269999999822176
forecaster-tenant-pool,2026-02-01 23:22:34,0.0020835094463312336,1112297472.0,1.256099999994573
forecaster-tenant-pool,2026-02-01 23:23:04,0.00037333476642440963,1112330240.0,0.08600000000757671
forecaster-tenant-pool,2026-02-01 23:23:34,0.0020593107741606158,1112514560.0,1.1949999999972838
forecaster-tenant-pool,2026-02-01 23:24:04,0.0017874345350203096,1112805376.0,0.26799999999869517
forecaster-tenant-pool,2026-02-01 23:24:34,0.0019467666343332467,1112739840.0,1.3322000000031646
forecaster-tenant-pool,2026-02-01 23:25:04,0.0008286433380310389,1112891392.0,0.07869999999335656
forecaster-tenant-pool,2026-02-01 23:25:34,0.0023043219929742044,1113018368.0,1.3250000000052142
forecaster-tenant-pool,2026-02-01 23:26:04,0.0013567144903972568,1113329664.0,0.22290000000175497
forecaster-tenant-pool,2026-02-01 23:26:34,0.0021137987570765296,1113116672.0,1.3152999999931732
forecaster-tenant-pool,2026-02-01 23:27:04,0.0010328458473139407,1113358336.0,0.07910000000107781
forecaster-tenant-pool,2026-02-01 23:27:34,0.0021061055109762345,1112879104.0,1.0306000000010196
forecaster-tenant-pool,2026-02-01 23:28:04,0.00046111452897739736,1112895488.0,0.3959000000031665
forecaster-tenant-pool,2026-02-01 23:28:34,0.0023384129770165616,1112965120.0,1.193400000000353
forecaster-tenant-pool,2026-02-01 23:29:04,0.0015330344345027547,1113006080.0,0.10660000000049574
forecaster-tenant-pool,2026-02-01 23:29:34,0.0022516145277445003,1113116672.0,1.316000000001077
forecaster-tenant-pool,2026-02-01 23:30:03,0.001036446652856005,1113395200.0,0.2158999999926891
forecaster-tenant-pool,2026-02-01 23:30:04,0.0003494125277711268,1113124864.0,0.2158999999926891
forecaster-tenant-pool,2026-02-01 23:30:33,0.0022012123539369684,1113239552.0,1.0315000000055685
forecaster-tenant-pool,2026-02-01 23:31:03,0.0005068710751489863,1113243648.0,0.5151999999984885
forecaster-tenant-pool,2026-02-01 23:31:33,0.002249462881248206,1113309184.0,1.2648999999993977
forecaster-tenant-pool,2026-02-01 23:32:03,0.00041029081114617703,1112989696.0,0.19390000000312285
forecaster-tenant-pool,2026-02-01 23:32:33,0.0017812214492291688,1113059328.0,0.6073999999937465
forecaster-tenant-pool,2026-02-01 23:33:03,0.00018503802330737746,1113059328.0,0.6645000000019838
forecaster-tenant-pool,2026-02-01 23:33:33,0.0019748226805393785,1113014272.0,1.2850000000024009
forecaster-tenant-pool,2026-02-01 23:34:03,0.0017174750494414594,1113018368.0,0.18999999999929665
forecaster-tenant-pool,2026-02-01 23:34:33,0.0017677161667599471,1113100288.0,1.2454999999988408
forecaster-tenant-pool,2026-02-01 23:35:03,0.0017358682533797384,1113387008.0,0.09510000000409491
forecaster-tenant-pool,2026-02-01 23:35:33,0.002392525765817519,1113178112.0,1.363999999999093
forecaster-tenant-pool,2026-02-01 23:36:03,0.0007049951066248567,1113223168.0,0.22439999999466334
forecaster-tenant-pool,2026-02-01 23:36:33,0.0017934008149967469,1113280512.0,1.1210999999996905
forecaster-tenant-pool,2026-02-01 23:37:03,0.0006943697555242852,1113219072.0,0.2621000000035565
forecaster-tenant-pool,2026-02-01 23:37:33,0.002471819017874093,1113018368.0,1.2729000000006636
forecaster-tenant-pool,2026-02-01 23:38:03,0.0004103733475379121,1113059328.0,0.21859999999893867
forecaster-tenant-pool,2026-02-01 23:38:33,0.0019989875980299253,1113145344.0,1.3314000000030017
forecaster-tenant-pool,2026-02-01 23:39:03,0.0002216328423792463,1113165824.0,0.09069999999774153
forecaster-tenant-pool,2026-02-01 23:39:33,0.0019246206172440084,1113239552.0,1.4349999999957315
forecaster-tenant-pool,2026-02-01 23:40:02,0.00046634833075694007,1113112576.0,0.20850000000173166
forecaster-tenant-pool,2026-02-01 23:40:03,0.00045941114608212617,1113112576.0,0.20850000000173166
forecaster-tenant-pool,2026-02-01 23:40:32,0.002955434181122997,1113206784.0,1.2304000000020703
forecaster-tenant-pool,2026-02-01 23:41:02,0.00050749551229734,1113206784.0,0.3158999999977823
forecaster-tenant-pool,2026-02-01 23:41:32,0.0020732133791201085,1113276416.0,1.2647000000002055
forecaster-tenant-pool,2026-02-01 23:42:02,0.00044944090227430936,1112961024.0,0.20450000000297827
forecaster-tenant-pool,2026-02-01 23:42:32,0.0020067698331380284,1113026560.0,1.3017999999975776
forecaster-tenant-pool,2026-02-01 23:43:02,0.00024468330092040897,1113034752.0,0.08190000000043558
forecaster-tenant-pool,2026-02-01 23:43:32,0.0018229676654750696,1113124864.0,1.0075999999971827
forecaster-tenant-pool,2026-02-01 23:44:02,0.0007866742817239697,1113227264.0,0.42870000000208774
forecaster-tenant-pool,2026-02-01 23:44:32,0.002090349956864435,1113194496.0,1.2148000000054406
forecaster-tenant-pool,2026-02-01 23:45:02,0.0007012562213279698,1113268224.0,0.21089999999736997
forecaster-tenant-pool,2026-02-01 23:45:32,0.0023947677987684085,1113264128.0,1.2132999999966463
forecaster-tenant-pool,2026-02-01 23:46:02,0.0006360628242853875,1113264128.0,0.23310000000310535
forecaster-tenant-pool,2026-02-01 23:46:32,0.002344465347241438,1113333760.0,1.4211999999987408
forecaster-tenant-pool,2026-02-01 23:47:02,0.00040491530405690844,1113006080.0,0.10219999999923554
forecaster-tenant-pool,2026-02-01 23:47:32,0.0017942543712931578,1113071616.0,1.3880000000026484
forecaster-tenant-pool,2026-02-01 23:48:02,0.0004521109302652792,1113075712.0,0.1771000000015192
forecaster-tenant-pool,2026-02-01 23:48:32,0.0021409793818703685,1112817664.0,1.2426999999962087
forecaster-tenant-pool,2026-02-01 23:49:02,0.00045261390187952114,1112911872.0,0.046800000003228585
forecaster-tenant-pool,2026-02-01 23:49:32,0.002112547045317665,1112883200.0,0.8825999999962126
forecaster-tenant-pool,2026-02-01 23:50:02,0.00047731958760708753,1112883200.0,0.46949999999875824
forecaster-tenant-pool,2026-02-01 23:50:02,0.0004198491760896557,1112883200.0,0.46949999999875824
forecaster-tenant-pool,2026-02-01 23:50:32,0.002224692295305642,1112190976.0,1.2753000000043055
forecaster-tenant-pool,2026-02-01 23:51:02,0.00021881834523220805,1112190976.0,0.2895999999950921
forecaster-tenant-pool,2026-02-01 23:51:32,0.001965871021323327,1112260608.0,1.0217000000050271
forecaster-tenant-pool,2026-02-01 23:52:02,0.0006869312961276907,1109573632.0,0.4075999999971827
forecaster-tenant-pool,2026-02-01 23:52:32,0.0022805710354989036,1109721088.0,1.0309999999986759
forecaster-tenant-pool,2026-02-01 23:53:02,0.0011683780534424183,1109999616.0,0.4711999999997109
forecaster-tenant-pool,2026-02-01 23:53:32,0.0018184662399707095,1109843968.0,1.2680000000062135
forecaster-tenant-pool,2026-02-01 23:54:02,0.0003644383996645158,1109843968.0,0.17459999999615924
forecaster-tenant-pool,2026-02-01 23:54:32,0.002775951975970141,1109913600.0,1.3533999999985098
forecaster-tenant-pool,2026-02-01 23:55:02,0.0002221395640682131,1109979136.0,0.08449999999975262
forecaster-tenant-pool,2026-02-01 23:55:32,0.0020369447678069046,1110048768.0,1.3601000000024215
forecaster-tenant-pool,2026-02-01 23:56:02,0.000407341355840282,1110052864.0,0.18769999999822176
forecaster-tenant-pool,2026-02-01 23:56:32,0.0021593752922437178,1109860352.0,1.3755999999974544
forecaster-tenant-pool,2026-02-01 23:57:02,0.0002572676463405019,1109528576.0,0.09310000000053455
forecaster-tenant-pool,2026-02-01 23:57:32,0.001975080548092496,1109606400.0,1.2121000000016162
forecaster-tenant-pool,2026-02-01 23:58:02,0.00047805217575599247,1109639168.0,0.22320000000509027
forecaster-tenant-pool,2026-02-01 23:58:32,0.0018480570216895145,1109848064.0,1.3708999999929803
forecaster-tenant-pool,2026-02-01 23:59:02,0.00024813386402395497,1109864448.0,0.09730000000308792
forecaster-tenant-pool,2026-02-01 23:59:32,0.0025479294328746805,1109966848.0,1.3137000000000019
forecaster-tenant-pool,2026-02-02 00:00:02,0.00041915682201220793,1109975040.0,0.18850000000190145
forecaster-tenant-pool,2026-02-02 00:00:04,0.0016004223024558963,1110003712.0,0.18850000000190145
forecaster-tenant-pool,2026-02-02 00:00:34,0.00285225574757099,1110122496.0,1.2561999999947147
forecaster-tenant-pool,2026-02-02 00:01:04,0.0016424879167081245,1110245376.0,0.2910000000021682
forecaster-tenant-pool,2026-02-02 00:01:34,0.0029072778462749375,1110376448.0,1.1943000000004151
forecaster-tenant-pool,2026-02-02 00:02:04,0.0021049580430720074,1110650880.0,0.30450000000031047
forecaster-tenant-pool,2026-02-02 00:02:34,0.002220259074466254,1110167552.0,1.2751000000008692
forecaster-tenant-pool,2026-02-02 00:03:04,0.0002432572124170864,1110228992.0,0.08819999999783855
forecaster-tenant-pool,2026-02-02 00:03:34,0.002163213607048059,1110335488.0,1.117000000002372
forecaster-tenant-pool,2026-02-02 00:04:04,0.0004723259542442031,1110622208.0,0.34329999999681604
forecaster-tenant-pool,2026-02-02 00:04:34,0.0020954390541640423,1110532096.0,1.3516000000019024
forecaster-tenant-pool,2026-02-02 00:05:04,0.0002628471181793711,1110568960.0,0.0971999999985807
forecaster-tenant-pool,2026-02-02 00:05:34,0.0016823533837927477,1110634496.0,1.3133000000017394
forecaster-tenant-pool,2026-02-02 00:06:04,0.001388317102297083,1110667264.0,0.17980000000206928
forecaster-tenant-pool,2026-02-02 00:06:34,0.0018509775985339437,1110704128.0,1.0107999999973496
forecaster-tenant-pool,2026-02-02 00:07:04,0.00021097097627408338,1110380544.0,0.4465000000045014
forecaster-tenant-pool,2026-02-02 00:07:34,0.0024368955676975926,1110450176.0,1.4948999999937465
forecaster-tenant-pool,2026-02-02 00:08:04,0.0003639958365670396,1110450176.0,0.07940000000453437
forecaster-tenant-pool,2026-02-02 00:08:34,0.002505223247888887,1110519808.0,1.201099999999254
forecaster-tenant-pool,2026-02-02 00:09:04,0.001361776071132269,1110544384.0,0.3299999999996847
forecaster-tenant-pool,2026-02-02 00:09:34,0.0019478717857652136,1110609920.0,1.294099999997828
forecaster-tenant-pool,2026-02-02 00:10:02,0.0020538786656489672,1110663168.0,0.09700000000423946
forecaster-tenant-pool,2026-02-02 00:10:04,0.0020538786656489672,1110663168.0,0.09700000000423946
forecaster-tenant-pool,2026-02-02 00:10:32,0.0023155176955020787,1110704128.0,1.3883000000008907
forecaster-tenant-pool,2026-02-02 00:11:02,0.0001991427168156643,1110704128.0,0.3313999999939066
forecaster-tenant-pool,2026-02-02 00:11:32,0.0026542022641241865,1110769664.0,1.3834999999997915
forecaster-tenant-pool,2026-02-02 00:12:02,0.0004292597289512667,1110450176.0,0.08050000000451595
forecaster-tenant-pool,2026-02-02 00:12:32,0.0017433306575242614,1110519808.0,1.385100000000845
forecaster-tenant-pool,2026-02-02 00:13:02,0.0008360444672956683,1110528000.0,0.10239999999927629
forecaster-tenant-pool,2026-02-02 00:13:32,0.002286645350241876,1110589440.0,1.2481999999974505
forecaster-tenant-pool,2026-02-02 00:14:02,0.0003986227591879208,1110589440.0,0.2013000000018413
forecaster-tenant-pool,2026-02-02 00:14:32,0.0018916865867579782,1110663168.0,1.0926000000003113
forecaster-tenant-pool,2026-02-02 00:15:02,0.00045266586396368075,1110659072.0,0.3409000000011777
forecaster-tenant-pool,2026-02-02 00:15:32,0.0019869861363499383,1110728704.0,1.2560999999969984
forecaster-tenant-pool,2026-02-02 00:16:02,0.0004204975559129188,1110732800.0,0.08950000000186265
forecaster-tenant-pool,2026-02-02 00:16:32,0.001799026717163421,1110802432.0,1.263599999997435
forecaster-tenant-pool,2026-02-02 00:17:02,0.0004154212623813986,1110827008.0,0.09810000000240203
forecaster-tenant-pool,2026-02-02 00:17:32,0.002125940979099165,1110650880.0,0.8139999999998205
forecaster-tenant-pool,2026-02-02 00:18:02,0.001876480980689488,1110683648.0,0.5492000000002009
forecaster-tenant-pool,2026-02-02 00:18:32,0.002456244082644266,1110740992.0,1.5484999999964204
forecaster-tenant-pool,2026-02-02 00:19:02,0.000256337734354581,1110753280.0,0.22830000000285508
forecaster-tenant-pool,2026-02-02 00:19:32,0.0016749639269847032,1110822912.0,1.0101000000035127
forecaster-tenant-pool,2026-02-02 00:20:02,0.0004887124896179516,1110822912.0,0.29189999999932
forecaster-tenant-pool,2026-02-02 00:20:02,0.0004901879392753931,1110822912.0,0.29189999999932
forecaster-tenant-pool,2026-02-02 00:20:32,0.0027049219464751993,1110917120.0,1.1675999999994626
forecaster-tenant-pool,2026-02-02 00:21:02,0.0004729339951380952,1111052288.0,0.4264999999967889
forecaster-tenant-pool,2026-02-02 00:21:32,0.0018673829511216956,1111166976.0,1.3081000000012866
forecaster-tenant-pool,2026-02-02 00:22:02,0.0008492686646042698,1110872064.0,0.08579999999807722
forecaster-tenant-pool,2026-02-02 00:22:32,0.0017030276660922462,1110937600.0,1.3021000000029743
forecaster-tenant-pool,2026-02-02 00:23:02,0.0018019956430114876,1110978560.0,0.0927999999995033
forecaster-tenant-pool,2026-02-02 00:23:32,0.0024402422817034423,1111019520.0,1.2283000000012785
forecaster-tenant-pool,2026-02-02 00:24:02,0.0012887478486799343,1111289856.0,0.08349999999675978
forecaster-tenant-pool,2026-02-02 00:24:32,0.001709785934143825,1111080960.0,1.3494000000025457
forecaster-tenant-pool,2026-02-02 00:25:02,0.001538467312455088,1111121920.0,0.055400000000372526
forecaster-tenant-pool,2026-02-02 00:25:32,0.002438644934314076,1110269952.0,1.2919000000004113
forecaster-tenant-pool,2026-02-02 00:26:02,0.00034433193559625544,1110269952.0,0.04749999999379118
forecaster-tenant-pool,2026-02-02 00:26:32,0.0019750153815652556,1110339584.0,1.2798000000029182
forecaster-tenant-pool,2026-02-02 00:27:02,0.0019010706286357944,1110368256.0,0.2047999999970974
forecaster-tenant-pool,2026-02-02 00:27:32,0.0018102309471496262,1110085632.0,1.368000000001363
forecaster-tenant-pool,2026-02-02 00:28:02,0.0017439183651324392,1110364160.0,0.10450000000455474
forecaster-tenant-pool,2026-02-02 00:28:32,0.0020205110408743235,1110151168.0,1.489099999996688
forecaster-tenant-pool,2026-02-02 00:29:02,0.00025701971083685497,1110216704.0,0.09630000000070141
forecaster-tenant-pool,2026-02-02 00:29:32,0.0022625056934200984,1110302720.0,1.3942000000026988
forecaster-tenant-pool,2026-02-02 00:30:02,0.00035676417023343594,1110306816.0,0.09469999999637366
forecaster-tenant-pool,2026-02-02 00:30:04,0.0007300081641262684,1110339584.0,0.09469999999637366
forecaster-tenant-pool,2026-02-02 00:30:34,0.0022550550556065968,1110495232.0,1.0913999999994606
forecaster-tenant-pool,2026-02-02 00:31:04,0.001022030579907495,1110949888.0,0.5648999999984274
forecaster-tenant-pool,2026-02-02 00:31:34,0.002068370071817863,1110720512.0,1.1604000000052717
forecaster-tenant-pool,2026-02-02 00:32:04,0.0003975478643829049,1110429696.0,0.09930000000070625
forecaster-tenant-pool,2026-02-02 00:32:34,0.0019032116050122724,1110519808.0,0.688099999995029
forecaster-tenant-pool,2026-02-02 00:33:04,0.001188683426146809,1110786048.0,0.7152000000003075
forecaster-tenant-pool,2026-02-02 00:33:34,0.002199393108854009,1110597632.0,1.2894000000019636
forecaster-tenant-pool,2026-02-02 00:34:04,0.0003899928865979556,1110597632.0,0.0839999999988019
forecaster-tenant-pool,2026-02-02 00:34:34,0.001785866859018698,1110667264.0,1.310100000003513
forecaster-tenant-pool,2026-02-02 00:35:04,0.0009456231853925984,1110687744.0,0.10899999999601277
forecaster-tenant-pool,2026-02-02 00:35:34,0.0018069382277221145,1110765568.0,1.0649999999979627
forecaster-tenant-pool,2026-02-02 00:36:04,0.0006661055157384033,1110704128.0,0.2216000000033091
forecaster-tenant-pool,2026-02-02 00:36:34,0.0020661722827787312,1110843392.0,0.964099999997658
forecaster-tenant-pool,2026-02-02 00:37:04,0.0002709844869990729,1110511616.0,0.41410000000263003
forecaster-tenant-pool,2026-02-02 00:37:34,0.002806398649390568,1110585344.0,1.3534999999970752
forecaster-tenant-pool,2026-02-02 00:38:04,0.0016744520497805192,1110646784.0,0.08450000000423946
forecaster-tenant-pool,2026-02-02 00:38:34,0.0017014707236289257,1110650880.0,1.366900000001139
forecaster-tenant-pool,2026-02-02 00:39:04,0.0002297927204944788,1110650880.0,0.09499999999643477
forecaster-tenant-pool,2026-02-02 00:39:34,0.0025765549965664062,1110720512.0,0.971300000001429
forecaster-tenant-pool,2026-02-02 00:40:03,0.0004428405093696488,1110720512.0,0.46989999999726323
forecaster-tenant-pool,2026-02-02 00:40:04,0.00038767892132598135,1110720512.0,0.46989999999726323
forecaster-tenant-pool,2026-02-02 00:40:33,0.002316414962194603,1110818816.0,1.4335000000047633
forecaster-tenant-pool,2026-02-02 00:41:03,0.0004670133059557093,1110818816.0,0.26249999999842355
forecaster-tenant-pool,2026-02-02 00:41:33,0.0020965179434376574,1111031808.0,1.3094999999956296
forecaster-tenant-pool,2026-02-02 00:42:03,0.0004232853284526454,1110728704.0,0.09820000000654545
forecaster-tenant-pool,2026-02-02 00:42:33,0.002425738935630917,1110806528.0,1.444499999994635
forecaster-tenant-pool,2026-02-02 00:43:03,0.0017653753851310083,1110986752.0,0.12180000000577516
forecaster-tenant-pool,2026-02-02 00:43:33,0.0018814793249459787,1110908928.0,1.3660999999985506
forecaster-tenant-pool,2026-02-02 00:44:03,0.00034046897607036415,1110908928.0,0.09249999999871458
forecaster-tenant-pool,2026-02-02 00:44:33,0.0016834929261446956,1110978560.0,1.1521000000017618
forecaster-tenant-pool,2026-02-02 00:45:03,0.0014194889789463179,1111793664.0,0.2638999999966472
forecaster-tenant-pool,2026-02-02 00:45:33,0.002478956871696683,1111048192.0,1.268299999998635
forecaster-tenant-pool,2026-02-02 00:46:03,0.00039203436493190336,1111052288.0,0.09790000000321016
forecaster-tenant-pool,2026-02-02 00:46:33,0.0020074567199734874,1111162880.0,1.353900000001886
forecaster-tenant-pool,2026-02-02 00:47:03,0.0009384409696552585,1111130112.0,0.08169999999384647
forecaster-tenant-pool,2026-02-02 00:47:33,0.0017615434968097214,1110982656.0,1.1031000000054823
forecaster-tenant-pool,2026-02-02 00:48:03,0.000655285431579683,1111515136.0,0.3086999999976494
forecaster-tenant-pool,2026-02-02 00:48:33,0.0018785916170714755,1111056384.0,1.3295999999986332
forecaster-tenant-pool,2026-02-02 00:49:03,0.000667476814417096,1111068672.0,0.09530000000316552
forecaster-tenant-pool,2026-02-02 00:49:33,0.002193269158191977,1111126016.0,1.2422999999975826
forecaster-tenant-pool,2026-02-02 00:50:03,0.0005673098662959365,1111126016.0,0.11599999999828772
forecaster-tenant-pool,2026-02-02 00:50:07,0.00212336060382651,1111175168.0,0.11599999999828772
forecaster-tenant-pool,2026-02-02 00:50:37,0.002232030957233867,1111216128.0,1.4385999999993753
forecaster-tenant-pool,2026-02-02 00:51:07,0.0008141182300902743,1111486464.0,0.2868000000030103
forecaster-tenant-pool,2026-02-02 00:51:37,0.0018618336696890623,1111285760.0,1.3204999999988407
forecaster-tenant-pool,2026-02-02 00:52:07,0.001910732290713398,1111252992.0,0.1042000000013407
forecaster-tenant-pool,2026-02-02 00:52:37,0.0020192344401709613,1111035904.0,1.3603999999998146
forecaster-tenant-pool,2026-02-02 00:53:07,0.0005945459077711175,1111130112.0,0.09899999999979626
forecaster-tenant-pool,2026-02-02 00:53:37,0.0021494261728428996,1111105536.0,1.042300000000493
forecaster-tenant-pool,2026-02-02 00:54:07,0.0006638251629321068,1110933504.0,0.28809999999830327
forecaster-tenant-pool,2026-02-02 00:54:37,0.0015304295162357974,1110990848.0,1.161200000004222
forecaster-tenant-pool,2026-02-02 00:55:07,0.0001553828845701597,1110990848.0,0.16829999999608844
forecaster-tenant-pool,2026-02-02 00:55:37,0.002208360865577478,1111056384.0,1.1559000000047186
forecaster-tenant-pool,2026-02-02 00:56:07,0.0009233766160340729,1111318528.0,0.06609999999491266
forecaster-tenant-pool,2026-02-02 00:56:37,0.0019995536828748576,1110437888.0,1.2802000000021507
forecaster-tenant-pool,2026-02-02 00:57:07,0.0011195963318295311,1109868544.0,0.18229999999809174
forecaster-tenant-pool,2026-02-02 00:57:37,0.002093032283533716,1109917696.0,1.0682999999986351
forecaster-tenant-pool,2026-02-02 00:58:07,0.0022217782964118653,1110130688.0,0.19440000000467988
forecaster-tenant-pool,2026-02-02 00:58:37,0.0024925396264608318,1110048768.0,1.428199999999803
forecaster-tenant-pool,2026-02-02 00:59:07,0.0018186849465135523,1110339584.0,0.092100000001786
forecaster-tenant-pool,2026-02-02 00:59:37,0.0023794393478688,1110171648.0,1.249299999998402
forecaster-tenant-pool,2026-02-02 01:00:06,0.001482364550340999,1110343680.0,0.11640000000079453
forecaster-tenant-pool,2026-02-02 01:00:07,0.001482364550340999,1110343680.0,0.11640000000079453
forecaster-tenant-pool,2026-02-02 01:00:36,0.0020566100775485023,1110544384.0,1.3891999999990123
forecaster-tenant-pool,2026-02-02 01:01:06,0.001599420491030262,1110900736.0,0.4128000000000611
forecaster-tenant-pool,2026-02-02 01:01:36,0.0021338129289035675,1110745088.0,1.3821999999995267
forecaster-tenant-pool,2026-02-02 01:02:06,0.0020409127615816703,1110659072.0,0.09270000000045306
forecaster-tenant-pool,2026-02-02 01:02:36,0.0025237664639108444,1110638592.0,1.3685999999979686
forecaster-tenant-pool,2026-02-02 01:03:06,0.0002116835051298681,1110638592.0,0.07870000000014746
forecaster-tenant-pool,2026-02-02 01:03:36,0.0018171147336603238,1110712320.0,0.6012999999965056
forecaster-tenant-pool,2026-02-02 01:04:06,0.0015673716333788413,1110777856.0,0.8024000000018229
forecaster-tenant-pool,2026-02-02 01:04:36,0.002955945554262546,1110806528.0,1.0932000000005548
forecaster-tenant-pool,2026-02-02 01:05:06,0.001988338798577333,1111650304.0,0.3692999999998089
forecaster-tenant-pool,2026-02-02 01:05:36,0.001874256986967759,1110888448.0,1.1701999999979307
forecaster-tenant-pool,2026-02-02 01:06:06,0.0017480594250068278,1111285760.0,0.23030000000714304
forecaster-tenant-pool,2026-02-02 01:06:36,0.0019601637209976227,1111048192.0,1.3556999999963106
forecaster-tenant-pool,2026-02-02 01:07:06,0.0002700641280811568,1110794240.0,0.1411000000010972
forecaster-tenant-pool,2026-02-02 01:07:36,0.0021970474445456214,1110892544.0,0.1769000000020848
forecaster-tenant-pool,2026-02-02 01:08:06,0.0008015554420997741,1110896640.0,1.270999999994577
forecaster-tenant-pool,2026-02-02 01:08:36,0.002529222607073144,1110962176.0,1.3833000000059352
forecaster-tenant-pool,2026-02-02 01:09:06,0.00017220984151592535,1110962176.0,0.06359999999282688
forecaster-tenant-pool,2026-02-02 01:09:36,0.0018191929200758357,1111031808.0,1.1838999999997517
forecaster-tenant-pool,2026-02-02 01:10:02,0.0006914711266334227,1111314432.0,0.04820000000763684
forecaster-tenant-pool,2026-02-02 01:10:06,0.0006914711266334227,1111314432.0,0.04820000000763684
forecaster-tenant-pool,2026-02-02 01:10:32,0.0028994385882477654,1110466560.0,1.0957538994747478
forecaster-tenant-pool,2026-02-02 01:11:02,0.0012622664688650385,1110736896.0,0.4707627683705441
forecaster-tenant-pool,2026-02-02 01:11:32,0.0016406927030055798,1110532096.0,1.1614999999990687
forecaster-tenant-pool,2026-02-02 01:12:02,0.00047378230275143526,1110220800.0,0.10420000000388731
forecaster-tenant-pool,2026-02-02 01:12:32,0.0026787348478238774,1110294528.0,1.5013999999973748
forecaster-tenant-pool,2026-02-02 01:13:02,0.0002479152146484157,1110294528.0,0.08049999999772504
forecaster-tenant-pool,2026-02-02 01:13:32,0.0019050480240327974,1110384640.0,0.9777000000038242
forecaster-tenant-pool,2026-02-02 01:14:02,0.0004807828523639842,1110462464.0,0.4554999999945721
forecaster-tenant-pool,2026-02-02 01:14:32,0.002126475185563884,1110704128.0,1.323900000007052
forecaster-tenant-pool,2026-02-02 01:15:02,0.0008183898827363106,1111257088.0,0.1348999999999554
forecaster-tenant-pool,2026-02-02 01:15:32,0.0017228447139883342,1110904832.0,1.2594999999963572
forecaster-tenant-pool,2026-02-02 01:16:02,0.00038384747509993724,1110929408.0,0.07449999999832169
forecaster-tenant-pool,2026-02-02 01:16:32,0.002213064158757152,1111044096.0,1.330300000000352
forecaster-tenant-pool,2026-02-02 01:17:02,0.00027815358260044635,1110720512.0,0.11780000000544533
forecaster-tenant-pool,2026-02-02 01:17:32,0.002236494471617718,1110790144.0,0.9540999999987737
forecaster-tenant-pool,2026-02-02 01:18:02,0.0016884375760951114,1110806528.0,0.3367000000009284
forecaster-tenant-pool,2026-02-02 01:18:32,0.0019403301984657003,1110876160.0,1.3242999999982807
forecaster-tenant-pool,2026-02-02 01:19:02,0.0006711676312596613,1111085056.0,0.08929999999684998
forecaster-tenant-pool,2026-02-02 01:19:32,0.0017362080066328468,1110958080.0,1.2074000000047818
forecaster-tenant-pool,2026-02-02 01:20:02,0.0003686018173305607,1110966272.0,0.0896999999940211
forecaster-tenant-pool,2026-02-02 01:20:02,0.0013057578803331398,1110966272.0,0.0896999999940211
forecaster-tenant-pool,2026-02-02 01:20:32,0.002135989990389319,1111064576.0,1.3315000000005968
forecaster-tenant-pool,2026-02-02 01:21:02,0.0011316956351063111,1111089152.0,0.2721000000049874
forecaster-tenant-pool,2026-02-02 01:21:32,0.0020859761648725126,1111150592.0,1.1681999999931578
forecaster-tenant-pool,2026-02-02 01:22:02,0.0010205391028417436,1111113728.0,0.19340000000386984
forecaster-tenant-pool,2026-02-02 01:22:32,0.0025123090066014996,1110913024.0,1.4935999999969984
forecaster-tenant-pool,2026-02-02 01:23:02,0.0020534114010461613,1110953984.0,0.12020000000314515
forecaster-tenant-pool,2026-02-02 01:23:32,0.0020595330275693952,1110982656.0,1.4657000000010156
forecaster-tenant-pool,2026-02-02 01:24:02,0.0004692333368010819,1110982656.0,0.09189999999931994
forecaster-tenant-pool,2026-02-02 01:24:32,0.0027353576524782874,1111089152.0,0.8942000000005161
forecaster-tenant-pool,2026-02-02 01:25:02,0.0003058149156116419,1111093248.0,0.4720000000015716
forecaster-tenant-pool,2026-02-02 01:25:32,0.0018959618991231152,1111154688.0,1.2194999999953626
forecaster-tenant-pool,2026-02-02 01:26:02,0.00039584280673422964,1111158784.0,0.10240000000267174
forecaster-tenant-pool,2026-02-02 01:26:32,0.0023354107923799954,1111224320.0,1.3197000000004966
forecaster-tenant-pool,2026-02-02 01:27:02,0.00026114055387062003,1111040000.0,0.10010000000123304
forecaster-tenant-pool,2026-02-02 01:27:32,0.001988139925748407,1111113728.0,1.2708999999962542
forecaster-tenant-pool,2026-02-02 01:28:02,0.0003925521280599238,1111121920.0,0.09119999999869227
forecaster-tenant-pool,2026-02-02 01:28:32,0.002234460239719326,1111195648.0,1.410800000003898
forecaster-tenant-pool,2026-02-02 01:29:02,0.0015965890269279417,1111552000.0,0.0958000000014484
forecaster-tenant-pool,2026-02-02 01:29:32,0.001906301498550744,1111273472.0,1.1656999999968927
forecaster-tenant-pool,2026-02-02 01:30:01,0.00046313954724304184,1111277568.0,0.1947000000012243
forecaster-tenant-pool,2026-02-02 01:30:02,0.00046313954724304184,1111277568.0,0.1947000000012243
forecaster-tenant-pool,2026-02-02 01:30:31,0.0022809373167218807,1111367680.0,1.3621999999955734
forecaster-tenant-pool,2026-02-02 01:31:01,0.0004902980903009909,1111367680.0,0.2582000000053085
forecaster-tenant-pool,2026-02-02 01:31:31,0.0016454204721334394,1111437312.0,1.127399999995032
forecaster-tenant-pool,2026-02-02 01:32:01,0.0011754793641372205,1111130112.0,0.23170000000609436
forecaster-tenant-pool,2026-02-02 01:32:31,0.002347239920982757,1111183360.0,1.4425999999993413
forecaster-tenant-pool,2026-02-02 01:33:01,0.00023259528073847906,1111183360.0,0.20990000000080425
forecaster-tenant-pool,2026-02-02 01:33:31,0.0024289251468698906,1111252992.0,1.0574999999961923
forecaster-tenant-pool,2026-02-02 01:34:01,0.0009469125783007622,1111252992.0,0.3647000000028735
forecaster-tenant-pool,2026-02-02 01:34:31,0.0020841003060420634,1111322624.0,1.4538999999966715
forecaster-tenant-pool,2026-02-02 01:35:01,0.0002351902622781272,1111322624.0,0.0967000000032082
forecaster-tenant-pool,2026-02-02 01:35:31,0.0028437812432453896,1111392256.0,1.3767000000011953
forecaster-tenant-pool,2026-02-02 01:36:01,0.0011369517697236923,1111920640.0,0.24359999999930249
forecaster-tenant-pool,2026-02-02 01:36:31,0.0022648612348151066,1111482368.0,1.334599999999288
forecaster-tenant-pool,2026-02-02 01:37:01,0.0010703939670110554,1111207936.0,0.2202999999961321
forecaster-tenant-pool,2026-02-02 01:37:31,0.003013110150007075,1111261184.0,1.3484000000046459
forecaster-tenant-pool,2026-02-02 01:38:01,0.00044555062185833367,1111261184.0,0.09339999999610882
forecaster-tenant-pool,2026-02-02 01:38:31,0.0021252867746018576,1111334912.0,1.3730999999990066
forecaster-tenant-pool,2026-02-02 01:39:01,0.00031745209667043454,1111330816.0,0.07820000000610888
forecaster-tenant-pool,2026-02-02 01:39:31,0.001989557449561414,1111437312.0,1.2095999999957712
forecaster-tenant-pool,2026-02-02 01:40:01,0.0008700385715744754,1111703552.0,0.2542999999995421
forecaster-tenant-pool,2026-02-02 01:40:06,0.0020668333683343415,1111511040.0,0.2542999999995421
forecaster-tenant-pool,2026-02-02 01:40:36,0.0024240374594002643,1111539712.0,1.500400000002628
forecaster-tenant-pool,2026-02-02 01:41:06,0.0020044672786051474,1111638016.0,0.27820000000016687
forecaster-tenant-pool,2026-02-02 01:41:36,0.0026914969191329553,1111609344.0,1.3497999999983827
forecaster-tenant-pool,2026-02-02 01:42:06,0.0005462358363761253,1111285760.0,0.08240000000041618
forecaster-tenant-pool,2026-02-02 01:42:36,0.002396056019480218,1111355392.0,1.5200000000031044
forecaster-tenant-pool,2026-02-02 01:43:06,0.00038983515468499344,1111388160.0,0.07439999999490586
forecaster-tenant-pool,2026-02-02 01:43:36,0.0016448264400901942,1111429120.0,1.2196000000047207
forecaster-tenant-pool,2026-02-02 01:44:06,0.000491175062741476,1111425024.0,0.10199999999325277
forecaster-tenant-pool,2026-02-02 01:44:36,0.0020890771594539496,1111494656.0,1.446799999999833
forecaster-tenant-pool,2026-02-02 01:45:06,0.00019811756652007278,1111494656.0,0.09529999999977008
forecaster-tenant-pool,2026-02-02 01:45:36,0.0024408139508389137,1111564288.0,1.1050000000074458
forecaster-tenant-pool,2026-02-02 01:46:06,0.0007684358810120206,1111584768.0,0.20299999999673066
forecaster-tenant-pool,2026-02-02 01:46:36,0.0019397903548979847,1111633920.0,0.8282999999993383
forecaster-tenant-pool,2026-02-02 01:47:06,0.0006862351101026423,1111412736.0,0.5848999999980151
forecaster-tenant-pool,2026-02-02 01:47:36,0.0021553604668194653,1111384064.0,1.3149000000054607
forecaster-tenant-pool,2026-02-02 01:48:06,0.0003818122903229152,1111384064.0,0.07849999999695378
forecaster-tenant-pool,2026-02-02 01:48:36,0.001948090547655676,1111453696.0,1.3631999999994149
forecaster-tenant-pool,2026-02-02 01:49:06,0.0010188555375044157,1111748608.0,0.0953000000040144
forecaster-tenant-pool,2026-02-02 01:49:36,0.0024074903810984583,1111531520.0,1.3179999999967549
forecaster-tenant-pool,2026-02-02 01:50:03,0.0017054351072997946,1111564288.0,0.07889999999606516
forecaster-tenant-pool,2026-02-02 01:50:06,0.0017054351072997946,1111564288.0,0.07889999999606516
forecaster-tenant-pool,2026-02-02 01:50:33,0.0024021050627039396,1111633920.0,1.128700000005483
forecaster-tenant-pool,2026-02-02 01:51:03,0.0007730681972388187,1111818240.0,0.6775000000016007
forecaster-tenant-pool,2026-02-02 01:51:33,0.002357075094348915,1111703552.0,1.2747999999992317
forecaster-tenant-pool,2026-02-02 01:52:03,0.0004921567577397613,1111388160.0,0.10109999999585853
forecaster-tenant-pool,2026-02-02 01:52:33,0.0021922576892769033,1111453696.0,1.4174000000029385
forecaster-tenant-pool,2026-02-02 01:53:03,0.0017809356745179092,1111601152.0,0.08130000000140473
forecaster-tenant-pool,2026-02-02 01:53:33,0.0018135675394312639,1111531520.0,1.2053999999961282
forecaster-tenant-pool,2026-02-02 01:54:03,0.0010786943161934408,1112330240.0,0.08460000000425982
forecaster-tenant-pool,2026-02-02 01:54:33,0.0022200535103087597,1111601152.0,1.2719999999936893
forecaster-tenant-pool,2026-02-02 01:55:03,0.0002459164352428076,1111605248.0,0.19510000000239716
forecaster-tenant-pool,2026-02-02 01:55:33,0.0021787405852181137,1111666688.0,1.3209999999979725
forecaster-tenant-pool,2026-02-02 01:56:03,0.00039728494641561675,1111932928.0,0.11980000000379126
forecaster-tenant-pool,2026-02-02 01:56:33,0.002645217471789986,1111736320.0,1.433699999995588
forecaster-tenant-pool,2026-02-02 01:57:03,0.00040540156089896844,1111420928.0,0.08650000000343425
forecaster-tenant-pool,2026-02-02 01:57:33,0.0018036908092073111,1111482368.0,1.0251999999973729
forecaster-tenant-pool,2026-02-02 01:58:03,0.0005394891682142742,1111531520.0,0.3242000000035962
forecaster-tenant-pool,2026-02-02 01:58:33,0.0019960062808234862,1111547904.0,1.1458999999996498
forecaster-tenant-pool,2026-02-02 01:59:03,0.0008385366027634141,1111814144.0,0.3220000000025417
forecaster-tenant-pool,2026-02-02 01:59:33,0.002157903013437242,1111613440.0,1.2352999999971264
forecaster-tenant-pool,2026-02-02 02:00:02,0.0011146038208328327,1111908352.0,0.11070000000072469
forecaster-tenant-pool,2026-02-02 02:00:03,0.0005130856183381676,1111613440.0,0.11070000000072469
forecaster-tenant-pool,2026-02-02 02:00:32,0.0022729496547916387,1111707648.0,1.0418999999967733
forecaster-tenant-pool,2026-02-02 02:01:02,0.0002942725808629709,1111707648.0,0.6018000000044897
forecaster-tenant-pool,2026-02-02 02:01:32,0.0026389288173007423,1111777280.0,1.255699999994249
forecaster-tenant-pool,2026-02-02 02:02:02,0.0015517578921328415,1111478272.0,0.10180000000170064
forecaster-tenant-pool,2026-02-02 02:02:32,0.00225646336240217,1111523328.0,1.5130000000027697
forecaster-tenant-pool,2026-02-02 02:03:02,0.00022511811590467129,1111527424.0,0.07549999999937428
forecaster-tenant-pool,2026-02-02 02:03:32,0.0020016255808646315,1111592960.0,1.4067999999981113
forecaster-tenant-pool,2026-02-02 02:04:02,0.0008073353791375331,1111654400.0,0.09830000000147265
forecaster-tenant-pool,2026-02-02 02:04:32,0.0021479394783851004,1111662592.0,1.446000000002338
forecaster-tenant-pool,2026-02-02 02:05:02,0.0002486201154910793,1111662592.0,0.0900999999976193
forecaster-tenant-pool,2026-02-02 02:05:32,0.0022302362717243123,1111732224.0,1.3684000000004743
forecaster-tenant-pool,2026-02-02 02:06:02,0.0004379748216615664,1111732224.0,0.12559999999818197
forecaster-tenant-pool,2026-02-02 02:06:32,0.002752431501490857,1111805952.0,1.5486999999988864
forecaster-tenant-pool,2026-02-02 02:07:02,0.0004909604480165888,1112264704.0,0.10890000000144938
forecaster-tenant-pool,2026-02-02 02:07:32,0.0018875088787264562,1111543808.0,1.2137000000035185
forecaster-tenant-pool,2026-02-02 02:08:02,0.0004908296479472141,1111543808.0,0.1296999999953793
forecaster-tenant-pool,2026-02-02 02:08:32,0.002294979944331415,1111613440.0,1.406599999998798
forecaster-tenant-pool,2026-02-02 02:09:02,0.0004382343759324945,1111613440.0,0.11100000000236225
forecaster-tenant-pool,2026-02-02 02:09:32,0.002148804860420228,1111683072.0,1.3897000000027522
forecaster-tenant-pool,2026-02-02 02:10:02,0.00045809775694082293,1111678976.0,0.10760000000106326
forecaster-tenant-pool,2026-02-02 02:10:02,0.00045809775694082293,1111678976.0,0.10760000000106326
forecaster-tenant-pool,2026-02-02 02:10:32,0.002572281687081422,1111773184.0,1.449499999994805
forecaster-tenant-pool,2026-02-02 02:11:02,0.0016000335473420773,1111793664.0,0.2944000000032247
forecaster-tenant-pool,2026-02-02 02:11:32,0.002042923954499675,1111846912.0,1.3204999999970215
forecaster-tenant-pool,2026-02-02 02:12:02,0.0005852923516502823,1111355392.0,0.1132000000015978
forecaster-tenant-pool,2026-02-02 02:12:32,0.0023130139450875595,1111396352.0,1.3295000000003103
forecaster-tenant-pool,2026-02-02 02:13:02,0.00015199043033737295,1111396352.0,0.061399999998199443
forecaster-tenant-pool,2026-02-02 02:13:32,0.0017695298865007775,1111465984.0,1.2087000000057742
forecaster-tenant-pool,2026-02-02 02:14:02,0.00032999369974512143,1110548480.0,0.06839999999283464
forecaster-tenant-pool,2026-02-02 02:14:32,0.002142169260845228,1110614016.0,1.3880000000043462
forecaster-tenant-pool,2026-02-02 02:15:02,0.0002004946969692409,1110618112.0,0.09499999999740491
forecaster-tenant-pool,2026-02-02 02:15:32,0.0020453987887406634,1110683648.0,1.2429000000038892
forecaster-tenant-pool,2026-02-02 02:16:02,0.0004955800169748859,1110695936.0,0.1073999999985972
forecaster-tenant-pool,2026-02-02 02:16:32,0.0018899770448270385,1110786048.0,1.3609000000008866
forecaster-tenant-pool,2026-02-02 02:17:02,0.00028928392983210486,1110552576.0,0.08979999999925592
forecaster-tenant-pool,2026-02-02 02:17:32,0.0021310159350854687,1110933504.0,1.3949999999970413
forecaster-tenant-pool,2026-02-02 02:18:02,0.0004658211696401219,1110978560.0,0.12310000000058305
forecaster-tenant-pool,2026-02-02 02:18:32,0.0023788021676514476,1111052288.0,1.3258000000034371
forecaster-tenant-pool,2026-02-02 02:19:02,0.0006497715092457178,1111064576.0,0.15679999999701977
forecaster-tenant-pool,2026-02-02 02:19:32,0.0018883344222205473,1111130112.0,1.1715999999996711
forecaster-tenant-pool,2026-02-02 02:20:02,0.0004006525227926566,1111134208.0,0.10198980102454931
forecaster-tenant-pool,2026-02-02 02:20:02,0.0004093813669675784,1111134208.0,0.10198980102454931
forecaster-tenant-pool,2026-02-02 02:20:32,0.002313897747055525,1111228416.0,1.3631363136304946
forecaster-tenant-pool,2026-02-02 02:21:02,0.0005554816042060419,1111232512.0,0.2894999999959206
forecaster-tenant-pool,2026-02-02 02:21:32,0.0020334383643415407,1111347200.0,1.3982000000018162
forecaster-tenant-pool,2026-02-02 02:22:02,0.0005481315117932368,1111093248.0,0.1454999999973855
forecaster-tenant-pool,2026-02-02 02:22:32,0.0018321491996531611,1111191552.0,1.4593000000023797
forecaster-tenant-pool,2026-02-02 02:23:02,0.00023028053142732884,1111207936.0,0.07489999999888823
forecaster-tenant-pool,2026-02-02 02:23:32,0.0027740933738608694,1111408640.0,1.218100000003081
forecaster-tenant-pool,2026-02-02 02:24:02,0.0006540600556508933,1111445504.0,0.2387999999986884
forecaster-tenant-pool,2026-02-02 02:24:32,0.0019328295357985163,1111515136.0,1.2152999999991152
forecaster-tenant-pool,2026-02-02 02:25:02,0.0015314813863093154,1111785472.0,0.23480000000151147
forecaster-tenant-pool,2026-02-02 02:25:32,0.0028696531376669956,1111588864.0,1.225699999997596
forecaster-tenant-pool,2026-02-02 02:26:02,0.0019873784462767366,1111621632.0,0.21220000000345557
forecaster-tenant-pool,2026-02-02 02:26:32,0.0018187753128284477,1111658496.0,1.359299999998984
forecaster-tenant-pool,2026-02-02 02:27:02,0.00028967207709769345,1111351296.0,0.19299999999687617
forecaster-tenant-pool,2026-02-02 02:27:32,0.0020313786717784926,1111420928.0,1.4546999999986534
forecaster-tenant-pool,2026-02-02 02:28:02,0.00046086209335165164,1111449600.0,0.0928000000062942
forecaster-tenant-pool,2026-02-02 02:28:32,0.0032441814781392565,1111498752.0,1.0783999999992375
forecaster-tenant-pool,2026-02-02 02:29:02,0.00024101363073078725,1111498752.0,0.41309999999587793
forecaster-tenant-pool,2026-02-02 02:29:32,0.0019210944977300023,1111572480.0,1.2695999999996275
forecaster-tenant-pool,2026-02-02 02:30:02,0.000973208337610759,1111896064.0,0.11000000000385626
forecaster-tenant-pool,2026-02-02 02:30:02,0.0002321480878084914,1111629824.0,0.11000000000385626
forecaster-tenant-pool,2026-02-02 02:30:32,0.002584993143189894,1111724032.0,1.440399999994285
forecaster-tenant-pool,2026-02-02 02:31:02,0.0002954344461812793,1111982080.0,0.26350000000008245
forecaster-tenant-pool,2026-02-02 02:31:32,0.0019184982602225072,1111789568.0,1.323500000005879
forecaster-tenant-pool,2026-02-02 02:32:02,0.0008504464070840313,1111740416.0,0.09289999999600695
forecaster-tenant-pool,2026-02-02 02:32:32,0.0021048149001223694,1111543808.0,1.4128000000016376
forecaster-tenant-pool,2026-02-02 02:33:02,0.0014709813729197455,1111580672.0,0.08359999999641635
forecaster-tenant-pool,2026-02-02 02:33:32,0.0018671389885544882,1111617536.0,0.9884000000070955
forecaster-tenant-pool,2026-02-02 02:34:02,0.0016532793802721294,1111912448.0,0.3320999999988999
forecaster-tenant-pool,2026-02-02 02:34:32,0.0018501300002839516,1111683072.0,1.3701000000011845
forecaster-tenant-pool,2026-02-02 02:35:02,0.0015062469579494558,1112039424.0,0.085099999995388
forecaster-tenant-pool,2026-02-02 02:35:32,0.0020745409835748567,1111748608.0,1.2358000000000176
forecaster-tenant-pool,2026-02-02 02:36:02,0.000797710761827757,1112387584.0,0.08390000000072177
forecaster-tenant-pool,2026-02-02 02:36:32,0.0020511934306566546,1111818240.0,1.3625999999967462
forecaster-tenant-pool,2026-02-02 02:37:02,0.0010544263061754843,1111515136.0,0.08390000000496609
forecaster-tenant-pool,2026-02-02 02:37:32,0.0020639891823481435,1111560192.0,1.3260000000009313
forecaster-tenant-pool,2026-02-02 02:38:02,0.0017622912005522792,1111867392.0,0.08020000000142317
forecaster-tenant-pool,2026-02-02 02:38:32,0.00228743872674104,1111629824.0,1.3371999999967858
forecaster-tenant-pool,2026-02-02 02:39:02,0.00021811292470042638,1111629824.0,0.09269999999620873
forecaster-tenant-pool,2026-02-02 02:39:32,0.0017066809144682612,1111703552.0,1.1632000000070546
forecaster-tenant-pool,2026-02-02 02:40:02,0.0004442353677159295,1111699456.0,0.10739999999447415
forecaster-tenant-pool,2026-02-02 02:40:04,0.0004655211847272645,1111740416.0,0.10739999999447415
forecaster-tenant-pool,2026-02-02 02:40:34,0.0024204324448880397,1111834624.0,1.2982000000007248
forecaster-tenant-pool,2026-02-02 02:41:04,0.0005643889804915897,1111834624.0,0.30530000000459645
forecaster-tenant-pool,2026-02-02 02:41:34,0.0031186105041296373,1111904256.0,1.1722999999938717
forecaster-tenant-pool,2026-02-02 02:42:04,0.0006181870137226971,1112121344.0,0.26460000000455086
forecaster-tenant-pool,2026-02-02 02:42:34,0.0023845715465134446,1111650304.0,1.60349999999756
forecaster-tenant-pool,2026-02-02 02:43:04,0.0014528530287549516,1111949312.0,0.12189999999815579
forecaster-tenant-pool,2026-02-02 02:43:34,0.002882876233051329,1111724032.0,1.3598000000050283
forecaster-tenant-pool,2026-02-02 02:44:04,0.00044500225849239156,1111719936.0,0.08340000000049863
forecaster-tenant-pool,2026-02-02 02:44:34,0.0023301734924292654,1111789568.0,1.4093000000005609
forecaster-tenant-pool,2026-02-02 02:45:04,0.00021183528520063677,1111789568.0,0.0766000000002047
forecaster-tenant-pool,2026-02-02 02:45:34,0.0018785499162896633,1111859200.0,1.2788999999935187
forecaster-tenant-pool,2026-02-02 02:46:04,0.0014075331654233247,1111875584.0,0.19440000000552876
forecaster-tenant-pool,2026-02-02 02:46:34,0.002291690400599757,1112018944.0,1.385499999993893
forecaster-tenant-pool,2026-02-02 02:47:04,0.0004395616172703288,1111969792.0,0.09080000000685687
forecaster-tenant-pool,2026-02-02 02:47:34,0.0019951950486223427,1111789568.0,1.1301999999996042
forecaster-tenant-pool,2026-02-02 02:48:04,0.0014867838936290898,1112076288.0,0.20879999999815482
forecaster-tenant-pool,2026-02-02 02:48:34,0.0021031161296214246,1111855104.0,1.3770999999975175
forecaster-tenant-pool,2026-02-02 02:49:04,0.0015181455846746562,1112190976.0,0.08659999999981664
forecaster-tenant-pool,2026-02-02 02:49:34,0.0019110379991072587,1111924736.0,1.175299999999091
forecaster-tenant-pool,2026-02-02 02:50:04,0.0015628704773931557,1112207360.0,0.08810000000254756
forecaster-tenant-pool,2026-02-02 02:50:07,0.0015618817470871,1111949312.0,0.08810000000254756
forecaster-tenant-pool,2026-02-02 02:50:37,0.0021611596926720614,1112023040.0,1.2038999999994604
forecaster-tenant-pool,2026-02-02 02:51:07,0.0018362024891306497,1112092672.0,0.3782000000015008
forecaster-tenant-pool,2026-02-02 02:51:37,0.0023114667345031895,1112088576.0,1.2623999999948865
forecaster-tenant-pool,2026-02-02 02:52:07,0.0017361760550271077,1111777280.0,0.0963000000056733
forecaster-tenant-pool,2026-02-02 02:52:37,0.002424855058752544,1111834624.0,1.5390999999991133
forecaster-tenant-pool,2026-02-02 02:53:07,0.0005480639943518878,1112100864.0,0.16420000000131646
forecaster-tenant-pool,2026-02-02 02:53:37,0.0021144120464472427,1111904256.0,1.3680999999977455
forecaster-tenant-pool,2026-02-02 02:54:07,0.0016124988234746647,1111957504.0,0.10369999999941987
forecaster-tenant-pool,2026-02-02 02:54:37,0.001845313259999554,1111846912.0,1.2908999999968123
forecaster-tenant-pool,2026-02-02 02:55:07,0.0013505984423217272,1111875584.0,0.18610000000505048
forecaster-tenant-pool,2026-02-02 02:55:37,0.002280698684134646,1111916544.0,1.1775999999967706
forecaster-tenant-pool,2026-02-02 02:56:07,0.0015319369762978765,1112473600.0,0.10989999999971284
forecaster-tenant-pool,2026-02-02 02:56:37,0.002124213605753241,1111990272.0,1.2911000000001271
forecaster-tenant-pool,2026-02-02 02:57:07,0.0019743382081048987,1111687168.0,0.13639999999965463
forecaster-tenant-pool,2026-02-02 02:57:37,0.0025129916522958835,1111732224.0,1.3161000000002483
forecaster-tenant-pool,2026-02-02 02:58:07,0.0014141055024279158,1112276992.0,0.12470000000248548
forecaster-tenant-pool,2026-02-02 02:58:37,0.001919147730526201,1111797760.0,1.306899999998859
forecaster-tenant-pool,2026-02-02 02:59:07,0.00025295706840778616,1111793664.0,0.10509999999946255
forecaster-tenant-pool,2026-02-02 02:59:37,0.0021280614396206004,1111863296.0,1.338300000004286
forecaster-tenant-pool,2026-02-02 03:00:07,0.0003121944368705403,1111863296.0,0.07800000000036865
forecaster-tenant-pool,2026-02-02 03:00:11,0.001838604778706942,1111900160.0,1.0538999999984906
forecaster-tenant-pool,2026-02-02 03:00:41,0.0025845080868599634,1111957504.0,0.6276999999948507
forecaster-tenant-pool,2026-02-02 03:01:11,0.0012119168966887445,1112158208.0,1.2911000000035229
forecaster-tenant-pool,2026-02-02 03:01:41,0.0021735318376713973,1112027136.0,0.09949999999771537
forecaster-tenant-pool,2026-02-02 03:02:11,0.00042290430448392087,1111728128.0,1.0623000000016571
forecaster-tenant-pool,2026-02-02 03:02:41,0.0019632774032642005,1111773184.0,0.3206999999969412
forecaster-tenant-pool,2026-02-02 03:03:11,0.0018665761339576273,1111810048.0,1.2956999999997307
forecaster-tenant-pool,2026-02-02 03:03:41,0.0022475871843399718,1111842816.0,0.10820000000385337
forecaster-tenant-pool,2026-02-02 03:04:11,0.0015689910577357184,1111863296.0,1.3958999999971036
forecaster-tenant-pool,2026-02-02 03:04:41,0.002085166100135234,1111912448.0,0.10800000000587415
forecaster-tenant-pool,2026-02-02 03:05:11,0.0017621758505902984,1112006656.0,1.2396999999968104
forecaster-tenant-pool,2026-02-02 03:05:41,0.0018849168831639093,1111982080.0,0.07989999999711778
forecaster-tenant-pool,2026-02-02 03:06:11,0.0018822798603088616,1112051712.0,1.344700000004741
forecaster-tenant-pool,2026-02-02 03:06:41,0.0019585634835699037,1112051712.0,0.10709999999683838
forecaster-tenant-pool,2026-02-02 03:07:11,0.0006784936129816287,1111748608.0,1.0438000000020113
forecaster-tenant-pool,2026-02-02 03:07:41,0.0019605171766130976,1111793664.0,0.20539999999867486
forecaster-tenant-pool,2026-02-02 03:08:11,0.0019431993266912182,1111826432.0,1.4290000000021492
forecaster-tenant-pool,2026-02-02 03:08:41,0.0022966178768764746,1111859200.0,0.0992999999981597
forecaster-tenant-pool,2026-02-02 03:09:11,0.001713930509716144,1111924736.0,1.0333999999972248
forecaster-tenant-pool,2026-02-02 03:09:41,0.0019907553181320015,1111928832.0,0.3312000000055075
forecaster-tenant-pool,2026-02-02 03:10:02,0.000360262146143629,1111928832.0,0.3312000000055074
forecaster-tenant-pool,2026-02-02 03:10:11,0.0024858167546067643,1111998464.0,1.4103999999965409
forecaster-tenant-pool,2026-02-02 03:10:32,0.002366699465213036,1112023040.0,1.4103999999965404
forecaster-tenant-pool,2026-02-02 03:11:02,0.0005578215069146589,1112023040.0,0.29209999999948194
forecaster-tenant-pool,2026-02-02 03:11:32,0.0020401895781541903,1112092672.0,1.2811999999994441
forecaster-tenant-pool,2026-02-02 03:12:02,0.0004753862935533096,1111773184.0,0.1153000000014193
forecaster-tenant-pool,2026-02-02 03:12:32,0.002419797421488821,1111842816.0,1.4848000000041792
forecaster-tenant-pool,2026-02-02 03:13:02,0.0002811914390782245,1111842816.0,0.12409999999811892
forecaster-tenant-pool,2026-02-02 03:13:32,0.0020475091877324345,1111916544.0,1.2985999999964404
forecaster-tenant-pool,2026-02-02 03:14:02,0.000997576764758424,1112092672.0,0.10340000000020762
forecaster-tenant-pool,2026-02-02 03:14:32,0.002153322946320382,1111977984.0,1.398899999998927
forecaster-tenant-pool,2026-02-02 03:15:02,0.00024818212827037864,1111977984.0,0.10190000000426759
forecaster-tenant-pool,2026-02-02 03:15:32,0.002411578742498447,1112047616.0,0.9798999999960263
forecaster-tenant-pool,2026-02-02 03:16:02,0.001662251594377429,1112330240.0,0.34979999999995925
forecaster-tenant-pool,2026-02-02 03:16:32,0.0022267622077888224,1112121344.0,1.549800000001172
forecaster-tenant-pool,2026-02-02 03:17:02,0.00025324734549832554,1111900160.0,0.1108000000034129
forecaster-tenant-pool,2026-02-02 03:17:32,0.0020209934257932596,1111990272.0,1.2958000000014485
forecaster-tenant-pool,2026-02-02 03:18:02,0.001301817241888004,1112350720.0,0.18499999999524636
forecaster-tenant-pool,2026-02-02 03:18:32,0.00312461424775476,1112150016.0,1.376900000001842
forecaster-tenant-pool,2026-02-02 03:19:02,0.00022560601858465044,1112219648.0,0.09959999999943345
forecaster-tenant-pool,2026-02-02 03:19:32,0.0019463514493455922,1112301568.0,0.29760000000084497
forecaster-tenant-pool,2026-02-02 03:20:02,0.0016657479410794476,1112301568.0,1.0506000000016986
forecaster-tenant-pool,2026-02-02 03:20:02,0.0016657479410794476,1112301568.0,1.0506000000016986
forecaster-tenant-pool,2026-02-02 03:20:32,0.0026597110553759854,1112391680.0,1.2947999999944537
forecaster-tenant-pool,2026-02-02 03:21:02,0.0012271476795519731,1112150016.0,0.27280000000513005
forecaster-tenant-pool,2026-02-02 03:21:32,0.0019689104475290476,1112207360.0,1.2994999999949262
forecaster-tenant-pool,2026-02-02 03:22:02,0.00048511136634503415,1111887872.0,0.09710000000244083
forecaster-tenant-pool,2026-02-02 03:22:32,0.0029624953618796477,1111965696.0,1.0993999999983013
forecaster-tenant-pool,2026-02-02 03:23:02,0.0008005021827034999,1112481792.0,0.4290999999985312
forecaster-tenant-pool,2026-02-02 03:23:32,0.002110246365258103,1112027136.0,0.9411000000075244
forecaster-tenant-pool,2026-02-02 03:24:02,0.001208003614353344,1112305664.0,0.5111999999967035
forecaster-tenant-pool,2026-02-02 03:24:32,0.002272224670026139,1112096768.0,1.481400000000455
forecaster-tenant-pool,2026-02-02 03:25:02,0.0002457320117333722,1112096768.0,0.09849999999642023
forecaster-tenant-pool,2026-02-02 03:25:32,0.0022958381231242934,1112166400.0,1.1793000000017249
forecaster-tenant-pool,2026-02-02 03:26:02,0.00040752211182526525,1112166400.0,0.15929999999716526
forecaster-tenant-pool,2026-02-02 03:26:32,0.001984188539505006,1112231936.0,1.3787000000020877
forecaster-tenant-pool,2026-02-02 03:27:02,0.000225532820057431,1111916544.0,0.07600000000056752
forecaster-tenant-pool,2026-02-02 03:27:32,0.0017069492022377204,1111662592.0,1.2494999999991705
forecaster-tenant-pool,2026-02-02 03:28:02,0.0005021993319645246,1112186880.0,0.04580000000229726
forecaster-tenant-pool,2026-02-02 03:28:32,0.001864473176668736,1111728128.0,1.3645000000018626
forecaster-tenant-pool,2026-02-02 03:29:02,0.0006983644483871286,1112010752.0,0.05190000000099341
forecaster-tenant-pool,2026-02-02 03:29:32,0.0018502467757487988,1111076864.0,1.1833999999955267
forecaster-tenant-pool,2026-02-02 03:30:02,0.0016668896178885576,1111130112.0,0.07999999999810825
forecaster-tenant-pool,2026-02-02 03:30:02,0.00019560302567086187,1111076864.0,0.07999999999810825
forecaster-tenant-pool,2026-02-02 03:30:32,0.0025805413301380597,1111171072.0,1.4179000000054656
forecaster-tenant-pool,2026-02-02 03:31:02,0.0011474713528393007,1111707648.0,0.2769000000009934
forecaster-tenant-pool,2026-02-02 03:31:32,0.002147568820294514,1111425024.0,1.2322999999955453
forecaster-tenant-pool,2026-02-02 03:32:02,0.00045265555636382393,1111216128.0,0.11949999999960709
forecaster-tenant-pool,2026-02-02 03:32:32,0.001998725523112965,1111339008.0,1.2682000000028588
forecaster-tenant-pool,2026-02-02 03:33:02,0.0005416398047101179,1111379968.0,0.10580000000045402
forecaster-tenant-pool,2026-02-02 03:33:32,0.0021375724442440087,1111498752.0,0.8543999999959245
forecaster-tenant-pool,2026-02-02 03:34:02,0.00021941656493009893,1111515136.0,0.4960000000056122
forecaster-tenant-pool,2026-02-02 03:34:32,0.003046886596974937,1111584768.0,1.580300000000352
forecaster-tenant-pool,2026-02-02 03:35:02,0.0004003534496841032,1111584768.0,0.09869999999997768
forecaster-tenant-pool,2026-02-02 03:35:32,0.0018623841589516165,1111855104.0,1.304899999995905
forecaster-tenant-pool,2026-02-02 03:36:02,0.00041735230530953217,1111887872.0,0.10500000000392902
forecaster-tenant-pool,2026-02-02 03:36:32,0.0019492064148227879,1111994368.0,1.3704999999962941
forecaster-tenant-pool,2026-02-02 03:37:02,0.0011070960652058935,1112473600.0,0.08169999999712066
forecaster-tenant-pool,2026-02-02 03:37:32,0.001657466893354311,1111760896.0,1.3039000000062515
forecaster-tenant-pool,2026-02-02 03:38:02,0.0004417109038177648,1111769088.0,0.09439999999873787
forecaster-tenant-pool,2026-02-02 03:38:32,0.002475278414608656,1111834624.0,1.3207999999987805
forecaster-tenant-pool,2026-02-02 03:39:02,0.0006240754860198941,1112350720.0,0.1028000000028745
forecaster-tenant-pool,2026-02-02 03:39:32,0.002240062894585777,1111945216.0,1.2009999999942618
forecaster-tenant-pool,2026-02-02 03:40:02,0.0004098510108529123,1111961600.0,0.23110000000488073
forecaster-tenant-pool,2026-02-02 03:40:02,0.00040489359953332416,1111949312.0,0.23110000000488073
forecaster-tenant-pool,2026-02-02 03:40:32,0.002325630893844474,1112059904.0,1.3268999999974767
forecaster-tenant-pool,2026-02-02 03:41:02,0.00044895245048470625,1112059904.0,0.26300000000264845
forecaster-tenant-pool,2026-02-02 03:41:32,0.002011140060107748,1112129536.0,1.2611999999947634
forecaster-tenant-pool,2026-02-02 03:42:02,0.0009487473899299738,1112334336.0,0.09020000000491563
forecaster-tenant-pool,2026-02-02 03:42:32,0.0019145133843232918,1111875584.0,1.3524999999974776
forecaster-tenant-pool,2026-02-02 03:43:02,0.0005001674308998806,1112137728.0,0.07900000000105745
forecaster-tenant-pool,2026-02-02 03:43:32,0.0021094445061249347,1111949312.0,1.245699999995486
forecaster-tenant-pool,2026-02-02 03:44:02,0.0002535184742802288,1111945216.0,0.09420000000063738
forecaster-tenant-pool,2026-02-02 03:44:32,0.0020065935380998256,1112043520.0,1.4572000000001328
forecaster-tenant-pool,2026-02-02 03:45:02,0.00019426331485200262,1112182784.0,0.10020000000101087
forecaster-tenant-pool,2026-02-02 03:45:32,0.0022160742008100584,1112322048.0,1.083500000002338
forecaster-tenant-pool,2026-02-02 03:46:02,0.0009747667931070383,1112350720.0,0.3630000000007082
forecaster-tenant-pool,2026-02-02 03:46:32,0.00254107751722927,1112408064.0,1.606099999998696
forecaster-tenant-pool,2026-02-02 03:47:02,0.001362214207363119,1112117248.0,0.09690000000118743
forecaster-tenant-pool,2026-02-02 03:47:32,0.002315770811377146,1112166400.0,1.3045000000021294
forecaster-tenant-pool,2026-02-02 03:48:02,0.001983061116081302,1112211456.0,0.14879999999514743
forecaster-tenant-pool,2026-02-02 03:48:32,0.0029841278623263384,1112236032.0,1.5172000000004724
forecaster-tenant-pool,2026-02-02 03:49:02,0.00023548039001821785,1112236032.0,0.08380000000082267
forecaster-tenant-pool,2026-02-02 03:49:32,0.0018557312231351777,1112301568.0,1.1031000000018443
forecaster-tenant-pool,2026-02-02 03:50:02,0.0005573021919156641,1112301568.0,0.20360000000218859
forecaster-tenant-pool,2026-02-02 03:50:02,0.0007898672216428927,1113088000.0,0.20360000000218859
forecaster-tenant-pool,2026-02-02 03:50:32,0.002164255055956715,1112395776.0,1.2927999999978057
forecaster-tenant-pool,2026-02-02 03:51:02,0.00042802594288418117,1112395776.0,0.23969999999923552
forecaster-tenant-pool,2026-02-02 03:51:32,0.002191472269462973,1112465408.0,1.2241999999981392
forecaster-tenant-pool,2026-02-02 03:52:02,0.0004790837047363441,1112145920.0,0.1741000000035759
forecaster-tenant-pool,2026-02-02 03:52:32,0.0023837587596761164,1112215552.0,1.4079000000013668
forecaster-tenant-pool,2026-02-02 03:53:02,0.0013109274275542775,1112543232.0,0.07759999999495146
forecaster-tenant-pool,2026-02-02 03:53:32,0.002179229216674745,1112285184.0,1.1636000000009517
forecaster-tenant-pool,2026-02-02 03:54:02,0.0008778138109192434,1112551424.0,0.13310000000165018
forecaster-tenant-pool,2026-02-02 03:54:32,0.0022549885357482868,1112350720.0,1.5075000000005578
forecaster-tenant-pool,2026-02-02 03:55:02,0.0002572796359955415,1112350720.0,0.0868999999947846
forecaster-tenant-pool,2026-02-02 03:55:32,0.001851135742725449,1112420352.0,1.3239000000008674
forecaster-tenant-pool,2026-02-02 03:56:02,0.0004580326916204428,1112432640.0,0.07889999999933933
forecaster-tenant-pool,2026-02-02 03:56:32,0.002494225054503272,1112510464.0,1.5905000000069172
forecaster-tenant-pool,2026-02-02 03:57:02,0.0015863997487011742,1112674304.0,0.07689999999881061
forecaster-tenant-pool,2026-02-02 03:57:32,0.0021598023395614707,1112252416.0,1.2501999999939775
forecaster-tenant-pool,2026-02-02 03:58:02,0.00035214222041440976,1112252416.0,0.04790000000502914
forecaster-tenant-pool,2026-02-02 03:58:32,0.0018645612634843071,1111597056.0,1.275899999994969
forecaster-tenant-pool,2026-02-02 03:59:02,0.0013716075366724295,1111613440.0,0.04950000000341485
forecaster-tenant-pool,2026-02-02 03:59:32,0.0022831548026149735,1111703552.0,1.3324000000022351
forecaster-tenant-pool,2026-02-02 04:00:02,0.0002249023995860295,1111756800.0,0.09180000000051224
forecaster-tenant-pool,2026-02-02 04:00:04,0.001953645455782542,1111740416.0,0.09180000000051224
forecaster-tenant-pool,2026-02-02 04:00:34,0.0024914573043674487,1111846912.0,1.3799999999970167
forecaster-tenant-pool,2026-02-02 04:01:04,0.0010424562510772937,1112125440.0,0.25919999999908516
forecaster-tenant-pool,2026-02-02 04:01:34,0.002034913794955168,1111924736.0,1.2645000000035604
forecaster-tenant-pool,2026-02-02 04:02:04,0.0014532028725363444,1111986176.0,0.09979999999741267
forecaster-tenant-pool,2026-02-02 04:02:34,0.002279115655861304,1111769088.0,1.4081000000004373
forecaster-tenant-pool,2026-02-02 04:03:04,0.0015610575837603706,1112117248.0,0.07179999999777162
forecaster-tenant-pool,2026-02-02 04:03:34,0.0021561970165884167,1111834624.0,1.3611000000033529
forecaster-tenant-pool,2026-02-02 04:04:04,0.0007935178142916438,1111863296.0,0.06999999999534338
forecaster-tenant-pool,2026-02-02 04:04:34,0.0024856502143665543,1111355392.0,1.3453000000029232
forecaster-tenant-pool,2026-02-02 04:05:04,0.00016708199178283475,1111355392.0,0.07209999999807526
forecaster-tenant-pool,2026-02-02 04:05:34,0.001925245305734876,1111420928.0,1.3200000000031045
forecaster-tenant-pool,2026-02-02 04:06:04,0.000402659350609069,1111482368.0,0.09029999999863017
forecaster-tenant-pool,2026-02-02 04:06:34,0.001720653551355938,1111547904.0,1.2945000000005773
forecaster-tenant-pool,2026-02-02 04:07:04,0.0002467064935281302,1111220224.0,0.08460000000086439
forecaster-tenant-pool,2026-02-02 04:07:34,0.0018870935051459852,1111289856.0,1.2242999999957345
forecaster-tenant-pool,2026-02-02 04:08:04,0.0013001524957869048,1111523328.0,0.09270000000372722
forecaster-tenant-pool,2026-02-02 04:08:34,0.002972587163850852,1111568384.0,1.0587999999975486
forecaster-tenant-pool,2026-02-02 04:09:04,0.00022465476422713266,1111654400.0,0.42010000000506503
forecaster-tenant-pool,2026-02-02 04:09:34,0.0020135853418406153,1111805952.0,0.9933000000003328
forecaster-tenant-pool,2026-02-02 04:10:02,0.00039715400844669174,1111846912.0,0.2652999999949922
forecaster-tenant-pool,2026-02-02 04:10:04,0.0004000294355913346,1111846912.0,0.2652999999949922
forecaster-tenant-pool,2026-02-02 04:10:32,0.0024869630409403804,1111941120.0,1.4063000000020112
forecaster-tenant-pool,2026-02-02 04:11:02,0.0005883624368526462,1111941120.0,0.33329999999635523
forecaster-tenant-pool,2026-02-02 04:11:32,0.0018793089538840949,1112010752.0,1.3229000000057567
forecaster-tenant-pool,2026-02-02 04:12:02,0.0004030307548176635,1111687168.0,0.07809999999517458
forecaster-tenant-pool,2026-02-02 04:12:32,0.002373657139438934,1111805952.0,0.9396000000061273
forecaster-tenant-pool,2026-02-02 04:13:02,0.0008193260302434767,1111855104.0,0.49559999999291904
forecaster-tenant-pool,2026-02-02 04:13:32,0.0022007532917780407,1112092672.0,1.264200000005197
forecaster-tenant-pool,2026-02-02 04:14:02,0.0007825479082580302,1112174592.0,0.08389999999720507
forecaster-tenant-pool,2026-02-02 04:14:32,0.0017835629498551976,1112223744.0,0.744800000002336
forecaster-tenant-pool,2026-02-02 04:15:02,0.001132364589743753,1112256512.0,0.6439999999986563
forecaster-tenant-pool,2026-02-02 04:15:32,0.0021276511918488774,1112301568.0,1.3092000000033295
forecaster-tenant-pool,2026-02-02 04:16:02,0.0017168432432030985,1112317952.0,0.10979999999884361
forecaster-tenant-pool,2026-02-02 04:16:32,0.0031004742345516977,1112379392.0,1.499099999999089
forecaster-tenant-pool,2026-02-02 04:17:02,0.0003109792136822212,1112047616.0,0.20279999999547726
forecaster-tenant-pool,2026-02-02 04:17:32,0.0019411766732170567,1112117248.0,1.1549000000029386
forecaster-tenant-pool,2026-02-02 04:18:02,0.00022091919354769515,1112121344.0,0.1057000000023739
forecaster-tenant-pool,2026-02-02 04:18:32,0.0020209419175048725,1112313856.0,1.3359999999947225
forecaster-tenant-pool,2026-02-02 04:19:02,0.00028897125345088214,1112367104.0,0.10390000000467504
forecaster-tenant-pool,2026-02-02 04:19:32,0.0022588675513847815,1112457216.0,1.1840999999979733
forecaster-tenant-pool,2026-02-02 04:20:02,0.0007900361119616958,1112477696.0,0.36380000000099244
forecaster-tenant-pool,2026-02-02 04:20:02,0.0007773080090544406,1112461312.0,0.36380000000099244
forecaster-tenant-pool,2026-02-02 04:20:32,0.002646252951209979,1112580096.0,1.3551999999977853
forecaster-tenant-pool,2026-02-02 04:21:02,0.000520182699730671,1112580096.0,0.2840000000041376
forecaster-tenant-pool,2026-02-02 04:21:32,0.002177173259556647,1112649728.0,1.0237000000008265
forecaster-tenant-pool,2026-02-02 04:22:02,0.0009254799414812781,1112326144.0,0.3737999999949049
forecaster-tenant-pool,2026-02-02 04:22:32,0.0021397139921797335,1112403968.0,1.3282000000036835
forecaster-tenant-pool,2026-02-02 04:23:02,0.00025460337986782367,1112399872.0,0.157899999996395
forecaster-tenant-pool,2026-02-02 04:23:32,0.001931469572807558,1112731648.0,1.1604999999982586
forecaster-tenant-pool,2026-02-02 04:24:02,0.0013625990012331964,1113006080.0,0.129000000005423
forecaster-tenant-pool,2026-02-02 04:24:32,0.003041012191324574,1112539136.0,1.3814000000010613
forecaster-tenant-pool,2026-02-02 04:25:02,0.00220261162723738,1112846336.0,0.11719999999756206
forecaster-tenant-pool,2026-02-02 04:25:32,0.0019468573371082482,1112608768.0,1.4107999999998961
forecaster-tenant-pool,2026-02-02 04:26:02,0.0005066546227163941,1113137152.0,0.08390000000060051
forecaster-tenant-pool,2026-02-02 04:26:32,0.002246952818789574,1112682496.0,1.6233999999993103
forecaster-tenant-pool,2026-02-02 04:27:02,0.0007883451425064357,1112383488.0,0.0959999999977299
forecaster-tenant-pool,2026-02-02 04:27:32,0.002593558018896602,1112424448.0,1.2547000000013213
forecaster-tenant-pool,2026-02-02 04:28:02,0.0017550589758235373,1112989696.0,0.09030000000360208
forecaster-tenant-pool,2026-02-02 04:28:32,0.002298772227112841,1112494080.0,1.3523999999993976
forecaster-tenant-pool,2026-02-02 04:29:02,0.0006602922518103909,1112518656.0,0.0956999999951222
forecaster-tenant-pool,2026-02-02 04:29:32,0.0019107821194243044,1112563712.0,1.2450000000058936
forecaster-tenant-pool,2026-02-02 04:30:02,0.00039519331076924075,1112563712.0,0.11689999999616701
forecaster-tenant-pool,2026-02-02 04:30:02,0.0003845881221901424,1112563712.0,0.11689999999616701
forecaster-tenant-pool,2026-02-02 04:30:32,0.002210233967201219,1112662016.0,1.3829000000022158
forecaster-tenant-pool,2026-02-02 04:31:02,0.001059165466228963,1112936448.0,0.279199999996005
forecaster-tenant-pool,2026-02-02 04:31:32,0.002107977081979144,1112739840.0,1.2696000000005976
forecaster-tenant-pool,2026-02-02 04:32:02,0.0007092024490716063,1112440832.0,0.10040000000517467
forecaster-tenant-pool,2026-02-02 04:32:32,0.002231541097762775,1112498176.0,1.333799999992698
forecaster-tenant-pool,2026-02-02 04:33:02,0.0014080222826211414,1112780800.0,0.12950000000043171
forecaster-tenant-pool,2026-02-02 04:33:32,0.0018599966393006075,1112563712.0,1.1160000000071402
forecaster-tenant-pool,2026-02-02 04:34:02,0.00016942965968973537,1112563712.0,0.27049999999799185
forecaster-tenant-pool,2026-02-02 04:34:32,0.0025134542862886083,1112633344.0,1.3835999999998119
forecaster-tenant-pool,2026-02-02 04:35:02,0.001560755475741433,1112989696.0,0.13709999999628053
forecaster-tenant-pool,2026-02-02 04:35:32,0.001981370207007174,1112707072.0,1.327800000000813
forecaster-tenant-pool,2026-02-02 04:36:02,0.0008035715098658738,1112797184.0,0.08090000000496123
forecaster-tenant-pool,2026-02-02 04:36:32,0.0023448763248246794,1112776704.0,1.5103999999964193
forecaster-tenant-pool,2026-02-02 04:37:02,0.0013397449292890968,1113006080.0,0.09719999999664045
forecaster-tenant-pool,2026-02-02 04:37:32,0.0019294707896434448,1112522752.0,1.227700000001884
forecaster-tenant-pool,2026-02-02 04:38:02,0.0014359852876901925,1112543232.0,0.0835999999990842
forecaster-tenant-pool,2026-02-02 04:38:32,0.002534487710172192,1112588288.0,1.2947000000030433
forecaster-tenant-pool,2026-02-02 04:39:02,0.0011647980333138958,1113165824.0,0.12460000000076736
forecaster-tenant-pool,2026-02-02 04:39:32,0.0017053494550680357,1112690688.0,1.1395000000000437
forecaster-tenant-pool,2026-02-02 04:40:02,0.00024880632285709616,1112690688.0,0.1157999999984895
forecaster-tenant-pool,2026-02-02 04:40:04,0.0018816827090360694,1112743936.0,0.1157999999984895
forecaster-tenant-pool,2026-02-02 04:40:34,0.002556470472371758,1112784896.0,1.4139999999976376
forecaster-tenant-pool,2026-02-02 04:41:04,0.00019222738666877092,1112784896.0,0.3369999999992918
forecaster-tenant-pool,2026-02-02 04:41:34,0.0027728013112332693,1112854528.0,1.1682000000034654
forecaster-tenant-pool,2026-02-02 04:42:04,0.0011373542067657399,1112539136.0,0.1078000000007402
forecaster-tenant-pool,2026-02-02 04:42:34,0.0022811392110359454,1112600576.0,1.4427999999986545
forecaster-tenant-pool,2026-02-02 04:43:04,0.00026930712773490223,1112600576.0,0.12070000000227687
forecaster-tenant-pool,2026-02-02 04:43:34,0.0019724184760522815,1112670208.0,1.04779999999458
forecaster-tenant-pool,2026-02-02 04:44:04,0.0019384768341382769,1112723456.0,0.2863000000015745
forecaster-tenant-pool,2026-02-02 04:44:34,0.002130330218048284,1112743936.0,1.3839999999990444
forecaster-tenant-pool,2026-02-02 04:45:04,0.0010566413408972261,1112743936.0,0.11110000000226136
forecaster-tenant-pool,2026-02-02 04:45:34,0.002365278391713506,1112809472.0,1.1434000000028997
forecaster-tenant-pool,2026-02-02 04:46:04,0.0007084939187289776,1112834048.0,0.3709999999988213
forecaster-tenant-pool,2026-02-02 04:46:34,0.0024384016062953774,1113141248.0,1.5402000000001863
forecaster-tenant-pool,2026-02-02 04:47:04,0.0006107395735575749,1112576000.0,0.08720000000018141
forecaster-tenant-pool,2026-02-02 04:47:34,0.0022517463262703816,1112616960.0,0.8692999999973835
forecaster-tenant-pool,2026-02-02 04:48:04,0.0011806186185779931,1112629248.0,0.5085999999983566
forecaster-tenant-pool,2026-02-02 04:48:34,0.0020921606237940893,1112694784.0,1.424399999999999
forecaster-tenant-pool,2026-02-02 04:49:04,0.0015921884682652207,1112756224.0,0.10790000000403477
forecaster-tenant-pool,2026-02-02 04:49:34,0.002550706040991787,1112756224.0,1.2009000000017598
forecaster-tenant-pool,2026-02-02 04:50:03,0.0010190113625259264,1113374720.0,0.1458999999928589
forecaster-tenant-pool,2026-02-02 04:50:04,0.00018257531135565004,1112756224.0,0.1458999999928589
forecaster-tenant-pool,2026-02-02 04:50:33,0.0023776184338508764,1112850432.0,1.080200000006395
forecaster-tenant-pool,2026-02-02 04:51:03,0.0016620124773036435,1113149440.0,0.6152999999983876
forecaster-tenant-pool,2026-02-02 04:51:33,0.002708642143465096,1112920064.0,1.3149000000018227
forecaster-tenant-pool,2026-02-02 04:52:03,0.0002889182776571079,1112608768.0,0.10909999999469921
forecaster-tenant-pool,2026-02-02 04:52:33,0.0024359935193352016,1112670208.0,0.7715000000049864
forecaster-tenant-pool,2026-02-02 04:53:03,0.0010669415610701117,1112670208.0,0.6525999999966492
forecaster-tenant-pool,2026-02-02 04:53:33,0.0018925290233971171,1112739840.0,1.2611000000023826
forecaster-tenant-pool,2026-02-02 04:54:03,0.0002460132292170971,1112739840.0,0.09690000000215757
forecaster-tenant-pool,2026-02-02 04:54:33,0.0022220647858733587,1112805376.0,1.5229999999963184
forecaster-tenant-pool,2026-02-02 04:55:03,0.00027258412297241364,1112805376.0,0.08150000000217308
forecaster-tenant-pool,2026-02-02 04:55:33,0.002070289290556557,1112879104.0,1.381699999994089
forecaster-tenant-pool,2026-02-02 04:56:03,0.0008181863348356436,1112899584.0,0.10790000000488363
forecaster-tenant-pool,2026-02-02 04:56:33,0.0022132214019301454,1112944640.0,1.3427999999968354
forecaster-tenant-pool,2026-02-02 04:57:03,0.00021563291079851256,1112616960.0,0.09150000000348275
forecaster-tenant-pool,2026-02-02 04:57:33,0.0019024700883020146,1112289280.0,1.3104000000007847
forecaster-tenant-pool,2026-02-02 04:58:03,0.0015085969104492842,1112334336.0,0.0596999999989445
forecaster-tenant-pool,2026-02-02 04:58:33,0.00253027098727015,1112358912.0,1.3429000000003726
forecaster-tenant-pool,2026-02-02 04:59:03,0.00014028507155030076,1112358912.0,0.08019999999863406
forecaster-tenant-pool,2026-02-02 04:59:33,0.0018541896541650028,1111777280.0,1.1954999999996896
forecaster-tenant-pool,2026-02-02 05:00:02,0.0005356442079483474,1111797760.0,0.08590000000258441
forecaster-tenant-pool,2026-02-02 05:00:03,0.00019302663170546805,1111781376.0,0.08590000000258441
forecaster-tenant-pool,2026-02-02 05:00:32,0.002150956057449546,1111883776.0,1.0769999999984672
forecaster-tenant-pool,2026-02-02 05:01:02,0.001453561707800215,1112330240.0,0.4854999999955908
forecaster-tenant-pool,2026-02-02 05:01:32,0.002022986513701409,1112260608.0,1.1721999999999144
forecaster-tenant-pool,2026-02-02 05:02:02,0.00029679642597120644,1111941120.0,0.22840000000542204
forecaster-tenant-pool,2026-02-02 05:02:32,0.0018949408097427595,1112014848.0,1.2646999999949913
forecaster-tenant-pool,2026-02-02 05:03:02,0.0013923444959443485,1112055808.0,0.08720000000539585
forecaster-tenant-pool,2026-02-02 05:03:32,0.0018535346947772667,1112309760.0,1.2324999999987387
forecaster-tenant-pool,2026-02-02 05:04:02,0.0022004916945349913,1112596480.0,0.09460000000144646
forecaster-tenant-pool,2026-02-02 05:04:32,0.0024528904704549364,1112662016.0,1.5556999999971595
forecaster-tenant-pool,2026-02-02 05:05:02,0.0002851298332776363,1112756224.0,0.0959000000028027
forecaster-tenant-pool,2026-02-02 05:05:32,0.003057646743690112,1112834048.0,1.338099999999152
forecaster-tenant-pool,2026-02-02 05:06:02,0.0011566588671361882,1113104384.0,0.12089999999977105
forecaster-tenant-pool,2026-02-02 05:06:32,0.0019388384491767908,1112903680.0,1.4462999999953656
forecaster-tenant-pool,2026-02-02 05:07:02,0.00029751749311988853,1112838144.0,0.07710000000370201
forecaster-tenant-pool,2026-02-02 05:07:32,0.0020024867185188837,1112702976.0,1.2132000000008702
forecaster-tenant-pool,2026-02-02 05:08:02,0.0009179750233091769,1112768512.0,0.10489999999602637
forecaster-tenant-pool,2026-02-02 05:08:32,0.0032842846473012223,1112793088.0,1.1509999999992337
forecaster-tenant-pool,2026-02-02 05:09:02,0.0014631769539168497,1113075712.0,0.30000000000654836
forecaster-tenant-pool,2026-02-02 05:09:32,0.0018054459476031215,1112870912.0,1.1124999999956344
forecaster-tenant-pool,2026-02-02 05:10:02,0.0002072329202454427,1112870912.0,0.3641000000038427
forecaster-tenant-pool,2026-02-02 05:10:02,0.0016102569589972063,1113616384.0,0.3641000000038427
forecaster-tenant-pool,2026-02-02 05:10:32,0.002367210203390808,1112969216.0,1.2830000000013873
forecaster-tenant-pool,2026-02-02 05:11:02,0.0013245819694664648,1113501696.0,0.2879999999982829
forecaster-tenant-pool,2026-02-02 05:11:32,0.001997642567939927,1113034752.0,1.22309999999549
forecaster-tenant-pool,2026-02-02 05:12:02,0.001335559515972856,1112981504.0,0.09449999999912204
forecaster-tenant-pool,2026-02-02 05:12:32,0.0027337009664520984,1112797184.0,1.577300000005683
forecaster-tenant-pool,2026-02-02 05:13:02,0.0009023889815936681,1112817664.0,0.0968000000014096
forecaster-tenant-pool,2026-02-02 05:13:32,0.001996305509499685,1112870912.0,1.2138999999957985
forecaster-tenant-pool,2026-02-02 05:14:02,0.00027730155603003206,1112870912.0,0.13450000000314805
forecaster-tenant-pool,2026-02-02 05:14:32,0.0030498562546546724,1112940544.0,1.381699999996878
forecaster-tenant-pool,2026-02-02 05:15:02,0.00043952186121151953,1112948736.0,0.08269999999647552
forecaster-tenant-pool,2026-02-02 05:15:32,0.002443320942023615,1113022464.0,0.479600000003605
forecaster-tenant-pool,2026-02-02 05:16:02,0.001677894622617333,1113280512.0,1.1228999999984808
forecaster-tenant-pool,2026-02-02 05:16:32,0.002336473577377323,1113079808.0,1.582100000002174
forecaster-tenant-pool,2026-02-02 05:17:02,0.00031797799196708177,1112760320.0,0.08549999999910748
forecaster-tenant-pool,2026-02-02 05:17:32,0.002908124769064159,1112825856.0,1.4020999999975174
forecaster-tenant-pool,2026-02-02 05:18:02,0.0015307083925687533,1113169920.0,0.10920000000260188
forecaster-tenant-pool,2026-02-02 05:18:32,0.0017483003847307316,1112891392.0,1.2014000000008915
forecaster-tenant-pool,2026-02-02 05:19:02,0.0013726188804015953,1112903680.0,0.3025999999959216
forecaster-tenant-pool,2026-02-02 05:19:32,0.002577431890883779,1112961024.0,1.2451000000056713
forecaster-tenant-pool,2026-02-02 05:20:02,0.00025248800153404664,1112965120.0,0.11330000000101184
forecaster-tenant-pool,2026-02-02 05:20:02,0.00025248800153404664,1112965120.0,0.11330000000101184
forecaster-tenant-pool,2026-02-02 05:20:32,0.0023409869267499413,1113059328.0,1.4108999999962786
forecaster-tenant-pool,2026-02-02 05:21:02,0.0014924617978749294,1113333760.0,0.3059000000013233
forecaster-tenant-pool,2026-02-02 05:21:32,0.0018192880064814639,1113124864.0,1.2909999999958623
forecaster-tenant-pool,2026-02-02 05:22:02,0.0014172436650982962,1113595904.0,0.09250000000368648
forecaster-tenant-pool,2026-02-02 05:22:32,0.0021940248762735964,1112875008.0,1.3477000000008654
forecaster-tenant-pool,2026-02-02 05:23:02,0.00023894574512576698,1112875008.0,0.14550000000223615
forecaster-tenant-pool,2026-02-02 05:23:32,0.002921219094616618,1112944640.0,1.2089999999971042
forecaster-tenant-pool,2026-02-02 05:24:02,0.0017637244720419818,1112961024.0,0.22860000000036962
forecaster-tenant-pool,2026-02-02 05:24:32,0.0020772221879138335,1113014272.0,1.0486000000018976
forecaster-tenant-pool,2026-02-02 05:25:02,0.00024709392982357473,1113014272.0,0.483199999997305
forecaster-tenant-pool,2026-02-02 05:25:32,0.0023057912239332775,1113083904.0,0.9282000000010158
forecaster-tenant-pool,2026-02-02 05:26:02,0.0009309402714810067,1112997888.0,0.44880000000218084
forecaster-tenant-pool,2026-02-02 05:26:32,0.0019678555954846773,1113063424.0,1.4260999999977986
forecaster-tenant-pool,2026-02-02 05:27:02,0.0004355913250438135,1112760320.0,0.10169999999755722
forecaster-tenant-pool,2026-02-02 05:27:32,0.0025834673940425936,1112805376.0,1.441400000002007
forecaster-tenant-pool,2026-02-02 05:28:02,0.0002679527642230217,1112903680.0,0.07870000000208771
forecaster-tenant-pool,2026-02-02 05:28:32,0.0026241986037264923,1112977408.0,1.4275999999949514
forecaster-tenant-pool,2026-02-02 05:29:02,0.00024556448821535685,1113051136.0,0.10320000000453243
forecaster-tenant-pool,2026-02-02 05:29:32,0.0020322691018925276,1113251840.0,1.2751000000008692
forecaster-tenant-pool,2026-02-02 05:30:02,0.0013728733356925338,1113796608.0,0.0988999999944402
forecaster-tenant-pool,2026-02-02 05:30:02,0.00027029625437590847,1113260032.0,0.0988999999944402
forecaster-tenant-pool,2026-02-02 05:30:32,0.0021352429467238437,1113350144.0,1.380100000005647
forecaster-tenant-pool,2026-02-02 05:31:02,0.00022648977106110276,1113350144.0,0.3328999999961525
forecaster-tenant-pool,2026-02-02 05:31:32,0.0030367884796548518,1113419776.0,1.1034000000004502
forecaster-tenant-pool,2026-02-02 05:32:02,0.000823449162963249,1112924160.0,0.2053999999977047
forecaster-tenant-pool,2026-02-02 05:32:32,0.0022616682980945305,1112993792.0,1.4874000000009497
forecaster-tenant-pool,2026-02-02 05:33:02,0.001047615176277009,1113280512.0,0.10990000000480601
forecaster-tenant-pool,2026-02-02 05:33:32,0.002239892073563232,1113063424.0,1.3752999999983633
forecaster-tenant-pool,2026-02-02 05:34:02,0.0015396179615609915,1113096192.0,0.08219999999867772
forecaster-tenant-pool,2026-02-02 05:34:32,0.0022616067513461825,1113133056.0,1.4047999999961274
forecaster-tenant-pool,2026-02-02 05:35:02,0.00041709436829738235,1113174016.0,0.09720000000512907
forecaster-tenant-pool,2026-02-02 05:35:32,0.001775951868056374,1113202688.0,1.14879999999636
forecaster-tenant-pool,2026-02-02 05:36:02,0.0008956749423716704,1113227264.0,0.12100000000124661
forecaster-tenant-pool,2026-02-02 05:36:32,0.0032747431388942282,1113276416.0,1.439400000001236
forecaster-tenant-pool,2026-02-02 05:37:02,0.0003038638954180303,1112952832.0,0.23820000000087022
forecaster-tenant-pool,2026-02-02 05:37:32,0.001942703321179441,1113280512.0,1.3177999999953802
forecaster-tenant-pool,2026-02-02 05:38:02,0.0012427477767013844,1113042944.0,0.12810000000560345
forecaster-tenant-pool,2026-02-02 05:38:32,0.002793528422470906,1113092096.0,0.7511000000009517
forecaster-tenant-pool,2026-02-02 05:39:02,0.00022243118830757988,1113092096.0,0.767199999997077
forecaster-tenant-pool,2026-02-02 05:39:32,0.0021237961067148555,1113161728.0,1.0558000000022731
forecaster-tenant-pool,2026-02-02 05:40:02,0.0006787319085969343,1113161728.0,0.3604999999954695
forecaster-tenant-pool,2026-02-02 05:40:03,0.0021160148204485973,1113292800.0,0.3604999999954695
forecaster-tenant-pool,2026-02-02 05:40:33,0.002251643072913663,1113251840.0,1.4272999999994984
forecaster-tenant-pool,2026-02-02 05:41:03,0.00023074767484929727,1113251840.0,0.28520000000159296
forecaster-tenant-pool,2026-02-02 05:41:33,0.001866984774936513,1113321472.0,1.4012000000026696
forecaster-tenant-pool,2026-02-02 05:42:03,0.0003098313881705457,1113001984.0,0.1062999999983731
forecaster-tenant-pool,2026-02-02 05:42:33,0.002355389214654865,1113067520.0,1.498500000002362
forecaster-tenant-pool,2026-02-02 05:43:03,0.0013061388736199568,1113096192.0,0.08239999999629315
forecaster-tenant-pool,2026-02-02 05:43:33,0.0020112047668939333,1113137152.0,1.2177000000020295
forecaster-tenant-pool,2026-02-02 05:44:03,0.0005584701809455932,1113153536.0,0.10960000000147072
forecaster-tenant-pool,2026-02-02 05:44:33,0.002903241607073931,1113206784.0,1.505999999997948
forecaster-tenant-pool,2026-02-02 05:45:03,0.00021581553400931263,1113464832.0,0.10649999999695865
forecaster-tenant-pool,2026-02-02 05:45:33,0.0016537966023529693,1113276416.0,1.263600000005196
forecaster-tenant-pool,2026-02-02 05:46:03,0.0017644584912729659,1113300992.0,0.09940000000036284
forecaster-tenant-pool,2026-02-02 05:46:33,0.003190065958124897,1113346048.0,1.5605000000000777
forecaster-tenant-pool,2026-02-02 05:47:03,0.00030376292598060953,1113026560.0,0.11889999999766587
forecaster-tenant-pool,2026-02-02 05:47:33,0.0024364309416137404,1113083904.0,1.128200000000288
forecaster-tenant-pool,2026-02-02 05:48:03,0.0007934761629546784,1113104384.0,0.37889999999970314
forecaster-tenant-pool,2026-02-02 05:48:33,0.002295934097101291,1113153536.0,1.049899999999252
forecaster-tenant-pool,2026-02-02 05:49:03,0.0013199772559223547,1113706496.0,0.4765999999965667
forecaster-tenant-pool,2026-02-02 05:49:33,0.002030629059362419,1113223168.0,1.2651000000053803
forecaster-tenant-pool,2026-02-02 05:50:03,0.0002539351289512157,1113227264.0,0.18080000000118163
forecaster-tenant-pool,2026-02-02 05:50:03,0.0009558357535323594,1113341952.0,0.18080000000118163
forecaster-tenant-pool,2026-02-02 05:50:33,0.002791220678478624,1113317376.0,1.272499999996459
forecaster-tenant-pool,2026-02-02 05:51:03,0.0005524230006621378,1113845760.0,0.29679999999995443
forecaster-tenant-pool,2026-02-02 05:51:33,0.0019452418730531063,1113387008.0,1.2424000000022108
forecaster-tenant-pool,2026-02-02 05:52:03,0.0003008031838206044,1113067520.0,0.11869999999859525
forecaster-tenant-pool,2026-02-02 05:52:33,0.002240236698992941,1113137152.0,1.1214999999972253
forecaster-tenant-pool,2026-02-02 05:53:03,0.0010995720378657618,1113153536.0,0.4648000000008324
forecaster-tenant-pool,2026-02-02 05:53:33,0.0026095286342965986,1113202688.0,1.2903999999994995
forecaster-tenant-pool,2026-02-02 05:54:03,0.0008487409381287103,1113387008.0,0.10640000000033373
forecaster-tenant-pool,2026-02-02 05:54:33,0.002008841438440107,1113272320.0,1.3698000000047614
forecaster-tenant-pool,2026-02-02 05:55:03,0.000349611020782578,1114075136.0,0.20969999999615538
forecaster-tenant-pool,2026-02-02 05:55:33,0.0023866349044310256,1113341952.0,1.338299999997374
forecaster-tenant-pool,2026-02-02 05:56:03,0.0002526497027930056,1113341952.0,0.10820000000567233
forecaster-tenant-pool,2026-02-02 05:56:33,0.0031048310316106158,1113415680.0,1.340399999998408
forecaster-tenant-pool,2026-02-02 05:57:03,0.0003349678755582742,1113088000.0,0.26840000000023184
forecaster-tenant-pool,2026-02-02 05:57:33,0.0023485224934631666,1113157632.0,1.240100000000287
forecaster-tenant-pool,2026-02-02 05:58:03,0.000959935846656568,1113206784.0,0.41209999999906965
forecaster-tenant-pool,2026-02-02 05:58:33,0.0025320995898642992,1113264128.0,0.8259000000027299
forecaster-tenant-pool,2026-02-02 05:59:03,0.00019600553384723185,1113124864.0,0.7740999999939959
forecaster-tenant-pool,2026-02-02 05:59:33,0.0018422762112664543,1113194496.0,1.2565000000055686
forecaster-tenant-pool,2026-02-02 06:00:03,0.00037341820747104136,1113206784.0,0.21619999999869227
forecaster-tenant-pool,2026-02-02 06:00:05,0.0010926052292796694,1113477120.0,0.21619999999869227
forecaster-tenant-pool,2026-02-02 06:00:35,0.0026838450899809856,1113300992.0,1.3321999999975864
forecaster-tenant-pool,2026-02-02 06:01:05,0.000514666799211028,1113296896.0,0.39779999999894544
forecaster-tenant-pool,2026-02-02 06:01:35,0.001659225206800366,1113366528.0,1.2554999999996654
forecaster-tenant-pool,2026-02-02 06:02:05,0.0010530629693411338,1113313280.0,0.09400000000556853
forecaster-tenant-pool,2026-02-02 06:02:35,0.002208174695675965,1113116672.0,1.2231999999990268
forecaster-tenant-pool,2026-02-02 06:03:05,0.00038609566769369605,1113169920.0,0.3224999999960952
forecaster-tenant-pool,2026-02-02 06:03:35,0.0020479439644758074,1113186304.0,0.5633000000007693
forecaster-tenant-pool,2026-02-02 06:04:05,0.0017082744493293787,1113333760.0,0.753199999999318
forecaster-tenant-pool,2026-02-02 06:04:35,0.002254404151392179,1113251840.0,1.2772000000027521
forecaster-tenant-pool,2026-02-02 06:05:05,0.0017669024007138537,1113284608.0,0.10350000000241076
forecaster-tenant-pool,2026-02-02 06:05:35,0.0017552918021539494,1113321472.0,1.3136999999966066
forecaster-tenant-pool,2026-02-02 06:06:05,0.00021451798698085623,1113321472.0,0.10740000000405417
forecaster-tenant-pool,2026-02-02 06:06:35,0.0019983582608811513,1113391104.0,1.0313999999998487
forecaster-tenant-pool,2026-02-02 06:07:05,0.0018578218681667296,1113407488.0,0.49669999999847886
forecaster-tenant-pool,2026-02-02 06:07:35,0.0019557827421436418,1113133056.0,1.3450000000004365
forecaster-tenant-pool,2026-02-02 06:08:05,0.0016944493854366448,1113468928.0,0.0957999999989018
forecaster-tenant-pool,2026-02-02 06:08:35,0.0027207011359531297,1113202688.0,1.258599999995325
forecaster-tenant-pool,2026-02-02 06:09:05,0.00024092081836839165,1113202688.0,0.3311000000017278
forecaster-tenant-pool,2026-02-02 06:09:35,0.0021850683834048167,1113268224.0,1.3824000000015075
forecaster-tenant-pool,2026-02-02 06:10:03,0.0018236819323542816,1113567232.0,0.0818999999986166
forecaster-tenant-pool,2026-02-02 06:10:05,0.0018228409126376556,1113567232.0,0.0818999999986166
forecaster-tenant-pool,2026-02-02 06:10:33,0.002191432339992965,1113362432.0,1.3941999999986971
forecaster-tenant-pool,2026-02-02 06:11:03,0.00044056593483297185,1113628672.0,0.40710000000605456
forecaster-tenant-pool,2026-02-02 06:11:33,0.0025107427657880704,1113432064.0,1.2931999999943704
forecaster-tenant-pool,2026-02-02 06:12:03,0.0017354453129495063,1113931776.0,0.10819999999900272
forecaster-tenant-pool,2026-02-02 06:12:33,0.002249289763544584,1113182208.0,1.4035000000062914
forecaster-tenant-pool,2026-02-02 06:13:03,0.0015488024052262592,1113038848.0,0.23810000000097112
forecaster-tenant-pool,2026-02-02 06:13:33,0.002009639141355895,1113067520.0,0.9350999999972069
forecaster-tenant-pool,2026-02-02 06:14:03,0.0006029649230585772,1113079808.0,0.4366999999981393
forecaster-tenant-pool,2026-02-02 06:14:33,0.0025794054631734374,1113133056.0,1.336200000004222
forecaster-tenant-pool,2026-02-02 06:15:03,0.001307768415633602,1113657344.0,0.16739999999966435
forecaster-tenant-pool,2026-02-02 06:15:33,0.00213390040701818,1113202688.0,1.4687999999967964
forecaster-tenant-pool,2026-02-02 06:16:03,0.0010168706061227525,1113485312.0,0.10280000000190435
forecaster-tenant-pool,2026-02-02 06:16:33,0.002720655596210589,1113272320.0,1.3865999999975127
forecaster-tenant-pool,2026-02-02 06:17:03,0.0009554089612185555,1113219072.0,0.1007000000008702
forecaster-tenant-pool,2026-02-02 06:17:33,0.0018800793041931938,1113014272.0,1.0759999999974146
forecaster-tenant-pool,2026-02-02 06:18:03,0.00021128006019115859,1113014272.0,0.3165999999996226
forecaster-tenant-pool,2026-02-02 06:18:33,0.002595675676997526,1113083904.0,1.5882000000051146
forecaster-tenant-pool,2026-02-02 06:19:03,0.0002680099009541899,1113485312.0,0.09230000000134168
forecaster-tenant-pool,2026-02-02 06:19:33,0.002479118083344074,1113337856.0,1.3763999999948282
forecaster-tenant-pool,2026-02-02 06:20:02,0.00028828036169006166,1113358336.0,0.09909999999981664
forecaster-tenant-pool,2026-02-02 06:20:03,0.0002975195431592658,1113346048.0,0.09909999999981664
forecaster-tenant-pool,2026-02-02 06:20:32,0.0022634385712619522,1113464832.0,1.326899999998447
forecaster-tenant-pool,2026-02-02 06:21:02,0.00047208664179295096,1113575424.0,0.2573999999996886
forecaster-tenant-pool,2026-02-02 06:21:32,0.0017245315826623882,1113645056.0,1.2844000000007025
forecaster-tenant-pool,2026-02-02 06:22:02,0.000258762377725738,1113665536.0,0.11350000000626703
forecaster-tenant-pool,2026-02-02 06:22:32,0.0023070230648366856,1113419776.0,1.3501999999989494
forecaster-tenant-pool,2026-02-02 06:23:02,0.0006696408195109373,1113194496.0,0.17779999999668994
forecaster-tenant-pool,2026-02-02 06:23:32,0.002463908243161376,1113264128.0,1.3424000000012408
forecaster-tenant-pool,2026-02-02 06:24:02,0.0002469031289012159,1113264128.0,0.08750000000084886
forecaster-tenant-pool,2026-02-02 06:24:32,0.0022020617441812847,1113333760.0,1.5305999999967752
forecaster-tenant-pool,2026-02-02 06:25:02,0.00028033617266098225,1113337856.0,0.08390000000508735
forecaster-tenant-pool,2026-02-02 06:25:32,0.0025597499543137496,1113403392.0,1.4560999999957858
forecaster-tenant-pool,2026-02-02 06:26:02,0.00023729275446175035,1113403392.0,0.0909000000002076
forecaster-tenant-pool,2026-02-02 06:26:32,0.0022993402624142917,1113468928.0,1.3870999999990696
forecaster-tenant-pool,2026-02-02 06:27:02,0.0005662492969916794,1113059328.0,0.06830000000263681
forecaster-tenant-pool,2026-02-02 06:27:32,0.002077514773784271,1112940544.0,0.6578000000021954
forecaster-tenant-pool,2026-02-02 06:28:02,0.0016613023242937014,1113227264.0,0.7376000000008692
forecaster-tenant-pool,2026-02-02 06:28:32,0.0022197010867535884,1113006080.0,1.4612999999973302
forecaster-tenant-pool,2026-02-02 06:29:02,0.0008799974022758089,1113272320.0,0.049799999998261534
forecaster-tenant-pool,2026-02-02 06:29:32,0.002039740109541812,1112285184.0,1.3365000000035554
forecaster-tenant-pool,2026-02-02 06:30:02,0.00020736141339173475,1112285184.0,0.10429999999529779
forecaster-tenant-pool,2026-02-02 06:30:02,0.0002174168693543498,1112285184.0,0.10429999999529779
forecaster-tenant-pool,2026-02-02 06:30:32,0.0023658608488237045,1112379392.0,1.5299000000029386
forecaster-tenant-pool,2026-02-02 06:31:02,0.0009821966907633203,1112502272.0,0.23839999999836434
forecaster-tenant-pool,2026-02-02 06:31:32,0.0028653615004328565,1112657920.0,1.2646000000012767
forecaster-tenant-pool,2026-02-02 06:32:02,0.0002732874033181429,1112494080.0,0.07809999999844877
forecaster-tenant-pool,2026-02-02 06:32:32,0.0022722203074185834,1112649728.0,1.4674999999987146
forecaster-tenant-pool,2026-02-02 06:33:02,0.00023170751435770058,1112772608.0,0.11230000000335469
forecaster-tenant-pool,2026-02-02 06:33:32,0.0019070558070453537,1112899584.0,1.23179999999993
forecaster-tenant-pool,2026-02-02 06:34:02,0.0010653660492064682,1112932352.0,0.11870000000114184
forecaster-tenant-pool,2026-02-02 06:34:32,0.0024114237911658392,1112989696.0,1.4858999999990679
forecaster-tenant-pool,2026-02-02 06:35:02,0.0006328203558953775,1113288704.0,0.08029999999683543
forecaster-tenant-pool,2026-02-02 06:35:32,0.0023068101383966364,1113124864.0,1.4415000000014213
forecaster-tenant-pool,2026-02-02 06:36:02,0.0008687025631930087,1113198592.0,0.09949999999832168
forecaster-tenant-pool,2026-02-02 06:36:32,0.0021887507999797315,1113284608.0,1.240900000005422
forecaster-tenant-pool,2026-02-02 06:37:02,0.00020527901287157598,1113300992.0,0.2662999999985914
forecaster-tenant-pool,2026-02-02 06:37:32,0.002369211415347578,1113337856.0,1.253199999998469
forecaster-tenant-pool,2026-02-02 06:38:02,0.0012732365832090762,1113366528.0,0.09889999999989717
forecaster-tenant-pool,2026-02-02 06:38:32,0.0019502411947795615,1113153536.0,1.3719999999964785
forecaster-tenant-pool,2026-02-02 06:39:02,0.00021844949537526496,1113153536.0,0.07670000000459065
forecaster-tenant-pool,2026-02-02 06:39:32,0.0018189857270294696,1113223168.0,1.321900000002279
forecaster-tenant-pool,2026-02-02 06:40:02,0.0002379597173057066,1113227264.0,0.10029999999484668
forecaster-tenant-pool,2026-02-02 06:40:02,0.0019175909285597682,1113264128.0,0.10029999999484668
forecaster-tenant-pool,2026-02-02 06:40:32,0.0026494201753476596,1113321472.0,1.370500000000781
forecaster-tenant-pool,2026-02-02 06:41:02,0.0001970584837781171,1113321472.0,0.2575999999970615
forecaster-tenant-pool,2026-02-02 06:41:32,0.00227894703251467,1113395200.0,1.3170000000062525
forecaster-tenant-pool,2026-02-02 06:42:02,0.0003038279982247371,1113083904.0,0.09990000000070723
forecaster-tenant-pool,2026-02-02 06:42:32,0.002343867885517684,1113141248.0,1.2592999999986205
forecaster-tenant-pool,2026-02-02 06:43:02,0.0005834968041104367,1113153536.0,0.40589999999453236
forecaster-tenant-pool,2026-02-02 06:43:32,0.0019362391159631607,1113219072.0,1.280300000001201
forecaster-tenant-pool,2026-02-02 06:44:02,0.00028403167165018953,1113223168.0,0.1152000000054007
forecaster-tenant-pool,2026-02-02 06:44:32,0.003659238668248623,1113292800.0,1.5631999999955344
forecaster-tenant-pool,2026-02-02 06:45:02,0.0004735875730467248,1113292800.0,0.14770000000183547
forecaster-tenant-pool,2026-02-02 06:45:32,0.0018593231306865692,1113366528.0,1.371699999998115
forecaster-tenant-pool,2026-02-02 06:46:02,0.0009099667980311772,1113399296.0,0.09120000000451303
forecaster-tenant-pool,2026-02-02 06:46:32,0.0019993436312719277,1113436160.0,1.4185999999977261
forecaster-tenant-pool,2026-02-02 06:47:02,0.0012660381795643473,1113128960.0,0.08549999999643963
forecaster-tenant-pool,2026-02-02 06:47:32,0.002074109742861059,1113178112.0,1.3359000000007655
forecaster-tenant-pool,2026-02-02 06:48:02,0.001947995585788819,1113726976.0,0.08700000000208093
forecaster-tenant-pool,2026-02-02 06:48:32,0.0026656743121802376,1113247744.0,1.4097999999999349
forecaster-tenant-pool,2026-02-02 06:49:02,0.0003946278150382776,1113518080.0,0.08389999999696252
forecaster-tenant-pool,2026-02-02 06:49:32,0.002270379491307044,1113317376.0,1.33719999999909
forecaster-tenant-pool,2026-02-02 06:50:02,0.00024945006057930087,1113317376.0,0.0888000000043879
forecaster-tenant-pool,2026-02-02 06:50:03,0.00024849680861981256,1113317376.0,0.0888000000043879
forecaster-tenant-pool,2026-02-02 06:50:33,0.002417557349427278,1113411584.0,1.3053999999979473
forecaster-tenant-pool,2026-02-02 06:51:03,0.0014835466259707955,1113985024.0,0.4339999999980743
forecaster-tenant-pool,2026-02-02 06:51:33,0.0025861802146091867,1113485312.0,1.2129000000043257
forecaster-tenant-pool,2026-02-02 06:52:03,0.00222854136859392,1113452544.0,0.0995000000018384
forecaster-tenant-pool,2026-02-02 06:52:33,0.002489983012072745,1113227264.0,1.5358999999956724
forecaster-tenant-pool,2026-02-02 06:53:03,0.00018916272107853346,1113231360.0,0.09910000000078678
forecaster-tenant-pool,2026-02-02 06:53:33,0.001972730908360458,1113296896.0,1.2023999999975785
forecaster-tenant-pool,2026-02-02 06:54:03,0.0004133277166780029,1113296896.0,0.21630000000513974
forecaster-tenant-pool,2026-02-02 06:54:33,0.002088732029514581,1113366528.0,1.405000000000291
forecaster-tenant-pool,2026-02-02 06:55:03,0.0016877993378978577,1113423872.0,0.09409999999613017
forecaster-tenant-pool,2026-02-02 06:55:33,0.002075123420555629,1113436160.0,1.4165000000010572
forecaster-tenant-pool,2026-02-02 06:56:03,0.00026601363830096444,1113436160.0,0.12370000000240301
forecaster-tenant-pool,2026-02-02 06:56:33,0.00255010433082512,1113501696.0,1.486599999999089
forecaster-tenant-pool,2026-02-02 06:57:03,0.0005989273065913369,1113194496.0,0.07809999999941888
forecaster-tenant-pool,2026-02-02 06:57:33,0.002111191149605471,1113247744.0,1.1899000000027928
forecaster-tenant-pool,2026-02-02 06:58:03,0.0002524216186764005,1113247744.0,0.23479999999411422
forecaster-tenant-pool,2026-02-02 06:58:33,0.002702859686247028,1113313280.0,1.251800000000003
forecaster-tenant-pool,2026-02-02 06:59:03,0.0010464379802066603,1113845760.0,0.22120000000492535
forecaster-tenant-pool,2026-02-02 06:59:33,0.0019530638645087353,1113382912.0,1.3343665633434183
forecaster-tenant-pool,2026-02-02 07:00:03,0.0002546976327644823,1113382912.0,0.10541054105350775
forecaster-tenant-pool,2026-02-02 07:00:05,0.0018026672716890382,1113731072.0,0.10541054105350775
forecaster-tenant-pool,2026-02-02 07:00:35,0.0031887614612836766,1113477120.0,1.5655999999960233
forecaster-tenant-pool,2026-02-02 07:01:05,0.0008371149025072047,1113747456.0,0.2898999999992763
forecaster-tenant-pool,2026-02-02 07:01:35,0.0021719204772386843,1113546752.0,1.3362000000015541
forecaster-tenant-pool,2026-02-02 07:02:05,0.0004589402939446935,1113280512.0,0.10720000000534735
forecaster-tenant-pool,2026-02-02 07:02:35,0.0026127185102672533,1113296896.0,1.208799999996336
forecaster-tenant-pool,2026-02-02 07:03:05,0.0018870462334113947,1113640960.0,0.3592000000029657
forecaster-tenant-pool,2026-02-02 07:03:35,0.002193815274806132,1113362432.0,1.4081999999980326
forecaster-tenant-pool,2026-02-02 07:04:05,0.00022587558579006446,1113362432.0,0.10520000000057432
forecaster-tenant-pool,2026-02-02 07:04:35,0.002584209483871053,1113432064.0,1.4741000000018782
forecaster-tenant-pool,2026-02-02 07:05:05,0.00034117576290431783,1113698304.0,0.09569999999791132
forecaster-tenant-pool,2026-02-02 07:05:35,0.002206848615444637,1113501696.0,1.2742999999991298
forecaster-tenant-pool,2026-02-02 07:06:05,0.0006522237555949026,1113616384.0,0.13689999999866512
forecaster-tenant-pool,2026-02-02 07:06:35,0.002146254931433993,1113575424.0,1.5054000000023129
forecaster-tenant-pool,2026-02-02 07:07:05,0.0002600353392210221,1113251840.0,0.08999999999747767
forecaster-tenant-pool,2026-02-02 07:07:35,0.0027087599397959583,1113313280.0,0.7834000000037729
forecaster-tenant-pool,2026-02-02 07:08:05,0.0007082323279868567,1113612288.0,0.6246999999956946
forecaster-tenant-pool,2026-02-02 07:08:35,0.0020270157851232278,1113411584.0,1.3676000000052833
forecaster-tenant-pool,2026-02-02 07:09:05,0.00022313502409198024,1113415680.0,0.20209999999848757
forecaster-tenant-pool,2026-02-02 07:09:35,0.0018246876142590835,1113481216.0,1.1407999999967917
forecaster-tenant-pool,2026-02-02 07:10:05,0.0002335007543487603,1113530368.0,0.2543000000013611
forecaster-tenant-pool,2026-02-02 07:10:05,0.0002335007543487603,1113530368.0,0.2543000000013611
forecaster-tenant-pool,2026-02-02 07:10:35,0.0033985193993055387,1113628672.0,1.503900000000552
forecaster-tenant-pool,2026-02-02 07:11:05,0.0006189344491442054,1114161152.0,0.2987999999964813
forecaster-tenant-pool,2026-02-02 07:11:35,0.001995075092050779,1113698304.0,0.631100000001364
forecaster-tenant-pool,2026-02-02 07:12:05,0.0007241479515091431,1113378816.0,0.6936000000030618
forecaster-tenant-pool,2026-02-02 07:12:35,0.002281848789618611,1113448448.0,1.5281999999977416
forecaster-tenant-pool,2026-02-02 07:13:05,0.0002329913630204708,1113448448.0,0.08669999999910942
forecaster-tenant-pool,2026-02-02 07:13:35,0.002139258735801837,1113522176.0,1.2449000000030839
forecaster-tenant-pool,2026-02-02 07:14:05,0.0015744700646810313,1113550848.0,0.11119999999864376
forecaster-tenant-pool,2026-02-02 07:14:35,0.001947848525641488,1113845760.0,1.4273999999979425
forecaster-tenant-pool,2026-02-02 07:15:05,0.0009572177724074938,1113870336.0,0.10550000000172682
forecaster-tenant-pool,2026-02-02 07:15:35,0.0020283016587977847,1113657344.0,1.21240000000289
forecaster-tenant-pool,2026-02-02 07:16:05,0.0004579122908567091,1113657344.0,0.20240000000012515
forecaster-tenant-pool,2026-02-02 07:16:35,0.0023111300489047737,1113722880.0,1.430999999994189
forecaster-tenant-pool,2026-02-02 07:17:05,0.00028382146060775383,1113395200.0,0.1100000000015522
forecaster-tenant-pool,2026-02-02 07:17:35,0.0019720202440244618,1113464832.0,1.3444999999979093
forecaster-tenant-pool,2026-02-02 07:18:05,0.0016856319846001477,1113501696.0,0.07900000000057238
forecaster-tenant-pool,2026-02-02 07:18:35,0.0023251957532758544,1113534464.0,1.451100000006045
forecaster-tenant-pool,2026-02-02 07:19:05,0.0005976572874423599,1114062848.0,0.1007000000001426
forecaster-tenant-pool,2026-02-02 07:19:35,0.0017674330582398937,1113604096.0,1.262099999995553
forecaster-tenant-pool,2026-02-02 07:20:02,0.0019163019982823323,1113739264.0,0.08040000000376797
forecaster-tenant-pool,2026-02-02 07:20:05,0.0019179242797715407,1113739264.0,0.08040000000376797
forecaster-tenant-pool,2026-02-02 07:20:32,0.0030844251074644007,1113698304.0,1.242899999996128
forecaster-tenant-pool,2026-02-02 07:21:02,0.0015882155810272686,1113718784.0,0.3992999999991298
forecaster-tenant-pool,2026-02-02 07:21:32,0.0019896437720739978,1113767936.0,1.360200000003897
forecaster-tenant-pool,2026-02-02 07:22:02,0.00022057805914093697,1113767936.0,0.10500000000016978
forecaster-tenant-pool,2026-02-02 07:22:32,0.0029114549774802143,1113567232.0,0.7068999999972827
forecaster-tenant-pool,2026-02-02 07:23:02,0.0018900276135336701,1113612288.0,0.8572000000021944
forecaster-tenant-pool,2026-02-02 07:23:32,0.0019383802087887723,1113686016.0,1.3183999999978064
forecaster-tenant-pool,2026-02-02 07:24:02,0.0015477106702740228,1114030080.0,0.09760000000060245
forecaster-tenant-pool,2026-02-02 07:24:32,0.003197415854813361,1113763840.0,1.2529999999970944
forecaster-tenant-pool,2026-02-02 07:25:02,0.0017025534332299475,1113845760.0,0.3220000000050883
forecaster-tenant-pool,2026-02-02 07:25:32,0.0020534996849627977,1113841664.0,1.3085999999996905
forecaster-tenant-pool,2026-02-02 07:26:02,0.0002331355535537326,1113841664.0,0.09809999999476228
forecaster-tenant-pool,2026-02-02 07:26:32,0.0020202738777207086,1113911296.0,1.375400000005296
forecaster-tenant-pool,2026-02-02 07:27:02,0.00030015696465910487,1113591808.0,0.11450000000064998
forecaster-tenant-pool,2026-02-02 07:27:32,0.002148934807045995,1113653248.0,0.8206000000005588
forecaster-tenant-pool,2026-02-02 07:28:02,0.0016095312947900513,1113690112.0,0.560299999993731
forecaster-tenant-pool,2026-02-02 07:28:32,0.0021920048963137207,1113722880.0,1.4823000000030637
forecaster-tenant-pool,2026-02-02 07:29:02,0.00026770750842380534,1113722880.0,0.09360000000039388
forecaster-tenant-pool,2026-02-02 07:29:32,0.001983882127536281,1113796608.0,1.0934999999995247
forecaster-tenant-pool,2026-02-02 07:30:02,0.00021324220981568923,1114050560.0,0.3404999999974582
forecaster-tenant-pool,2026-02-02 07:30:03,0.0002743322123681485,1113792512.0,0.3404999999974582
forecaster-tenant-pool,2026-02-02 07:30:33,0.0028056453444160793,1113886720.0,1.491900000000169
forecaster-tenant-pool,2026-02-02 07:31:03,0.0004381064411285283,1113915392.0,0.3072000000021944
forecaster-tenant-pool,2026-02-02 07:31:33,0.0024813012581659053,1113952256.0,1.3427999999995033
forecaster-tenant-pool,2026-02-02 07:32:03,0.00024882034440429585,1113636864.0,0.07610000000192182
forecaster-tenant-pool,2026-02-02 07:32:33,0.002043871825392166,1113702400.0,1.4410999999953977
forecaster-tenant-pool,2026-02-02 07:33:03,0.0009664431648101087,1114230784.0,0.11590000000032888
forecaster-tenant-pool,2026-02-02 07:33:33,0.0020643087373895253,1113772032.0,1.1023000000036214
forecaster-tenant-pool,2026-02-02 07:34:03,0.001637300376635696,1113804800.0,0.3528000000002066
forecaster-tenant-pool,2026-02-02 07:34:33,0.0022687004798861436,1113841664.0,1.3570999999997486
forecaster-tenant-pool,2026-02-02 07:35:03,0.00024563631295880425,1113841664.0,0.11089999999652113
forecaster-tenant-pool,2026-02-02 07:35:33,0.0023974306146374315,1113907200.0,1.3234000000025843
forecaster-tenant-pool,2026-02-02 07:36:03,0.00021443920021699164,1113911296.0,0.08450000000072275
forecaster-tenant-pool,2026-02-02 07:36:33,0.002514260890994795,1113976832.0,1.410900000003312
forecaster-tenant-pool,2026-02-02 07:37:03,0.0002883775007143604,1113653248.0,0.10399999999535793
forecaster-tenant-pool,2026-02-02 07:37:33,0.0023120048350005456,1113718784.0,0.782999999998962
forecaster-tenant-pool,2026-02-02 07:38:03,0.0005885749085509153,1113718784.0,0.5938000000018898
forecaster-tenant-pool,2026-02-02 07:38:33,0.0024931790879375196,1113788416.0,1.5453000000031656
forecaster-tenant-pool,2026-02-02 07:39:03,0.000423222225731741,1113788416.0,0.15459999999717788
forecaster-tenant-pool,2026-02-02 07:39:33,0.002258450677547809,1113858048.0,0.9086999999980132
forecaster-tenant-pool,2026-02-02 07:40:03,0.0005618544495348212,1113858048.0,0.4356999999998758
forecaster-tenant-pool,2026-02-02 07:40:13,0.0022857062587129913,1113939968.0,1.3601000000024215
forecaster-tenant-pool,2026-02-02 07:40:43,0.0025732336367593465,1113042944.0,0.34209999999972446
forecaster-tenant-pool,2026-02-02 07:41:13,0.001700817515780389,1113067520.0,1.2726000000024213
forecaster-tenant-pool,2026-02-02 07:41:43,0.0018806870705815359,1113116672.0,0.09470000000061797
forecaster-tenant-pool,2026-02-02 07:42:13,0.0020102264889168544,1112866816.0,1.4936999999954423
forecaster-tenant-pool,2026-02-02 07:42:43,0.0020492226354178527,1112862720.0,0.09910000000418223
forecaster-tenant-pool,2026-02-02 07:43:13,0.0021318391606556285,1112932352.0,1.2085999999954462
forecaster-tenant-pool,2026-02-02 07:43:43,0.0020975250607530604,1112932352.0,0.10760000000069946
forecaster-tenant-pool,2026-02-02 07:44:13,0.0020191907457514182,1113014272.0,1.1290000000044527
forecaster-tenant-pool,2026-02-02 07:44:43,0.001998429141151851,1113374720.0,0.33259999999742523
forecaster-tenant-pool,2026-02-02 07:45:13,0.0017990377437840167,1114222592.0,1.2729999999954693
forecaster-tenant-pool,2026-02-02 07:45:43,0.0010627677713448945,1113513984.0,0.10860000000247966
forecaster-tenant-pool,2026-02-02 07:46:13,0.0021886909401625243,1113640960.0,1.2426999999987554
forecaster-tenant-pool,2026-02-02 07:46:43,0.002362059564301834,1113620480.0,0.2774000000013378
forecaster-tenant-pool,2026-02-02 07:47:13,0.0019811816635954913,1113358336.0,1.3113000000025445
forecaster-tenant-pool,2026-02-02 07:47:43,0.0008147852082649008,1113358336.0,0.0866999999974117
forecaster-tenant-pool,2026-02-02 07:48:13,0.00213126921598755,1113391104.0,1.3407999999975193
forecaster-tenant-pool,2026-02-02 07:48:43,0.0027848444793973377,1113595904.0,0.40340000000142023
forecaster-tenant-pool,2026-02-02 07:49:13,0.0021816239593573233,1113952256.0,1.3272000000052988
forecaster-tenant-pool,2026-02-02 07:49:43,0.002276064078280417,1113747456.0,0.10839999999867965
forecaster-tenant-pool,2026-02-02 07:50:06,0.0002602892748760901,1113751552.0,0.10839999999867965
forecaster-tenant-pool,2026-02-02 07:50:13,0.00020115034640965656,1113751552.0,1.2558999999959874
forecaster-tenant-pool,2026-02-02 07:50:36,0.0025581058257421975,1113927680.0,1.2558999999959874
forecaster-tenant-pool,2026-02-02 07:51:06,0.001891934172687043,1113964544.0,0.4121000000050117
forecaster-tenant-pool,2026-02-02 07:51:36,0.0020373589055582937,1114021888.0,1.393099999996169
forecaster-tenant-pool,2026-02-02 07:52:06,0.001736766126872361,1114247168.0,0.10699999999948583
forecaster-tenant-pool,2026-02-02 07:52:36,0.003023536911822048,1113776128.0,1.264800000001924
forecaster-tenant-pool,2026-02-02 07:53:06,0.001995434298291785,1113849856.0,0.19560000000031627
forecaster-tenant-pool,2026-02-02 07:53:36,0.002000027761559567,1113866240.0,0.8772000000011757
forecaster-tenant-pool,2026-02-02 07:54:06,0.00014132694710037422,1113866240.0,0.3726999999996527
forecaster-tenant-pool,2026-02-02 07:54:36,0.002189177467292425,1113935872.0,1.6118000000016763
forecaster-tenant-pool,2026-02-02 07:55:06,0.0013193605356418708,1113260032.0,0.05360000000024835
forecaster-tenant-pool,2026-02-02 07:55:36,0.0019835481156830997,1113313280.0,1.3298999999961476
forecaster-tenant-pool,2026-02-02 07:56:06,0.002092721275718762,1113427968.0,0.058699999998013175
forecaster-tenant-pool,2026-02-02 07:56:36,0.0029807304057370395,1113387008.0,1.3677999999995032
forecaster-tenant-pool,2026-02-02 07:57:06,0.0011772305728657353,1113616384.0,0.09640000000338962
forecaster-tenant-pool,2026-02-02 07:57:36,0.0016320431445994699,1113128960.0,1.2342999999982567
forecaster-tenant-pool,2026-02-02 07:58:06,0.001990218691196524,1113194496.0,0.10919999999884264
forecaster-tenant-pool,2026-02-02 07:58:36,0.002394057311797931,1113194496.0,1.466100000005463
forecaster-tenant-pool,2026-02-02 07:59:06,0.001292481339690074,1113505792.0,0.07799999999430535
forecaster-tenant-pool,2026-02-02 07:59:36,0.0022397221608836653,1113288704.0,1.368100000000292
forecaster-tenant-pool,2026-02-02 08:00:03,0.0005735654521738116,1113407488.0,0.1016000000002047
forecaster-tenant-pool,2026-02-02 08:00:06,0.0005735654521738116,1113407488.0,0.1016000000002047
forecaster-tenant-pool,2026-02-02 08:00:33,0.002752529907293984,1113497600.0,1.4009999999999612
forecaster-tenant-pool,2026-02-02 08:01:03,0.0013425938253994979,1114025984.0,0.41210000000452657
forecaster-tenant-pool,2026-02-02 08:01:33,0.001829132724703684,1113833472.0,1.280800000000454
forecaster-tenant-pool,2026-02-02 08:02:03,0.0002689912283058771,1113251840.0,0.08519999999989522
forecaster-tenant-pool,2026-02-02 08:02:33,0.0029317983995485798,1113317376.0,1.4640000000010331
forecaster-tenant-pool,2026-02-02 08:03:03,0.001329555614918825,1113395200.0,0.0835999999930209
forecaster-tenant-pool,2026-02-02 08:03:33,0.0026449557814362773,1113444352.0,0.9806000000063553
forecaster-tenant-pool,2026-02-02 08:04:03,0.0011997848756384573,1113972736.0,0.49279999999780555
forecaster-tenant-pool,2026-02-02 08:04:33,0.0021545350964517775,1113513984.0,1.2337999999990037
forecaster-tenant-pool,2026-02-02 08:05:03,0.00027725764502823513,1113657344.0,0.2220999999972264
forecaster-tenant-pool,2026-02-02 08:05:33,0.0018684416794730934,1113739264.0,1.226200000000972
forecaster-tenant-pool,2026-02-02 08:06:03,0.0015698624147594405,1113821184.0,0.11480000000544047
forecaster-tenant-pool,2026-02-02 08:06:33,0.002025069649799904,1113849856.0,1.3948999999955656
forecaster-tenant-pool,2026-02-02 08:07:03,0.001341919202497009,1113837568.0,0.10280000000093423
forecaster-tenant-pool,2026-02-02 08:07:33,0.002623131740027353,1113763840.0,1.2846000000015918
forecaster-tenant-pool,2026-02-02 08:08:03,0.00020673567541779856,1113829376.0,0.091499999997662
forecaster-tenant-pool,2026-02-02 08:08:33,0.0021720332921757253,1113903104.0,0.8215999999989435
forecaster-tenant-pool,2026-02-02 08:09:03,0.0011712798702609576,1114189824.0,0.5760000000043267
forecaster-tenant-pool,2026-02-02 08:09:33,0.0022065795380318116,1113989120.0,1.114599999995092
forecaster-tenant-pool,2026-02-02 08:10:02,0.00021780184636916057,1113989120.0,0.10559999999968568
forecaster-tenant-pool,2026-02-02 08:10:03,0.00020017753658277128,1113989120.0,0.10559999999968568
forecaster-tenant-pool,2026-02-02 08:10:32,0.002366516280382116,1114087424.0,1.3723000000061196
forecaster-tenant-pool,2026-02-02 08:11:02,0.0007533182728319132,1114087424.0,0.4894999999984672
forecaster-tenant-pool,2026-02-02 08:11:32,0.002532923075830003,1114185728.0,1.3388999999959197
forecaster-tenant-pool,2026-02-02 08:12:02,0.0004246569787784449,1113911296.0,0.09610000000502623
forecaster-tenant-pool,2026-02-02 08:12:32,0.0022733634949580915,1113976832.0,1.5159999999951348
forecaster-tenant-pool,2026-02-02 08:13:02,0.00024735224371712997,1114034176.0,0.08209999999877861
forecaster-tenant-pool,2026-02-02 08:13:32,0.0018918325824158217,1114198016.0,1.2424000000058488
forecaster-tenant-pool,2026-02-02 08:14:02,0.0005417553226113427,1114361856.0,0.07779999999850892
forecaster-tenant-pool,2026-02-02 08:14:32,0.001958888867500416,1114357760.0,1.187699999997373
forecaster-tenant-pool,2026-02-02 08:15:02,0.0002269745266314624,1114374144.0,0.16700000000128057
forecaster-tenant-pool,2026-02-02 08:15:32,0.0023499843955961646,1114157056.0,1.1081000000005587
forecaster-tenant-pool,2026-02-02 08:16:02,0.0011511057325724403,1114755072.0,0.2889000000011341
forecaster-tenant-pool,2026-02-02 08:16:32,0.002027645209008925,1114230784.0,1.3215000000007422
forecaster-tenant-pool,2026-02-02 08:17:02,0.0013393174495574395,1113911296.0,0.11349999999911234
forecaster-tenant-pool,2026-02-02 08:17:32,0.0019860315364130065,1113972736.0,0.9384999999998399
forecaster-tenant-pool,2026-02-02 08:18:02,0.0009267814488328156,1114251264.0,0.4153999999953764
forecaster-tenant-pool,2026-02-02 08:18:32,0.002236315364678013,1114038272.0,1.5117000000009284
forecaster-tenant-pool,2026-02-02 08:19:02,0.0002141041234513464,1114038272.0,0.07880000000623112
forecaster-tenant-pool,2026-02-02 08:19:32,0.0019653933780294,1114112000.0,1.2585999999928996
forecaster-tenant-pool,2026-02-02 08:20:02,0.00020017344922887623,1114107904.0,0.09949999999989814
forecaster-tenant-pool,2026-02-02 08:20:03,0.00037721353420259004,1114185728.0,0.09949999999989814
forecaster-tenant-pool,2026-02-02 08:20:33,0.002559098296879215,1114198016.0,1.3966000000006413
forecaster-tenant-pool,2026-02-02 08:21:03,0.000462532386613477,1114202112.0,0.28650000000367676
forecaster-tenant-pool,2026-02-02 08:21:33,0.0024814025039225137,1114304512.0,1.4370999999990697
forecaster-tenant-pool,2026-02-02 08:22:03,0.0004647766444690658,1114525696.0,0.12560000000145616
forecaster-tenant-pool,2026-02-02 08:22:33,0.002274423964339354,1114099712.0,1.2007999999964039
forecaster-tenant-pool,2026-02-02 08:23:03,0.00026118276256369957,1114103808.0,0.43760000000002036
forecaster-tenant-pool,2026-02-02 08:23:33,0.0026967660208711748,1114288128.0,1.2632000000001427
forecaster-tenant-pool,2026-02-02 08:24:03,0.001702704239253791,1114673152.0,0.08690000000557727
forecaster-tenant-pool,2026-02-02 08:24:33,0.0019830640474006117,1114193920.0,1.4345999999954075
forecaster-tenant-pool,2026-02-02 08:25:03,0.0017912734683203082,1114238976.0,0.08280000000061895
forecaster-tenant-pool,2026-02-02 08:25:33,0.002775748676957201,1114144768.0,1.2984999999983604
forecaster-tenant-pool,2026-02-02 08:26:03,0.0002598062697945665,1114144768.0,0.11390000000368065
forecaster-tenant-pool,2026-02-02 08:26:33,0.0021507417100687606,1114214400.0,1.3829999999961728
forecaster-tenant-pool,2026-02-02 08:27:03,0.000263869893241278,1113894912.0,0.09920000000480891
forecaster-tenant-pool,2026-02-02 08:27:33,0.001943029773643859,1113960448.0,1.1328000000013465
forecaster-tenant-pool,2026-02-02 08:28:03,0.001715034055290748,1114300416.0,0.15849999999639597
forecaster-tenant-pool,2026-02-02 08:28:33,0.0018494339780830763,1114021888.0,1.375000000001819
forecaster-tenant-pool,2026-02-02 08:29:03,0.0015210114958432272,1114284032.0,0.09429999999956636
forecaster-tenant-pool,2026-02-02 08:29:33,0.0021659344805363117,1114091520.0,1.0510000000002038
forecaster-tenant-pool,2026-02-02 08:30:01,0.00018768247517818534,1114091520.0,0.4869000000001203
forecaster-tenant-pool,2026-02-02 08:30:03,0.00018768247517818534,1114091520.0,0.4869000000001203
forecaster-tenant-pool,2026-02-02 08:30:31,0.00284572790875184,1114185728.0,1.320100000001427
forecaster-tenant-pool,2026-02-02 08:31:01,0.0005352976224807812,1114202112.0,0.27599999999401914
forecaster-tenant-pool,2026-02-02 08:31:31,0.00256891204888458,1114255360.0,0.9951000000055501
forecaster-tenant-pool,2026-02-02 08:32:01,0.000974502104381428,1114218496.0,0.4631999999992938
forecaster-tenant-pool,2026-02-02 08:32:31,0.0020888078988790374,1114083328.0,1.416199999996267
forecaster-tenant-pool,2026-02-02 08:33:01,0.000247994898246158,1114095616.0,0.13269999999841578
forecaster-tenant-pool,2026-02-02 08:33:31,0.0021671837726559857,1114161152.0,1.29820000000412
forecaster-tenant-pool,2026-02-02 08:34:01,0.001351553567531839,1114185728.0,0.0900999999976193
forecaster-tenant-pool,2026-02-02 08:34:31,0.002141731483196814,1114230784.0,1.5482999999990474
forecaster-tenant-pool,2026-02-02 08:35:01,0.00028526384482950546,1114234880.0,0.10959999999892413
forecaster-tenant-pool,2026-02-02 08:35:31,0.002244798289194619,1114304512.0,1.362100000004284
forecaster-tenant-pool,2026-02-02 08:36:01,0.0008550162697418073,1114632192.0,0.09769999999649978
forecaster-tenant-pool,2026-02-02 08:36:31,0.002710019345449046,1114374144.0,1.5559000000013232
forecaster-tenant-pool,2026-02-02 08:37:01,0.001239332569605852,1114046464.0,0.11350000000165891
forecaster-tenant-pool,2026-02-02 08:37:31,0.0018106535826103753,1114116096.0,1.3230000000005626
forecaster-tenant-pool,2026-02-02 08:38:01,0.0009051173786732136,1114677248.0,0.08279999999552576
forecaster-tenant-pool,2026-02-02 08:38:31,0.0021038111209357195,1114181632.0,1.410700000004484
forecaster-tenant-pool,2026-02-02 08:39:01,0.0006791461774861261,1114370048.0,0.08790000000008148
forecaster-tenant-pool,2026-02-02 08:39:31,0.002022620562090917,1114251264.0,1.2186000000020916
forecaster-tenant-pool,2026-02-02 08:40:01,0.00025329399848078875,1114251264.0,0.0884999999974146
forecaster-tenant-pool,2026-02-02 08:40:10,0.00024522125275543773,1114251264.0,1.409900000001411
forecaster-tenant-pool,2026-02-02 08:40:40,0.0024111360631025704,1114345472.0,0.27179999999461874
forecaster-tenant-pool,2026-02-02 08:41:10,0.001733160594961542,1114419200.0,1.0903000000026322
forecaster-tenant-pool,2026-02-02 08:41:40,0.0017871686309268702,1114415104.0,0.30539999999758344
forecaster-tenant-pool,2026-02-02 08:42:10,0.0023751172949564095,1114189824.0,1.4796000000045753
forecaster-tenant-pool,2026-02-02 08:42:40,0.0026409958613705696,1114165248.0,0.22389999999904836
forecaster-tenant-pool,2026-02-02 08:43:10,0.001705595958708388,1114718208.0,1.2450999999970616
forecaster-tenant-pool,2026-02-02 08:43:40,0.0019482564106568785,1114234880.0,0.09980000000505244
forecaster-tenant-pool,2026-02-02 08:44:10,0.00039103067143740405,1114767360.0,1.4948999999956871
forecaster-tenant-pool,2026-02-02 08:44:40,0.002403395124103816,1114300416.0,0.09670000000320823
forecaster-tenant-pool,2026-02-02 08:45:10,0.0005316220433746367,1114316800.0,1.094900000001508
forecaster-tenant-pool,2026-02-02 08:45:40,0.002044006990364024,1114370048.0,0.2040999999976824
forecaster-tenant-pool,2026-02-02 08:46:10,0.002202511707073488,1114439680.0,1.4691000000023149
forecaster-tenant-pool,2026-02-02 08:46:40,0.003285226287811535,1114439680.0,0.08669999999729044
forecaster-tenant-pool,2026-02-02 08:47:10,0.0005444241110418506,1114120192.0,1.3050999999960673
forecaster-tenant-pool,2026-02-02 08:47:40,0.0017979447407678332,1114447872.0,0.10210000000734001
forecaster-tenant-pool,2026-02-02 08:48:10,0.0019639364271549537,1114251264.0,1.5055999999936227
forecaster-tenant-pool,2026-02-02 08:48:40,0.0034984917500106225,1114251264.0,0.08020000000469737
forecaster-tenant-pool,2026-02-02 08:49:10,0.002239853127938718,1114320896.0,1.414500000001984
forecaster-tenant-pool,2026-02-02 08:49:40,0.001948574228659848,1114320896.0,0.09629999999536573
forecaster-tenant-pool,2026-02-02 08:50:03,0.00024187816773161598,1114320896.0,0.09629999999536569
forecaster-tenant-pool,2026-02-02 08:50:10,0.0023963135832899174,1114374144.0,1.492399999999422
forecaster-tenant-pool,2026-02-02 08:50:33,0.002593399634919686,1114492928.0,1.4923999999994217
forecaster-tenant-pool,2026-02-02 08:51:03,0.0011826096466628945,1114955776.0,0.2778000000050573
forecaster-tenant-pool,2026-02-02 08:51:33,0.0017111746836648532,1114484736.0,1.283699999997043
forecaster-tenant-pool,2026-02-02 08:52:03,0.0021708213196831006,1114193920.0,0.0936999999970188
forecaster-tenant-pool,2026-02-02 08:52:33,0.0033295124380120808,1114230784.0,1.5702000000048428
forecaster-tenant-pool,2026-02-02 08:53:03,0.001289338245341421,1114501120.0,0.10320000000016687
forecaster-tenant-pool,2026-02-02 08:53:33,0.0020621777224410446,1114300416.0,1.250699999994928
forecaster-tenant-pool,2026-02-02 08:54:03,0.0002513403485232344,1114304512.0,0.23309999999886105
forecaster-tenant-pool,2026-02-02 08:54:33,0.002661896018820902,1114370048.0,1.4385000000044479
forecaster-tenant-pool,2026-02-02 08:55:03,0.00162644472605218,1114398720.0,0.08199999999960711
forecaster-tenant-pool,2026-02-02 08:55:33,0.0018798841656038677,1114435584.0,1.2207999999979318
forecaster-tenant-pool,2026-02-02 08:56:03,0.0006326304030600787,1114537984.0,0.204800000003767
forecaster-tenant-pool,2026-02-02 08:56:33,0.0025365957317774585,1114505216.0,1.243799999995584
forecaster-tenant-pool,2026-02-02 08:57:03,0.0006334023209842136,1114460160.0,0.3129000000035982
forecaster-tenant-pool,2026-02-02 08:57:33,0.002140205390971689,1114247168.0,1.294199999998697
forecaster-tenant-pool,2026-02-02 08:58:03,0.00023780772439935147,1114247168.0,0.07460000000161623
forecaster-tenant-pool,2026-02-02 08:58:33,0.002322878743842265,1114320896.0,1.55589999999526
forecaster-tenant-pool,2026-02-02 08:59:03,0.0002561804117221888,1114316800.0,0.09549999999993208
forecaster-tenant-pool,2026-02-02 08:59:33,0.002204056766345569,1114386432.0,1.1918000000019675
forecaster-tenant-pool,2026-02-02 09:00:02,0.0012998103639928163,1114406912.0,0.20319999999798408
forecaster-tenant-pool,2026-02-02 09:00:03,0.00026126080509813316,1114390528.0,0.20319999999798408
forecaster-tenant-pool,2026-02-02 09:00:32,0.0026049344986139116,1114476544.0,1.4437000000055076
forecaster-tenant-pool,2026-02-02 09:01:02,0.00044069662118911986,1114505216.0,0.288300000000163
forecaster-tenant-pool,2026-02-02 09:01:32,0.0022293476112921332,1114546176.0,1.3140999999958392
forecaster-tenant-pool,2026-02-02 09:02:02,0.00033542245206868857,1114226688.0,0.1259000000017598
forecaster-tenant-pool,2026-02-02 09:02:32,0.0028496323403322432,1114296320.0,1.2342999999980142
forecaster-tenant-pool,2026-02-02 09:03:02,0.0007687757835522236,1114296320.0,0.442499999998472
forecaster-tenant-pool,2026-02-02 09:03:32,0.0020442150021184225,1114365952.0,1.1550000000056266
forecaster-tenant-pool,2026-02-02 09:04:02,0.0009517686740549117,1114906624.0,0.33459999999395224
forecaster-tenant-pool,2026-02-02 09:04:32,0.0020120431896472946,1114435584.0,1.390400000004229
forecaster-tenant-pool,2026-02-02 09:05:02,0.000241451255597245,1114435584.0,0.08260000000021439
forecaster-tenant-pool,2026-02-02 09:05:32,0.001979798294137788,1114501120.0,1.2285999999958828
forecaster-tenant-pool,2026-02-02 09:06:02,0.0011453372483527448,1115062272.0,0.21610000000243113
forecaster-tenant-pool,2026-02-02 09:06:32,0.0024769407787303566,1114689536.0,1.45819999999876
forecaster-tenant-pool,2026-02-02 09:07:02,0.000287693852648002,1114365952.0,0.09940000000436461
forecaster-tenant-pool,2026-02-02 09:07:32,0.0023170928421619155,1114435584.0,1.3562999999961902
forecaster-tenant-pool,2026-02-02 09:08:02,0.0004400321401972419,1114529792.0,0.10020000000246607
forecaster-tenant-pool,2026-02-02 09:08:32,0.0023547924399510275,1114370048.0,0.925499999996585
forecaster-tenant-pool,2026-02-02 09:09:02,0.0001732992896305627,1114370048.0,0.6247000000005452
forecaster-tenant-pool,2026-02-02 09:09:32,0.0022008681496995374,1114439680.0,1.3041000000045946
forecaster-tenant-pool,2026-02-02 09:10:02,0.00014079828597278563,1114443776.0,0.04799999999813735
forecaster-tenant-pool,2026-02-02 09:10:05,0.001282889701416821,1114730496.0,0.04799999999813735
forecaster-tenant-pool,2026-02-02 09:10:35,0.00271584236549619,1113559040.0,1.404299999998572
forecaster-tenant-pool,2026-02-02 09:11:05,0.00032602991658313164,1113829376.0,0.24830000000074506
forecaster-tenant-pool,2026-02-02 09:11:35,0.0020827657191265147,1113624576.0,1.3049999999968955
forecaster-tenant-pool,2026-02-02 09:12:05,0.0012876103339414151,1113567232.0,0.09600000000076155
forecaster-tenant-pool,2026-02-02 09:12:35,0.0024315053197575673,1113374720.0,1.4476999999986826
forecaster-tenant-pool,2026-02-02 09:13:05,0.0007383194768984052,1113403392.0,0.26540000000616903
forecaster-tenant-pool,2026-02-02 09:13:35,0.0018804264284018634,1113444352.0,1.2592999999955887
forecaster-tenant-pool,2026-02-02 09:14:05,0.0017346138517701495,1113612288.0,0.1208000000056927
forecaster-tenant-pool,2026-02-02 09:14:35,0.002357952144203514,1113849856.0,1.2198999999996887
forecaster-tenant-pool,2026-02-02 09:15:05,0.0016606468391583329,1114148864.0,0.404199999997824
forecaster-tenant-pool,2026-02-02 09:15:35,0.0021013883623643096,1113939968.0,1.324499999999898
forecaster-tenant-pool,2026-02-02 09:16:05,0.00179865597453867,1114517504.0,0.11069999999732924
forecaster-tenant-pool,2026-02-02 09:16:35,0.003176620162561643,1114112000.0,1.396700000004906
forecaster-tenant-pool,2026-02-02 09:17:05,0.001941565478425135,1113890816.0,0.1256999999966259
forecaster-tenant-pool,2026-02-02 09:17:35,0.0020613080944264775,1113858048.0,1.346900000003249
forecaster-tenant-pool,2026-02-02 09:18:05,0.0006862559405902799,1113882624.0,0.09090000000032888
forecaster-tenant-pool,2026-02-02 09:18:35,0.0024378008810055363,1113956352.0,1.4926999999962087
forecaster-tenant-pool,2026-02-02 09:19:05,0.0019345203880240982,1114099712.0,0.10600000000134362
forecaster-tenant-pool,2026-02-02 09:19:35,0.002082684686483348,1114066944.0,1.2662000000002687
forecaster-tenant-pool,2026-02-02 09:20:05,0.00018450057861693246,1114079232.0,0.07889999999933933
forecaster-tenant-pool,2026-02-02 09:20:06,0.000187584567552263,1114079232.0,0.07889999999933933
forecaster-tenant-pool,2026-02-02 09:20:36,0.002649855765640225,1114243072.0,1.4170000000012806
forecaster-tenant-pool,2026-02-02 09:21:06,0.0015679399309187821,1114566656.0,0.2872999999975339
forecaster-tenant-pool,2026-02-02 09:21:36,0.0018869178134812447,1114370048.0,1.1709999999970022
forecaster-tenant-pool,2026-02-02 09:22:06,0.001787650736979409,1114345472.0,0.16400000000357975
forecaster-tenant-pool,2026-02-02 09:22:36,0.002439028861010934,1114132480.0,1.4881999999991724
forecaster-tenant-pool,2026-02-02 09:23:06,0.001217930746683522,1114427392.0,0.11550000000424916
forecaster-tenant-pool,2026-02-02 09:23:36,0.002360172667747393,1114202112.0,1.0351999999939532
forecaster-tenant-pool,2026-02-02 09:24:06,0.0013325882543482272,1114927104.0,0.34450000000154735
forecaster-tenant-pool,2026-02-02 09:24:36,0.0023357779647594575,1114275840.0,1.513599999997435
forecaster-tenant-pool,2026-02-02 09:25:06,0.0007292658139582956,1114304512.0,0.09120000000487682
forecaster-tenant-pool,2026-02-02 09:25:36,0.0022237040735546467,1114345472.0,0.8415999999996226
forecaster-tenant-pool,2026-02-02 09:26:06,0.0020912635520337953,1114894336.0,0.5030000000026726
forecaster-tenant-pool,2026-02-02 09:26:36,0.002807654534064234,1114411008.0,1.4181999999934003
forecaster-tenant-pool,2026-02-02 09:27:06,0.0008017365535082755,1114120192.0,0.0955000000056316
forecaster-tenant-pool,2026-02-02 09:27:36,0.002305333683056793,1114177536.0,1.2268000000009731
forecaster-tenant-pool,2026-02-02 09:28:06,0.0007265405618483978,1114189824.0,0.22029999999625335
forecaster-tenant-pool,2026-02-02 09:28:36,0.002088384614296521,1114251264.0,0.5538000000029569
forecaster-tenant-pool,2026-02-02 09:29:06,0.0018459269407620099,1114603520.0,1.0648999999958808
forecaster-tenant-pool,2026-02-02 09:29:36,0.0027219982946745116,1114316800.0,1.3126999999981004
forecaster-tenant-pool,2026-02-02 09:30:04,0.0004332844727600478,1115103232.0,0.10890000000084304
forecaster-tenant-pool,2026-02-02 09:30:06,0.0005169626999967042,1115103232.0,0.10890000000084304
forecaster-tenant-pool,2026-02-02 09:30:34,0.0025895134061870114,1114411008.0,1.3450000000014068
forecaster-tenant-pool,2026-02-02 09:31:04,0.002003673873838649,1114820608.0,0.3748999999982819
forecaster-tenant-pool,2026-02-02 09:31:34,0.002106824403493609,1114730496.0,1.2981000000039786
forecaster-tenant-pool,2026-02-02 09:32:04,0.001652416301069787,1114537984.0,0.10119999999490877
forecaster-tenant-pool,2026-02-02 09:32:34,0.001964246566719844,1114701824.0,1.0996000000068307
forecaster-tenant-pool,2026-02-02 09:33:04,0.0012559549719600954,1115250688.0,0.42599999999462546
forecaster-tenant-pool,2026-02-02 09:33:34,0.0026885351593649532,1114796032.0,1.420900000002924
forecaster-tenant-pool,2026-02-02 09:34:04,0.0002625397910443904,1114800128.0,0.11129999999648135
forecaster-tenant-pool,2026-02-02 09:34:34,0.0020320250360921395,1114869760.0,1.5667000000063125
forecaster-tenant-pool,2026-02-02 09:35:04,0.00026273465670230157,1114656768.0,0.08169999999906091
forecaster-tenant-pool,2026-02-02 09:35:34,0.0025073010134566555,1114726400.0,1.350799999998344
forecaster-tenant-pool,2026-02-02 09:36:04,0.0011497952389799733,1115275264.0,0.107800000002923
forecaster-tenant-pool,2026-02-02 09:36:34,0.0029713750454905064,1114796032.0,1.4902999999942645
forecaster-tenant-pool,2026-02-02 09:37:04,0.00028820003271914446,1114468352.0,0.1103999999998147
forecaster-tenant-pool,2026-02-02 09:37:34,0.0017727321978772076,1114537984.0,1.0733000000040192
forecaster-tenant-pool,2026-02-02 09:38:04,0.0014438424534909799,1114550272.0,0.3162999999978638
forecaster-tenant-pool,2026-02-02 09:38:34,0.0021921014640501886,1114607616.0,1.0302999999987756
forecaster-tenant-pool,2026-02-02 09:39:04,0.00075483016532265,1114648576.0,0.4285000000010768
forecaster-tenant-pool,2026-02-02 09:39:34,0.0019693553223211506,1114677248.0,1.2652999999969323
forecaster-tenant-pool,2026-02-02 09:40:03,0.0014335148262122578,1114710016.0,0.07720000000542011
forecaster-tenant-pool,2026-02-02 09:40:04,0.0002042638010407514,1114673152.0,0.07720000000542011
forecaster-tenant-pool,2026-02-02 09:40:33,0.0025937990082788814,1114771456.0,1.27439999999818
forecaster-tenant-pool,2026-02-02 09:41:03,0.0002552728447763647,1114771456.0,0.39590000000049863
forecaster-tenant-pool,2026-02-02 09:41:33,0.002207507370361846,1114841088.0,1.2227000000018355
forecaster-tenant-pool,2026-02-02 09:42:03,0.001127181328691764,1115082752.0,0.21649999999790454
forecaster-tenant-pool,2026-02-02 09:42:33,0.002154449287088812,1114603520.0,1.4590999999979732
forecaster-tenant-pool,2026-02-02 09:43:03,0.0007554173375253738,1114624000.0,0.10440000000453437
forecaster-tenant-pool,2026-02-02 09:43:33,0.002347986182221263,1114673152.0,1.4517999999952735
forecaster-tenant-pool,2026-02-02 09:44:03,0.0002361070764598796,1114673152.0,0.10049999999828288
forecaster-tenant-pool,2026-02-02 09:44:33,0.00219538522569218,1114738688.0,1.3307000000049205
forecaster-tenant-pool,2026-02-02 09:45:03,0.0002195847410219075,1114738688.0,0.1881999999984449
forecaster-tenant-pool,2026-02-02 09:45:33,0.002069069597747462,1114808320.0,1.3474999999970654
forecaster-tenant-pool,2026-02-02 09:46:03,0.0017265684558976217,1115107328.0,0.10870000000674432
forecaster-tenant-pool,2026-02-02 09:46:33,0.002422636081921887,1114877952.0,1.478499999993316
forecaster-tenant-pool,2026-02-02 09:47:03,0.0002579317330497207,1114877952.0,0.0945000000056704
forecaster-tenant-pool,2026-02-02 09:47:33,0.0027016678937955224,1114615808.0,1.2840999999938503
forecaster-tenant-pool,2026-02-02 09:48:03,0.00022106590686041784,1114619904.0,0.08470000000597792
forecaster-tenant-pool,2026-02-02 09:48:33,0.0024641811764816264,1114689536.0,1.4445999999970809
forecaster-tenant-pool,2026-02-02 09:49:03,0.00029825403029484803,1114693632.0,0.11410000000093229
forecaster-tenant-pool,2026-02-02 09:49:33,0.0019170947203968013,1114763264.0,1.175800000000163
forecaster-tenant-pool,2026-02-02 09:50:02,0.0002756694021366513,1114759168.0,0.31679999999590414
forecaster-tenant-pool,2026-02-02 09:50:03,0.00026678396543827743,1114759168.0,0.31679999999590414
forecaster-tenant-pool,2026-02-02 09:50:32,0.0023585642305421523,1114849280.0,0.8536000000046139
forecaster-tenant-pool,2026-02-02 09:51:02,0.0012563931631826113,1114849280.0,0.6624999999953919
forecaster-tenant-pool,2026-02-02 09:51:32,0.0020488309046917644,1114468352.0,1.134000000000621
forecaster-tenant-pool,2026-02-02 09:52:02,0.0002525074387353406,1114148864.0,0.20380000000053164
forecaster-tenant-pool,2026-02-02 09:52:32,0.0022828820496921384,1114214400.0,1.4659999999993791
forecaster-tenant-pool,2026-02-02 09:53:02,0.00016031845608079808,1114214400.0,0.05140000000440826
forecaster-tenant-pool,2026-02-02 09:53:32,0.0019304735019104481,1113624576.0,1.3065999999952813
forecaster-tenant-pool,2026-02-02 09:54:02,0.00022801601361160007,1113628672.0,0.10240000000533958
forecaster-tenant-pool,2026-02-02 09:54:32,0.0027257317245614108,1113694208.0,1.3920999999959653
forecaster-tenant-pool,2026-02-02 09:55:02,0.0007281150178371658,1113767936.0,0.09640000000144937
forecaster-tenant-pool,2026-02-02 09:55:32,0.0019055002757998704,1114054656.0,1.2438999999987574
forecaster-tenant-pool,2026-02-02 09:56:02,0.0005964616885951718,1114390528.0,0.179800000005586
forecaster-tenant-pool,2026-02-02 09:56:32,0.0020917928873147255,1114296320.0,1.4170999999951164
forecaster-tenant-pool,2026-02-02 09:57:02,0.0002009119733033553,1114456064.0,0.08829999999943539
forecaster-tenant-pool,2026-02-02 09:57:32,0.0029524684449672373,1114234880.0,1.1577999999987998
forecaster-tenant-pool,2026-02-02 09:58:02,0.0005730842543077337,1114230784.0,0.18150000000556854
forecaster-tenant-pool,2026-02-02 09:58:32,0.0019384935886377498,1114300416.0,1.348899999996623
forecaster-tenant-pool,2026-02-02 09:59:02,0.0015903627640548542,1114726400.0,0.09079999999836824
forecaster-tenant-pool,2026-02-02 09:59:32,0.0024899353948393023,1114537984.0,1.096300000003248
forecaster-tenant-pool,2026-02-02 10:00:02,0.00016204974129553434,1114542080.0,0.32620000000206345
forecaster-tenant-pool,2026-02-02 10:00:07,0.0010746055833526335,1114812416.0,0.32620000000206345
forecaster-tenant-pool,2026-02-02 10:00:37,0.002562533321380787,1114652672.0,1.3519999999950716
forecaster-tenant-pool,2026-02-02 10:01:07,0.0013398632182113773,1114681344.0,0.3034999999985303
forecaster-tenant-pool,2026-02-02 10:01:37,0.0019222297603490005,1114750976.0,1.2034000000019054
forecaster-tenant-pool,2026-02-02 10:02:07,0.0006326321116509458,1114791936.0,0.13420000000417834
forecaster-tenant-pool,2026-02-02 10:02:37,0.0023853268805159363,1114501120.0,1.144799999993605
forecaster-tenant-pool,2026-02-02 10:03:07,0.0009450495171935239,1114771456.0,0.4534000000003288
forecaster-tenant-pool,2026-02-02 10:03:37,0.0019240091063739385,1114615808.0,1.2961000000050262
forecaster-tenant-pool,2026-02-02 10:04:07,0.000425510964301606,1114640384.0,0.12789999999477003
forecaster-tenant-pool,2026-02-02 10:04:37,0.002464393550587127,1114771456.0,0.8776000000010147
forecaster-tenant-pool,2026-02-02 10:05:07,0.0009523426326983032,1115377664.0,0.5186000000039106
forecaster-tenant-pool,2026-02-02 10:05:37,0.0022986241717766974,1114906624.0,1.3547999999960059
forecaster-tenant-pool,2026-02-02 10:06:07,0.0009136289341725582,1115451392.0,0.09080000000418902
forecaster-tenant-pool,2026-02-02 10:06:37,0.001949899466888766,1114980352.0,1.4214999999990445
forecaster-tenant-pool,2026-02-02 10:07:07,0.0005402819554787798,1114660864.0,0.09739999999716625
forecaster-tenant-pool,2026-02-02 10:07:37,0.0020932655429186774,1114730496.0,0.8869000000008479
forecaster-tenant-pool,2026-02-02 10:08:07,0.0016355767695064873,1115283456.0,0.412400000004709
forecaster-tenant-pool,2026-02-02 10:08:37,0.0027569387802237034,1114800128.0,1.5392999999930908
forecaster-tenant-pool,2026-02-02 10:09:07,0.0019230800293671825,1114882048.0,0.07570000000390184
forecaster-tenant-pool,2026-02-02 10:09:37,0.002476321798499378,1114865664.0,1.2461999999980131
forecaster-tenant-pool,2026-02-02 10:10:02,0.0001774942261290103,1114300416.0,0.058300000003388655
forecaster-tenant-pool,2026-02-02 10:10:07,0.00012261696579900957,1114300416.0,0.058300000003388655
forecaster-tenant-pool,2026-02-02 10:10:32,0.002155806460829197,1114390528.0,1.294399999997889
forecaster-tenant-pool,2026-02-02 10:11:02,0.0016102225432324834,1114427392.0,0.2585000000040357
forecaster-tenant-pool,2026-02-02 10:11:32,0.002264579687431024,1114460160.0,1.1889999999947274
forecaster-tenant-pool,2026-02-02 10:12:02,0.00046874246443954473,1114091520.0,0.24280000000520277
forecaster-tenant-pool,2026-02-02 10:12:32,0.002163582067749168,1113886720.0,1.3843999999970642
forecaster-tenant-pool,2026-02-02 10:13:02,0.0002708833533892882,1113886720.0,0.10949999999805489
forecaster-tenant-pool,2026-02-02 10:13:32,0.002286510218350518,1114079232.0,1.401500000000427
forecaster-tenant-pool,2026-02-02 10:14:02,0.0007670223802646666,1114234880.0,0.09120000000196646
forecaster-tenant-pool,2026-02-02 10:14:32,0.0022064343142032664,1114267648.0,1.496300000000459
forecaster-tenant-pool,2026-02-02 10:15:02,0.0016878377106518657,1114312704.0,0.10999999999779296
forecaster-tenant-pool,2026-02-02 10:15:32,0.001825784635466921,1114353664.0,1.268600000000515
forecaster-tenant-pool,2026-02-02 10:16:02,0.0002801979003047656,1114390528.0,0.0764999999984866
forecaster-tenant-pool,2026-02-02 10:16:32,0.001981725984308135,1114472448.0,1.075299999999212
forecaster-tenant-pool,2026-02-02 10:17:02,0.0009130434676716494,1114152960.0,0.37770000000212656
forecaster-tenant-pool,2026-02-02 10:17:32,0.002209762491921662,1114238976.0,0.9511000000004666
forecaster-tenant-pool,2026-02-02 10:18:02,0.001043359076265263,1114517504.0,0.4540000000004511
forecaster-tenant-pool,2026-02-02 10:18:32,0.002198341518147013,1113784320.0,1.1966999999962962
forecaster-tenant-pool,2026-02-02 10:19:02,0.00024645178147648505,1113784320.0,0.3230000000068685
forecaster-tenant-pool,2026-02-02 10:19:32,0.0024653819497459837,1113862144.0,1.4104999999954695
forecaster-tenant-pool,2026-02-02 10:20:02,0.0002790489036785237,1114013696.0,0.11429999999757759
forecaster-tenant-pool,2026-02-02 10:20:02,0.0002747678602021093,1114042368.0,0.11429999999757759
forecaster-tenant-pool,2026-02-02 10:20:32,0.001982731333538757,1114140672.0,1.3621000000034351
forecaster-tenant-pool,2026-02-02 10:21:02,0.0004445833929425139,1114206208.0,0.28210000000071883
forecaster-tenant-pool,2026-02-02 10:21:32,0.002144171050466826,1114316800.0,1.2687000000010207
forecaster-tenant-pool,2026-02-02 10:22:02,0.001298315045636984,1115037696.0,0.08260000000009313
forecaster-tenant-pool,2026-02-02 10:22:32,0.0023372416462982167,1115095040.0,1.1366000000009082
forecaster-tenant-pool,2026-02-02 10:23:02,0.0011171206153266708,1115635712.0,0.36649999999608557
forecaster-tenant-pool,2026-02-02 10:23:32,0.0020414461010116124,1115168768.0,1.2543000000037865
forecaster-tenant-pool,2026-02-02 10:24:02,0.0008966565945986855,1115471872.0,0.1895999999994577
forecaster-tenant-pool,2026-02-02 10:24:32,0.0021729984187330307,1115275264.0,1.406199999997019
forecaster-tenant-pool,2026-02-02 10:25:02,0.00024227486423686277,1114779648.0,0.08890000000271053
forecaster-tenant-pool,2026-02-02 10:25:32,0.0026305516737994937,1114853376.0,1.2528000000010555
forecaster-tenant-pool,2026-02-02 10:26:02,0.0006675573219104908,1115377664.0,0.08599999999569263
forecaster-tenant-pool,2026-02-02 10:26:32,0.0022460815602962096,1114918912.0,1.2539000000021283
forecaster-tenant-pool,2026-02-02 10:27:02,0.0003917944964169049,1114599424.0,0.1981000000021595
forecaster-tenant-pool,2026-02-02 10:27:32,0.0018655811124584228,1114664960.0,1.1274999999984479
forecaster-tenant-pool,2026-02-02 10:28:02,0.0016255340786144087,1114705920.0,0.19079999999764063
forecaster-tenant-pool,2026-02-02 10:28:32,0.0021956018779599167,1114042368.0,1.3964999999980743
forecaster-tenant-pool,2026-02-02 10:29:02,0.00016490673746674765,1113661440.0,0.05490000000378738
forecaster-tenant-pool,2026-02-02 10:29:32,0.0022313020437217676,1113735168.0,1.1568000000019916
forecaster-tenant-pool,2026-02-02 10:30:02,0.000265791241553053,1113735168.0,0.10539999999794722
forecaster-tenant-pool,2026-02-02 10:30:02,0.000265791241553053,1113735168.0,0.10539999999794722
forecaster-tenant-pool,2026-02-02 10:30:32,0.0023714245718690825,1113833472.0,1.3455999999975272
forecaster-tenant-pool,2026-02-02 10:31:02,0.00048369572233233156,1113837568.0,0.2728999999998147
forecaster-tenant-pool,2026-02-02 10:31:32,0.0017601885501646146,1113907200.0,0.9075000000016492
forecaster-tenant-pool,2026-02-02 10:32:02,0.0002711910716248188,1113608192.0,0.39440000000055686
forecaster-tenant-pool,2026-02-02 10:32:32,0.0027760368148093024,1113767936.0,1.4060999999967558
forecaster-tenant-pool,2026-02-02 10:33:02,0.0005262518995119737,1113763840.0,0.0714999999995295
forecaster-tenant-pool,2026-02-02 10:33:32,0.0020922366543308403,1113837568.0,1.222400000000683
forecaster-tenant-pool,2026-02-02 10:34:02,0.0005295786680473433,1113841664.0,0.18300000000296374
forecaster-tenant-pool,2026-02-02 10:34:32,0.0018680922007367517,1113661440.0,1.1264999999975165
forecaster-tenant-pool,2026-02-02 10:35:02,0.0001768610336188278,1111461888.0,0.3879000000008091
forecaster-tenant-pool,2026-02-02 10:35:32,0.002462402972194655,1111535616.0,1.025900000000062
forecaster-tenant-pool,2026-02-02 10:36:02,0.0014350321998705176,1111678976.0,0.33160000000073825
forecaster-tenant-pool,2026-02-02 10:36:32,0.002434019977301509,1111703552.0,1.3967000000041785
forecaster-tenant-pool,2026-02-02 10:37:02,0.000245898993356889,1111056384.0,0.10909999999554809
forecaster-tenant-pool,2026-02-02 10:37:32,0.0020075346844975112,1111130112.0,1.188399999997637
forecaster-tenant-pool,2026-02-02 10:38:02,0.0005412520477796836,1111265280.0,0.10749999999958769
forecaster-tenant-pool,2026-02-02 10:38:32,0.002016531183286943,1111511040.0,1.0124000000068918
forecaster-tenant-pool,2026-02-02 10:39:02,0.0015168928840083072,1111617536.0,0.31879999999400754
forecaster-tenant-pool,2026-02-02 10:39:32,0.0020843351327349945,1111973888.0,0.9793999999996837
forecaster-tenant-pool,2026-02-02 10:40:02,0.0002497747522075084,1111748608.0,0.3234000000040396
forecaster-tenant-pool,2026-02-02 10:40:03,0.0002497747522075084,1111748608.0,0.3234000000040396
forecaster-tenant-pool,2026-02-02 10:40:33,0.002144150064289321,1111875584.0,1.3979999999991073
forecaster-tenant-pool,2026-02-02 10:41:03,0.0002605966819310792,1111879680.0,0.27699999999786085
forecaster-tenant-pool,2026-02-02 10:41:33,0.0023775086064535657,1112059904.0,0.5846999999990657
forecaster-tenant-pool,2026-02-02 10:42:03,0.00019424170423231423,1112051712.0,0.7283000000040677
forecaster-tenant-pool,2026-02-02 10:42:33,0.002090724981928661,1111805952.0,1.1997999999982616
forecaster-tenant-pool,2026-02-02 10:43:03,0.00040257658709013717,1111457792.0,0.3307000000029802
forecaster-tenant-pool,2026-02-02 10:43:33,0.0017876834912419928,1111527424.0,1.221699999995447
forecaster-tenant-pool,2026-02-02 10:44:03,0.00016228370217776444,1111527424.0,0.05690000000565002
forecaster-tenant-pool,2026-02-02 10:44:33,0.002042528258040568,1111613440.0,1.3862999999973302
forecaster-tenant-pool,2026-02-02 10:45:03,0.0014616755056121556,1111654400.0,0.08299999999653664
forecaster-tenant-pool,2026-02-02 10:45:33,0.0020557740681464553,1111433216.0,1.257200000004377
forecaster-tenant-pool,2026-02-02 10:46:03,0.00038785436288484433,1111445504.0,0.08979999999598173
forecaster-tenant-pool,2026-02-02 10:46:33,0.002318467297320388,1111547904.0,1.296300000001429
forecaster-tenant-pool,2026-02-02 10:47:03,0.0007057999167048817,1111379968.0,0.08719999999836242
forecaster-tenant-pool,2026-02-02 10:47:33,0.0023286396299858373,1111531520.0,1.350299999998727
forecaster-tenant-pool,2026-02-02 10:48:03,0.0016748164182503972,1111670784.0,0.1256000000066706
forecaster-tenant-pool,2026-02-02 10:48:33,0.0024041347656333853,1111777280.0,1.22839999999948
forecaster-tenant-pool,2026-02-02 10:49:03,0.00024954590984112567,1111777280.0,0.3453999999988203
forecaster-tenant-pool,2026-02-02 10:49:33,0.0019956809970588896,1111846912.0,1.2230000000018966
forecaster-tenant-pool,2026-02-02 10:50:03,0.0002526748533363997,1111846912.0,0.08429999999546756
forecaster-tenant-pool,2026-02-02 10:50:10,0.0011272633553124757,1112403968.0,0.9008000000001631
forecaster-tenant-pool,2026-02-02 10:50:40,0.0026510054714132575,1111945216.0,0.5821999999974652
forecaster-tenant-pool,2026-02-02 10:51:10,0.001851437156303619,1112170496.0,1.1862000000060413
forecaster-tenant-pool,2026-02-02 10:51:40,0.0020218604840138064,1112375296.0,0.21199999999638147
forecaster-tenant-pool,2026-02-02 10:52:10,0.0020108062681127503,1112154112.0,1.1826000000011847
forecaster-tenant-pool,2026-02-02 10:52:40,0.0026112801961027912,1112256512.0,0.36480000000362156
forecaster-tenant-pool,2026-02-02 10:53:10,0.0017535627689834144,1112449024.0,1.2728000000001582
forecaster-tenant-pool,2026-02-02 10:53:40,0.0020555880742437757,1112285184.0,0.11729999999552093
forecaster-tenant-pool,2026-02-02 10:54:10,0.001984418537049371,1112502272.0,1.150099999998323
forecaster-tenant-pool,2026-02-02 10:54:40,0.0022901728105744097,1112363008.0,0.4156999999987117
forecaster-tenant-pool,2026-02-02 10:55:10,0.0018895634817662076,1112391680.0,1.191600000002412
forecaster-tenant-pool,2026-02-02 10:55:40,0.0024353877826370023,1112379392.0,0.1945000000015474
forecaster-tenant-pool,2026-02-02 10:56:10,0.0005890533335614473,1112473600.0,1.1263999999990728
forecaster-tenant-pool,2026-02-02 10:56:40,0.0021380964676577727,1112453120.0,0.23400000000304624
forecaster-tenant-pool,2026-02-02 10:57:10,0.0015022167178137826,1112141824.0,0.8299999999995636
forecaster-tenant-pool,2026-02-02 10:57:40,0.002007129853787221,1112190976.0,0.39679999999728666
forecaster-tenant-pool,2026-02-02 10:58:10,0.0021638431258422615,1112510464.0,1.2187000000030823
forecaster-tenant-pool,2026-02-02 10:58:40,0.002180805840069965,1112260608.0,0.19029999999935782
forecaster-tenant-pool,2026-02-02 10:59:10,0.002408318712583764,1112571904.0,1.4050000000015042
forecaster-tenant-pool,2026-02-02 10:59:40,0.0022111477998226097,1112330240.0,0.08489999999328576
forecaster-tenant-pool,2026-02-02 11:00:05,0.0013046694268916135,1112371200.0,0.08489999999328575
forecaster-tenant-pool,2026-02-02 11:00:10,0.0016073365813220545,1112371200.0,0.8588999999997519
forecaster-tenant-pool,2026-02-02 11:00:35,0.00204716269275772,1112424448.0,0.8588999999997516
forecaster-tenant-pool,2026-02-02 11:01:05,0.001300143828918372,1112723456.0,0.7088000000066434
forecaster-tenant-pool,2026-02-02 11:01:35,0.001990076562500824,1111658496.0,0.8423999999944499
forecaster-tenant-pool,2026-02-02 11:02:05,0.0017752080792946005,1111638016.0,0.38260000000397365
forecaster-tenant-pool,2026-02-02 11:02:35,0.002412808777895818,1111412736.0,1.4269000000009935
forecaster-tenant-pool,2026-02-02 11:03:05,0.00021550189802928228,1111429120.0,0.27580000000113314
forecaster-tenant-pool,2026-02-02 11:03:35,0.0025308319423442494,1111511040.0,1.1275999999953152
forecaster-tenant-pool,2026-02-02 11:04:05,0.0006386029355541305,1111547904.0,0.3233000000043831
forecaster-tenant-pool,2026-02-02 11:04:35,0.0021308908309992263,1111629824.0,1.3032999999986106
forecaster-tenant-pool,2026-02-02 11:05:05,0.0006153203207953078,1111973888.0,0.23249999999873883
forecaster-tenant-pool,2026-02-02 11:05:35,0.0022709923697210132,1112027136.0,1.2516999999992549
forecaster-tenant-pool,2026-02-02 11:06:05,0.001592720775728411,1112514560.0,0.0954999999966579
forecaster-tenant-pool,2026-02-02 11:06:35,0.0017409003371176748,1112096768.0,1.2172000000020489
forecaster-tenant-pool,2026-02-02 11:07:05,0.0018533834054373925,1111797760.0,0.21200000000341485
forecaster-tenant-pool,2026-02-02 11:07:35,0.0021413029770279927,1111875584.0,1.215099999999317
forecaster-tenant-pool,2026-02-02 11:08:05,0.0020589117480746483,1111576576.0,0.1896999999951125
forecaster-tenant-pool,2026-02-02 11:08:35,0.002446864457452716,1111420928.0,1.3909000000062708
forecaster-tenant-pool,2026-02-02 11:09:05,0.00020617414439693687,1111420928.0,0.19579999999562764
forecaster-tenant-pool,2026-02-02 11:09:35,0.0020192780655516195,1111494656.0,1.2923999999991793
forecaster-tenant-pool,2026-02-02 11:10:03,0.0002475136797923037,1111498752.0,0.10890000000411723
forecaster-tenant-pool,2026-02-02 11:10:05,0.0013228325539426911,1111535616.0,0.10890000000411723
forecaster-tenant-pool,2026-02-02 11:10:33,0.0030645194763823675,1111597056.0,1.0956999999956074
forecaster-tenant-pool,2026-02-02 11:11:03,0.0010299072065165337,1111642112.0,0.5610999999991084
forecaster-tenant-pool,2026-02-02 11:11:33,0.002093793509471179,1111924736.0,1.070100000006399
forecaster-tenant-pool,2026-02-02 11:12:03,0.00029493396769171494,1111609344.0,0.2985999999936515
forecaster-tenant-pool,2026-02-02 11:12:33,0.0022985763570027465,1111801856.0,1.1244000000016967
forecaster-tenant-pool,2026-02-02 11:13:03,0.000868872324915527,1111916544.0,0.4611999999991288
forecaster-tenant-pool,2026-02-02 11:13:33,0.002163166879323885,1112006656.0,1.123300000002443
forecaster-tenant-pool,2026-02-02 11:14:03,0.0002598885174925813,1112043520.0,0.22879999999907644
forecaster-tenant-pool,2026-02-02 11:14:33,0.00209546444996185,1112158208.0,1.3452000000031452
forecaster-tenant-pool,2026-02-02 11:15:03,0.00023788882008488597,1112166400.0,0.21090000000173556
forecaster-tenant-pool,2026-02-02 11:15:33,0.001955787727844716,1112252416.0,1.3682999999994838
forecaster-tenant-pool,2026-02-02 11:16:03,0.00028897139923899745,1112297472.0,0.10259999999592158
forecaster-tenant-pool,2026-02-02 11:16:33,0.002753337712427122,1112367104.0,0.8933999999973214
forecaster-tenant-pool,2026-02-02 11:17:03,0.0006248347526592643,1112309760.0,0.5500000000044869
forecaster-tenant-pool,2026-02-02 11:17:33,0.0018913453007432337,1112109056.0,1.3006000000024263
forecaster-tenant-pool,2026-02-02 11:18:03,0.0016729826541432794,1112162304.0,0.08489999999352828
forecaster-tenant-pool,2026-02-02 11:18:33,0.003228027741046685,1112076288.0,1.3832000000065212
forecaster-tenant-pool,2026-02-02 11:19:03,0.00015607469106824568,1112076288.0,0.18889999999664725
forecaster-tenant-pool,2026-02-02 11:19:33,0.0018200375834046538,1112145920.0,0.9640999999983857
forecaster-tenant-pool,2026-02-02 11:20:02,0.0008657099326609083,1112424448.0,0.2899999999984478
forecaster-tenant-pool,2026-02-02 11:20:03,0.0005000120288934303,1112145920.0,0.2899999999984478
forecaster-tenant-pool,2026-02-02 11:20:32,0.002423824322909855,1111523328.0,1.216300000002957
forecaster-tenant-pool,2026-02-02 11:21:02,0.0012965408345136295,1112334336.0,0.37060000000152893
forecaster-tenant-pool,2026-02-02 11:21:32,0.0021654513940981574,1111601152.0,1.2910000000027746
forecaster-tenant-pool,2026-02-02 11:22:02,0.0006167190591185328,1111310336.0,0.08519999999734865
forecaster-tenant-pool,2026-02-02 11:22:32,0.00255181701639918,1111531520.0,1.281700000001365
forecaster-tenant-pool,2026-02-02 11:23:02,0.000584692734817521,1111744512.0,0.244099999996979
forecaster-tenant-pool,2026-02-02 11:23:32,0.0018432462110989222,1111678976.0,1.2570000000025174
forecaster-tenant-pool,2026-02-02 11:24:02,0.00024096191503583648,1111810048.0,0.08459999999637755
forecaster-tenant-pool,2026-02-02 11:24:32,0.0021781543720441675,1111908352.0,1.2329000000040347
forecaster-tenant-pool,2026-02-02 11:25:02,0.0013953461594197437,1112276992.0,0.22499999999490683
forecaster-tenant-pool,2026-02-02 11:25:32,0.001891492632090677,1112027136.0,1.2534000000028753
forecaster-tenant-pool,2026-02-02 11:26:02,0.000808186949064048,1112559616.0,0.08779999999945479
forecaster-tenant-pool,2026-02-02 11:26:32,0.002042969501604279,1112338432.0,1.2406000000009951
forecaster-tenant-pool,2026-02-02 11:27:02,0.0016109561517158647,1112113152.0,0.2123000000002018
forecaster-tenant-pool,2026-02-02 11:27:32,0.002269257018301204,1112178688.0,1.4172999999977038
forecaster-tenant-pool,2026-02-02 11:28:02,0.00024142605342211817,1112182784.0,0.08640000000098856
forecaster-tenant-pool,2026-02-02 11:28:32,0.002700489031468709,1112301568.0,1.2087999999990036
forecaster-tenant-pool,2026-02-02 11:29:02,0.0005665445420235389,1112522752.0,0.2638000000042666
forecaster-tenant-pool,2026-02-02 11:29:32,0.0024898988163240044,1112420352.0,1.2680999999985942
forecaster-tenant-pool,2026-02-02 11:30:02,0.0001979970144464361,1112416256.0,0.08940000000111467
forecaster-tenant-pool,2026-02-02 11:30:06,0.0012736243843484748,1112707072.0,0.08940000000111467
forecaster-tenant-pool,2026-02-02 11:30:36,0.0029586835348774463,1112813568.0,1.303799999994347
forecaster-tenant-pool,2026-02-02 11:31:06,0.0009612598148655931,1112850432.0,0.4488999999994121
forecaster-tenant-pool,2026-02-02 11:31:36,0.001994119427363056,1112723456.0,1.226100000005196
forecaster-tenant-pool,2026-02-02 11:32:06,0.00043782954540991757,1112494080.0,0.09349999999940338
forecaster-tenant-pool,2026-02-02 11:32:36,0.002326614412834295,1112383488.0,0.8644999999957993
forecaster-tenant-pool,2026-02-02 11:33:06,0.00023481200636716975,1112383488.0,0.6416000000032606
forecaster-tenant-pool,2026-02-02 11:33:36,0.002794420210721722,1112453120.0,1.2015000000011544
forecaster-tenant-pool,2026-02-02 11:34:06,0.00033311314486424094,1112981504.0,0.1831999999987602
forecaster-tenant-pool,2026-02-02 11:34:36,0.002105472422724848,1112539136.0,1.1683000000031218
forecaster-tenant-pool,2026-02-02 11:35:06,0.0007905033978166872,1112592384.0,0.22989999999808786
forecaster-tenant-pool,2026-02-02 11:35:36,0.0018257835289298221,1112608768.0,1.208599999995325
forecaster-tenant-pool,2026-02-02 11:36:06,0.0017786933118527073,1112887296.0,0.12270000000062281
forecaster-tenant-pool,2026-02-02 11:36:36,0.0023986444726889966,1112694784.0,1.3844000000044616
forecaster-tenant-pool,2026-02-02 11:37:06,0.00022022042716271677,1112711168.0,0.22030000000158909
forecaster-tenant-pool,2026-02-02 11:37:36,0.002355426452448815,1112121344.0,1.1837999999981548
forecaster-tenant-pool,2026-02-02 11:38:06,0.0017261682605632918,1112506368.0,0.10509999999703723
forecaster-tenant-pool,2026-02-02 11:38:36,0.002725096730947799,1112100864.0,1.1779999999985495
forecaster-tenant-pool,2026-02-02 11:39:06,0.0006193528761148603,1112121344.0,0.3983000000052319
forecaster-tenant-pool,2026-02-02 11:39:36,0.00221891296740909,1112170496.0,1.2675999999977647
forecaster-tenant-pool,2026-02-02 11:40:06,0.0015233060814351265,1112199168.0,0.09289999999624948
forecaster-tenant-pool,2026-02-02 11:40:06,0.0015233060814351265,1112199168.0,0.09289999999624948
forecaster-tenant-pool,2026-02-02 11:40:36,0.0024140233450776413,1112264704.0,1.2172000000047167
forecaster-tenant-pool,2026-02-02 11:41:06,0.0020931994192893064,1112309760.0,0.41480000000289385
forecaster-tenant-pool,2026-02-02 11:41:36,0.002168658730405075,1112338432.0,1.350699999992503
forecaster-tenant-pool,2026-02-02 11:42:06,0.00019874133074670067,1112342528.0,0.10750000000480214
forecaster-tenant-pool,2026-02-02 11:42:36,0.0025404757554358544,1116954624.0,1.2027000000004286
forecaster-tenant-pool,2026-02-02 11:43:06,0.0002502881167815003,1116954624.0,0.2184999999978269
forecaster-tenant-pool,2026-02-02 11:43:36,0.002033826063175913,1117057024.0,1.194299999999809
forecaster-tenant-pool,2026-02-02 11:44:06,0.0015710668395597322,1117110272.0,0.07680000000194317
forecaster-tenant-pool,2026-02-02 11:44:36,0.0029852426282918625,1117388800.0,1.1531000000020868
forecaster-tenant-pool,2026-02-02 11:45:06,0.000203831955630167,1117229056.0,0.22329999999395417
forecaster-tenant-pool,2026-02-02 11:45:36,0.0017756541681117509,1117294592.0,1.0502000000008895
forecaster-tenant-pool,2026-02-02 11:46:06,0.0018442580038281425,1117417472.0,0.2450000000049234
forecaster-tenant-pool,2026-02-02 11:46:36,0.0020313767931633485,1117396992.0,1.238299999997495
forecaster-tenant-pool,2026-02-02 11:47:06,0.0017188021180807925,1117319168.0,0.24370000000247577
forecaster-tenant-pool,2026-02-02 11:47:36,0.0024698429171641904,1117396992.0,1.2085999999972652
forecaster-tenant-pool,2026-02-02 11:48:06,0.0001621300455313424,1117392896.0,0.20990000000213815
forecaster-tenant-pool,2026-02-02 11:48:36,0.002027498177040906,1117470720.0,1.3181999999952192
forecaster-tenant-pool,2026-02-02 11:49:06,0.00039976724832067575,1118830592.0,0.19549999999968956
forecaster-tenant-pool,2026-02-02 11:49:36,0.0017697038036076087,1116708864.0,0.8760000000037205
forecaster-tenant-pool,2026-02-02 11:50:01,0.00013777164843066324,1116708864.0,0.2869000000025456
forecaster-tenant-pool,2026-02-02 11:50:06,0.0017621226220766236,1116844032.0,0.2869000000025456
forecaster-tenant-pool,2026-02-02 11:50:31,0.002947991043211632,1116803072.0,1.1863999999981993
forecaster-tenant-pool,2026-02-02 11:51:01,0.0006827524614306866,1116536832.0,0.39250000000053353
forecaster-tenant-pool,2026-02-02 11:51:31,0.002244442201082285,1116602368.0,1.145300000001589
forecaster-tenant-pool,2026-02-02 11:52:01,0.00028132055740573805,1116307456.0,0.29649999999540644
forecaster-tenant-pool,2026-02-02 11:52:31,0.0027269712238455353,1116368896.0,1.3528000000037232
forecaster-tenant-pool,2026-02-02 11:53:01,0.00025266297262315407,1116504064.0,0.2257999999968888
forecaster-tenant-pool,2026-02-02 11:53:31,0.0018080965533086245,1116590080.0,1.1519000000009934
forecaster-tenant-pool,2026-02-02 11:54:01,0.00035979675910639976,1116794880.0,0.09239999999881547
forecaster-tenant-pool,2026-02-02 11:54:31,0.003266280883686826,1116856320.0,0.5737000000042219
forecaster-tenant-pool,2026-02-02 11:55:01,0.00023810763002082952,1116884992.0,0.8274999999923844
forecaster-tenant-pool,2026-02-02 11:55:31,0.0017620749438257799,1116983296.0,1.0088000000036117
forecaster-tenant-pool,2026-02-02 11:56:01,0.00024959484557741425,1116979200.0,0.20480000000316068
forecaster-tenant-pool,2026-02-02 11:56:31,0.002515190046252291,1117044736.0,0.9682999999945119
forecaster-tenant-pool,2026-02-02 11:57:01,0.0013718250680993407,1116983296.0,0.46010000000375534
forecaster-tenant-pool,2026-02-02 11:57:31,0.0024552273972931102,1116790784.0,1.4198999999979909
forecaster-tenant-pool,2026-02-02 11:58:01,0.0006124877724260556,1116909568.0,0.05900000000062088
forecaster-tenant-pool,2026-02-02 11:58:31,0.002191842044832833,1116860416.0,0.8718999999963368
forecaster-tenant-pool,2026-02-02 11:59:01,0.00015165192993456372,1116860416.0,0.519800000001366
forecaster-tenant-pool,2026-02-02 11:59:31,0.0018212582529184482,1116229632.0,0.9286999999996624
forecaster-tenant-pool,2026-02-02 12:00:01,0.00022929340219683298,1116229632.0,0.3281000000020867
forecaster-tenant-pool,2026-02-02 12:00:02,0.00022382001600534612,1116233728.0,0.3281000000020867
forecaster-tenant-pool,2026-02-02 12:00:32,0.00291857912037674,1116393472.0,1.2977000000042607
forecaster-tenant-pool,2026-02-02 12:01:02,0.0016807764462908143,1116839936.0,0.40459999999875434
forecaster-tenant-pool,2026-02-02 12:01:32,0.0018795266974546802,1116614656.0,0.9194000000014056
forecaster-tenant-pool,2026-02-02 12:02:02,0.0002670985411790441,1116319744.0,0.42589999999690914
forecaster-tenant-pool,2026-02-02 12:02:32,0.0018851987436021417,1116495872.0,1.2940999999986766
forecaster-tenant-pool,2026-02-02 12:03:02,0.0013987004680232262,1116553216.0,0.21060000000082557
forecaster-tenant-pool,2026-02-02 12:03:32,0.002289923540942529,1116848128.0,1.158200000003247
forecaster-tenant-pool,2026-02-02 12:04:02,0.0006348679114499369,1117020160.0,0.09739999999753005
forecaster-tenant-pool,2026-02-02 12:04:32,0.0019187064730913988,1117085696.0,1.1486000000025038
forecaster-tenant-pool,2026-02-02 12:05:02,0.0007572893210094897,1117487104.0,0.20289999999962066
forecaster-tenant-pool,2026-02-02 12:05:32,0.0024586694114525267,1117417472.0,1.070899999999771
forecaster-tenant-pool,2026-02-02 12:06:02,0.0011331963977799016,1117478912.0,0.38889999999482827
forecaster-tenant-pool,2026-02-02 12:06:32,0.0026648218161340557,1117523968.0,0.951300000005358
forecaster-tenant-pool,2026-02-02 12:07:02,0.00026553044598185056,1117196288.0,0.45979999999375043
forecaster-tenant-pool,2026-02-02 12:07:32,0.0023792719110575116,1117278208.0,1.3222000000042804
forecaster-tenant-pool,2026-02-02 12:08:02,0.00026162079205689165,1117274112.0,0.10090000000163855
forecaster-tenant-pool,2026-02-02 12:08:32,0.0021939129642001534,1117339648.0,1.1549999999987146
forecaster-tenant-pool,2026-02-02 12:09:02,0.00016138395713198594,1117343744.0,0.25479999999746117
forecaster-tenant-pool,2026-02-02 12:09:32,0.0018848176543457133,1117409280.0,1.1730999999990066
forecaster-tenant-pool,2026-02-02 12:10:02,0.00019310996586856935,1117413376.0,0.059299999999226805
forecaster-tenant-pool,2026-02-02 12:10:02,0.00019310996586856935,1117413376.0,0.059299999999226805
forecaster-tenant-pool,2026-02-02 12:10:32,0.0028172230269476427,1117016064.0,1.2799000000037875
forecaster-tenant-pool,2026-02-02 12:11:02,0.0006337616236441434,1117007872.0,0.3711999999980132
forecaster-tenant-pool,2026-02-02 12:11:32,0.0018316721419376128,1117085696.0,1.0021000000027318
forecaster-tenant-pool,2026-02-02 12:12:02,0.0017318674947145742,1117102080.0,0.2898999999995188
forecaster-tenant-pool,2026-02-02 12:12:32,0.00204325864057988,1116831744.0,1.2729999999991075
forecaster-tenant-pool,2026-02-02 12:13:02,0.00022721996143179954,1116831744.0,0.19170000000037057
forecaster-tenant-pool,2026-02-02 12:13:32,0.0023991988828425542,1116897280.0,0.9944999999962116
forecaster-tenant-pool,2026-02-02 12:14:02,0.0007960156350167286,1117003776.0,0.3233000000069296
forecaster-tenant-pool,2026-02-02 12:14:32,0.002539944650985116,1117106176.0,1.2505999999985458
forecaster-tenant-pool,2026-02-02 12:15:02,0.0015056016911608025,1117392896.0,0.3787999999999253
forecaster-tenant-pool,2026-02-02 12:15:32,0.0020227942475205805,1117204480.0,1.127000000000165
forecaster-tenant-pool,2026-02-02 12:16:02,0.000225970457284729,1117212672.0,0.3382999999976164
forecaster-tenant-pool,2026-02-02 12:16:32,0.003045241622818433,1117286400.0,0.8455999999971633
forecaster-tenant-pool,2026-02-02 12:17:02,0.002361906723269717,1116971008.0,0.7052000000056675
forecaster-tenant-pool,2026-02-02 12:17:32,0.001764128977954882,1117024256.0,0.9773999999957595
forecaster-tenant-pool,2026-02-02 12:18:02,0.0005739192872551506,1117290496.0,0.3783000000049166
forecaster-tenant-pool,2026-02-02 12:18:32,0.002451234553949341,1117093888.0,1.3104999999930442
forecaster-tenant-pool,2026-02-02 12:19:02,0.00042132911800248383,1117130752.0,0.20130000000087117
forecaster-tenant-pool,2026-02-02 12:19:32,0.00225349551429987,1117163520.0,0.818199999999706
forecaster-tenant-pool,2026-02-02 12:20:02,0.0002655953089865061,1117167616.0,0.507800000002438
forecaster-tenant-pool,2026-02-02 12:20:06,0.0018870890053867735,1117224960.0,0.507800000002438
forecaster-tenant-pool,2026-02-02 12:20:36,0.0022152733723956384,1117261824.0,1.280299999997078
forecaster-tenant-pool,2026-02-02 12:21:06,0.0019261933173537868,1117388800.0,0.405000000005263
forecaster-tenant-pool,2026-02-02 12:21:36,0.002114214123271984,1117401088.0,1.205600000001262
forecaster-tenant-pool,2026-02-02 12:22:06,0.00023098257160082827,1117483008.0,0.07169999999920643
forecaster-tenant-pool,2026-02-02 12:22:36,0.003107904881491993,1117237248.0,1.238199999997596
forecaster-tenant-pool,2026-02-02 12:23:06,0.0018818721184117246,1117335552.0,0.21300000000264846
forecaster-tenant-pool,2026-02-02 12:23:36,0.0022461260676607656,1117294592.0,1.2766999999958595
forecaster-tenant-pool,2026-02-02 12:24:06,0.0012999075180397473,1117306880.0,0.07069999999948778
forecaster-tenant-pool,2026-02-02 12:24:36,0.0022997146677428736,1117208576.0,1.2218000000032285
forecaster-tenant-pool,2026-02-02 12:25:06,0.002025642231357246,1117294592.0,0.33359999999762896
forecaster-tenant-pool,2026-02-02 12:25:36,0.0022035495974477948,1117278208.0,1.3006999999983235
forecaster-tenant-pool,2026-02-02 12:26:06,0.001982243388785975,1117630464.0,0.0677999999995033
forecaster-tenant-pool,2026-02-02 12:26:36,0.003415060337119025,1116565504.0,1.2584000000031665
forecaster-tenant-pool,2026-02-02 12:27:06,0.0002750045573666706,1116250112.0,0.23340000000195382
forecaster-tenant-pool,2026-02-02 12:27:36,0.0021131189904027257,1116307456.0,1.311700000000807
forecaster-tenant-pool,2026-02-02 12:28:06,0.00171900999772449,1116659712.0,0.10409999999513578
forecaster-tenant-pool,2026-02-02 12:28:36,0.0021103563468535392,1116684288.0,1.159700000004159
forecaster-tenant-pool,2026-02-02 12:29:06,0.0015204597866665674,1117020160.0,0.2264999999984866
forecaster-tenant-pool,2026-02-02 12:29:36,0.0019793265531889894,1116774400.0,0.955099999996916
forecaster-tenant-pool,2026-02-02 12:30:05,0.0004098603702698446,1116876800.0,0.3847999999993287
forecaster-tenant-pool,2026-02-02 12:30:06,0.0004098603702698446,1116876800.0,0.3847999999993287
forecaster-tenant-pool,2026-02-02 12:30:35,0.0028925301919354956,1117130752.0,0.7916000000010778
forecaster-tenant-pool,2026-02-02 12:31:05,0.0006971451566393136,1117982720.0,0.8165000000032402
forecaster-tenant-pool,2026-02-02 12:31:35,0.002057680140062553,1117261824.0,1.2421999999978046
forecaster-tenant-pool,2026-02-02 12:32:05,0.00025646000301952996,1116983296.0,0.10219999999753782
forecaster-tenant-pool,2026-02-02 12:32:35,0.0018518664017088918,1117159424.0,0.9177000000013019
forecaster-tenant-pool,2026-02-02 12:33:05,0.0018787249666438318,1117511680.0,0.5467000000024806
forecaster-tenant-pool,2026-02-02 12:33:35,0.002306062534416064,1117315072.0,1.315200000001884
forecaster-tenant-pool,2026-02-02 12:34:05,0.00023701614127881948,1117315072.0,0.10129999999844586
forecaster-tenant-pool,2026-02-02 12:34:35,0.002249283550660874,1117376512.0,1.1654999999985496
forecaster-tenant-pool,2026-02-02 12:35:05,0.0006392605624383183,1117655040.0,0.4347000000006422
forecaster-tenant-pool,2026-02-02 12:35:35,0.0019267430988247683,1117446144.0,1.168000000001363
forecaster-tenant-pool,2026-02-02 12:36:05,0.0015487128491117345,1118007296.0,0.21639999999776288
forecaster-tenant-pool,2026-02-02 12:36:35,0.0024240302707426425,1117544448.0,1.2959999999989427
forecaster-tenant-pool,2026-02-02 12:37:05,0.002006469927277636,1117274112.0,0.2292999999988145
forecaster-tenant-pool,2026-02-02 12:37:35,0.00234298466981374,1117294592.0,1.3720999999997732
forecaster-tenant-pool,2026-02-02 12:38:05,0.0017932018852328644,1117638656.0,0.09810000000579748
forecaster-tenant-pool,2026-02-02 12:38:35,0.0023517532412129873,1117372416.0,1.2188000000004346
forecaster-tenant-pool,2026-02-02 12:39:05,0.00187650102138316,1117421568.0,0.19669999999847884
forecaster-tenant-pool,2026-02-02 12:39:35,0.0024522046621832595,1117446144.0,1.2347999999955694
forecaster-tenant-pool,2026-02-02 12:40:04,0.00025969396840734744,1117454336.0,0.10170000000725848
forecaster-tenant-pool,2026-02-02 12:40:05,0.00021176482532647462,1117454336.0,0.10170000000725848
forecaster-tenant-pool,2026-02-02 12:40:34,0.0028342945124957696,1117556736.0,0.2904999999993985
forecaster-tenant-pool,2026-02-02 12:41:04,0.0010535297225899322,1117552640.0,1.3571999999964948
forecaster-tenant-pool,2026-02-02 12:41:34,0.0018752365742549955,1117626368.0,1.2012000000001233
forecaster-tenant-pool,2026-02-02 12:42:04,0.0002714117749300893,1117634560.0,0.10360000000194608
forecaster-tenant-pool,2026-02-02 12:42:34,0.0020108052372074955,1117384704.0,1.052699999995093
forecaster-tenant-pool,2026-02-02 12:43:04,0.0012148848942255634,1117663232.0,0.557400000005752
forecaster-tenant-pool,2026-02-02 12:43:34,0.002339838788528033,1117454336.0,1.3435999999961497
forecaster-tenant-pool,2026-02-02 12:44:04,0.00023996242707611818,1117454336.0,0.09890000000098856
forecaster-tenant-pool,2026-02-02 12:44:34,0.0022544477717095827,1117523968.0,0.6204000000025796
forecaster-tenant-pool,2026-02-02 12:45:04,0.0007982936521793522,1117523968.0,0.788499999998506
forecaster-tenant-pool,2026-02-02 12:45:34,0.001990466558964152,1117597696.0,1.03189999999801
forecaster-tenant-pool,2026-02-02 12:46:04,0.000938788410074884,1117884416.0,0.3174999999978657
forecaster-tenant-pool,2026-02-02 12:46:34,0.0025275028394006844,1117663232.0,1.1723000000015116
forecaster-tenant-pool,2026-02-02 12:47:04,0.0002591306750564904,1117802496.0,0.18289999999809273
forecaster-tenant-pool,2026-02-02 12:47:34,0.0020114649528293845,1117589504.0,1.30720000000656
forecaster-tenant-pool,2026-02-02 12:48:04,0.0002119733037089996,1117597696.0,0.09039999999865055
forecaster-tenant-pool,2026-02-02 12:48:34,0.0019484633622887833,1117683712.0,1.1664999999962067
forecaster-tenant-pool,2026-02-02 12:49:04,0.0004387679820412322,1117745152.0,0.1954000000039135
forecaster-tenant-pool,2026-02-02 12:49:34,0.0020027173249797894,1117757440.0,0.9206999999963349
forecaster-tenant-pool,2026-02-02 12:50:04,0.0001739074251295415,1117757440.0,0.32110000000344974
forecaster-tenant-pool,2026-02-02 12:50:08,0.0015380389305258435,1117786112.0,1.1423000000012207
forecaster-tenant-pool,2026-02-02 12:50:38,0.002395317722794253,1117855744.0,0.44299999999348083
forecaster-tenant-pool,2026-02-02 12:51:08,0.001888736414611363,1117966336.0,1.3025000000069367
forecaster-tenant-pool,2026-02-02 12:51:38,0.0030040649149579075,1117958144.0,0.11569999999701397
forecaster-tenant-pool,2026-02-02 12:52:08,0.00028262296582754127,1117642752.0,0.8472999999982374
forecaster-tenant-pool,2026-02-02 12:52:38,0.0019170812229769222,1117716480.0,0.6268999999984469
forecaster-tenant-pool,2026-02-02 12:53:08,0.0002462340687793656,1117536256.0,1.2596000000017133
forecaster-tenant-pool,2026-02-02 12:53:38,0.0021958749064078112,1117605888.0,0.09180000000136111
forecaster-tenant-pool,2026-02-02 12:54:08,0.000970028452326449,1117888512.0,1.3034999999985306
forecaster-tenant-pool,2026-02-02 12:54:38,0.002201374239375698,1117691904.0,0.1831999999981539
forecaster-tenant-pool,2026-02-02 12:55:08,0.0002335241004377453,1117691904.0,1.097300000001633
forecaster-tenant-pool,2026-02-02 12:55:38,0.0019191310902732346,1117761536.0,0.22800000000133883
forecaster-tenant-pool,2026-02-02 12:56:08,0.0018711319119815478,1117810688.0,1.2746999999975137
forecaster-tenant-pool,2026-02-02 12:56:38,0.0035399511755702167,1117827072.0,0.19830000000353423
forecaster-tenant-pool,2026-02-02 12:57:08,0.0016004400447909338,1117798400.0,1.2539000000014011
forecaster-tenant-pool,2026-02-02 12:57:38,0.0018004311022517263,1117569024.0,0.08079999999536086
forecaster-tenant-pool,2026-02-02 12:58:08,0.00023142308076615762,1117573120.0,1.179600000002999
forecaster-tenant-pool,2026-02-02 12:58:38,0.0024407648433664685,1117638656.0,0.3427999999971993
forecaster-tenant-pool,2026-02-02 12:59:08,0.0015804747567647118,1117675520.0,1.0218999999998537
forecaster-tenant-pool,2026-02-02 12:59:38,0.002618640916094677,1117708288.0,0.3082000000039747
forecaster-tenant-pool,2026-02-02 13:00:05,0.00022420333394689834,1117708288.0,0.3082000000039746
forecaster-tenant-pool,2026-02-02 13:00:08,0.00022420333394689834,1117708288.0,0.9080999999981336
forecaster-tenant-pool,2026-02-02 13:00:35,0.0022434634070678024,1117802496.0,0.9080999999981334
forecaster-tenant-pool,2026-02-02 13:01:05,0.001440802098215917,1118101504.0,0.6604000000041803
forecaster-tenant-pool,2026-02-02 13:01:35,0.0024080416680803507,1117880320.0,1.3356999999972081
forecaster-tenant-pool,2026-02-02 13:02:05,0.0002739197822020495,1117564928.0,0.08849999999680827
forecaster-tenant-pool,2026-02-02 13:02:35,0.0022728602546529726,1117626368.0,1.359200000003572
forecaster-tenant-pool,2026-02-02 13:03:05,0.0005843216194784954,1117900800.0,0.20890000000108558
forecaster-tenant-pool,2026-02-02 13:03:35,0.0021191802629482006,1117700096.0,1.2615999999975127
forecaster-tenant-pool,2026-02-02 13:04:05,0.0013321513702917902,1118236672.0,0.07479999999911038
forecaster-tenant-pool,2026-02-02 13:04:35,0.0021266905919056656,1117769728.0,1.2249999999984236
forecaster-tenant-pool,2026-02-02 13:05:05,0.0018360532063228835,1117904896.0,0.19050000000109624
forecaster-tenant-pool,2026-02-02 13:05:35,0.001838438755784987,1117888512.0,1.2402000000001863
forecaster-tenant-pool,2026-02-02 13:06:05,0.0007378207608411059,1117945856.0,0.07160000000282403
forecaster-tenant-pool,2026-02-02 13:06:35,0.0026919841558769226,1117970432.0,0.9032999999967918
forecaster-tenant-pool,2026-02-02 13:07:05,0.0003170231100570656,1117908992.0,0.5687000000047798
forecaster-tenant-pool,2026-02-02 13:07:35,0.0019396816845731676,1117712384.0,1.3531000000001463
forecaster-tenant-pool,2026-02-02 13:08:05,0.00020430319146083232,1117712384.0,0.07810000000038901
forecaster-tenant-pool,2026-02-02 13:08:35,0.0019973862803338185,1117777920.0,1.2771999999998418
forecaster-tenant-pool,2026-02-02 13:09:05,0.0012117321407996379,1117790208.0,0.22169999999726617
forecaster-tenant-pool,2026-02-02 13:09:35,0.0020679154202231835,1117847552.0,1.2813000000020112
forecaster-tenant-pool,2026-02-02 13:10:02,0.0002455605354729487,1117847552.0,0.08999999999371842
forecaster-tenant-pool,2026-02-02 13:10:05,0.0016289997529852138,1117896704.0,0.08999999999371842
forecaster-tenant-pool,2026-02-02 13:10:32,0.003393302276486133,1117941760.0,1.294500000000456
forecaster-tenant-pool,2026-02-02 13:11:02,0.001637509848550658,1117872128.0,0.4030000000012175
forecaster-tenant-pool,2026-02-02 13:11:32,0.0022296274009690016,1118011392.0,1.3340000000031675
forecaster-tenant-pool,2026-02-02 13:12:02,0.0007005448523114608,1117945856.0,0.09349999999891831
forecaster-tenant-pool,2026-02-02 13:12:32,0.002519268390547578,1117761536.0,1.2645999999984876
forecaster-tenant-pool,2026-02-02 13:13:02,0.0007349146569452799,1117859840.0,0.22440000000339447
forecaster-tenant-pool,2026-02-02 13:13:32,0.002185527856343179,1117929472.0,1.1485999999951066
forecaster-tenant-pool,2026-02-02 13:14:02,0.0016746531493456599,1117962240.0,0.08370000000237875
forecaster-tenant-pool,2026-02-02 13:14:32,0.0021679572253048758,1118011392.0,1.340200000000065
forecaster-tenant-pool,2026-02-02 13:15:02,0.00024388636253295368,1118015488.0,0.21510000000065096
forecaster-tenant-pool,2026-02-02 13:15:32,0.002363877908294525,1118081024.0,1.4197000000035283
forecaster-tenant-pool,2026-02-02 13:16:02,0.0008097117777350433,1118404608.0,0.08339999999964978
forecaster-tenant-pool,2026-02-02 13:16:32,0.0019794168171283822,1117941760.0,1.2365999999984827
forecaster-tenant-pool,2026-02-02 13:17:02,0.0014387068851981313,1117884416.0,0.19460000000132519
forecaster-tenant-pool,2026-02-02 13:17:32,0.002224736494909228,1117687808.0,1.3070999999969597
forecaster-tenant-pool,2026-02-02 13:18:02,0.00016696791556302756,1117687808.0,0.05169999999925494
forecaster-tenant-pool,2026-02-02 13:18:32,0.0018770570414701419,1117757440.0,1.1920000000003104
forecaster-tenant-pool,2026-02-02 13:19:02,0.0006600900723174966,1118027776.0,0.20589999999695768
forecaster-tenant-pool,2026-02-02 13:19:32,0.002065717508101314,1117827072.0,1.200400000003477
forecaster-tenant-pool,2026-02-02 13:20:02,0.000909134909655662,1116676096.0,0.057300000002336066
forecaster-tenant-pool,2026-02-02 13:20:02,0.0001343056898045935,1116667904.0,0.057300000002336066
forecaster-tenant-pool,2026-02-02 13:20:32,0.0026921416891267135,1116737536.0,1.2486999999987651
forecaster-tenant-pool,2026-02-02 13:21:02,0.0005705018901892223,1116758016.0,0.37579999999640373
forecaster-tenant-pool,2026-02-02 13:21:32,0.0016941286035642266,1116835840.0,1.038199999998566
forecaster-tenant-pool,2026-02-02 13:22:02,0.0005574441936181999,1116831744.0,0.2903000000020256
forecaster-tenant-pool,2026-02-02 13:22:32,0.0029031512977635916,1116577792.0,1.3780999999978425
forecaster-tenant-pool,2026-02-02 13:23:02,0.0007794693827738682,1116667904.0,0.18530000000767663
forecaster-tenant-pool,2026-02-02 13:23:32,0.0020677053049897795,1116889088.0,1.2052999999974419
forecaster-tenant-pool,2026-02-02 13:24:02,0.00024292364407636674,1116966912.0,0.08580000000207899
forecaster-tenant-pool,2026-02-02 13:24:32,0.002337265536914865,1117069312.0,1.269299999994352
forecaster-tenant-pool,2026-02-02 13:25:02,0.00042451219133278495,1117159424.0,0.2069999999988795
forecaster-tenant-pool,2026-02-02 13:25:32,0.0020611821554299336,1117274112.0,1.0366999999997157
forecaster-tenant-pool,2026-02-02 13:26:02,0.0008063796851859869,1117270016.0,0.20520000000736519
forecaster-tenant-pool,2026-02-02 13:26:32,0.002322654872972827,1117339648.0,1.1645999999940007
forecaster-tenant-pool,2026-02-02 13:27:02,0.0005301620431771714,1117052928.0,0.18470000000282502
forecaster-tenant-pool,2026-02-02 13:27:32,0.002251064422248967,1117167616.0,0.931899999997889
forecaster-tenant-pool,2026-02-02 13:28:02,0.001199484006122782,1117229056.0,0.3223999999983789
forecaster-tenant-pool,2026-02-02 13:28:32,0.001999408466815459,1117364224.0,1.2488000000032722
forecaster-tenant-pool,2026-02-02 13:29:02,0.0011738973961136962,1117773824.0,0.23399999999989327
forecaster-tenant-pool,2026-02-02 13:29:32,0.002147810458311471,1117818880.0,1.2016999999998612
forecaster-tenant-pool,2026-02-02 13:30:02,0.0002663059028598892,1117855744.0,0.10959999999819653
forecaster-tenant-pool,2026-02-02 13:30:02,0.000266719765507291,1117859840.0,0.10959999999819653
forecaster-tenant-pool,2026-02-02 13:30:32,0.0027544812450041125,1117958144.0,1.326499999998729
forecaster-tenant-pool,2026-02-02 13:31:02,0.000869377174737574,1117945856.0,0.3733000000015939
forecaster-tenant-pool,2026-02-02 13:31:32,0.0020934454967616437,1117949952.0,1.2338000000007014
forecaster-tenant-pool,2026-02-02 13:32:02,0.00026315208506389907,1117949952.0,0.09709999999856034
forecaster-tenant-pool,2026-02-02 13:32:32,0.0027948200853763357,1117564928.0,1.1974000000004403
forecaster-tenant-pool,2026-02-02 13:33:02,0.000528335975618622,1117601792.0,0.1668000000016036
forecaster-tenant-pool,2026-02-02 13:33:32,0.00206861896038417,1117659136.0,1.2933999999987766
forecaster-tenant-pool,2026-02-02 13:34:02,0.00027617423346872424,1117671424.0,0.0906999999978628
forecaster-tenant-pool,2026-02-02 13:34:32,0.002594206219926278,1117741056.0,1.3599000000050485
forecaster-tenant-pool,2026-02-02 13:35:02,0.0004188136662863401,1117741056.0,0.19249999999883585
forecaster-tenant-pool,2026-02-02 13:35:32,0.0018401346897751578,1117814784.0,1.1620000000028086
forecaster-tenant-pool,2026-02-02 13:36:02,0.0010684394465371322,1118359552.0,0.11939999999534243
forecaster-tenant-pool,2026-02-02 13:36:32,0.0025477288591334787,1117888512.0,1.2291000000054433
forecaster-tenant-pool,2026-02-02 13:37:02,0.00023443922338655738,1117900800.0,0.18869999999248344
forecaster-tenant-pool,2026-02-02 13:37:32,0.0018318800809380988,1117634560.0,1.2176000000047982
forecaster-tenant-pool,2026-02-02 13:38:02,0.0011736676217300307,1117822976.0,0.10770000000108362
forecaster-tenant-pool,2026-02-02 13:38:32,0.00227387461309102,1117704192.0,1.369399999998253
forecaster-tenant-pool,2026-02-02 13:39:02,0.0008166748766919868,1117818880.0,0.2705999999958294
forecaster-tenant-pool,2026-02-02 13:39:32,0.0021322328872301964,1117773824.0,1.288000000007014
forecaster-tenant-pool,2026-02-02 13:40:02,0.0006692749501601297,1117954048.0,0.09419999999542293
forecaster-tenant-pool,2026-02-02 13:40:02,0.00014428217722800498,1117773824.0,0.09419999999542293
forecaster-tenant-pool,2026-02-02 13:40:32,0.0027537714039986465,1117872128.0,1.369400000000678
forecaster-tenant-pool,2026-02-02 13:41:02,0.00038769321874146113,1117872128.0,0.3788000000005316
forecaster-tenant-pool,2026-02-02 13:41:32,0.0019086965024167598,1117941760.0,1.2432999999992413
forecaster-tenant-pool,2026-02-02 13:42:02,0.0003985188671547108,1117671424.0,0.05809999999849727
forecaster-tenant-pool,2026-02-02 13:42:32,0.0029991206747493797,1117691904.0,1.1457000000036108
forecaster-tenant-pool,2026-02-02 13:43:02,0.00023240517374882287,1117691904.0,0.20460000000202852
forecaster-tenant-pool,2026-02-02 13:43:32,0.0018854315512257674,1117761536.0,1.2381999999932305
forecaster-tenant-pool,2026-02-02 13:44:02,0.0008971096961769365,1118023680.0,0.07760000000283374
forecaster-tenant-pool,2026-02-02 13:44:32,0.0018242512128129238,1117937664.0,1.2338000000015503
forecaster-tenant-pool,2026-02-02 13:45:02,0.0014276958389217755,1117995008.0,0.18819999999965756
forecaster-tenant-pool,2026-02-02 13:45:32,0.001973491655352795,1118052352.0,0.8577999999998913
forecaster-tenant-pool,2026-02-02 13:46:02,0.0012494454000714758,1118339072.0,0.39019999999666954
forecaster-tenant-pool,2026-02-02 13:46:32,0.0027462714978832236,1118130176.0,1.1575000000023767
forecaster-tenant-pool,2026-02-02 13:47:02,0.0002509617879776791,1118130176.0,0.21990000000150756
forecaster-tenant-pool,2026-02-02 13:47:32,0.0020067486360576285,1117872128.0,1.1446999999961311
forecaster-tenant-pool,2026-02-02 13:48:02,0.000624604516180343,1117872128.0,0.22400000000185777
forecaster-tenant-pool,2026-02-02 13:48:32,0.002314501465212802,1117941760.0,1.214500000004288
forecaster-tenant-pool,2026-02-02 13:49:02,0.0008393127208721652,1117945856.0,0.3299999999970169
forecaster-tenant-pool,2026-02-02 13:49:32,0.0021147585144629237,1118007296.0,1.2637999999967482
forecaster-tenant-pool,2026-02-02 13:50:02,0.00019881555433667403,1118007296.0,0.10350000000022798
forecaster-tenant-pool,2026-02-02 13:50:02,0.00042112830838356066,1118085120.0,0.10350000000022798
forecaster-tenant-pool,2026-02-02 13:50:32,0.0026554926690412007,1118105600.0,1.191200000002209
forecaster-tenant-pool,2026-02-02 13:51:02,0.0003891088897770736,1118105600.0,0.38299999999726425
forecaster-tenant-pool,2026-02-02 13:51:32,0.0018276273305545393,1118171136.0,1.2200000000012854
forecaster-tenant-pool,2026-02-02 13:52:02,0.0002462712494831157,1118175232.0,0.08060000000562771
forecaster-tenant-pool,2026-02-02 13:52:32,0.0026261761166434788,1117921280.0,1.264499999994344
forecaster-tenant-pool,2026-02-02 13:53:02,0.0005779871285275133,1117925376.0,0.2584000000042579
forecaster-tenant-pool,2026-02-02 13:53:32,0.002266474756782164,1117990912.0,1.1595000000012077
forecaster-tenant-pool,2026-02-02 13:54:02,0.0015317958296922056,1118007296.0,0.2961999999984982
forecaster-tenant-pool,2026-02-02 13:54:32,0.0024271284359691776,1118060544.0,1.3281999999983478
forecaster-tenant-pool,2026-02-02 13:55:02,0.00043592332060502745,1118060544.0,0.3158000000021275
forecaster-tenant-pool,2026-02-02 13:55:32,0.0020139684575716287,1118126080.0,1.1686999999961698
forecaster-tenant-pool,2026-02-02 13:56:02,0.00024119519333625633,1118130176.0,0.22679999999939657
forecaster-tenant-pool,2026-02-02 13:56:32,0.002389415318779841,1118199808.0,1.3524999999988114
forecaster-tenant-pool,2026-02-02 13:57:02,0.0005243745037507879,1118142464.0,0.24460000000617582
forecaster-tenant-pool,2026-02-02 13:57:32,0.0021853463326224156,1117937664.0,1.279299999998572
forecaster-tenant-pool,2026-02-02 13:58:02,0.00016941144696295843,1117937664.0,0.07739999999757856
forecaster-tenant-pool,2026-02-02 13:58:32,0.0027846132719343162,1118007296.0,1.0885999999981626
forecaster-tenant-pool,2026-02-02 13:59:02,0.0006972807827607013,1117097984.0,0.4634000000000621
forecaster-tenant-pool,2026-02-02 13:59:32,0.0021612180963557857,1117167616.0,1.1325000000031045
forecaster-tenant-pool,2026-02-02 14:00:02,0.00021048566903818952,1117167616.0,0.07840000000226913
forecaster-tenant-pool,2026-02-02 14:00:03,0.00021048566903818952,1117167616.0,0.07840000000226913
forecaster-tenant-pool,2026-02-02 14:00:33,0.002835127390130927,1117261824.0,1.1683999999979278
forecaster-tenant-pool,2026-02-02 14:01:03,0.0007042655256610483,1117261824.0,0.3874000000002222
forecaster-tenant-pool,2026-02-02 14:01:33,0.0020449260364863164,1117331456.0,1.052700000001884
forecaster-tenant-pool,2026-02-02 14:02:03,0.0005483170751130966,1117044736.0,0.22129999999475936
forecaster-tenant-pool,2026-02-02 14:02:33,0.0023439762751705758,1117171712.0,0.4658000000003085
forecaster-tenant-pool,2026-02-02 14:03:03,0.0003395217520908628,1117175808.0,0.9361000000057781
forecaster-tenant-pool,2026-02-02 14:03:33,0.002041858159933473,1117237248.0,1.1934999999978269
forecaster-tenant-pool,2026-02-02 14:04:03,0.0001751357174199707,1117237248.0,0.06509999999931702
forecaster-tenant-pool,2026-02-02 14:04:33,0.0017885966125992835,1117069312.0,1.138799999995778
forecaster-tenant-pool,2026-02-02 14:05:03,0.0007596275374173115,1117073408.0,0.29230000000740497
forecaster-tenant-pool,2026-02-02 14:05:33,0.0023003523170005533,1117196288.0,1.2068999999978889
forecaster-tenant-pool,2026-02-02 14:06:03,0.0005499537832104995,1117450240.0,0.08740000000022215
forecaster-tenant-pool,2026-02-02 14:06:33,0.002418531149279539,1117208576.0,1.1112999999947837
forecaster-tenant-pool,2026-02-02 14:07:03,0.0004942646124816666,1117290496.0,0.2526000000016211
forecaster-tenant-pool,2026-02-02 14:07:33,0.0020635199085232646,1117077504.0,1.095900000003894
forecaster-tenant-pool,2026-02-02 14:08:03,0.0014899356105630885,1117147136.0,0.2992999999941579
forecaster-tenant-pool,2026-02-02 14:08:33,0.002897263893342695,1117364224.0,1.4230999999999765
forecaster-tenant-pool,2026-02-02 14:09:03,0.0010536339272981792,1117446144.0,0.24450000000470026
forecaster-tenant-pool,2026-02-02 14:09:33,0.001953631220253206,1117581312.0,1.1849999999982779
forecaster-tenant-pool,2026-02-02 14:10:03,0.00019031280345251282,1117663232.0,0.15550000000378833
forecaster-tenant-pool,2026-02-02 14:10:04,0.0007153759317501686,1117704192.0,0.15550000000378833
forecaster-tenant-pool,2026-02-02 14:10:34,0.0024850154046314995,1117765632.0,0.8055000000003929
forecaster-tenant-pool,2026-02-02 14:11:04,0.0011775694171019114,1118179328.0,0.8556999999961893
forecaster-tenant-pool,2026-02-02 14:11:34,0.00196954262879344,1118011392.0,1.2147999999985284
forecaster-tenant-pool,2026-02-02 14:12:04,0.0002208181930685283,1118015488.0,0.07750000000111565
forecaster-tenant-pool,2026-02-02 14:12:34,0.002864977840650411,1117786112.0,0.878200000001137
forecaster-tenant-pool,2026-02-02 14:13:04,0.0004395817326208539,1117794304.0,0.6112000000007053
forecaster-tenant-pool,2026-02-02 14:13:34,0.0020347168622225913,1117868032.0,0.962000000000747
forecaster-tenant-pool,2026-02-02 14:14:04,0.000400691184303455,1117892608.0,0.4438999999996061
forecaster-tenant-pool,2026-02-02 14:14:34,0.0023145252388631146,1117945856.0,0.7113000000008469
forecaster-tenant-pool,2026-02-02 14:15:04,0.001810905486198273,1117986816.0,0.7837999999981548
forecaster-tenant-pool,2026-02-02 14:15:34,0.0025096834840337883,1118019584.0,1.1414000000020073
forecaster-tenant-pool,2026-02-02 14:16:04,0.00022366707337627124,1116590080.0,0.1944999999963329
forecaster-tenant-pool,2026-02-02 14:16:34,0.00206586211112296,1116663808.0,1.1777000000045517
forecaster-tenant-pool,2026-02-02 14:17:04,0.0012248777811532724,1116655616.0,0.2212999999946381
forecaster-tenant-pool,2026-02-02 14:17:34,0.0021985345986428786,1116397568.0,1.1994000000043648
forecaster-tenant-pool,2026-02-02 14:18:04,0.0005121847575413048,1116405760.0,0.10609999999627082
forecaster-tenant-pool,2026-02-02 14:18:34,0.001957662089677998,1116475392.0,1.0157999999993383
forecaster-tenant-pool,2026-02-02 14:19:04,0.0008818471377096691,1116483584.0,0.36190000000569855
forecaster-tenant-pool,2026-02-02 14:19:34,0.002373478767124037,1116549120.0,1.2407999999984893
forecaster-tenant-pool,2026-02-02 14:20:03,0.00023694083034753622,1116557312.0,0.10359999999503391
forecaster-tenant-pool,2026-02-02 14:20:04,0.00023791304454005632,1116553216.0,0.10359999999503391
forecaster-tenant-pool,2026-02-02 14:20:33,0.002512722357990304,1116651520.0,1.2279000000064115
forecaster-tenant-pool,2026-02-02 14:21:03,0.0007679654469137872,1116651520.0,0.4433999999990192
forecaster-tenant-pool,2026-02-02 14:21:33,0.0019595022176299164,1116721152.0,1.220499999997143
forecaster-tenant-pool,2026-02-02 14:22:03,0.0014532410693197904,1116446720.0,0.09230000000206928
forecaster-tenant-pool,2026-02-02 14:22:33,0.0017783793612117195,1116467200.0,1.1425000000013823
forecaster-tenant-pool,2026-02-02 14:23:03,0.00025829475634244224,1116467200.0,0.2095999999944373
forecaster-tenant-pool,2026-02-02 14:23:33,0.002278926685773116,1116536832.0,1.0194999999994858
forecaster-tenant-pool,2026-02-02 14:24:03,0.0005558062030239335,1116540928.0,0.298600000005293
forecaster-tenant-pool,2026-02-02 14:24:33,0.002087301443084478,1116606464.0,1.0447999999988193
forecaster-tenant-pool,2026-02-02 14:25:03,0.0016736504473754007,1116946432.0,0.3795000000011593
forecaster-tenant-pool,2026-02-02 14:25:33,0.002119051467378384,1116676096.0,1.2618999999984224
forecaster-tenant-pool,2026-02-02 14:26:03,0.0002365577534757438,1116676096.0,0.07870000000038999
forecaster-tenant-pool,2026-02-02 14:26:33,0.0020609549993635522,1116745728.0,1.1914999999960856
forecaster-tenant-pool,2026-02-02 14:27:03,0.0005441963816504199,1116467200.0,0.18900000000066938
forecaster-tenant-pool,2026-02-02 14:27:33,0.0023455124599050313,1116483584.0,1.207000000005064
forecaster-tenant-pool,2026-02-02 14:28:03,0.00031300571041812563,1116565504.0,0.05469999999428789
forecaster-tenant-pool,2026-02-02 14:28:33,0.0020860482643303667,1116553216.0,1.1869000000025456
forecaster-tenant-pool,2026-02-02 14:29:03,0.0010464868444457639,1115860992.0,0.17559999999745438
forecaster-tenant-pool,2026-02-02 14:29:33,0.002125497390283659,1115664384.0,1.0389000000046507
forecaster-tenant-pool,2026-02-02 14:30:02,0.0001996808045195714,1115668480.0,0.2692000000007586
forecaster-tenant-pool,2026-02-02 14:30:03,0.0001996808045195714,1115668480.0,0.2692000000007586
forecaster-tenant-pool,2026-02-02 14:30:32,0.0036096298443619125,1115762688.0,1.2412999999959236
forecaster-tenant-pool,2026-02-02 14:31:02,0.0011122759704665782,1116135424.0,0.3831000000048031
forecaster-tenant-pool,2026-02-02 14:31:32,0.0018694245776341098,1115959296.0,1.2287999999932557
forecaster-tenant-pool,2026-02-02 14:32:02,0.000240026774948406,1115967488.0,0.0830000000041764
forecaster-tenant-pool,2026-02-02 14:32:32,0.0025538689667043385,1115852800.0,0.7956999999958498
forecaster-tenant-pool,2026-02-02 14:33:02,0.0017063339753683525,1116372992.0,0.7432000000039504
forecaster-tenant-pool,2026-02-02 14:33:32,0.0017348898680579878,1116270592.0,1.3370999999954316
forecaster-tenant-pool,2026-02-02 14:34:02,0.0014498808885089602,1116430336.0,0.08930000000618747
forecaster-tenant-pool,2026-02-02 14:34:32,0.0024524591618379685,1116491776.0,1.1964999999981956
forecaster-tenant-pool,2026-02-02 14:35:02,0.0011234446589144281,1116774400.0,0.323599999999836
forecaster-tenant-pool,2026-02-02 14:35:32,0.0019386377770019233,1116868608.0,1.1574999999998303
forecaster-tenant-pool,2026-02-02 14:36:02,0.00021424738390936186,1116626944.0,0.08850000000275032
forecaster-tenant-pool,2026-02-02 14:36:32,0.00260185253124711,1116708864.0,1.261099999993894
forecaster-tenant-pool,2026-02-02 14:37:02,0.00043013006266425874,1116729344.0,0.2182000000005549
forecaster-tenant-pool,2026-02-02 14:37:32,0.0020633268324679113,1116540928.0,1.2818000000030831
forecaster-tenant-pool,2026-02-02 14:38:02,0.0007702224555659696,1116819456.0,0.09199999999606613
forecaster-tenant-pool,2026-02-02 14:38:32,0.0024002870256627637,1116729344.0,1.0007000000065698
forecaster-tenant-pool,2026-02-02 14:39:02,0.0003575971050052905,1116725248.0,0.4353999999933876
forecaster-tenant-pool,2026-02-02 14:39:32,0.002080999765141331,1116397568.0,1.1436999999995654
forecaster-tenant-pool,2026-02-02 14:40:02,0.0003977686892305429,1116397568.0,0.07180000000322859
forecaster-tenant-pool,2026-02-02 14:40:02,0.0003977686892305429,1116397568.0,0.07180000000322859
forecaster-tenant-pool,2026-02-02 14:40:32,0.002255428327605959,1116495872.0,1.2014999999975164
forecaster-tenant-pool,2026-02-02 14:41:02,0.0003170282483279028,1116499968.0,0.3581000000005588
forecaster-tenant-pool,2026-02-02 14:41:32,0.002106503806862182,1116004352.0,0.771600000004158
forecaster-tenant-pool,2026-02-02 14:42:02,0.00030783105918043995,1115680768.0,0.5700999999946361
forecaster-tenant-pool,2026-02-02 14:42:32,0.0022236350542476913,1115758592.0,1.2810000000004949
forecaster-tenant-pool,2026-02-02 14:43:02,0.00043172442626199947,1115779072.0,0.2545000000038271
forecaster-tenant-pool,2026-02-02 14:43:32,0.002553996515656146,1115975680.0,1.3928000000010798
forecaster-tenant-pool,2026-02-02 14:44:02,0.0009855104754364359,1116262400.0,0.09049999999503294
forecaster-tenant-pool,2026-02-02 14:44:32,0.0021889285956431404,1116069888.0,1.2627000000053763
forecaster-tenant-pool,2026-02-02 14:45:02,0.0011641721796893383,1116176384.0,0.22879999999834885
forecaster-tenant-pool,2026-02-02 14:45:32,0.0027822417987874984,1116418048.0,0.9507000000002639
forecaster-tenant-pool,2026-02-02 14:46:02,0.00024156400446480726,1116463104.0,0.357899999996395
forecaster-tenant-pool,2026-02-02 14:46:32,0.0022865643403069363,1116557312.0,1.1622000000051533
forecaster-tenant-pool,2026-02-02 14:47:02,0.0014734325730000762,1116237824.0,0.1965000000006209
forecaster-tenant-pool,2026-02-02 14:47:32,0.002012420908367376,1116340224.0,1.0496999999948458
forecaster-tenant-pool,2026-02-02 14:48:02,0.00023319412323286813,1116401664.0,0.2715000000059566
forecaster-tenant-pool,2026-02-02 14:48:32,0.002193431090272328,1116475392.0,1.1746999999948458
forecaster-tenant-pool,2026-02-02 14:49:02,0.0008877632988389121,1116774400.0,0.18569999999829936
forecaster-tenant-pool,2026-02-02 14:49:32,0.0017423504029126478,1116639232.0,1.2141000000036002
forecaster-tenant-pool,2026-02-02 14:50:02,0.00020186035652923113,1116635136.0,0.08769999999761542
forecaster-tenant-pool,2026-02-02 14:50:08,0.0017806876435736247,1116688384.0,1.1981000000026447
forecaster-tenant-pool,2026-02-02 14:50:38,0.0023152796231846046,1116729344.0,0.40810000000092267
forecaster-tenant-pool,2026-02-02 14:51:08,0.0018851719917670929,1116823552.0,1.2107999999981989
forecaster-tenant-pool,2026-02-02 14:51:38,0.0021738333972423068,1116942336.0,0.09610000000053942
forecaster-tenant-pool,2026-02-02 14:52:08,0.001893282771373158,1116659712.0,1.1784000000012993
forecaster-tenant-pool,2026-02-02 14:52:38,0.0026143475205942846,1116721152.0,0.48060000000041336
forecaster-tenant-pool,2026-02-02 14:53:08,0.0020063910181179236,1117061120.0,1.284199999999813
forecaster-tenant-pool,2026-02-02 14:53:38,0.0019911590894114606,1116909568.0,0.09460000000047636
forecaster-tenant-pool,2026-02-02 14:54:08,0.0011536554086955483,1116930048.0,1.2077999999986788
forecaster-tenant-pool,2026-02-02 14:54:38,0.0022510282945375085,1116991488.0,0.18669999999923073
forecaster-tenant-pool,2026-02-02 14:55:08,0.001628563326096211,1117007872.0,1.0330999999971635
forecaster-tenant-pool,2026-02-02 14:55:38,0.001972114126773141,1116884992.0,0.26130000000266596
forecaster-tenant-pool,2026-02-02 14:56:08,0.0007175113549322678,1116925952.0,1.1884000000028514
forecaster-tenant-pool,2026-02-02 14:56:38,0.001820420198443292,1116987392.0,0.20089999999824312
forecaster-tenant-pool,2026-02-02 14:57:08,0.0019095245290843884,1117007872.0,1.2149999999968717
forecaster-tenant-pool,2026-02-02 14:57:38,0.0022928584560072468,1116749824.0,0.1065000000039921
forecaster-tenant-pool,2026-02-02 14:58:08,0.0003951603147524538,1116778496.0,0.5238000000009683
forecaster-tenant-pool,2026-02-02 14:58:38,0.002387401479128131,1116827648.0,0.8734999999964204
forecaster-tenant-pool,2026-02-02 14:59:08,0.0018894569786714233,1116925952.0,1.203800000002836
forecaster-tenant-pool,2026-02-02 14:59:38,0.001855914678886827,1116901376.0,0.10179999999891154
forecaster-tenant-pool,2026-02-02 15:00:03,0.0007382612691742718,1117179904.0,0.10179999999891151
forecaster-tenant-pool,2026-02-02 15:00:08,0.000920385587347629,1117179904.0,1.092600000000433
forecaster-tenant-pool,2026-02-02 15:00:33,0.0026899037374778522,1117003776.0,1.0926000000004328
forecaster-tenant-pool,2026-02-02 15:01:03,0.0010766360902564433,1117024256.0,0.4753000000000611
forecaster-tenant-pool,2026-02-02 15:01:33,0.002156380625183387,1116831744.0,1.3809999999972207
forecaster-tenant-pool,2026-02-02 15:02:03,0.0012541215608240005,1116516352.0,0.1224000000020169
forecaster-tenant-pool,2026-02-02 15:02:33,0.0030422050415689485,1116577792.0,1.3168000000020887
forecaster-tenant-pool,2026-02-02 15:03:03,0.0004975260159773674,1116573696.0,0.24559999999983118
forecaster-tenant-pool,2026-02-02 15:03:33,0.0021575179859226194,1116647424.0,0.48959999999424325
forecaster-tenant-pool,2026-02-02 15:04:03,0.0002821995235538078,1116643328.0,0.9518000000059449
forecaster-tenant-pool,2026-02-02 15:04:33,0.002041874523432109,1116717056.0,1.1341999999979937
forecaster-tenant-pool,2026-02-02 15:05:03,0.001716650761445538,1117011968.0,0.2948999999962931
forecaster-tenant-pool,2026-02-02 15:05:33,0.0026502921048512495,1116786688.0,1.2773000000044703
forecaster-tenant-pool,2026-02-02 15:06:03,0.00024155913061824194,1116782592.0,0.11989999999689947
forecaster-tenant-pool,2026-02-02 15:06:33,0.002068747862005417,1116848128.0,1.1954000000014882
forecaster-tenant-pool,2026-02-02 15:07:03,0.0016297973689520541,1116549120.0,0.18419999999908518
forecaster-tenant-pool,2026-02-02 15:07:33,0.002986040328365113,1116594176.0,1.2604999999981372
forecaster-tenant-pool,2026-02-02 15:08:03,0.0012111295967434106,1117126656.0,0.2143000000014581
forecaster-tenant-pool,2026-02-02 15:08:33,0.0017461290908050793,1116663808.0,1.1816000000040126
forecaster-tenant-pool,2026-02-02 15:09:03,0.00042100813310520996,1116667904.0,0.19629999999876116
forecaster-tenant-pool,2026-02-02 15:09:33,0.002015597932536529,1116733440.0,1.1971999999973681
forecaster-tenant-pool,2026-02-02 15:10:01,0.00029686076500003904,1116737536.0,0.11250000000436558
forecaster-tenant-pool,2026-02-02 15:10:03,0.00029686076500003904,1116737536.0,0.11250000000436558
forecaster-tenant-pool,2026-02-02 15:10:31,0.002466117957329854,1116827648.0,1.061199999995006
forecaster-tenant-pool,2026-02-02 15:11:01,0.0011934657411568391,1116827648.0,0.6629000000009303
forecaster-tenant-pool,2026-02-02 15:11:31,0.0022848844009111524,1116897280.0,1.3245000000001406
forecaster-tenant-pool,2026-02-02 15:12:01,0.0002722016507511329,1116897280.0,0.11190000000218181
forecaster-tenant-pool,2026-02-02 15:12:31,0.0022617085686709943,1116647424.0,1.3480999999998553
forecaster-tenant-pool,2026-02-02 15:13:01,0.0008100023372527495,1116749824.0,0.21790000000061505
forecaster-tenant-pool,2026-02-02 15:13:31,0.0022500793451350003,1116721152.0,1.1831999999960923
forecaster-tenant-pool,2026-02-02 15:14:01,0.0008309869873837357,1116790784.0,0.11280000000042492
forecaster-tenant-pool,2026-02-02 15:14:31,0.002565615356838788,1116782592.0,1.22809999999857
forecaster-tenant-pool,2026-02-02 15:15:01,0.0004063936872195626,1116786688.0,0.20340000000469444
forecaster-tenant-pool,2026-02-02 15:15:31,0.00213721405553679,1115676672.0,0.9500000000002425
forecaster-tenant-pool,2026-02-02 15:16:01,0.0002444899279751082,1115676672.0,0.4766000000004472
forecaster-tenant-pool,2026-02-02 15:16:31,0.002224117650955307,1115750400.0,1.1553999999935816
forecaster-tenant-pool,2026-02-02 15:17:01,0.0004121491081508316,1115750400.0,0.29770000000183544
forecaster-tenant-pool,2026-02-02 15:17:31,0.0020924089481762775,1115488256.0,1.2426000000031006
forecaster-tenant-pool,2026-02-02 15:18:01,0.00023014265980742755,1115545600.0,0.08579999999831975
forecaster-tenant-pool,2026-02-02 15:18:31,0.0028574563030999093,1115615232.0,1.0739000000035352
forecaster-tenant-pool,2026-02-02 15:19:01,0.001097910540074651,1115713536.0,0.4082999999936874
forecaster-tenant-pool,2026-02-02 15:19:31,0.0025904919699645005,1115688960.0,1.0908000000009148
forecaster-tenant-pool,2026-02-02 15:20:01,0.00020506997180116555,1115684864.0,0.2514000000017404
forecaster-tenant-pool,2026-02-02 15:20:02,0.0016642381516591273,1115971584.0,0.2514000000017404
forecaster-tenant-pool,2026-02-02 15:20:32,0.003231781289713785,1115787264.0,1.1603000000024621
forecaster-tenant-pool,2026-02-02 15:21:02,0.00019689495508256065,1115783168.0,0.5226999999983188
forecaster-tenant-pool,2026-02-02 15:21:32,0.0017777742233066297,1115848704.0,1.2744000000001203
forecaster-tenant-pool,2026-02-02 15:22:02,0.0007043490843210242,1115537408.0,0.10740000000041619
forecaster-tenant-pool,2026-02-02 15:22:32,0.0022031652334977797,1115602944.0,1.2649000000029142
forecaster-tenant-pool,2026-02-02 15:23:02,0.0005651313148615535,1115664384.0,0.1890999999959604
forecaster-tenant-pool,2026-02-02 15:23:32,0.0023022195764321788,1115668480.0,1.3015999999992345
forecaster-tenant-pool,2026-02-02 15:24:02,0.0002543018776883884,1115668480.0,0.09190000000307919
forecaster-tenant-pool,2026-02-02 15:24:32,0.0021993319488590487,1115734016.0,1.3391999999970723
forecaster-tenant-pool,2026-02-02 15:25:02,0.0006627863607396205,1115832320.0,0.19900000000355553
forecaster-tenant-pool,2026-02-02 15:25:32,0.00221697580803755,1115803648.0,0.7918000000002696
forecaster-tenant-pool,2026-02-02 15:26:02,0.00031819594281761896,1115803648.0,0.5127999999966656
forecaster-tenant-pool,2026-02-02 15:26:32,0.0019382474557565056,1115873280.0,0.9978000000005219
forecaster-tenant-pool,2026-02-02 15:27:02,0.0011541084067771042,1115811840.0,0.4263999999995576
forecaster-tenant-pool,2026-02-02 15:27:32,0.0025465403188224393,1115619328.0,1.2218999999990046
forecaster-tenant-pool,2026-02-02 15:28:02,0.00027474953974955833,1115619328.0,0.19009999999786184
forecaster-tenant-pool,2026-02-02 15:28:32,0.0021750823205846075,1115684864.0,1.2681000000040512
forecaster-tenant-pool,2026-02-02 15:29:02,0.0004209913560743929,1115684864.0,0.1914999999962068
forecaster-tenant-pool,2026-02-02 15:29:32,0.0020773105033850127,1115754496.0,1.1782000000038049
forecaster-tenant-pool,2026-02-02 15:30:02,0.0003264237185991803,1115754496.0,0.12029999999782982
forecaster-tenant-pool,2026-02-02 15:30:02,0.0003264237185991803,1115754496.0,0.12029999999782982
forecaster-tenant-pool,2026-02-02 15:30:32,0.0022199469035897603,1115852800.0,1.092100000001422
forecaster-tenant-pool,2026-02-02 15:31:02,0.0020916675529608453,1115885568.0,0.46379999999832455
forecaster-tenant-pool,2026-02-02 15:31:32,0.0030600985446493246,1115922432.0,1.0909000000020266
forecaster-tenant-pool,2026-02-02 15:32:02,0.00025746746049683125,1115926528.0,0.35290000000289484
forecaster-tenant-pool,2026-02-02 15:32:32,0.002089802942514395,1115668480.0,1.2056999999977658
forecaster-tenant-pool,2026-02-02 15:33:02,0.00043599098321040603,1115672576.0,0.3562999999958265
forecaster-tenant-pool,2026-02-02 15:33:32,0.002302061650091808,1115738112.0,0.9572000000071663
forecaster-tenant-pool,2026-02-02 15:34:02,0.000627615640815473,1115770880.0,0.33709999999397644
forecaster-tenant-pool,2026-02-02 15:34:32,0.0018860570134207368,1115844608.0,1.1659000000021478
forecaster-tenant-pool,2026-02-02 15:35:02,0.0006532007230322818,1115906048.0,0.2602000000007441
forecaster-tenant-pool,2026-02-02 15:35:32,0.0023795392420241173,1115910144.0,1.2615000000025853
forecaster-tenant-pool,2026-02-02 15:36:02,0.0005602948519042262,1116176384.0,0.10899999999528517
forecaster-tenant-pool,2026-02-02 15:36:32,0.0020892925491042685,1115979776.0,1.1074000000005375
forecaster-tenant-pool,2026-02-02 15:37:02,0.001100569362325285,1115906048.0,0.3199000000016288
forecaster-tenant-pool,2026-02-02 15:37:32,0.0022319723166701983,1115721728.0,1.2721999999997933
forecaster-tenant-pool,2026-02-02 15:38:02,0.0015318381952894458,1116045312.0,0.08980000000277263
forecaster-tenant-pool,2026-02-02 15:38:32,0.0023277458124131636,1115787264.0,1.213599999993433
forecaster-tenant-pool,2026-02-02 15:39:02,0.0004585951339095359,1115787264.0,0.2394000000042676
forecaster-tenant-pool,2026-02-02 15:39:32,0.0022272773923155595,1115856896.0,1.108499999995426
forecaster-tenant-pool,2026-02-02 15:40:02,0.0004817889151706292,1115860992.0,0.31080000000583824
forecaster-tenant-pool,2026-02-02 15:40:02,0.000424417726384513,1115856896.0,0.31080000000583824
forecaster-tenant-pool,2026-02-02 15:40:32,0.002428539621519066,1115951104.0,0.9355000000010477
forecaster-tenant-pool,2026-02-02 15:41:02,0.002403753289602886,1116282880.0,0.7796999999986535
forecaster-tenant-pool,2026-02-02 15:41:32,0.0023450496632050543,1116020736.0,1.2703000000013465
forecaster-tenant-pool,2026-02-02 15:42:02,0.0005726910253457565,1115709440.0,0.1377999999969082
forecaster-tenant-pool,2026-02-02 15:42:32,0.002545698953569587,1115770880.0,1.0001000000035372
forecaster-tenant-pool,2026-02-02 15:43:02,0.000487476933546336,1115774976.0,0.3430999999960477
forecaster-tenant-pool,2026-02-02 15:43:32,0.0020670613735768624,1115836416.0,0.9898000000002259
forecaster-tenant-pool,2026-02-02 15:44:02,0.000715052891951265,1115836416.0,0.332700000003994
forecaster-tenant-pool,2026-02-02 15:44:32,0.0022203530432375828,1115906048.0,1.2196999999964948
forecaster-tenant-pool,2026-02-02 15:45:02,0.0011542790323826968,1116700672.0,0.22120000000298506
forecaster-tenant-pool,2026-02-02 15:45:32,0.002022917705978522,1115975680.0,1.1659999999961048
forecaster-tenant-pool,2026-02-02 15:46:02,0.00023158902810255358,1115975680.0,0.20020000000088958
forecaster-tenant-pool,2026-02-02 15:46:32,0.0025177492271443057,1116045312.0,0.8173000000035244
forecaster-tenant-pool,2026-02-02 15:47:02,0.00044297471772548885,1116045312.0,0.6131999999974748
forecaster-tenant-pool,2026-02-02 15:47:32,0.0023592462593970357,1115787264.0,1.0982999999966219
forecaster-tenant-pool,2026-02-02 15:48:02,0.0002317361126018776,1115787264.0,0.2011000000044684
forecaster-tenant-pool,2026-02-02 15:48:32,0.00201955178592468,1115856896.0,1.2598999999965599
forecaster-tenant-pool,2026-02-02 15:49:02,0.0006287081247619139,1115856896.0,0.2131000000044878
forecaster-tenant-pool,2026-02-02 15:49:32,0.0023319925575111845,1115926528.0,1.3669999999972788
forecaster-tenant-pool,2026-02-02 15:50:02,0.00020394613546498392,1115926528.0,0.08939999999674911
forecaster-tenant-pool,2026-02-02 15:50:03,0.0017472638537834478,1115967488.0,0.08939999999674911
forecaster-tenant-pool,2026-02-02 15:50:33,0.0023753297590231163,1116020736.0,1.332300000001487
forecaster-tenant-pool,2026-02-02 15:51:03,0.0020431161478605864,1116372992.0,0.45410000000459455
forecaster-tenant-pool,2026-02-02 15:51:33,0.002038311322739734,1116090368.0,1.2862999999983005
forecaster-tenant-pool,2026-02-02 15:52:03,0.00019800977536690064,1116090368.0,0.08739999999573532
forecaster-tenant-pool,2026-02-02 15:52:33,0.0028627175814130534,1115840512.0,1.2149999999994179
forecaster-tenant-pool,2026-02-02 15:53:03,0.00038776606258012706,1115836416.0,0.20820000000045788
forecaster-tenant-pool,2026-02-02 15:53:33,0.001828449054018562,1115910144.0,1.1751000000001417
forecaster-tenant-pool,2026-02-02 15:54:03,0.00023617727750586883,1115910144.0,0.1036000000010972
forecaster-tenant-pool,2026-02-02 15:54:33,0.0021827908480888804,1116037120.0,1.2557999999997262
forecaster-tenant-pool,2026-02-02 15:55:03,0.0003977176336685942,1116045312.0,0.19580000000496509
forecaster-tenant-pool,2026-02-02 15:55:33,0.0024191947002214897,1116033024.0,0.9129999999965851
forecaster-tenant-pool,2026-02-02 15:56:03,0.0008829779622799368,1116119040.0,0.39969999999678596
forecaster-tenant-pool,2026-02-02 15:56:33,0.002442470970318443,1116057600.0,1.294500000005549
forecaster-tenant-pool,2026-02-02 15:57:03,0.0007699806769516333,1115750400.0,0.20769999999780947
forecaster-tenant-pool,2026-02-02 15:57:33,0.0019526175784842581,1115803648.0,1.2848000000033304
forecaster-tenant-pool,2026-02-02 15:58:03,0.0002530164735529293,1115799552.0,0.22520000000016202
forecaster-tenant-pool,2026-02-02 15:58:33,0.002659983985541132,1115901952.0,1.1265999999951115
forecaster-tenant-pool,2026-02-02 15:59:03,0.0009137143542553964,1116184576.0,0.3831000000018927
forecaster-tenant-pool,2026-02-02 15:59:33,0.0020709624085935036,1115979776.0,0.9325999999962126
forecaster-tenant-pool,2026-02-02 16:00:03,0.0002435305679758984,1115979776.0,0.45060000000509415
forecaster-tenant-pool,2026-02-02 16:00:03,0.0002500451700306225,1115979776.0,0.45060000000509415
forecaster-tenant-pool,2026-02-02 16:00:33,0.002282907729659862,1116078080.0,0.9811999999996867
forecaster-tenant-pool,2026-02-02 16:01:03,0.00045518388209353055,1116082176.0,0.6141999999969509
forecaster-tenant-pool,2026-02-02 16:01:33,0.0024270154600401746,1116151808.0,1.2145000000018626
forecaster-tenant-pool,2026-02-02 16:02:03,0.0002884081499395254,1115836416.0,0.09689999999912592
forecaster-tenant-pool,2026-02-02 16:02:33,0.0025849377635464525,1116037120.0,1.190000000002692
forecaster-tenant-pool,2026-02-02 16:03:03,0.0006082789173937279,1116078080.0,0.367499999996168
forecaster-tenant-pool,2026-02-02 16:03:33,0.00194559816779154,1116151808.0,1.2416999999985514
forecaster-tenant-pool,2026-02-02 16:04:03,0.00022886468929636514,1116160000.0,0.08850000000190145
forecaster-tenant-pool,2026-02-02 16:04:33,0.0021993396841602426,1116233728.0,1.2407999999984893
forecaster-tenant-pool,2026-02-02 16:05:03,0.0003557446969248766,1116233728.0,0.1962000000057742
forecaster-tenant-pool,2026-02-02 16:05:33,0.0020759970442020288,1116303360.0,1.0845999999955287
forecaster-tenant-pool,2026-02-02 16:06:03,0.00027723066953289993,1116311552.0,0.24420000000063738
forecaster-tenant-pool,2026-02-02 16:06:33,0.0019178290892031826,1116377088.0,1.128200000001137
forecaster-tenant-pool,2026-02-02 16:07:03,0.0004870709263876868,1116377088.0,0.2861999999980374
forecaster-tenant-pool,2026-02-02 16:07:33,0.0021333817289868238,1116119040.0,1.339600000000913
forecaster-tenant-pool,2026-02-02 16:08:03,0.00023851642115556645,1116119040.0,0.08270000000399401
forecaster-tenant-pool,2026-02-02 16:08:33,0.0024374858136771023,1116188672.0,1.3110999999954704
forecaster-tenant-pool,2026-02-02 16:09:03,0.0007551804281530874,1116729344.0,0.22560000000266883
forecaster-tenant-pool,2026-02-02 16:09:33,0.0016544154702741688,1116254208.0,1.0218999999991258
forecaster-tenant-pool,2026-02-02 16:10:02,0.0002355308736427796,1116254208.0,0.2500000000016977
forecaster-tenant-pool,2026-02-02 16:10:03,0.00022748164899953535,1116254208.0,0.2500000000016977
forecaster-tenant-pool,2026-02-02 16:10:32,0.0032715294534388932,1116352512.0,1.1978000000008857
forecaster-tenant-pool,2026-02-02 16:11:02,0.0009852320025097862,1116356608.0,0.5017999999934546
forecaster-tenant-pool,2026-02-02 16:11:32,0.0024313032820247305,1116418048.0,1.2842000000033293
forecaster-tenant-pool,2026-02-02 16:12:02,0.0003322178417881536,1116418048.0,0.19460000000241656
forecaster-tenant-pool,2026-02-02 16:12:32,0.0020695223058184737,1116172288.0,1.202399999996002
forecaster-tenant-pool,2026-02-02 16:13:02,0.0004546366702543295,1116168192.0,0.22589999999848562
forecaster-tenant-pool,2026-02-02 16:13:32,0.002344819044352039,1116237824.0,1.1685000000013437
forecaster-tenant-pool,2026-02-02 16:14:02,0.0016318164493839419,1116516352.0,0.33050000000221186
forecaster-tenant-pool,2026-02-02 16:14:32,0.0021857359898207395,1116303360.0,1.207399999999446
forecaster-tenant-pool,2026-02-02 16:15:02,0.0004318230613570072,1116352512.0,0.2761000000030132
forecaster-tenant-pool,2026-02-02 16:15:32,0.0019280531611219082,1116422144.0,1.2168999999934993
forecaster-tenant-pool,2026-02-02 16:16:02,0.00037539133153684635,1116426240.0,0.09540000000743021
forecaster-tenant-pool,2026-02-02 16:16:32,0.0023892641038932966,1116491776.0,1.3117999999944003
forecaster-tenant-pool,2026-02-02 16:17:02,0.0005003182697461108,1116311552.0,0.27149999999977203
forecaster-tenant-pool,2026-02-02 16:17:32,0.002295273297048452,1116049408.0,1.339500000005258
forecaster-tenant-pool,2026-02-02 16:18:02,0.00024188849455875755,1116065792.0,0.08910000000032597
forecaster-tenant-pool,2026-02-02 16:18:32,0.002105463083040976,1116119040.0,0.9719999999956296
forecaster-tenant-pool,2026-02-02 16:19:02,0.0004886218633705897,1116119040.0,0.49439999999704015
forecaster-tenant-pool,2026-02-02 16:19:32,0.002165109463848562,1116188672.0,1.2035000000036236
forecaster-tenant-pool,2026-02-02 16:20:02,0.00022836407601758296,1116192768.0,0.08759999999747378
forecaster-tenant-pool,2026-02-02 16:20:04,0.00022836407601758296,1116192768.0,0.08759999999747378
forecaster-tenant-pool,2026-02-02 16:20:34,0.0024074234883792,1116282880.0,1.2284000000045732
forecaster-tenant-pool,2026-02-02 16:21:04,0.0003788167570027737,1116286976.0,0.4179999999996653
forecaster-tenant-pool,2026-02-02 16:21:34,0.002242451323302179,1116352512.0,1.3567000000007585
forecaster-tenant-pool,2026-02-02 16:22:04,0.0013711663029353054,1116053504.0,0.08689999999999903
forecaster-tenant-pool,2026-02-02 16:22:34,0.0021803328814260212,1116102656.0,1.005899999996109
forecaster-tenant-pool,2026-02-02 16:23:04,0.00048201024167056133,1116102656.0,0.5582000000015492
forecaster-tenant-pool,2026-02-02 16:23:34,0.002436784541878203,1116168192.0,1.302899999997559
forecaster-tenant-pool,2026-02-02 16:24:04,0.0010203626565354774,1116454912.0,0.07420000000298994
forecaster-tenant-pool,2026-02-02 16:24:34,0.0021466192766446024,1116237824.0,1.2869999999990493
forecaster-tenant-pool,2026-02-02 16:25:04,0.0006337031880852134,1116135424.0,0.2128000000033353
forecaster-tenant-pool,2026-02-02 16:25:34,0.0017900739095533856,1116176384.0,1.105499999998574
forecaster-tenant-pool,2026-02-02 16:26:04,0.0006163207729305909,1116446720.0,0.3166999999952774
forecaster-tenant-pool,2026-02-02 16:26:34,0.002465326251713517,1116246016.0,1.2118000000044655
forecaster-tenant-pool,2026-02-02 16:27:04,0.0013286113837691676,1115926528.0,0.36589999999753975
forecaster-tenant-pool,2026-02-02 16:27:34,0.001986471435280182,1115987968.0,1.2302000000004532
forecaster-tenant-pool,2026-02-02 16:28:04,0.0016905861654365024,1116049408.0,0.09060000000451206
forecaster-tenant-pool,2026-02-02 16:28:34,0.0023464543276621275,1116053504.0,1.2300999999943694
forecaster-tenant-pool,2026-02-02 16:29:04,0.00044718668761016593,1116057600.0,0.19530000000243794
forecaster-tenant-pool,2026-02-02 16:29:34,0.0021855461221736102,1116123136.0,1.288900000001983
forecaster-tenant-pool,2026-02-02 16:30:02,0.0009285577904395572,1116143616.0,0.07819999999774153
forecaster-tenant-pool,2026-02-02 16:30:04,0.0009333865644283897,1116143616.0,0.07819999999774153
forecaster-tenant-pool,2026-02-02 16:30:32,0.002808689161043398,1116221440.0,1.1610000000033323
forecaster-tenant-pool,2026-02-02 16:31:02,0.0012432525101411214,1116504064.0,0.4787999999987126
forecaster-tenant-pool,2026-02-02 16:31:32,0.0016213199196744683,1116295168.0,1.2555999999944711
forecaster-tenant-pool,2026-02-02 16:32:02,0.00023502670042871033,1116291072.0,0.08420000000163175
forecaster-tenant-pool,2026-02-02 16:32:32,0.0027347984406584378,1116037120.0,1.2727000000024418
forecaster-tenant-pool,2026-02-02 16:33:02,0.0003908421784322142,1116037120.0,0.19180000000136108
forecaster-tenant-pool,2026-02-02 16:33:32,0.0020816238617888602,1116106752.0,1.226499999998608
forecaster-tenant-pool,2026-02-02 16:34:02,0.00029159695277318064,1116106752.0,0.09510000000300352
forecaster-tenant-pool,2026-02-02 16:34:32,0.0020034403602035597,1116176384.0,1.3223999999936495
forecaster-tenant-pool,2026-02-02 16:35:02,0.00044866470947966576,1116176384.0,0.24290000000134265
forecaster-tenant-pool,2026-02-02 16:35:32,0.0021644137035909342,1116254208.0,0.9380000000001018
forecaster-tenant-pool,2026-02-02 16:36:02,0.0005055537879638032,1116360704.0,0.4504000000004453
forecaster-tenant-pool,2026-02-02 16:36:32,0.0019020667049716332,1116323840.0,1.089199999999255
forecaster-tenant-pool,2026-02-02 16:37:02,0.001680332557089294,1116037120.0,0.31260000000086924
forecaster-tenant-pool,2026-02-02 16:37:32,0.001823613447460014,1116053504.0,1.2675999999977647
forecaster-tenant-pool,2026-02-02 16:38:02,0.00017340400572438892,1115271168.0,0.062399999999252026
forecaster-tenant-pool,2026-02-02 16:38:32,0.0018438683465640284,1115336704.0,0.8278000000010555
forecaster-tenant-pool,2026-02-02 16:39:02,0.0013285535690066835,1115377664.0,0.4683000000050621
forecaster-tenant-pool,2026-02-02 16:39:32,0.0018394148303479594,1115406336.0,1.2136999999975766
forecaster-tenant-pool,2026-02-02 16:40:02,0.0001991937694427736,1115439104.0,0.08939999999590025
forecaster-tenant-pool,2026-02-02 16:40:04,0.001299566902689243,1115459584.0,0.08939999999590025
forecaster-tenant-pool,2026-02-02 16:40:34,0.002314174379770152,1115590656.0,1.2175000000038076
forecaster-tenant-pool,2026-02-02 16:41:04,0.0003954559289137615,1115705344.0,0.4176999999977852
forecaster-tenant-pool,2026-02-02 16:41:34,0.001872363423802368,1115877376.0,1.2398000000061682
forecaster-tenant-pool,2026-02-02 16:42:04,0.0016292009758560155,1114677248.0,0.08849999999765713
forecaster-tenant-pool,2026-02-02 16:42:34,0.0023667666609193823,1114464256.0,1.2577999999991638
forecaster-tenant-pool,2026-02-02 16:43:04,0.00187949331451551,1114497024.0,0.23969999999693148
forecaster-tenant-pool,2026-02-02 16:43:34,0.001972464149924915,1114542080.0,1.0407000000010156
forecaster-tenant-pool,2026-02-02 16:44:04,0.0002573500742939814,1114619904.0,0.4241000000024845
forecaster-tenant-pool,2026-02-02 16:44:34,0.0024388685648121244,1114742784.0,0.21420000000180153
forecaster-tenant-pool,2026-02-02 16:45:04,0.0031712433574292466,1114767360.0,1.4760999999967075
forecaster-tenant-pool,2026-02-02 16:45:34,0.0030707829204764327,1114853376.0,1.3714000000015707
forecaster-tenant-pool,2026-02-02 16:46:04,0.0002536742899051652,1114914816.0,0.09819999999902695
forecaster-tenant-pool,2026-02-02 16:46:34,0.001830559066473082,1114984448.0,1.2360999999976532
forecaster-tenant-pool,2026-02-02 16:47:04,0.0006240138405019644,1114673152.0,0.19920000000505145
forecaster-tenant-pool,2026-02-02 16:47:34,0.002374987056150065,1114726400.0,0.9339999999952852
forecaster-tenant-pool,2026-02-02 16:48:04,0.001649521468541215,1114832896.0,0.3895000000023477
forecaster-tenant-pool,2026-02-02 16:48:34,0.0019428718214837245,1114873856.0,1.1412000000030578
forecaster-tenant-pool,2026-02-02 16:49:04,0.0018150865064346002,1115164672.0,0.3201999999972031
forecaster-tenant-pool,2026-02-02 16:49:34,0.002156674842841096,1114943488.0,1.2414000000003094
forecaster-tenant-pool,2026-02-02 16:50:03,0.0012890211760802058,1115500544.0,0.10719999999722252
forecaster-tenant-pool,2026-02-02 16:50:04,0.0012890211760802058,1115500544.0,0.10719999999722252
forecaster-tenant-pool,2026-02-02 16:50:33,0.002587582162389376,1115041792.0,1.1724999999997332
forecaster-tenant-pool,2026-02-02 16:51:03,0.0018110875798595448,1115070464.0,0.39990000000022213
forecaster-tenant-pool,2026-02-02 16:51:33,0.0018541442559391573,1115111424.0,1.383800000003248
forecaster-tenant-pool,2026-02-02 16:52:03,0.00031992564908279623,1115131904.0,0.1137000000012146
forecaster-tenant-pool,2026-02-02 16:52:33,0.002343923082399948,1114877952.0,1.4249999999987872
forecaster-tenant-pool,2026-02-02 16:53:03,0.0011022216888629487,1115598848.0,0.24169999999952171
forecaster-tenant-pool,2026-02-02 16:53:33,0.0026281771198494066,1114943488.0,1.1129999999999807
forecaster-tenant-pool,2026-02-02 16:54:03,0.00021659953694695968,1114947584.0,0.42700000000137756
forecaster-tenant-pool,2026-02-02 16:54:33,0.0021931144436058312,1115021312.0,1.2567999999937456
forecaster-tenant-pool,2026-02-02 16:55:03,0.001496333405157401,1115049984.0,0.2115000000000388
forecaster-tenant-pool,2026-02-02 16:55:33,0.0017344570301144403,1115095040.0,1.2915000000038466
forecaster-tenant-pool,2026-02-02 16:56:03,0.001257930270359538,1115439104.0,0.08529999999967307
forecaster-tenant-pool,2026-02-02 16:56:33,0.0023209441855018783,1115160576.0,1.1059999999979482
forecaster-tenant-pool,2026-02-02 16:57:03,0.0013463093571808098,1115103232.0,0.3437000000049011
forecaster-tenant-pool,2026-02-02 16:57:33,0.002178616650358955,1114906624.0,1.2233999999955512
forecaster-tenant-pool,2026-02-02 16:58:03,0.0012418243616107525,1115009024.0,0.09690000000070237
forecaster-tenant-pool,2026-02-02 16:58:33,0.0020146474609797674,1115054080.0,1.1663000000005317
forecaster-tenant-pool,2026-02-02 16:59:03,0.0014923785787328283,1115176960.0,0.2166000000004715
forecaster-tenant-pool,2026-02-02 16:59:33,0.0018399729141899187,1115357184.0,1.0392000000027717
forecaster-tenant-pool,2026-02-02 17:00:03,0.00023124970572957178,1115385856.0,0.31819999999376397
forecaster-tenant-pool,2026-02-02 17:00:04,0.00023124970572957178,1115385856.0,0.31819999999376397
forecaster-tenant-pool,2026-02-02 17:00:34,0.0025268115962464796,1115258880.0,1.2301000000022517
forecaster-tenant-pool,2026-02-02 17:01:04,0.0006034750449047972,1115262976.0,0.36309999999854575
forecaster-tenant-pool,2026-02-02 17:01:34,0.002708840960445813,1115328512.0,0.8663999999992181
forecaster-tenant-pool,2026-02-02 17:02:04,0.0003108009070749992,1115328512.0,0.4944000000057713
forecaster-tenant-pool,2026-02-02 17:02:34,0.0020049217876597133,1115070464.0,1.2938999999983936
forecaster-tenant-pool,2026-02-02 17:03:04,0.0004928639864588882,1115074560.0,0.2687000000032034
forecaster-tenant-pool,2026-02-02 17:03:34,0.002037456499562577,1115140096.0,0.8140999999942626
forecaster-tenant-pool,2026-02-02 17:04:04,0.00026088280204951305,1115160576.0,0.4773000000035002
forecaster-tenant-pool,2026-02-02 17:04:34,0.002224309510902493,1115209728.0,1.0042999999969955
forecaster-tenant-pool,2026-02-02 17:05:04,0.0005031507771194458,1115475968.0,0.4672000000008362
forecaster-tenant-pool,2026-02-02 17:05:34,0.0019402284793191725,1115279360.0,0.9654999999974583
forecaster-tenant-pool,2026-02-02 17:06:04,0.0008603645598010204,1115549696.0,0.3021000000020043
forecaster-tenant-pool,2026-02-02 17:06:34,0.0020715511037769814,1115348992.0,0.9108000000017151
forecaster-tenant-pool,2026-02-02 17:07:04,0.0004194878263574463,1115348992.0,0.5190000000004753
forecaster-tenant-pool,2026-02-02 17:07:34,0.0028600450238852795,1115090944.0,1.472100000001592
forecaster-tenant-pool,2026-02-02 17:08:04,0.0002401398207036468,1115090944.0,0.0875999999941996
forecaster-tenant-pool,2026-02-02 17:08:34,0.0023146571202274993,1115160576.0,1.2089000000031471
forecaster-tenant-pool,2026-02-02 17:09:04,0.0008581702621821514,1115426816.0,0.3132000000014765
forecaster-tenant-pool,2026-02-02 17:09:34,0.0018955893756213292,1115230208.0,0.9625000000019401
forecaster-tenant-pool,2026-02-02 17:10:02,0.0002571845602281644,1115230208.0,0.42879999999604473
forecaster-tenant-pool,2026-02-02 17:10:04,0.0002571845602281644,1115230208.0,0.42879999999604473
forecaster-tenant-pool,2026-02-02 17:10:32,0.0031503488345951294,1115324416.0,1.3463000000022778
forecaster-tenant-pool,2026-02-02 17:11:02,0.0007226779498953983,1115328512.0,0.47410000000066554
forecaster-tenant-pool,2026-02-02 17:11:32,0.001708717115101094,1115398144.0,1.1163999999950949
forecaster-tenant-pool,2026-02-02 17:12:02,0.0008355998132188016,1115672576.0,0.21280000000636695
forecaster-tenant-pool,2026-02-02 17:12:32,0.0023995430984305064,1115144192.0,1.160199999998076
forecaster-tenant-pool,2026-02-02 17:13:02,0.0004297812113505481,1115144192.0,0.4620999999966443
forecaster-tenant-pool,2026-02-02 17:13:32,0.002064084978580339,1115213824.0,1.223300000001594
forecaster-tenant-pool,2026-02-02 17:14:02,0.0002329486704311241,1115213824.0,0.08710000000088863
forecaster-tenant-pool,2026-02-02 17:14:32,0.0023571019738089574,1115283456.0,1.3153999999951338
forecaster-tenant-pool,2026-02-02 17:15:02,0.0015290590836626364,1115316224.0,0.2510000000038417
forecaster-tenant-pool,2026-02-02 17:15:32,0.00208990622832678,1115353088.0,0.9904999999986709
forecaster-tenant-pool,2026-02-02 17:16:02,0.0016505967179071671,1115385856.0,0.3025000000001455
forecaster-tenant-pool,2026-02-02 17:16:32,0.002176683818467866,1115422720.0,1.2478000000025835
forecaster-tenant-pool,2026-02-02 17:17:02,0.0004367326810146991,1115430912.0,0.2466000000014901
forecaster-tenant-pool,2026-02-02 17:17:32,0.0023963901729140242,1115176960.0,0.6716999999955685
forecaster-tenant-pool,2026-02-02 17:18:02,0.00030457796515813906,1115172864.0,0.7332999999991443
forecaster-tenant-pool,2026-02-02 17:18:32,0.002210318779310586,1115242496.0,1.2655999999991763
forecaster-tenant-pool,2026-02-02 17:19:02,0.00042060580048460113,1115250688.0,0.2404000000016822
forecaster-tenant-pool,2026-02-02 17:19:32,0.001912698578916145,1115316224.0,1.302900000003865
forecaster-tenant-pool,2026-02-02 17:20:02,0.00024164622022807908,1115316224.0,0.09309999999859428
forecaster-tenant-pool,2026-02-02 17:20:02,0.0002425624384749485,1115316224.0,0.09309999999859428
forecaster-tenant-pool,2026-02-02 17:20:32,0.003711273576208105,1115410432.0,1.3848999999964386
forecaster-tenant-pool,2026-02-02 17:21:02,0.0018320339535867999,1115447296.0,0.49270000000554626
forecaster-tenant-pool,2026-02-02 17:21:32,0.0019505294894364338,1115475968.0,1.3025999999943452
forecaster-tenant-pool,2026-02-02 17:22:02,0.001654073805195771,1115205632.0,0.0927999999995033
forecaster-tenant-pool,2026-02-02 17:22:32,0.002567928292327367,1115230208.0,1.2647000000009332
forecaster-tenant-pool,2026-02-02 17:23:02,0.00046543568847859195,1115230208.0,0.2159000000055433
forecaster-tenant-pool,2026-02-02 17:23:32,0.002050714202719204,1115299840.0,1.1527999999942646
forecaster-tenant-pool,2026-02-02 17:24:02,0.00023514450812442278,1115303936.0,0.3082000000025194
forecaster-tenant-pool,2026-02-02 17:24:32,0.0021872800059049807,1115369472.0,1.3420000000030996
forecaster-tenant-pool,2026-02-02 17:25:02,0.00044312620031616536,1115242496.0,0.22999999999786572
forecaster-tenant-pool,2026-02-02 17:25:32,0.0024617292969124657,1115312128.0,0.43200000000154737
forecaster-tenant-pool,2026-02-02 17:26:02,0.00046805583395083286,1115316224.0,0.9174000000003919
forecaster-tenant-pool,2026-02-02 17:26:32,0.0019331677454049573,1115381760.0,1.2356999999999971
forecaster-tenant-pool,2026-02-02 17:27:02,0.0007474904619684671,1115332608.0,0.1942999999937456
forecaster-tenant-pool,2026-02-02 17:27:32,0.002100427150544248,1115123712.0,1.2356000000008256
forecaster-tenant-pool,2026-02-02 17:28:02,0.0016470508195658361,1115148288.0,0.10390000000564517
forecaster-tenant-pool,2026-02-02 17:28:32,0.002864598449013893,1115193344.0,1.219699999996131
forecaster-tenant-pool,2026-02-02 17:29:02,0.0005149045959036169,1115193344.0,0.4777000000027328
forecaster-tenant-pool,2026-02-02 17:29:32,0.0017809774992414015,1115262976.0,1.2334999999971237
forecaster-tenant-pool,2026-02-02 17:30:02,0.0002981509630985832,1115267072.0,0.1220999999986816
forecaster-tenant-pool,2026-02-02 17:30:04,0.0002962343387407924,1115267072.0,0.1220999999986816
forecaster-tenant-pool,2026-02-02 17:30:34,0.0027697308030087465,1115357184.0,1.079500000002857
forecaster-tenant-pool,2026-02-02 17:31:04,0.0003769737370945725,1115463680.0,0.5790999999985312
forecaster-tenant-pool,2026-02-02 17:31:34,0.002027497496883803,1115541504.0,1.2649000000020654
forecaster-tenant-pool,2026-02-02 17:32:04,0.0010966557573300728,1115287552.0,0.08369999999910457
forecaster-tenant-pool,2026-02-02 17:32:34,0.002057226587858189,1115344896.0,1.0803999999985536
forecaster-tenant-pool,2026-02-02 17:33:04,0.0008707740490366518,1115357184.0,0.37960000000214983
forecaster-tenant-pool,2026-02-02 17:33:34,0.0024511251424949045,1115668480.0,0.9133999999987281
forecaster-tenant-pool,2026-02-02 17:34:04,0.0018913942979332007,1115471872.0,0.3235000000000582
forecaster-tenant-pool,2026-02-02 17:34:34,0.0017283176208990228,1115484160.0,1.273499999999937
forecaster-tenant-pool,2026-02-02 17:35:04,0.0018669628742741737,1115824128.0,0.1917000000002493
forecaster-tenant-pool,2026-02-02 17:35:34,0.0020330429500887708,1115553792.0,1.1538000000031996
forecaster-tenant-pool,2026-02-02 17:36:04,0.0017855759376973924,1115848704.0,0.25279999999947905
forecaster-tenant-pool,2026-02-02 17:36:34,0.00240242206064755,1115623424.0,1.2577999999955258
forecaster-tenant-pool,2026-02-02 17:37:04,0.0017267953409060423,1115832320.0,0.2456000000040755
forecaster-tenant-pool,2026-02-02 17:37:34,0.0023691279826739188,1115357184.0,1.3687000000012632
forecaster-tenant-pool,2026-02-02 17:38:04,0.0011387024324161273,1115643904.0,0.07799999999515421
forecaster-tenant-pool,2026-02-02 17:38:34,0.0019074534980880664,1115426816.0,1.2230000000042007
forecaster-tenant-pool,2026-02-02 17:39:04,0.0010931977550934146,1115435008.0,0.2278999999981655
forecaster-tenant-pool,2026-02-02 17:39:34,0.0021616209332365873,1115492352.0,1.2711999999964367
forecaster-tenant-pool,2026-02-02 17:40:02,0.00023218567132813418,1115521024.0,0.08010000000200913
forecaster-tenant-pool,2026-02-02 17:40:04,0.00016183766761860955,1115492352.0,0.08010000000200913
forecaster-tenant-pool,2026-02-02 17:40:32,0.0022960182171649674,1115594752.0,1.020899999997467
forecaster-tenant-pool,2026-02-02 17:41:02,0.0007552055028808165,1115590656.0,0.6361000000031102
forecaster-tenant-pool,2026-02-02 17:41:32,0.002488201419637734,1115656192.0,1.1413999999963078
forecaster-tenant-pool,2026-02-02 17:42:02,0.0002336431426821583,1115656192.0,0.21330000000101185
forecaster-tenant-pool,2026-02-02 17:42:32,0.0020453267717824627,1115414528.0,1.0186000000057296
forecaster-tenant-pool,2026-02-02 17:43:02,0.0012230084592602455,1115676672.0,0.3772999999975582
forecaster-tenant-pool,2026-02-02 17:43:32,0.002180379458239532,1115353088.0,1.0577999999991639
forecaster-tenant-pool,2026-02-02 17:44:02,0.00023520051648918933,1115357184.0,0.3175000000028376
forecaster-tenant-pool,2026-02-02 17:44:32,0.002163442320403059,1115422720.0,1.1214999999939514
forecaster-tenant-pool,2026-02-02 17:45:02,0.0006822195745667515,1115426816.0,0.3353000000064639
forecaster-tenant-pool,2026-02-02 17:45:32,0.0018989307709002155,1115492352.0,0.6782999999936389
forecaster-tenant-pool,2026-02-02 17:46:02,0.0020670675968160507,1115762688.0,0.7501999999993131
forecaster-tenant-pool,2026-02-02 17:46:32,0.002163130190383266,1115570176.0,1.3042000000065552
forecaster-tenant-pool,2026-02-02 17:47:02,0.0007543039393744816,1115848704.0,0.2660999999950339
forecaster-tenant-pool,2026-02-02 17:47:32,0.0024136515933979624,1115291648.0,1.337000000003536
forecaster-tenant-pool,2026-02-02 17:48:02,0.0008649268676955489,1115566080.0,0.11430000000024546
forecaster-tenant-pool,2026-02-02 17:48:32,0.001962793186646829,1115361280.0,1.2389999999966677
forecaster-tenant-pool,2026-02-02 17:49:02,0.00042206622316505503,1115361280.0,0.22580000000355843
forecaster-tenant-pool,2026-02-02 17:49:32,0.002959753596950278,1115430912.0,1.0373999999991308
forecaster-tenant-pool,2026-02-02 17:50:02,0.000930049347939732,1115430912.0,0.3410999999977018
forecaster-tenant-pool,2026-02-02 17:50:02,0.0009370193355941761,1115430912.0,0.3410999999977018
forecaster-tenant-pool,2026-02-02 17:50:32,0.002129961912664819,1115525120.0,1.1678000000004736
forecaster-tenant-pool,2026-02-02 17:51:02,0.0008298891758843121,1115525120.0,0.4031999999978628
forecaster-tenant-pool,2026-02-02 17:51:32,0.0021907890324297415,1115594752.0,0.9401000000053803
forecaster-tenant-pool,2026-02-02 17:52:02,0.0002678119058189556,1115598848.0,0.3407999999970343
forecaster-tenant-pool,2026-02-02 17:52:32,0.0018387830661727154,1115344896.0,1.1189000000038505
forecaster-tenant-pool,2026-02-02 17:53:02,0.0004395441852963767,1115344896.0,0.3224999999963377
forecaster-tenant-pool,2026-02-02 17:53:32,0.0023891374590587285,1115414528.0,0.5603999999972681
forecaster-tenant-pool,2026-02-02 17:54:02,0.0013580682761861135,1115414528.0,0.6812000000035672
forecaster-tenant-pool,2026-02-02 17:54:32,0.0021212060148070406,1115484160.0,1.2859000000016143
forecaster-tenant-pool,2026-02-02 17:55:02,0.001181829493851131,1115496448.0,0.24110000000097595
forecaster-tenant-pool,2026-02-02 17:55:32,0.002590449034081561,1115549696.0,1.2199999999972837
forecaster-tenant-pool,2026-02-02 17:56:02,0.00023881891080767048,1115549696.0,0.25379999999749997
forecaster-tenant-pool,2026-02-02 17:56:32,0.0019886751055514912,1115619328.0,0.9790000000020276
forecaster-tenant-pool,2026-02-02 17:57:02,0.0009227837698691704,1115635712.0,0.590799999998732
forecaster-tenant-pool,2026-02-02 17:57:32,0.002535227053859457,1115369472.0,1.2420000000004316
forecaster-tenant-pool,2026-02-02 17:58:02,0.001465044887172462,1115389952.0,0.10300000000024738
forecaster-tenant-pool,2026-02-02 17:58:32,0.001984705197610506,1115435008.0,1.2154000000045926
forecaster-tenant-pool,2026-02-02 17:59:02,0.0003974027885660233,1115447296.0,0.2103999999973894
forecaster-tenant-pool,2026-02-02 17:59:32,0.0019595467726052575,1115504640.0,1.1159000000027541
forecaster-tenant-pool,2026-02-02 18:00:02,0.0002409686154967115,1115504640.0,0.2371999999930267
forecaster-tenant-pool,2026-02-02 18:00:03,0.0002444078243746644,1115504640.0,0.2371999999930267
forecaster-tenant-pool,2026-02-02 18:00:33,0.0029470939679510874,1115598848.0,1.0600000000015521
forecaster-tenant-pool,2026-02-02 18:01:03,0.0014659720991915418,1115615232.0,0.49709999999977295
forecaster-tenant-pool,2026-02-02 18:01:33,0.0021351816514405884,1115668480.0,1.1605999999981578
forecaster-tenant-pool,2026-02-02 18:02:03,0.001409605022421925,1115713536.0,0.19410000000498256
forecaster-tenant-pool,2026-02-02 18:02:33,0.002607347461018835,1115533312.0,1.2815999999972216
forecaster-tenant-pool,2026-02-02 18:03:03,0.00045859296578406206,1115549696.0,0.2460000000029443
forecaster-tenant-pool,2026-02-02 18:03:33,0.001994806203658619,1115619328.0,1.422899999997268
forecaster-tenant-pool,2026-02-02 18:04:03,0.00039841872110261023,1115656192.0,0.08689999999987777
forecaster-tenant-pool,2026-02-02 18:04:33,0.0024886740070865165,1115693056.0,0.8687000000028395
forecaster-tenant-pool,2026-02-02 18:05:03,0.0007401937036761065,1115713536.0,0.6360000000007858
forecaster-tenant-pool,2026-02-02 18:05:33,0.0020173029991951163,1115762688.0,1.0498999999973118
forecaster-tenant-pool,2026-02-02 18:06:03,0.0005731712391518572,1115734016.0,0.21809999999810922
forecaster-tenant-pool,2026-02-02 18:06:33,0.002345583780163391,1115705344.0,1.1893000000038834
forecaster-tenant-pool,2026-02-02 18:07:03,0.0004815114787481331,1115705344.0,0.27990000000124077
forecaster-tenant-pool,2026-02-02 18:07:33,0.0018434331476318286,1115451392.0,0.6308999999961088
forecaster-tenant-pool,2026-02-02 18:08:03,0.0005440402763778587,1115455488.0,0.6454999999988407
forecaster-tenant-pool,2026-02-02 18:08:33,0.002670321081656091,1115521024.0,1.2657999999995808
forecaster-tenant-pool,2026-02-02 18:09:03,0.00047084177680248296,1115521024.0,0.23609999999874465
forecaster-tenant-pool,2026-02-02 18:09:33,0.0018834922219997654,1115590656.0,1.1489000000009886
forecaster-tenant-pool,2026-02-02 18:10:02,0.0005042748791764399,1115594752.0,0.1094000000066444
forecaster-tenant-pool,2026-02-02 18:10:03,0.00047675745466826285,1115594752.0,0.1094000000066444
forecaster-tenant-pool,2026-02-02 18:10:32,0.00213094982739718,1115705344.0,1.0125999999951696
forecaster-tenant-pool,2026-02-02 18:11:02,0.0011760132063047917,1115996160.0,0.6553000000020499
forecaster-tenant-pool,2026-02-02 18:11:32,0.0020635601458568508,1115807744.0,1.1142000000019228
forecaster-tenant-pool,2026-02-02 18:12:02,0.0003250975015797586,1116139520.0,0.10559999999810922
forecaster-tenant-pool,2026-02-02 18:12:32,0.002609298354879572,1115664384.0,0.8758999999973942
forecaster-tenant-pool,2026-02-02 18:13:02,0.0009248614061339491,1115721728.0,0.7171000000013009
forecaster-tenant-pool,2026-02-02 18:13:32,0.0021159838009474565,1115881472.0,1.0979999999982586
forecaster-tenant-pool,2026-02-02 18:14:02,0.0002688500725018055,1115910144.0,0.3639999999992142
forecaster-tenant-pool,2026-02-02 18:14:32,0.0024583721960477955,1115979776.0,0.5975000000059177
forecaster-tenant-pool,2026-02-02 18:15:02,0.0010196872836439595,1115979776.0,0.8573999999931402
forecaster-tenant-pool,2026-02-02 18:15:32,0.001740992191357121,1116053504.0,1.2543000000039077
forecaster-tenant-pool,2026-02-02 18:16:02,0.0003349713202160742,1116069888.0,0.09379999999885816
forecaster-tenant-pool,2026-02-02 18:16:32,0.002195775224019671,1116127232.0,0.38850000000190144
forecaster-tenant-pool,2026-02-02 18:17:02,0.0004249371915659416,1116139520.0,1.0473000000006625
forecaster-tenant-pool,2026-02-02 18:17:32,0.0022127903368961105,1115869184.0,0.9883999999950902
forecaster-tenant-pool,2026-02-02 18:18:02,0.0005618489430288172,1115684864.0,0.32949999999946156
forecaster-tenant-pool,2026-02-02 18:18:32,0.001967050814606987,1115742208.0,0.38350000000100404
forecaster-tenant-pool,2026-02-02 18:19:02,0.0009233123242408036,1115742208.0,1.15620000000575
forecaster-tenant-pool,2026-02-02 18:19:32,0.001970993550240913,1115811840.0,1.3481999999998757
forecaster-tenant-pool,2026-02-02 18:20:02,0.00021826431129278451,1115811840.0,0.09329999999778617
forecaster-tenant-pool,2026-02-02 18:20:02,0.0012963976806753417,1116094464.0,0.09329999999778617
forecaster-tenant-pool,2026-02-02 18:20:32,0.0022771747525295676,1115906048.0,1.2749000000030113
forecaster-tenant-pool,2026-02-02 18:21:02,0.0010785586660867733,1116442624.0,0.41829999999608847
forecaster-tenant-pool,2026-02-02 18:21:32,0.0019083102967167,1115979776.0,1.0782999999975194
forecaster-tenant-pool,2026-02-02 18:22:02,0.0002626200997467244,1115975680.0,0.31299999999998057
forecaster-tenant-pool,2026-02-02 18:22:32,0.0027013709031294777,1115717632.0,0.4995000000035361
forecaster-tenant-pool,2026-02-02 18:23:02,0.0021272807011732814,1115721728.0,1.099800000001657
forecaster-tenant-pool,2026-02-02 18:23:32,0.0019586555729916642,1115787264.0,1.292399999999543
forecaster-tenant-pool,2026-02-02 18:24:02,0.0002184481827124329,1115791360.0,0.08919999999828482
forecaster-tenant-pool,2026-02-02 18:24:32,0.00245839706109923,1115852800.0,1.1785999999963677
forecaster-tenant-pool,2026-02-02 18:25:02,0.000687187994560084,1116028928.0,0.22950000000031046
forecaster-tenant-pool,2026-02-02 18:25:32,0.001965740413831456,1115922432.0,1.2009000000035788
forecaster-tenant-pool,2026-02-02 18:26:02,0.0005921735292909982,1115934720.0,0.11169999999656284
forecaster-tenant-pool,2026-02-02 18:26:32,0.0024059435297476323,1115803648.0,1.270800000001327
forecaster-tenant-pool,2026-02-02 18:27:02,0.0011772084091430006,1116094464.0,0.3309000000014445
forecaster-tenant-pool,2026-02-02 18:27:32,0.0024368272515114466,1115545600.0,1.159399999999126
forecaster-tenant-pool,2026-02-02 18:28:02,0.0002409985265650951,1115549696.0,0.32680000000012416
forecaster-tenant-pool,2026-02-02 18:28:32,0.0022723248519833867,1115615232.0,0.7273999999985487
forecaster-tenant-pool,2026-02-02 18:29:02,0.001941569117154302,1115643904.0,0.7381000000009711
forecaster-tenant-pool,2026-02-02 18:29:32,0.0027828340952913947,1115680768.0,1.1053000000003521
forecaster-tenant-pool,2026-02-02 18:30:02,0.00020934179367727512,1115680768.0,0.31800000000233314
forecaster-tenant-pool,2026-02-02 18:30:05,0.00025354506109949963,1115680768.0,0.31800000000233314
forecaster-tenant-pool,2026-02-02 18:30:35,0.002428820535204719,1115779072.0,1.22430000000107
forecaster-tenant-pool,2026-02-02 18:31:05,0.0013177123974353125,1115803648.0,0.4620000000000194
forecaster-tenant-pool,2026-02-02 18:31:35,0.0021127840069998334,1115848704.0,1.2309999999962504
forecaster-tenant-pool,2026-02-02 18:32:05,0.0020731665589336775,1115611136.0,0.23760000000438594
forecaster-tenant-pool,2026-02-02 18:32:35,0.002476420513704991,1115594752.0,1.3714999999998934
forecaster-tenant-pool,2026-02-02 18:33:05,0.001693537826192835,1115938816.0,0.23609999999559175
forecaster-tenant-pool,2026-02-02 18:33:35,0.002272495976188693,1115660288.0,1.1716000000006412
forecaster-tenant-pool,2026-02-02 18:34:05,0.001826080956423106,1115717632.0,0.13249999999898138
forecaster-tenant-pool,2026-02-02 18:34:35,0.0018758503876920832,1115734016.0,1.3813000000032238
forecaster-tenant-pool,2026-02-02 18:35:05,0.0010993549039010984,1116016640.0,0.22249999999973322
forecaster-tenant-pool,2026-02-02 18:35:35,0.0020498731558038297,1115807744.0,0.9166999999969752
forecaster-tenant-pool,2026-02-02 18:36:05,0.00017967377614378906,1115807744.0,0.4474000000031083
forecaster-tenant-pool,2026-02-02 18:36:35,0.0029067590656996416,1115869184.0,1.298199999999027
forecaster-tenant-pool,2026-02-02 18:37:05,0.0005204167651766816,1115873280.0,0.25190000000293367
forecaster-tenant-pool,2026-02-02 18:37:35,0.002213458019779603,1115631616.0,1.4412999999993188
forecaster-tenant-pool,2026-02-02 18:38:05,0.001606350746652329,1115656192.0,0.08889999999410066
forecaster-tenant-pool,2026-02-02 18:38:35,0.002203097814133363,1115697152.0,1.3366000000050309
forecaster-tenant-pool,2026-02-02 18:39:05,0.0008241452538034838,1115697152.0,0.22099999999639597
forecaster-tenant-pool,2026-02-02 18:39:35,0.0023609626993768814,1115766784.0,1.235599999998279
forecaster-tenant-pool,2026-02-02 18:40:03,0.0013295856702056567,1116049408.0,0.08170000000670068
forecaster-tenant-pool,2026-02-02 18:40:05,0.0013295856702056567,1116049408.0,0.08170000000670068
forecaster-tenant-pool,2026-02-02 18:40:33,0.002611591257062807,1115873280.0,1.2518999999966278
forecaster-tenant-pool,2026-02-02 18:41:03,0.0012570340318641805,1115873280.0,0.5537999999979851
forecaster-tenant-pool,2026-02-02 18:41:33,0.0020422618179760854,1115934720.0,1.3745000000034149
forecaster-tenant-pool,2026-02-02 18:42:03,0.00027623248648312175,1115938816.0,0.11340000000163855
forecaster-tenant-pool,2026-02-02 18:42:33,0.002427139436340004,1115664384.0,1.3385999999976774
forecaster-tenant-pool,2026-02-02 18:43:03,0.0004539733486113485,1115664384.0,0.1971000000011069
forecaster-tenant-pool,2026-02-02 18:43:33,0.0017978039869964472,1115992064.0,1.1951000000004568
forecaster-tenant-pool,2026-02-02 18:44:03,0.00022689525415088154,1115738112.0,0.2203999999989416
forecaster-tenant-pool,2026-02-02 18:44:33,0.0021329286266909926,1115803648.0,1.0593000000016521
forecaster-tenant-pool,2026-02-02 18:45:03,0.0010652793086750134,1115803648.0,0.42299999999704596
forecaster-tenant-pool,2026-02-02 18:45:33,0.001901920856519497,1115869184.0,1.0813000000004347
forecaster-tenant-pool,2026-02-02 18:46:03,0.0011427125712016228,1115889664.0,0.155600000002111
forecaster-tenant-pool,2026-02-02 18:46:33,0.0019685277439665232,1115938816.0,1.193000000000878
forecaster-tenant-pool,2026-02-02 18:47:03,0.0004812247795734154,1115025408.0,0.17550000000010188
forecaster-tenant-pool,2026-02-02 18:47:33,0.002353558297026831,1114783744.0,0.9932999999960884
forecaster-tenant-pool,2026-02-02 18:48:03,0.0008255596395548588,1114783744.0,0.45249999999953916
forecaster-tenant-pool,2026-02-02 18:48:33,0.0018513824091207214,1114882048.0,1.3434000000038697
forecaster-tenant-pool,2026-02-02 18:49:03,0.0013573686716261417,1115594752.0,0.1982867808805645
forecaster-tenant-pool,2026-02-02 18:49:33,0.002124947824679232,1115328512.0,1.1068737915832467
forecaster-tenant-pool,2026-02-02 18:50:02,0.00039815494180709017,1115373568.0,0.185299999997369
forecaster-tenant-pool,2026-02-02 18:50:03,0.0001673631291688535,1115348992.0,0.185299999997369
forecaster-tenant-pool,2026-02-02 18:50:32,0.0024094476197595695,1115463680.0,1.0493000000008275
forecaster-tenant-pool,2026-02-02 18:51:02,0.0003655639605270244,1115467776.0,0.6241000000032121
forecaster-tenant-pool,2026-02-02 18:51:32,0.0022215356492738874,1115549696.0,1.2276999999960632
forecaster-tenant-pool,2026-02-02 18:52:02,0.00030000614282271515,1115557888.0,0.10050000000519504
forecaster-tenant-pool,2026-02-02 18:52:32,0.001927482492451907,1115316224.0,1.1373999999984032
forecaster-tenant-pool,2026-02-02 18:53:02,0.0009041163269049375,1115561984.0,0.1971000000011069
forecaster-tenant-pool,2026-02-02 18:53:32,0.0020789595628761754,1115611136.0,1.2628000000026076
forecaster-tenant-pool,2026-02-02 18:54:02,0.000566041874404233,1115631616.0,0.09569999999560727
forecaster-tenant-pool,2026-02-02 18:54:32,0.0022730891110931337,1115684864.0,1.2315000000005967
forecaster-tenant-pool,2026-02-02 18:55:02,0.0004724535929603668,1115693056.0,0.22020000000144743
forecaster-tenant-pool,2026-02-02 18:55:32,0.002255793523556021,1115770880.0,1.2508000000019819
forecaster-tenant-pool,2026-02-02 18:56:02,0.00027932582375357276,1115779072.0,0.09340000000035313
forecaster-tenant-pool,2026-02-02 18:56:32,0.0019514739672674777,1115848704.0,1.2291999999994005
forecaster-tenant-pool,2026-02-02 18:57:02,0.00038769217220248277,1115869184.0,0.19679999999740783
forecaster-tenant-pool,2026-02-02 18:57:32,0.0017915639244596028,1115627520.0,1.2129000000020218
forecaster-tenant-pool,2026-02-02 18:58:02,0.0013863720855327591,1115967488.0,0.17909999999683351
forecaster-tenant-pool,2026-02-02 18:58:32,0.0028037634044135278,1115697152.0,1.1980999999988853
forecaster-tenant-pool,2026-02-02 18:59:02,0.0015465254825887743,1116004352.0,0.2547000000012
forecaster-tenant-pool,2026-02-02 18:59:32,0.0019450830252897263,1115795456.0,1.2418999999996836
forecaster-tenant-pool,2026-02-02 19:00:02,0.0002168791235042748,1115791360.0,0.07820000000125825
forecaster-tenant-pool,2026-02-02 19:00:05,0.0002168791235042748,1115791360.0,0.07820000000125825
forecaster-tenant-pool,2026-02-02 19:00:35,0.0023989627619226497,1115889664.0,1.2342000000023592
forecaster-tenant-pool,2026-02-02 19:01:05,0.0017689320842938234,1116188672.0,0.4976999999998952
forecaster-tenant-pool,2026-02-02 19:01:35,0.002539813130034905,1115963392.0,1.3229999999983797
forecaster-tenant-pool,2026-02-02 19:02:05,0.00136394457665547,1116246016.0,0.0915999999968335
forecaster-tenant-pool,2026-02-02 19:02:35,0.001915789482943447,1114386432.0,1.2609000000016142
forecaster-tenant-pool,2026-02-02 19:03:05,0.0016120335708882231,1114447872.0,0.23369999999983218
forecaster-tenant-pool,2026-02-02 19:03:35,0.002146498763337637,1114484736.0,1.2574000000040542
forecaster-tenant-pool,2026-02-02 19:04:05,0.0019253770870911859,1114529792.0,0.09429999999459446
forecaster-tenant-pool,2026-02-02 19:04:35,0.0021503185800341314,1114554368.0,1.3592000000023592
forecaster-tenant-pool,2026-02-02 19:05:05,0.0009187274666724307,1114595328.0,0.22059999999886107
forecaster-tenant-pool,2026-02-02 19:05:35,0.0017844533608468423,1114632192.0,1.1448000000034275
forecaster-tenant-pool,2026-02-02 19:06:05,0.00016244107103641735,1114628096.0,0.08939999999796176
forecaster-tenant-pool,2026-02-02 19:06:35,0.0021572177340220765,1114697728.0,0.5718999999963368
forecaster-tenant-pool,2026-02-02 19:07:05,0.0007382609874907837,1114128384.0,0.7751000000008692
forecaster-tenant-pool,2026-02-02 19:07:35,0.002689233989085709,1113870336.0,1.2063999999997275
forecaster-tenant-pool,2026-02-02 19:08:05,0.0001724171320712493,1113870336.0,0.05940000000409782
forecaster-tenant-pool,2026-02-02 19:08:35,0.002200702086224433,1113939968.0,0.8221999999989444
forecaster-tenant-pool,2026-02-02 19:09:05,0.00039108362842645917,1113939968.0,0.5115000000011302
forecaster-tenant-pool,2026-02-02 19:09:35,0.0015972619570956313,1114009600.0,1.2334999999956684
forecaster-tenant-pool,2026-02-02 19:10:04,0.0011396896530217818,1115082752.0,0.07480000000008052
forecaster-tenant-pool,2026-02-02 19:10:05,0.0011396896530217818,1115082752.0,0.07480000000008052
forecaster-tenant-pool,2026-02-02 19:10:34,0.0025429328993351093,1114107904.0,1.0827999999987998
forecaster-tenant-pool,2026-02-02 19:11:04,0.0006902947064373952,1114251264.0,0.6042000000054637
forecaster-tenant-pool,2026-02-02 19:11:34,0.0018376097639262595,1114333184.0,0.4407999999984895
forecaster-tenant-pool,2026-02-02 19:12:04,0.00026567585493501763,1114337280.0,0.9517000000004676
forecaster-tenant-pool,2026-02-02 19:12:34,0.002297031034624502,1114165248.0,0.4373999999957353
forecaster-tenant-pool,2026-02-02 19:13:04,0.0004980126557152388,1114189824.0,1.1569000000073477
forecaster-tenant-pool,2026-02-02 19:13:34,0.002169271106591926,1114275840.0,1.2387999999984458
forecaster-tenant-pool,2026-02-02 19:14:04,0.0006164713751923031,1114296320.0,0.09969999999508825
forecaster-tenant-pool,2026-02-02 19:14:34,0.0020870438241395277,1114345472.0,1.1630000000002232
forecaster-tenant-pool,2026-02-02 19:15:04,0.0005559939991035182,1114370048.0,0.21740000000342358
forecaster-tenant-pool,2026-02-02 19:15:34,0.002240448772556569,1114517504.0,0.8320999999996274
forecaster-tenant-pool,2026-02-02 19:16:04,0.0006547127471992696,1114619904.0,0.529399999997986
forecaster-tenant-pool,2026-02-02 19:16:34,0.0022800791969859453,1114812416.0,1.2382999999982227
forecaster-tenant-pool,2026-02-02 19:17:04,0.0015697755863978283,1114857472.0,0.19120000000633203
forecaster-tenant-pool,2026-02-02 19:17:34,0.0018809388169271264,1114554368.0,1.1854999999998352
forecaster-tenant-pool,2026-02-02 19:18:04,0.0005763914782566462,1114865664.0,0.12169999999459832
forecaster-tenant-pool,2026-02-02 19:18:34,0.0023573080432719756,1114677248.0,1.253200000000288
forecaster-tenant-pool,2026-02-02 19:19:04,0.00041595590698264206,1114693632.0,0.16630000000380582
forecaster-tenant-pool,2026-02-02 19:19:34,0.0021863327678434807,1114763264.0,1.3580999999961931
forecaster-tenant-pool,2026-02-02 19:20:02,0.00023276417459929563,1114763264.0,0.09700000000242047
forecaster-tenant-pool,2026-02-02 19:20:04,0.0006050531062790692,1114951680.0,0.09700000000242047
forecaster-tenant-pool,2026-02-02 19:20:32,0.0023180462171644707,1114853376.0,0.5783999999977822
forecaster-tenant-pool,2026-02-02 19:21:02,0.0018561735186019748,1114857472.0,1.0066000000044975
forecaster-tenant-pool,2026-02-02 19:21:32,0.0020783720875885577,1114931200.0,0.8733999999938532
forecaster-tenant-pool,2026-02-02 19:22:02,0.0007434174542284619,1114427392.0,0.3813000000029812
forecaster-tenant-pool,2026-02-02 19:22:32,0.0020636824870280557,1114173440.0,1.2778000000010554
forecaster-tenant-pool,2026-02-02 19:23:02,0.00038435723826643343,1114173440.0,0.1887000000026698
forecaster-tenant-pool,2026-02-02 19:23:32,0.0022447244615627147,1113915392.0,1.34309999999435
forecaster-tenant-pool,2026-02-02 19:24:02,0.000984852101928636,1114202112.0,0.08850000000202271
forecaster-tenant-pool,2026-02-02 19:24:32,0.001848527710499976,1113985024.0,1.1466000000006413
forecaster-tenant-pool,2026-02-02 19:25:02,0.00036355318405625295,1113985024.0,0.30729999999954694
forecaster-tenant-pool,2026-02-02 19:25:32,0.0017589546229641714,1114087424.0,1.258400000002439
forecaster-tenant-pool,2026-02-02 19:26:02,0.000289850406971769,1114165248.0,0.10510000000043268
forecaster-tenant-pool,2026-02-02 19:26:32,0.001840883233594244,1114234880.0,1.1960999999988418
forecaster-tenant-pool,2026-02-02 19:27:02,0.0006959640056130021,1114329088.0,0.10279999999511347
forecaster-tenant-pool,2026-02-02 19:27:32,0.0022702340229343856,1114107904.0,1.400000000006791
forecaster-tenant-pool,2026-02-02 19:28:02,0.0002508370118169692,1114173440.0,0.09199999999388335
forecaster-tenant-pool,2026-02-02 19:28:32,0.0017470164779411423,1114243072.0,1.2268000000052173
forecaster-tenant-pool,2026-02-02 19:29:02,0.0008792812535264916,1114251264.0,0.1334999999962747
forecaster-tenant-pool,2026-02-02 19:29:32,0.00233946912397383,1114419200.0,0.48270000000496416
forecaster-tenant-pool,2026-02-02 19:30:02,0.00022867939243527706,1114419200.0,0.8548999999952988
forecaster-tenant-pool,2026-02-02 19:30:02,0.00022375943229509083,1114419200.0,0.8548999999952988
forecaster-tenant-pool,2026-02-02 19:30:32,0.0021561651221848033,1114521600.0,1.2746000000027076
forecaster-tenant-pool,2026-02-02 19:31:02,0.000412238505234954,1114632192.0,0.30409999999525705
forecaster-tenant-pool,2026-02-02 19:31:32,0.002166802946445704,1114738688.0,1.0452000000055703
forecaster-tenant-pool,2026-02-02 19:32:02,0.0009729973169992131,1115279360.0,0.3672999999962485
forecaster-tenant-pool,2026-02-02 19:32:32,0.0024226164292509953,1114533888.0,1.2139000000045295
forecaster-tenant-pool,2026-02-02 19:33:02,0.0012528953453652784,1115336704.0,0.21899999999877764
forecaster-tenant-pool,2026-02-02 19:33:32,0.0022872080474035062,1114615808.0,1.1787000000019663
forecaster-tenant-pool,2026-02-02 19:34:02,0.0010672711331973532,1115189248.0,0.3557999999989988
forecaster-tenant-pool,2026-02-02 19:34:32,0.0016633937000633998,1114714112.0,1.1613999999981994
forecaster-tenant-pool,2026-02-02 19:35:02,0.0017304388783690651,1114775552.0,0.09339999999950427
forecaster-tenant-pool,2026-02-02 19:35:32,0.0020061652382847754,1114820608.0,1.303799999998834
forecaster-tenant-pool,2026-02-02 19:36:02,0.00025132455161474155,1114853376.0,0.18500000000264358
forecaster-tenant-pool,2026-02-02 19:36:32,0.00307904112213238,1114923008.0,0.9558999999972002
forecaster-tenant-pool,2026-02-02 19:37:02,0.0012444981872972917,1114996736.0,0.45759999999718276
forecaster-tenant-pool,2026-02-02 19:37:32,0.0019253184197729823,1114677248.0,1.3299000000011194
forecaster-tenant-pool,2026-02-02 19:38:02,0.0009603243783836183,1114722304.0,0.09909999999981664
forecaster-tenant-pool,2026-02-02 19:38:32,0.002143832694129191,1114763264.0,1.3376000000034158
forecaster-tenant-pool,2026-02-02 19:39:02,0.0012222114662538777,1115033600.0,0.0883999999993345
forecaster-tenant-pool,2026-02-02 19:39:32,0.002193379135080789,1114836992.0,1.6095000000022992
forecaster-tenant-pool,2026-02-02 19:40:02,0.0002136905323873805,1114923008.0,0.10989999999546854
forecaster-tenant-pool,2026-02-02 19:40:05,0.0003703245559086713,1115455488.0,0.10989999999546854
forecaster-tenant-pool,2026-02-02 19:40:35,0.0022458664120461555,1115062272.0,1.3038000000048973
forecaster-tenant-pool,2026-02-02 19:41:05,0.0004445166146415009,1115078656.0,0.30859999999823534
forecaster-tenant-pool,2026-02-02 19:41:35,0.002277811667672774,1115156480.0,0.9280000000002474
forecaster-tenant-pool,2026-02-02 19:42:05,0.0002529872049377741,1115156480.0,0.5006000000003648
forecaster-tenant-pool,2026-02-02 19:42:35,0.001675348679167223,1114890240.0,1.2261999999989104
forecaster-tenant-pool,2026-02-02 19:43:05,0.0008597260936592803,1114902528.0,0.08830000000173945
forecaster-tenant-pool,2026-02-02 19:43:35,0.0022453485138858387,1114963968.0,1.28559999999646
forecaster-tenant-pool,2026-02-02 19:44:05,0.0007011630189450579,1114988544.0,0.20409999999792489
forecaster-tenant-pool,2026-02-02 19:44:35,0.0017759132204995859,1115037696.0,1.2451000000047012
forecaster-tenant-pool,2026-02-02 19:45:05,0.0008288848438523324,1115561984.0,0.07969999999695575
forecaster-tenant-pool,2026-02-02 19:45:35,0.002089681715008156,1115107328.0,1.241600000003867
forecaster-tenant-pool,2026-02-02 19:46:05,0.0018481256004961952,1115463680.0,0.21409999999668797
forecaster-tenant-pool,2026-02-02 19:46:35,0.002586525619636796,1115176960.0,1.290600000004391
forecaster-tenant-pool,2026-02-02 19:47:05,0.00039542457974136506,1115176960.0,0.09309999999629023
forecaster-tenant-pool,2026-02-02 19:47:35,0.001817624929820163,1114959872.0,1.1795999999975417
forecaster-tenant-pool,2026-02-02 19:48:05,0.0008006908360012549,1115062272.0,0.49700000000423944
forecaster-tenant-pool,2026-02-02 19:48:35,0.0023495342277906265,1115029504.0,0.7434000000003531
forecaster-tenant-pool,2026-02-02 19:49:05,0.0010752334120203418,1115308032.0,0.6760000000010525
forecaster-tenant-pool,2026-02-02 19:49:35,0.0029446010553248587,1115099136.0,1.2427000000003319
forecaster-tenant-pool,2026-02-02 19:50:03,0.0002691085485584729,1115103232.0,0.33079999999608845
forecaster-tenant-pool,2026-02-02 19:50:05,0.0002691085485584729,1115103232.0,0.33079999999608845
forecaster-tenant-pool,2026-02-02 19:50:33,0.002151844524188189,1115193344.0,1.0426000000028581
forecaster-tenant-pool,2026-02-02 19:51:03,0.001026949964315053,1115193344.0,0.4927999999976843
forecaster-tenant-pool,2026-02-02 19:51:33,0.0026152551221403737,1115262976.0,1.4851999999996526
forecaster-tenant-pool,2026-02-02 19:52:03,0.000801208094325246,1115619328.0,0.0981000000043423
forecaster-tenant-pool,2026-02-02 19:52:33,0.0018282698201787264,1115000832.0,1.184299999999348
forecaster-tenant-pool,2026-02-02 19:53:03,0.0009763065846348662,1115279360.0,0.10599999999346134
forecaster-tenant-pool,2026-02-02 19:53:33,0.0019614192037604155,1115062272.0,1.3504999999999805
forecaster-tenant-pool,2026-02-02 19:54:03,0.001661333387738563,1115406336.0,0.08830000000452856
forecaster-tenant-pool,2026-02-02 19:54:33,0.002102254433435289,1115140096.0,1.2462999999956081
forecaster-tenant-pool,2026-02-02 19:55:03,0.0003739212537785918,1115140096.0,0.0985999999999573
forecaster-tenant-pool,2026-02-02 19:55:33,0.00181737514157778,1115209728.0,1.3573000000023359
forecaster-tenant-pool,2026-02-02 19:56:03,0.00020840370958810948,1115205632.0,0.08899999999860786
forecaster-tenant-pool,2026-02-02 19:56:33,0.0026736146265440505,1115279360.0,1.295499999998598
forecaster-tenant-pool,2026-02-02 19:57:03,0.0006396876064967016,1115291648.0,0.11090000000015911
forecaster-tenant-pool,2026-02-02 19:57:33,0.0018022830130272674,1115017216.0,0.8647000000037223
forecaster-tenant-pool,2026-02-02 19:58:03,0.00025910524657937794,1115017216.0,0.6046999999978045
forecaster-tenant-pool,2026-02-02 19:58:33,0.002415144127931987,1115164672.0,1.329800000005586
forecaster-tenant-pool,2026-02-02 19:59:03,0.001189265700692502,1115242496.0,0.12399999999579449
forecaster-tenant-pool,2026-02-02 19:59:33,0.0026359181171700416,1115291648.0,1.3688999999979083
forecaster-tenant-pool,2026-02-02 20:00:03,0.0002357650946390989,1115123712.0,0.08630000000096819
forecaster-tenant-pool,2026-02-02 20:00:03,0.00024002570411731376,1115127808.0,0.08630000000096819
forecaster-tenant-pool,2026-02-02 20:00:33,0.002306918733979068,1115226112.0,0.44110000000400756
forecaster-tenant-pool,2026-02-02 20:01:03,0.002214374648674096,1115766784.0,0.9754999999948873
forecaster-tenant-pool,2026-02-02 20:01:33,0.0020099910143242168,1115303936.0,1.4681000000049
forecaster-tenant-pool,2026-02-02 20:02:03,0.0002627166985593501,1115303936.0,0.09249999999434899
forecaster-tenant-pool,2026-02-02 20:02:33,0.002482946929461058,1115033600.0,1.3149000000021867
forecaster-tenant-pool,2026-02-02 20:03:03,0.0004345048178181534,1115033600.0,0.1264000000000427
forecaster-tenant-pool,2026-02-02 20:03:33,0.0022276666805634,1115103232.0,1.4209999999989427
forecaster-tenant-pool,2026-02-02 20:04:03,0.00029273014781122035,1115115520.0,0.09290000000134264
forecaster-tenant-pool,2026-02-02 20:04:33,0.0019060777101284744,1115172864.0,1.254800000002918
forecaster-tenant-pool,2026-02-02 20:05:03,0.0010901431978004904,1115959296.0,0.1242999999998574
forecaster-tenant-pool,2026-02-02 20:05:33,0.0020880720334470414,1115242496.0,1.421099999998963
forecaster-tenant-pool,2026-02-02 20:06:03,0.00025169924872838097,1115246592.0,0.15370000000026873
forecaster-tenant-pool,2026-02-02 20:06:33,0.002719526671157181,1115312128.0,1.0897999999998622
forecaster-tenant-pool,2026-02-02 20:07:03,0.0006586666359916615,1115312128.0,0.20969999999651917
forecaster-tenant-pool,2026-02-02 20:07:33,0.0021241835696565723,1115054080.0,1.2806000000030813
forecaster-tenant-pool,2026-02-02 20:08:03,0.0002489509789399906,1115123712.0,0.16639999999776287
forecaster-tenant-pool,2026-02-02 20:08:33,0.0023647827033150062,1115193344.0,1.2917000000021897
forecaster-tenant-pool,2026-02-02 20:09:03,0.0005147971833775713,1115258880.0,0.0942000000023351
forecaster-tenant-pool,2026-02-02 20:09:33,0.0021528237281788305,1115480064.0,1.2995999999972505
forecaster-tenant-pool,2026-02-02 20:10:02,0.0012480868622806224,1115684864.0,0.09510000000397364
forecaster-tenant-pool,2026-02-02 20:10:03,0.00018133411572646304,1115594752.0,0.09510000000397364
forecaster-tenant-pool,2026-02-02 20:10:32,0.0026260169160292964,1115512832.0,1.3023999999956384
forecaster-tenant-pool,2026-02-02 20:11:02,0.0004448669183814034,1115512832.0,0.28799999999828285
forecaster-tenant-pool,2026-02-02 20:11:32,0.002191591603877992,1115590656.0,1.3586999999989833
forecaster-tenant-pool,2026-02-02 20:12:02,0.0005636378144884469,1115701248.0,0.10750000000468087
forecaster-tenant-pool,2026-02-02 20:12:32,0.0019733676832067674,1115447296.0,1.2714999999981955
forecaster-tenant-pool,2026-02-02 20:13:02,0.00164218039020235,1116364800.0,0.08239999999883972
forecaster-tenant-pool,2026-02-02 20:13:32,0.0020427141912464403,1115566080.0,1.2684999999986757
forecaster-tenant-pool,2026-02-02 20:14:02,0.0006580187029535329,1115586560.0,0.22389999999916957
forecaster-tenant-pool,2026-02-02 20:14:32,0.0024105730011110002,1115332608.0,0.5013000000011137
forecaster-tenant-pool,2026-02-02 20:15:02,0.0019563473124060873,1115377664.0,1.0184000000030209
forecaster-tenant-pool,2026-02-02 20:15:32,0.002355769305903189,1115406336.0,1.4576000000020335
forecaster-tenant-pool,2026-02-02 20:16:02,0.0001993807476092344,1115410432.0,0.11639999999933934
forecaster-tenant-pool,2026-02-02 20:16:32,0.00236355070390575,1115475968.0,1.200599999994908
forecaster-tenant-pool,2026-02-02 20:17:02,0.00040180661549934723,1115484160.0,0.11400000000382231
forecaster-tenant-pool,2026-02-02 20:17:32,0.0022755767774991693,1115258880.0,1.309799999998965
forecaster-tenant-pool,2026-02-02 20:18:02,0.0007486339844262941,1115262976.0,0.21950000000397266
forecaster-tenant-pool,2026-02-02 20:18:32,0.002008191609967192,1115328512.0,0.8912999999959235
forecaster-tenant-pool,2026-02-02 20:19:02,0.0004448140778793619,1115324416.0,0.35580000000069656
forecaster-tenant-pool,2026-02-02 20:19:32,0.0028218608145451976,1115394048.0,1.4052999999986544
forecaster-tenant-pool,2026-02-02 20:20:02,0.0006031546112126217,1115394048.0,0.09830000000074506
forecaster-tenant-pool,2026-02-02 20:20:02,0.0006124967009423115,1115394048.0,0.09830000000074506
forecaster-tenant-pool,2026-02-02 20:20:32,0.002086681651255601,1115492352.0,1.252199999997538
forecaster-tenant-pool,2026-02-02 20:21:02,0.0009965857354522743,1115762688.0,0.29710000000025805
forecaster-tenant-pool,2026-02-02 20:21:32,0.0021133194648473913,1115557888.0,1.312500000005093
forecaster-tenant-pool,2026-02-02 20:22:02,0.0004896974110423977,1115545600.0,0.09090000000117773
forecaster-tenant-pool,2026-02-02 20:22:32,0.002160374915332704,1115344896.0,1.1124999999991512
forecaster-tenant-pool,2026-02-02 20:23:02,0.0004219598882886534,1115185152.0,0.13179999999714104
forecaster-tenant-pool,2026-02-02 20:23:32,0.002038800995499032,1115328512.0,0.4998999999975543
forecaster-tenant-pool,2026-02-02 20:24:02,0.0002799715759445894,1115361280.0,0.998700000006041
forecaster-tenant-pool,2026-02-02 20:24:32,0.0020091098176595987,1115439104.0,1.258399999992859
forecaster-tenant-pool,2026-02-02 20:25:02,0.0004534920296800135,1115373568.0,0.0992000000009284
forecaster-tenant-pool,2026-02-02 20:25:32,0.0019233862528592472,1115443200.0,0.8127000000010108
forecaster-tenant-pool,2026-02-02 20:26:02,0.0005375248554057208,1115459584.0,0.6082000000037321
forecaster-tenant-pool,2026-02-02 20:26:32,0.00239831992410264,1115512832.0,1.188400000000911
forecaster-tenant-pool,2026-02-02 20:27:02,0.0003835358619625451,1115385856.0,0.10019999999785795
forecaster-tenant-pool,2026-02-02 20:27:32,0.0021782512706246915,1115107328.0,1.341799999997723
forecaster-tenant-pool,2026-02-02 20:28:02,0.0003213742976705967,1115107328.0,0.10480000000049283
forecaster-tenant-pool,2026-02-02 20:28:32,0.0018384353671876395,1115176960.0,1.2411000000046137
forecaster-tenant-pool,2026-02-02 20:29:02,0.0004026503418478243,1115176960.0,0.08289999999469728
forecaster-tenant-pool,2026-02-02 20:29:32,0.002288243226902173,1115246592.0,1.401700000001074
forecaster-tenant-pool,2026-02-02 20:30:02,0.00020250730769833122,1115242496.0,0.08279999999940628
forecaster-tenant-pool,2026-02-02 20:30:04,0.0002006490097968168,1115242496.0,0.08279999999940628
forecaster-tenant-pool,2026-02-02 20:30:34,0.0020426781179726313,1115340800.0,0.9859000000016143
forecaster-tenant-pool,2026-02-02 20:31:04,0.0003451085537688442,1115340800.0,0.44239999999602636
forecaster-tenant-pool,2026-02-02 20:31:34,0.002109928533350041,1114820608.0,1.2826000000049436
forecaster-tenant-pool,2026-02-02 20:32:04,0.00017839395379443135,1114816512.0,0.0600000000015522
forecaster-tenant-pool,2026-02-02 20:32:34,0.002136536823405763,1114550272.0,1.3362999999955112
forecaster-tenant-pool,2026-02-02 20:33:04,0.001058839335837669,1114562560.0,0.11689999999883488
forecaster-tenant-pool,2026-02-02 20:33:34,0.001864939012590879,1114624000.0,1.4775000000036622
forecaster-tenant-pool,2026-02-02 20:34:04,0.0007818223984938952,1114628096.0,0.08329999999623397
forecaster-tenant-pool,2026-02-02 20:34:34,0.002033729976606057,1114693632.0,1.2745000000026872
forecaster-tenant-pool,2026-02-02 20:35:04,0.002087679545162559,1114836992.0,0.09780000000161333
forecaster-tenant-pool,2026-02-02 20:35:34,0.0020829801345139056,1114869760.0,1.3889000000010128
forecaster-tenant-pool,2026-02-02 20:36:04,0.0017083308996219833,1115504640.0,0.08179999999459445
forecaster-tenant-pool,2026-02-02 20:36:34,0.002718924293267061,1114976256.0,1.372400000000804
forecaster-tenant-pool,2026-02-02 20:37:04,0.00044277211506523167,1115013120.0,0.09879999999999806
forecaster-tenant-pool,2026-02-02 20:37:34,0.002202361077279076,1114853376.0,1.1132000000001427
forecaster-tenant-pool,2026-02-02 20:38:04,0.00021099191017770187,1114873856.0,0.30869999999886205
forecaster-tenant-pool,2026-02-02 20:38:34,0.0016827551193502144,1114947584.0,1.148800000005091
forecaster-tenant-pool,2026-02-02 20:39:04,0.0007085252194725376,1114947584.0,0.21620000000123885
forecaster-tenant-pool,2026-02-02 20:39:34,0.0022522991102981687,1115103232.0,1.4969999999946595
forecaster-tenant-pool,2026-02-02 20:40:02,0.0013124336575031945,1115414528.0,0.129800000005586
forecaster-tenant-pool,2026-02-02 20:40:04,0.0003032886610336865,1115136000.0,0.129800000005586
forecaster-tenant-pool,2026-02-02 20:40:32,0.0030423100068171145,1115332608.0,1.2539999999994809
forecaster-tenant-pool,2026-02-02 20:41:02,0.0004167855268049131,1115373568.0,0.35869999999898333
forecaster-tenant-pool,2026-02-02 20:41:32,0.0021800657232141462,1115455488.0,1.371399999999024
forecaster-tenant-pool,2026-02-02 20:42:02,0.00026249632204315964,1115455488.0,0.07819999999992433
forecaster-tenant-pool,2026-02-02 20:42:32,0.002106277070198112,1115160576.0,1.3106999999998759
forecaster-tenant-pool,2026-02-02 20:43:02,0.0003526069044359961,1115160576.0,0.08860000000180056
forecaster-tenant-pool,2026-02-02 20:43:32,0.0022403572285580003,1114468352.0,1.23599999999545
forecaster-tenant-pool,2026-02-02 20:44:02,0.0015230019810040065,1114750976.0,0.27129999999888244
forecaster-tenant-pool,2026-02-02 20:44:32,0.002410018380160247,1114542080.0,1.2019000000009934
forecaster-tenant-pool,2026-02-02 20:45:02,0.00039622365467539096,1114542080.0,0.07920000000231084
forecaster-tenant-pool,2026-02-02 20:45:32,0.0022956899100519063,1114611712.0,1.3751000000036584
forecaster-tenant-pool,2026-02-02 20:46:02,0.00021591944677983065,1114611712.0,0.07529999999933351
forecaster-tenant-pool,2026-02-02 20:46:32,0.0016974114928546321,1114697728.0,1.1950999999971827
forecaster-tenant-pool,2026-02-02 20:47:02,0.0009056679269652296,1115041792.0,0.08520000000341194
forecaster-tenant-pool,2026-02-02 20:47:32,0.002248639365824419,1114689536.0,1.197500000000097
forecaster-tenant-pool,2026-02-02 20:48:02,0.0002268587045909749,1114722304.0,0.3156999999996818
forecaster-tenant-pool,2026-02-02 20:48:32,0.001883578337666007,1114877952.0,1.300899999993999
forecaster-tenant-pool,2026-02-02 20:49:02,0.0004666921783313848,1114931200.0,0.10980000000320918
forecaster-tenant-pool,2026-02-02 20:49:32,0.0022594299208940584,1115000832.0,1.4390999999987495
forecaster-tenant-pool,2026-02-02 20:50:02,0.00017001325002880295,1115000832.0,0.09229999999928017
forecaster-tenant-pool,2026-02-02 20:50:07,0.0005620345007181429,1115267072.0,0.09229999999928017
forecaster-tenant-pool,2026-02-02 20:50:37,0.002135149500002212,1115099136.0,1.2652000000038242
forecaster-tenant-pool,2026-02-02 20:51:07,0.001916445848577297,1115729920.0,0.2892999999984264
forecaster-tenant-pool,2026-02-02 20:51:37,0.002012052422527529,1115250688.0,1.4364000000000186
forecaster-tenant-pool,2026-02-02 20:52:07,0.0012820809447142598,1115799552.0,0.10549999999881644
forecaster-tenant-pool,2026-02-02 20:52:37,0.002187449752347592,1115054080.0,1.2034999999987728
forecaster-tenant-pool,2026-02-02 20:53:07,0.0014181331533923913,1115934720.0,0.12189999999973224
forecaster-tenant-pool,2026-02-02 20:53:37,0.0022468296078657834,1115193344.0,1.4024000000010952
forecaster-tenant-pool,2026-02-02 20:54:07,0.00023321676937161612,1115197440.0,0.12180000000419872
forecaster-tenant-pool,2026-02-02 20:54:37,0.0029041044010556143,1115262976.0,1.2561999999936233
forecaster-tenant-pool,2026-02-02 20:55:07,0.0004277367722486112,1115262976.0,0.08520000000595852
forecaster-tenant-pool,2026-02-02 20:55:37,0.0022698224479704,1115340800.0,1.2946999999945548
forecaster-tenant-pool,2026-02-02 20:56:07,0.00024489661940667177,1115348992.0,0.29290000000461686
forecaster-tenant-pool,2026-02-02 20:56:37,0.0022193622401757286,1115426816.0,1.2373999999973118
forecaster-tenant-pool,2026-02-02 20:57:07,0.0020124230310754276,1115480064.0,0.0919999999980064
forecaster-tenant-pool,2026-02-02 20:57:37,0.0021991831006821353,1115189248.0,1.493299999999605
forecaster-tenant-pool,2026-02-02 20:58:07,0.0017468098756645378,1115471872.0,0.1562000000027183
forecaster-tenant-pool,2026-02-02 20:58:37,0.0026865852998913687,1115258880.0,1.3845999999998944
forecaster-tenant-pool,2026-02-02 20:59:07,0.0004702797379981766,1115258880.0,0.18539999999993595
forecaster-tenant-pool,2026-02-02 20:59:37,0.0029885172334859034,1115328512.0,1.3633999999983644
forecaster-tenant-pool,2026-02-02 21:00:02,0.00021030992624986665,1115328512.0,0.21599999999889405
forecaster-tenant-pool,2026-02-02 21:00:07,0.0014982081463158195,1115361280.0,0.21599999999889405
forecaster-tenant-pool,2026-02-02 21:00:32,0.0019905804609095887,1115422720.0,1.1445000000065193
forecaster-tenant-pool,2026-02-02 21:01:02,0.0012004657312603205,1115951104.0,0.39149999999596424
forecaster-tenant-pool,2026-02-02 21:01:32,0.002404245737775212,1115492352.0,1.1755999999974545
forecaster-tenant-pool,2026-02-02 21:02:02,0.00015681688239507834,1114591232.0,0.2978000000041599
forecaster-tenant-pool,2026-02-02 21:02:32,0.0018930362743373316,1114353664.0,0.3398000000003473
forecaster-tenant-pool,2026-02-02 21:03:02,0.0018470323469524392,1114357760.0,0.9744999999967452
forecaster-tenant-pool,2026-02-02 21:03:32,0.0019438729769959684,1114419200.0,0.5236999999984012
forecaster-tenant-pool,2026-02-02 21:04:02,0.0016084750276374226,1114497024.0,1.0033000000072207
forecaster-tenant-pool,2026-02-02 21:04:32,0.002032440826998687,1114566656.0,1.2193999999926746
forecaster-tenant-pool,2026-02-02 21:05:02,0.0015959163967093676,1114886144.0,0.09100000000022797
forecaster-tenant-pool,2026-02-02 21:05:32,0.002703902423382616,1114644480.0,1.247500000002401
forecaster-tenant-pool,2026-02-02 21:06:02,0.0001760139855299313,1114730496.0,0.16569999999992432
forecaster-tenant-pool,2026-02-02 21:06:32,0.0017728604013061981,1114800128.0,1.2053999999975835
forecaster-tenant-pool,2026-02-02 21:07:02,0.00034532039301001763,1114800128.0,0.05650000000217308
forecaster-tenant-pool,2026-02-02 21:07:32,0.002669453843507811,1114501120.0,1.447400000000683
forecaster-tenant-pool,2026-02-02 21:08:02,0.000945140974220228,1114595328.0,0.16460000000273187
forecaster-tenant-pool,2026-02-02 21:08:32,0.0017477387358659931,1114370048.0,1.2768000000009732
forecaster-tenant-pool,2026-02-02 21:09:02,0.0016020500951073923,1114394624.0,0.10629999999449259
forecaster-tenant-pool,2026-02-02 21:09:32,0.0025927120006294714,1114443776.0,1.3274999999992965
forecaster-tenant-pool,2026-02-02 21:10:02,0.00019816529390739228,1114464256.0,0.08730000000008052
forecaster-tenant-pool,2026-02-02 21:10:02,0.00022472300447401474,1114558464.0,0.08730000000008052
forecaster-tenant-pool,2026-02-02 21:10:32,0.0023409698280765006,1114767360.0,1.1598000000016326
forecaster-tenant-pool,2026-02-02 21:11:02,0.0009681447778577854,1114800128.0,0.4037000000011176
forecaster-tenant-pool,2026-02-02 21:11:32,0.002245426869762266,1114955776.0,1.4252999999975144
forecaster-tenant-pool,2026-02-02 21:12:02,0.0008717865140060959,1115807744.0,0.10600000000316262
forecaster-tenant-pool,2026-02-02 21:12:32,0.0027248793587350334,1114828800.0,1.1354999999999564
forecaster-tenant-pool,2026-02-02 21:13:02,0.000455999579564424,1114828800.0,0.3353999999972681
forecaster-tenant-pool,2026-02-02 21:13:32,0.0019694422475697777,1114902528.0,1.480299999999382
forecaster-tenant-pool,2026-02-02 21:14:02,0.0002602798400167562,1114959872.0,0.09780000000137079
forecaster-tenant-pool,2026-02-02 21:14:32,0.0020268373103511737,1115271168.0,1.2750000000046082
forecaster-tenant-pool,2026-02-02 21:15:02,0.00036993673464739724,1115308032.0,0.10799999999447513
forecaster-tenant-pool,2026-02-02 21:15:32,0.0021040678560593556,1115488256.0,1.4156000000028144
forecaster-tenant-pool,2026-02-02 21:16:02,0.0002914993235514319,1115537408.0,0.11420000000204406
forecaster-tenant-pool,2026-02-02 21:16:32,0.0029448446606163683,1115639808.0,1.2093999999959728
forecaster-tenant-pool,2026-02-02 21:17:02,0.0006987191012234372,1115648000.0,0.3629000000052959
forecaster-tenant-pool,2026-02-02 21:17:32,0.0026223133191585007,1115398144.0,1.3987999999930858
forecaster-tenant-pool,2026-02-02 21:18:02,0.0007303823205420412,1116446720.0,0.3574000000006587
forecaster-tenant-pool,2026-02-02 21:18:32,0.0019705233401118415,1115492352.0,1.2112999999991492
forecaster-tenant-pool,2026-02-02 21:19:02,0.00040556192178678544,1115521024.0,0.10360000000024835
forecaster-tenant-pool,2026-02-02 21:19:32,0.002233320329723793,1115598848.0,1.3898000000054405
forecaster-tenant-pool,2026-02-02 21:20:02,0.00022604475070500324,1115611136.0,0.08369999999558786
forecaster-tenant-pool,2026-02-02 21:20:06,0.0005239612053798207,1115717632.0,0.08369999999558786
forecaster-tenant-pool,2026-02-02 21:20:36,0.002151070287762399,1115725824.0,1.2188000000012833
forecaster-tenant-pool,2026-02-02 21:21:06,0.0003857490293691937,1115725824.0,0.2973000000000563
forecaster-tenant-pool,2026-02-02 21:21:36,0.0018749451002757103,1115803648.0,1.2567000000023352
forecaster-tenant-pool,2026-02-02 21:22:06,0.0006488158733163335,1116610560.0,0.3107999999989261
forecaster-tenant-pool,2026-02-02 21:22:36,0.002313974781860335,1115561984.0,1.3275999999993169
forecaster-tenant-pool,2026-02-02 21:23:06,0.00044696900192803333,1115570176.0,0.14459999999902115
forecaster-tenant-pool,2026-02-02 21:23:36,0.002814950349679364,1115639808.0,0.9806000000002919
forecaster-tenant-pool,2026-02-02 21:24:06,0.00017112725292950227,1115639808.0,0.48119999999823143
forecaster-tenant-pool,2026-02-02 21:24:36,0.0018014618005521516,1115197440.0,1.1248000000060225
forecaster-tenant-pool,2026-02-02 21:25:06,0.00034935257133535726,1115197440.0,0.19639999999890279
forecaster-tenant-pool,2026-02-02 21:25:36,0.0028571894419839234,1115267072.0,1.2083999999954054
forecaster-tenant-pool,2026-02-02 21:26:06,0.00016532182810433794,1115267072.0,0.32380000000509124
forecaster-tenant-pool,2026-02-02 21:26:36,0.002267672783649757,1114820608.0,1.249099999999938
forecaster-tenant-pool,2026-02-02 21:27:06,0.0005750963995523364,1114882048.0,0.10289999999828675
forecaster-tenant-pool,2026-02-02 21:27:36,0.0021189988148464216,1114578944.0,1.1828999999980927
forecaster-tenant-pool,2026-02-02 21:28:06,0.00023263869389950916,1114857472.0,0.3551999999977852
forecaster-tenant-pool,2026-02-02 21:28:36,0.0019178727825601947,1114742784.0,1.3589000000007216
forecaster-tenant-pool,2026-02-02 21:29:06,0.00199340060430602,1114808320.0,0.12289999999896585
forecaster-tenant-pool,2026-02-02 21:29:36,0.0019345183799616998,1114836992.0,1.3430000000012416
forecaster-tenant-pool,2026-02-02 21:30:06,0.00020922081802102495,1114873856.0,0.08720000000018141
forecaster-tenant-pool,2026-02-02 21:30:07,0.00020507385516167482,1114873856.0,0.08720000000018141
forecaster-tenant-pool,2026-02-02 21:30:37,0.0024114161306822575,1115074560.0,1.0850999999984197
forecaster-tenant-pool,2026-02-02 21:31:07,0.0011845840151801764,1115217920.0,0.546000000004157
forecaster-tenant-pool,2026-02-02 21:31:37,0.0021517211678248023,1115222016.0,1.402799999999358
forecaster-tenant-pool,2026-02-02 21:32:07,0.0002326772994660226,1115250688.0,0.09639999999975164
forecaster-tenant-pool,2026-02-02 21:32:37,0.002612318290517707,1115078656.0,0.9941999999978482
forecaster-tenant-pool,2026-02-02 21:33:07,0.0013547728394218657,1115357184.0,0.45940000000264264
forecaster-tenant-pool,2026-02-02 21:33:37,0.0020059323921997425,1115148288.0,1.2850000000008246
forecaster-tenant-pool,2026-02-02 21:34:07,0.0011888446822537347,1115209728.0,0.19979999999911038
forecaster-tenant-pool,2026-02-02 21:34:37,0.00212197868347198,1115226112.0,1.2187999999995858
forecaster-tenant-pool,2026-02-02 21:35:07,0.00045402424686425053,1115344896.0,0.08990000000024641
forecaster-tenant-pool,2026-02-02 21:35:37,0.0022781967326066313,1115475968.0,1.388599999998405
forecaster-tenant-pool,2026-02-02 21:36:07,0.001737240168180736,1115873280.0,0.11540000000362247
forecaster-tenant-pool,2026-02-02 21:36:37,0.00201264251273337,1115705344.0,1.3336999999999535
forecaster-tenant-pool,2026-02-02 21:37:07,0.0015293748549656005,1116303360.0,0.10999999999439752
forecaster-tenant-pool,2026-02-02 21:37:37,0.0023692120655232087,1115467776.0,1.375500000002406
forecaster-tenant-pool,2026-02-02 21:38:07,0.0010379672795984877,1115762688.0,0.131400000000455
forecaster-tenant-pool,2026-02-02 21:38:37,0.0025041274002163267,1115553792.0,0.5332000000023982
forecaster-tenant-pool,2026-02-02 21:39:07,0.002408086663742463,1115590656.0,0.7517000000016802
forecaster-tenant-pool,2026-02-02 21:39:37,0.002439271088733666,1115623424.0,1.612499999994058
forecaster-tenant-pool,2026-02-02 21:40:02,0.001102090280372969,1115635712.0,0.08869999999939561
forecaster-tenant-pool,2026-02-02 21:40:07,0.0011010221338750156,1115635712.0,0.08869999999939561
forecaster-tenant-pool,2026-02-02 21:40:32,0.002172042156201606,1115729920.0,1.116200000007181
forecaster-tenant-pool,2026-02-02 21:41:02,0.0005130053570051757,1115729920.0,0.5287999999960448
forecaster-tenant-pool,2026-02-02 21:41:32,0.0023429803249651908,1115799552.0,1.3904000000003482
forecaster-tenant-pool,2026-02-02 21:42:02,0.0015893512575454686,1116135424.0,0.15379999999737873
forecaster-tenant-pool,2026-02-02 21:42:32,0.002191640868839986,1115570176.0,0.9697000000004967
forecaster-tenant-pool,2026-02-02 21:43:02,0.00045078213579636747,1114800128.0,0.31910000000304234
forecaster-tenant-pool,2026-02-02 21:43:32,0.0026505996298347846,1114869760.0,1.3822000000020733
forecaster-tenant-pool,2026-02-02 21:44:02,0.00014977179908799652,1114869760.0,0.05720000000049671
forecaster-tenant-pool,2026-02-02 21:44:32,0.0017064010150532318,1114943488.0,1.2254999999965852
forecaster-tenant-pool,2026-02-02 21:45:02,0.000542117564277515,1114939392.0,0.09820000000011836
forecaster-tenant-pool,2026-02-02 21:45:32,0.0024544385813149413,1115009024.0,1.219100000001587
forecaster-tenant-pool,2026-02-02 21:46:02,0.00023695353723505162,1115009024.0,0.30549999999869515
forecaster-tenant-pool,2026-02-02 21:46:32,0.0021432157657840707,1115099136.0,1.3505999999975755
forecaster-tenant-pool,2026-02-02 21:47:02,0.00048180310935715034,1114324992.0,0.1272000000017821
forecaster-tenant-pool,2026-02-02 21:47:32,0.0025726162181771294,1114087424.0,1.3871999999983624
forecaster-tenant-pool,2026-02-02 21:48:02,0.0011334468701743017,1114173440.0,0.1141999999993762
forecaster-tenant-pool,2026-02-02 21:48:32,0.0018202457648336058,1114247168.0,1.096900000000581
forecaster-tenant-pool,2026-02-02 21:49:02,0.00038591083599819867,1114296320.0,0.20240000000521832
forecaster-tenant-pool,2026-02-02 21:49:32,0.0022498269863819704,1114415104.0,1.44839999999737
forecaster-tenant-pool,2026-02-02 21:50:02,0.00019451614530246976,1114415104.0,0.0866999999974117
forecaster-tenant-pool,2026-02-02 21:50:05,0.0001930365073103443,1114415104.0,0.0866999999974117
forecaster-tenant-pool,2026-02-02 21:50:35,0.002089052824437367,1114509312.0,1.2319000000004356
forecaster-tenant-pool,2026-02-02 21:51:05,0.0003960368825695495,1114509312.0,0.26339999999775804
forecaster-tenant-pool,2026-02-02 21:51:35,0.0018955473879449186,1114628096.0,1.403600000003765
forecaster-tenant-pool,2026-02-02 21:52:05,0.00022810532562222456,1114640384.0,0.10559999999616897
forecaster-tenant-pool,2026-02-02 21:52:35,0.0024095420941676778,1114398720.0,1.1888000000018413
forecaster-tenant-pool,2026-02-02 21:53:05,0.0018684311243246366,1114492928.0,0.12840000000105647
forecaster-tenant-pool,2026-02-02 21:53:35,0.0027368504584953223,1114570752.0,1.3359000000002803
forecaster-tenant-pool,2026-02-02 21:54:05,0.00029245341547992,1114603520.0,0.1314000000021527
forecaster-tenant-pool,2026-02-02 21:54:35,0.0021366478736510775,1114705920.0,1.3466999999982363
forecaster-tenant-pool,2026-02-02 21:55:05,0.0011464765047582788,1115078656.0,0.1170000000011593
forecaster-tenant-pool,2026-02-02 21:55:35,0.002069587338134656,1114869760.0,1.412099999996523
forecaster-tenant-pool,2026-02-02 21:56:05,0.0011994007012361618,1114873856.0,0.11200000000159586
forecaster-tenant-pool,2026-02-02 21:56:35,0.002344755803422026,1114947584.0,1.1648000000037428
forecaster-tenant-pool,2026-02-02 21:57:05,0.001310444346154577,1115217920.0,0.2286999999957819
forecaster-tenant-pool,2026-02-02 21:57:35,0.0022034098730982898,1114722304.0,1.4378999999999602
forecaster-tenant-pool,2026-02-02 21:58:05,0.0011254351041231233,1115066368.0,0.1276999999989736
forecaster-tenant-pool,2026-02-02 21:58:35,0.0020885353654660536,1114890240.0,1.2185000000003736
forecaster-tenant-pool,2026-02-02 21:59:05,0.0019775034715060315,1114927104.0,0.10370000000111758
forecaster-tenant-pool,2026-02-02 21:59:35,0.0021449251365257198,1114955776.0,1.3395000000019839
forecaster-tenant-pool,2026-02-02 22:00:03,0.0006085738714612906,1115062272.0,0.11280000000006112
forecaster-tenant-pool,2026-02-02 22:00:05,0.0006085738714612906,1115062272.0,0.11280000000006112
forecaster-tenant-pool,2026-02-02 22:00:33,0.002249545852240918,1115054080.0,1.2091999999962961
forecaster-tenant-pool,2026-02-02 22:01:03,0.001421335425762827,1115344896.0,0.4078000000048633
forecaster-tenant-pool,2026-02-02 22:01:33,0.002719505646213569,1115131904.0,1.2807000000004338
forecaster-tenant-pool,2026-02-02 22:02:03,0.0018348796428283153,1115156480.0,0.16189999999502713
forecaster-tenant-pool,2026-02-02 22:02:33,0.002334666622625422,1114882048.0,1.2471000000018344
forecaster-tenant-pool,2026-02-02 22:03:03,0.0006175981923082426,1114886144.0,0.11749999999932091
forecaster-tenant-pool,2026-02-02 22:03:33,0.002446968642103043,1114959872.0,1.4044999999976424
forecaster-tenant-pool,2026-02-02 22:04:03,0.000706290022348245,1115484160.0,0.36050000000262417
forecaster-tenant-pool,2026-02-02 22:04:33,0.0021094369343770576,1115025408.0,0.9475999999998748
forecaster-tenant-pool,2026-02-02 22:05:03,0.0015808350002737787,1115303936.0,0.4062000000012631
forecaster-tenant-pool,2026-02-02 22:05:33,0.002853050318164703,1115107328.0,1.1600999999964794
forecaster-tenant-pool,2026-02-02 22:06:03,0.0002544404222376345,1115107328.0,0.40160000000129603
forecaster-tenant-pool,2026-02-02 22:06:33,0.0025194009110326866,1115176960.0,1.415900000005422
forecaster-tenant-pool,2026-02-02 22:07:03,0.0004903891580609753,1115176960.0,0.1104999999947419
forecaster-tenant-pool,2026-02-02 22:07:33,0.002024065793416689,1114918912.0,1.4601999999998951
forecaster-tenant-pool,2026-02-02 22:08:03,0.0004598002162400329,1114951680.0,0.1236000000021401
forecaster-tenant-pool,2026-02-02 22:08:33,0.0023770927280843458,1114984448.0,1.1076999999961117
forecaster-tenant-pool,2026-02-02 22:09:03,0.0004166038105682613,1114984448.0,0.3272000000037224
forecaster-tenant-pool,2026-02-02 22:09:33,0.0021786499198977777,1115054080.0,1.1469999999980547
forecaster-tenant-pool,2026-02-02 22:10:03,0.0003726208895387658,1115054080.0,0.46620000000123885
forecaster-tenant-pool,2026-02-02 22:10:04,0.0010746163259847852,1115066368.0,0.46620000000123885
forecaster-tenant-pool,2026-02-02 22:10:34,0.002276117068646495,1115152384.0,1.3932000000014038
forecaster-tenant-pool,2026-02-02 22:11:04,0.001983548614147788,1115496448.0,0.3211000000015095
forecaster-tenant-pool,2026-02-02 22:11:34,0.0021009668692074305,1115217920.0,1.3883000000011332
forecaster-tenant-pool,2026-02-02 22:12:04,0.00025286581815476774,1115217920.0,0.10819999999306068
forecaster-tenant-pool,2026-02-02 22:12:34,0.002754188748072886,1114968064.0,1.3221000000066851
forecaster-tenant-pool,2026-02-02 22:13:04,0.0012577599124016026,1115504640.0,0.11969999999540354
forecaster-tenant-pool,2026-02-02 22:13:34,0.002199262160754059,1115041792.0,1.2777000000029755
forecaster-tenant-pool,2026-02-02 22:14:04,0.0017770747098031282,1115107328.0,0.3107999999998962
forecaster-tenant-pool,2026-02-02 22:14:34,0.002594209664293415,1115107328.0,1.0928999999968556
forecaster-tenant-pool,2026-02-02 22:15:04,0.00039920663958947875,1115103232.0,0.327499999999903
forecaster-tenant-pool,2026-02-02 22:15:34,0.0020862553727328367,1115172864.0,1.3036000000002483
forecaster-tenant-pool,2026-02-02 22:16:04,0.0014216508670293366,1115541504.0,0.06700000000443349
forecaster-tenant-pool,2026-02-02 22:16:34,0.0018897931032081496,1114628096.0,1.2238999999933489
forecaster-tenant-pool,2026-02-02 22:17:04,0.0015031785416629835,1115414528.0,0.052400000005339585
forecaster-tenant-pool,2026-02-02 22:17:34,0.0025652260759989943,1114370048.0,1.4924999999968955
forecaster-tenant-pool,2026-02-02 22:18:04,0.0002340563265686974,1114374144.0,0.09850000000017947
forecaster-tenant-pool,2026-02-02 22:18:34,0.002080760532556182,1114439680.0,0.5025999999976193
forecaster-tenant-pool,2026-02-02 22:19:04,0.0016801664352376034,1114439680.0,0.9700000000058935
forecaster-tenant-pool,2026-02-02 22:19:34,0.0020235633525985774,1114537984.0,1.3860999999947428
forecaster-tenant-pool,2026-02-02 22:20:02,0.0002741403465490071,1114578944.0,0.0950000000031044
forecaster-tenant-pool,2026-02-02 22:20:04,0.0002680842421203264,1114578944.0,0.0950000000031044
forecaster-tenant-pool,2026-02-02 22:20:32,0.0022310169482406017,1114726400.0,1.159800000000784
forecaster-tenant-pool,2026-02-02 22:21:02,0.0009084169241456336,1114882048.0,0.4377999999986059
forecaster-tenant-pool,2026-02-02 22:21:32,0.0025070139235087133,1115025408.0,1.4571000000022953
forecaster-tenant-pool,2026-02-02 22:22:02,0.0007062464431864977,1115353088.0,0.08890000000101281
forecaster-tenant-pool,2026-02-02 22:22:32,0.0025872724833112745,1114841088.0,1.3204999999978706
forecaster-tenant-pool,2026-02-02 22:23:02,0.0005453283196579255,1114836992.0,0.11560000000038902
forecaster-tenant-pool,2026-02-02 22:23:32,0.002365957560598993,1114906624.0,1.6041999999969752
forecaster-tenant-pool,2026-02-02 22:24:02,0.0002526144760638663,1114923008.0,0.10899999999977202
forecaster-tenant-pool,2026-02-02 22:24:32,0.0024090094564491985,1115000832.0,1.330999999999646
forecaster-tenant-pool,2026-02-02 22:25:02,0.0014930336085427205,1115017216.0,0.12060000000237779
forecaster-tenant-pool,2026-02-02 22:25:32,0.002558660898996989,1115070464.0,1.276699999999255
forecaster-tenant-pool,2026-02-02 22:26:02,0.0010678798706461057,1115856896.0,0.22770000000030755
forecaster-tenant-pool,2026-02-02 22:26:32,0.002097522298188425,1115148288.0,1.13330000000351
forecaster-tenant-pool,2026-02-02 22:27:02,0.0004909781557020564,1115148288.0,0.20379999999859139
forecaster-tenant-pool,2026-02-02 22:27:32,0.0025289576255936863,1114886144.0,1.5217999999972867
forecaster-tenant-pool,2026-02-02 22:28:02,0.0016175727422717914,1114918912.0,0.12340000000416088
forecaster-tenant-pool,2026-02-02 22:28:32,0.0017249368626695212,1114955776.0,1.2989999999933692
forecaster-tenant-pool,2026-02-02 22:29:02,0.00048443191232944773,1114959872.0,0.13440000000409782
forecaster-tenant-pool,2026-02-02 22:29:32,0.002587659072834187,1115033600.0,1.5523000000011962
forecaster-tenant-pool,2026-02-02 22:30:02,0.0002905754596168243,1115033600.0,0.1216999999975087
forecaster-tenant-pool,2026-02-02 22:30:04,0.00028737979599509713,1115033600.0,0.1216999999975087
forecaster-tenant-pool,2026-02-02 22:30:34,0.0019537450811108847,1115127808.0,1.06550000000049
forecaster-tenant-pool,2026-02-02 22:31:04,0.0008198589466808565,1115451392.0,0.39409999999976814
forecaster-tenant-pool,2026-02-02 22:31:34,0.002348128932900735,1115197440.0,1.5233999999979762
forecaster-tenant-pool,2026-02-02 22:32:04,0.0019264389188600932,1115250688.0,0.08860000000349828
forecaster-tenant-pool,2026-02-02 22:32:34,0.002330800207373205,1115209728.0,1.263399999999092
forecaster-tenant-pool,2026-02-02 22:33:04,0.00048101086765510426,1115262976.0,0.25390000000067325
forecaster-tenant-pool,2026-02-02 22:33:34,0.0025687099940808087,1115340800.0,1.3624999999964833
forecaster-tenant-pool,2026-02-02 22:34:04,0.0008985101519869617,1115607040.0,0.08929999999927532
forecaster-tenant-pool,2026-02-02 22:34:34,0.0024445325188252654,1115275264.0,1.3098000000067258
forecaster-tenant-pool,2026-02-02 22:35:04,0.0010464916789757368,1115537408.0,0.09720000000027842
forecaster-tenant-pool,2026-02-02 22:35:34,0.0024424279316971067,1115348992.0,1.3943999999935235
forecaster-tenant-pool,2026-02-02 22:36:04,0.00019764636816793757,1115348992.0,0.1008000000033159
forecaster-tenant-pool,2026-02-02 22:36:34,0.002455285106914173,1115422720.0,1.3455000000032062
forecaster-tenant-pool,2026-02-02 22:37:04,0.00039821861449625676,1115435008.0,0.11969999999904152
forecaster-tenant-pool,2026-02-02 22:37:34,0.0019959011842534615,1115156480.0,1.379399999994348
forecaster-tenant-pool,2026-02-02 22:38:04,0.0011166967733335503,1115693056.0,0.1115999999999379
forecaster-tenant-pool,2026-02-02 22:38:34,0.002631910406040198,1115222016.0,0.7779000000038649
forecaster-tenant-pool,2026-02-02 22:39:04,0.0006426281628240772,1115308032.0,0.4935000000014649
forecaster-tenant-pool,2026-02-02 22:39:34,0.0020204059386019937,1115295744.0,1.442499999996168
forecaster-tenant-pool,2026-02-02 22:40:02,0.00026711854128090925,1115291648.0,0.1006000000009711
forecaster-tenant-pool,2026-02-02 22:40:04,0.0002619834974245947,1115291648.0,0.1006000000009711
forecaster-tenant-pool,2026-02-02 22:40:32,0.002189431106745036,1115385856.0,1.1717000000006617
forecaster-tenant-pool,2026-02-02 22:41:02,0.000449077822230184,1115385856.0,0.4365999999964212
forecaster-tenant-pool,2026-02-02 22:41:32,0.0022172710526101743,1115455488.0,1.3130000000026485
forecaster-tenant-pool,2026-02-02 22:42:02,0.0008267877200002463,1115480064.0,0.24770000000232054
forecaster-tenant-pool,2026-02-02 22:42:32,0.0020201422418164396,1115201536.0,0.94660000000149
forecaster-tenant-pool,2026-02-02 22:43:02,0.0017598148393885428,1115238400.0,0.49210000000045206
forecaster-tenant-pool,2026-02-02 22:43:32,0.0022450257552064433,1115271168.0,1.4738999999998972
forecaster-tenant-pool,2026-02-02 22:44:02,0.0014408942353315835,1115607040.0,0.08999999999602248
forecaster-tenant-pool,2026-02-02 22:44:32,0.0019062526454067406,1115410432.0,1.2196000000015679
forecaster-tenant-pool,2026-02-02 22:45:02,0.00024533518076433607,1115418624.0,0.10370000000123886
forecaster-tenant-pool,2026-02-02 22:45:32,0.002754539730034187,1115754496.0,1.4512999999974758
forecaster-tenant-pool,2026-02-02 22:46:02,0.0009033569165061547,1115791360.0,0.13779999999666567
forecaster-tenant-pool,2026-02-02 22:46:32,0.0024644645597262957,1115570176.0,1.1745000000043848
forecaster-tenant-pool,2026-02-02 22:47:02,0.0004875559965865601,1115570176.0,0.11080000000013872
forecaster-tenant-pool,2026-02-02 22:47:32,0.001940500777114655,1115312128.0,1.099099999996421
forecaster-tenant-pool,2026-02-02 22:48:02,0.000428679105115519,1115586560.0,0.30849999999991273
forecaster-tenant-pool,2026-02-02 22:48:32,0.0023014498697510664,1115377664.0,1.2604000000051503
forecaster-tenant-pool,2026-02-02 22:49:02,0.0015520879175461085,1115209728.0,0.11229999999595748
forecaster-tenant-pool,2026-02-02 22:49:32,0.0017970036822410258,1115246592.0,1.3772000000016609
forecaster-tenant-pool,2026-02-02 22:50:02,0.00017123844654408178,1115246592.0,0.09410000000049575
forecaster-tenant-pool,2026-02-02 22:50:03,0.0004428154193121045,1115267072.0,0.09410000000049575
forecaster-tenant-pool,2026-02-02 22:50:33,0.0026115915977243114,1115348992.0,1.2755999999966054
forecaster-tenant-pool,2026-02-02 22:51:03,0.0008848446352323317,1115619328.0,0.41820000000370783
forecaster-tenant-pool,2026-02-02 22:51:33,0.002285593422017705,1115414528.0,1.4497000000000602
forecaster-tenant-pool,2026-02-02 22:52:03,0.00022909685379996302,1115414528.0,0.0851000000025427
forecaster-tenant-pool,2026-02-02 22:52:33,0.0019087190548985086,1115172864.0,1.1316999999997885
forecaster-tenant-pool,2026-02-02 22:53:03,0.0006397818157765002,1115234304.0,0.28289999999797144
forecaster-tenant-pool,2026-02-02 22:53:33,0.0024433956936201905,1115238400.0,1.3975999999955093
forecaster-tenant-pool,2026-02-02 22:54:03,0.0011888428041813602,1115275264.0,0.08880000000523676
forecaster-tenant-pool,2026-02-02 22:54:33,0.002180955114793369,1115312128.0,1.2657999999994598
forecaster-tenant-pool,2026-02-02 22:55:03,0.0002355380748491633,1115312128.0,0.08879999999650559
forecaster-tenant-pool,2026-02-02 22:55:33,0.002537911041440603,1115381760.0,1.4471000000008643
forecaster-tenant-pool,2026-02-02 22:56:03,0.00022819697983595124,1115381760.0,0.0922000000031403
forecaster-tenant-pool,2026-02-02 22:56:33,0.0021885798555138763,1115447296.0,1.047500000000582
forecaster-tenant-pool,2026-02-02 22:57:03,0.0019111416739753652,1116852224.0,0.2566999999980908
forecaster-tenant-pool,2026-02-02 22:57:33,0.0022738096493136045,1115181056.0,1.3955000000016298
forecaster-tenant-pool,2026-02-02 22:58:03,0.00023496135829009258,1115443200.0,0.10759999999960806
forecaster-tenant-pool,2026-02-02 22:58:33,0.002289385743681575,1115250688.0,1.1827000000004773
forecaster-tenant-pool,2026-02-02 22:59:03,0.0013352392836008936,1115250688.0,0.10280000000105549
forecaster-tenant-pool,2026-02-02 22:59:33,0.002151329911658814,1115320320.0,1.334599999997105
forecaster-tenant-pool,2026-02-02 23:00:03,0.00024011439824459682,1115320320.0,0.2875000000025466
forecaster-tenant-pool,2026-02-02 23:00:08,0.0012931109152158806,1116119040.0,1.3323999999937468
forecaster-tenant-pool,2026-02-02 23:00:38,0.0027054867228810168,1115414528.0,0.287400000004224
forecaster-tenant-pool,2026-02-02 23:01:08,0.0010150963914552832,1116045312.0,1.105299999999746
forecaster-tenant-pool,2026-02-02 23:01:38,0.0024919701509104274,1115619328.0,0.4166000000003503
forecaster-tenant-pool,2026-02-02 23:02:08,0.0019271119763388043,1115717632.0,1.242299999997704
forecaster-tenant-pool,2026-02-02 23:02:38,0.0021488023888124055,1115398144.0,0.12130000000494573
forecaster-tenant-pool,2026-02-02 23:03:08,0.0014565182773822803,1115668480.0,1.3937999999963118
forecaster-tenant-pool,2026-02-02 23:03:38,0.002168831890904444,1115475968.0,0.10559999999701784
forecaster-tenant-pool,2026-02-02 23:04:08,0.0017519975003776978,1115557888.0,1.278400000001178
forecaster-tenant-pool,2026-02-02 23:04:38,0.0020301764529091068,1115545600.0,0.09619999999983218
forecaster-tenant-pool,2026-02-02 23:05:08,0.002189410151896518,1116119040.0,1.319700000000618
forecaster-tenant-pool,2026-02-02 23:05:38,0.0020371419899397696,1115615232.0,0.10990000000153186
forecaster-tenant-pool,2026-02-02 23:06:08,0.001740363515637292,1115668480.0,1.1903999999962256
forecaster-tenant-pool,2026-02-02 23:06:38,0.0019899581342593905,1115684864.0,0.1964000000047236
forecaster-tenant-pool,2026-02-02 23:07:08,0.0018512717863512676,1115717632.0,1.2397999999952545
forecaster-tenant-pool,2026-02-02 23:07:38,0.0022546905964343526,1115435008.0,0.2307000000029803
forecaster-tenant-pool,2026-02-02 23:08:08,0.001914784986977342,1115471872.0,1.205899999999747
forecaster-tenant-pool,2026-02-02 23:08:38,0.0020834405522264054,1115500544.0,0.11080000000195775
forecaster-tenant-pool,2026-02-02 23:09:08,0.0016845838229176196,1115787264.0,1.3838999999973267
forecaster-tenant-pool,2026-02-02 23:09:38,0.0022742638940545586,1115570176.0,0.08359999999908421
forecaster-tenant-pool,2026-02-02 23:10:02,0.0013119965526147827,1115586560.0,0.0835999999990842
forecaster-tenant-pool,2026-02-02 23:10:08,0.0013062935048922272,1115586560.0,0.9160000000044725
forecaster-tenant-pool,2026-02-02 23:10:32,0.0030852884607048756,1115664384.0,0.9160000000044722
forecaster-tenant-pool,2026-02-02 23:11:02,0.00021090639008024641,1115664384.0,0.6143999999968703
forecaster-tenant-pool,2026-02-02 23:11:32,0.002263147017404061,1115750400.0,1.388599999999254
forecaster-tenant-pool,2026-02-02 23:12:02,0.0003030865612424739,1115779072.0,0.11260000000365836
forecaster-tenant-pool,2026-02-02 23:12:32,0.002069105513724789,1115566080.0,1.101899999997719
forecaster-tenant-pool,2026-02-02 23:13:02,0.0008476116787371516,1115709440.0,0.3515999999975368
forecaster-tenant-pool,2026-02-02 23:13:32,0.00212452805472309,1115795456.0,0.8600999999999961
forecaster-tenant-pool,2026-02-02 23:14:02,0.0008036280190296776,1115795456.0,0.5676000000043132
forecaster-tenant-pool,2026-02-02 23:14:32,0.002316982194410839,1115860992.0,1.3202999999962535
forecaster-tenant-pool,2026-02-02 23:15:02,0.000565656649685645,1116131328.0,0.08420000000514846
forecaster-tenant-pool,2026-02-02 23:15:32,0.002287896141010812,1115672576.0,1.3974999999939124
forecaster-tenant-pool,2026-02-02 23:16:02,0.00023788262680479359,1115672576.0,0.10350000000277457
forecaster-tenant-pool,2026-02-02 23:16:32,0.001787448274300196,1115742208.0,1.064700000003601
forecaster-tenant-pool,2026-02-02 23:17:02,0.00042495192797673584,1115742208.0,0.30129999999335266
forecaster-tenant-pool,2026-02-02 23:17:32,0.001900151178940667,1115488256.0,1.1746000000044052
forecaster-tenant-pool,2026-02-02 23:18:02,0.0006043479047503628,1115492352.0,0.35890000000060046
forecaster-tenant-pool,2026-02-02 23:18:32,0.002183546504426976,1115557888.0,0.9715000000006209
forecaster-tenant-pool,2026-02-02 23:19:02,0.0009175595430814757,1115754496.0,0.35950000000169285
forecaster-tenant-pool,2026-02-02 23:19:32,0.002791645469266014,1115623424.0,1.1390999999992344
forecaster-tenant-pool,2026-02-02 23:20:02,0.00021450086160212844,1115623424.0,0.30849999999979144
forecaster-tenant-pool,2026-02-02 23:20:05,0.00023614893294199182,1115623424.0,0.30849999999979144
forecaster-tenant-pool,2026-02-02 23:20:35,0.003235787106436239,1115717632.0,1.257699999996233
forecaster-tenant-pool,2026-02-02 23:21:05,0.000747449187687251,1115717632.0,0.2756000000009711
forecaster-tenant-pool,2026-02-02 23:21:35,0.0021015420042057352,1115791360.0,1.1217999999972865
forecaster-tenant-pool,2026-02-02 23:22:05,0.0020234307368273427,1115852800.0,0.46730000000449456
forecaster-tenant-pool,2026-02-02 23:22:35,0.002302969097399299,1115533312.0,1.41350000000178
forecaster-tenant-pool,2026-02-02 23:23:05,0.0009217237388509309,1115566080.0,0.11969999999819265
forecaster-tenant-pool,2026-02-02 23:23:35,0.0018589560886477542,1115602944.0,0.8986999999954909
forecaster-tenant-pool,2026-02-02 23:24:05,0.0012966001650185617,1116139520.0,0.498700000006041
forecaster-tenant-pool,2026-02-02 23:24:35,0.0027346236956508514,1115672576.0,1.3165999999996225
forecaster-tenant-pool,2026-02-02 23:25:05,0.00044139816615339174,1115672576.0,0.09579999999696157
forecaster-tenant-pool,2026-02-02 23:25:35,0.0021210412701087914,1115746304.0,1.3622999999991103
forecaster-tenant-pool,2026-02-02 23:26:05,0.0009117864779419375,1115762688.0,0.12010000000324604
forecaster-tenant-pool,2026-02-02 23:26:35,0.002288144366131303,1115807744.0,1.204399999995318
forecaster-tenant-pool,2026-02-02 23:27:05,0.0006714905350162165,1115824128.0,0.10160000000602545
forecaster-tenant-pool,2026-02-02 23:27:35,0.0020800233934638746,1115557888.0,0.911999999996624
forecaster-tenant-pool,2026-02-02 23:28:05,0.00046249198509584175,1115652096.0,0.47759999999677044
forecaster-tenant-pool,2026-02-02 23:28:35,0.002206658041380117,1115627520.0,1.159400000003249
forecaster-tenant-pool,2026-02-02 23:29:05,0.0017109301763906602,1115668480.0,0.09810000000094685
forecaster-tenant-pool,2026-02-02 23:29:35,0.001841908495660218,1115697152.0,1.3544999999959448
forecaster-tenant-pool,2026-02-02 23:30:05,0.0002198015832554006,1115697152.0,0.11200000000341484
forecaster-tenant-pool,2026-02-02 23:30:07,0.0002132619699770104,1115697152.0,0.11200000000341484
forecaster-tenant-pool,2026-02-02 23:30:37,0.0024453930355456464,1115795456.0,1.0122999999982616
forecaster-tenant-pool,2026-02-02 23:31:07,0.000785995070738479,1115795456.0,0.5977000000035333
forecaster-tenant-pool,2026-02-02 23:31:37,0.002282452091282005,1115865088.0,1.291699999996854
forecaster-tenant-pool,2026-02-02 23:32:07,0.0020989780738391167,1115942912.0,0.32970000000059374
forecaster-tenant-pool,2026-02-02 23:32:37,0.003001112284123765,1115598848.0,1.3288999999976416
forecaster-tenant-pool,2026-02-02 23:33:07,0.0016440420887191606,1115635712.0,0.0939000000036079
forecaster-tenant-pool,2026-02-02 23:33:37,0.002041539660534988,1115668480.0,1.2936999999995653
forecaster-tenant-pool,2026-02-02 23:34:07,0.0010101364316098395,1115213824.0,0.06769999999863406
forecaster-tenant-pool,2026-02-02 23:34:37,0.001603576215956997,1115017216.0,0.9837999999998526
forecaster-tenant-pool,2026-02-02 23:35:07,0.0010880460918461737,1115549696.0,0.27600000000093133
forecaster-tenant-pool,2026-02-02 23:35:37,0.0020834217041729637,1115090944.0,1.264700000003601
forecaster-tenant-pool,2026-02-02 23:36:07,0.0006179068699339734,1115635712.0,0.09849999999411617
forecaster-tenant-pool,2026-02-02 23:36:37,0.0024118888455277833,1115156480.0,0.7421000000003308
forecaster-tenant-pool,2026-02-02 23:37:07,0.000399130125970081,1115156480.0,0.5271000000018831
forecaster-tenant-pool,2026-02-02 23:37:37,0.0023646316994236976,1114914816.0,1.0397999999996197
forecaster-tenant-pool,2026-02-02 23:38:07,0.0002536182313392612,1115152384.0,0.32329999999722836
forecaster-tenant-pool,2026-02-02 23:38:37,0.0024544899047414257,1115242496.0,0.5016000000011748
forecaster-tenant-pool,2026-02-02 23:39:07,0.0010631397825096615,1115267072.0,1.0044999999986126
forecaster-tenant-pool,2026-02-02 23:39:37,0.0023567148474273074,1115369472.0,1.5061000000023341
forecaster-tenant-pool,2026-02-02 23:40:02,0.00026734364511482003,1115439104.0,0.10740000000478177
forecaster-tenant-pool,2026-02-02 23:40:07,0.00023702508328379428,1115439104.0,0.10740000000478177
forecaster-tenant-pool,2026-02-02 23:40:32,0.002610807101983377,1115537408.0,1.0239999999990685
forecaster-tenant-pool,2026-02-02 23:41:02,0.000766598614695292,1115533312.0,0.5278999999978017
forecaster-tenant-pool,2026-02-02 23:41:32,0.0023615368623349895,1115602944.0,1.3104000000015124
forecaster-tenant-pool,2026-02-02 23:42:02,0.0008144654466292823,1115627520.0,0.17649999999509114
forecaster-tenant-pool,2026-02-02 23:42:32,0.0025184544413290656,1115369472.0,1.0745000000001408
forecaster-tenant-pool,2026-02-02 23:43:02,0.00043463660437517243,1115369472.0,0.3539000000064941
forecaster-tenant-pool,2026-02-02 23:43:32,0.002060838220310093,1115537408.0,1.0717999999954675
forecaster-tenant-pool,2026-02-02 23:44:02,0.000778153528687513,1115602944.0,0.419600000002174
forecaster-tenant-pool,2026-02-02 23:44:32,0.00212025022634062,1115926528.0,1.2613999999983205
forecaster-tenant-pool,2026-02-02 23:45:02,0.00041694395225983297,1115693056.0,0.07980000000049281
forecaster-tenant-pool,2026-02-02 23:45:32,0.002000759159247873,1115774976.0,1.3177999999978056
forecaster-tenant-pool,2026-02-02 23:46:02,0.0004423682436542312,1115820032.0,0.20950000000072275
forecaster-tenant-pool,2026-02-02 23:46:32,0.002138817586209145,1115885568.0,1.2240999999999378
forecaster-tenant-pool,2026-02-02 23:47:02,0.00045705497837011033,1115889664.0,0.09480000000136593
forecaster-tenant-pool,2026-02-02 23:47:32,0.0022237167384755595,1115779072.0,1.3892000000037417
forecaster-tenant-pool,2026-02-02 23:48:02,0.001155178948275731,1116438528.0,0.12609999999901145
forecaster-tenant-pool,2026-02-02 23:48:32,0.0021706354564042397,1115918336.0,1.328000000000975
forecaster-tenant-pool,2026-02-02 23:49:02,0.00023415543934834698,1115926528.0,0.09970000000018141
forecaster-tenant-pool,2026-02-02 23:49:32,0.0024118700335578926,1115987968.0,1.4190999999934624
forecaster-tenant-pool,2026-02-02 23:50:02,0.0002189299867107889,1115992064.0,0.09880000000096818
forecaster-tenant-pool,2026-02-02 23:50:02,0.0002603037852110041,1115992064.0,0.09880000000096818
forecaster-tenant-pool,2026-02-02 23:50:32,0.0023345245586271013,1115987968.0,1.2333000000022971
forecaster-tenant-pool,2026-02-02 23:51:02,0.0013876607081596182,1116262400.0,0.2607999999962582
forecaster-tenant-pool,2026-02-02 23:51:32,0.0023803584300381513,1116061696.0,1.346100000004905
forecaster-tenant-pool,2026-02-02 23:52:02,0.00017117705035301283,1116061696.0,0.06620000000111759
forecaster-tenant-pool,2026-02-02 23:52:32,0.0020568669811261795,1115807744.0,1.2680999999947138
forecaster-tenant-pool,2026-02-02 23:53:02,0.0003398763516572514,1114914816.0,0.07920000000546376
forecaster-tenant-pool,2026-02-02 23:53:32,0.0018989100945995202,1114984448.0,1.3359999999947225
forecaster-tenant-pool,2026-02-02 23:54:02,0.00020849061336560056,1114992640.0,0.09090000000396686
forecaster-tenant-pool,2026-02-02 23:54:32,0.002344917612023165,1115074560.0,1.2563000000005557
forecaster-tenant-pool,2026-02-02 23:55:02,0.00029117109272621224,1115074560.0,0.11509999999871069
forecaster-tenant-pool,2026-02-02 23:55:32,0.002160287159263749,1115144192.0,1.1493000000016764
forecaster-tenant-pool,2026-02-02 23:56:02,0.0005560358130419145,1115230208.0,0.3125000000001213
forecaster-tenant-pool,2026-02-02 23:56:32,0.0016582232191719123,1115443200.0,0.7575999999962125
forecaster-tenant-pool,2026-02-02 23:57:02,0.0015097677066227661,1115799552.0,0.534900000001168
forecaster-tenant-pool,2026-02-02 23:57:32,0.002318399442647009,1115246592.0,1.0673000000002502
forecaster-tenant-pool,2026-02-02 23:58:02,0.0002044492149847402,1115365376.0,0.46230000000020177
forecaster-tenant-pool,2026-02-02 23:58:32,0.0020104435560063857,1115447296.0,1.0849000000033509
forecaster-tenant-pool,2026-02-02 23:59:02,0.0007425483613201823,1115447296.0,0.23989999999927628
forecaster-tenant-pool,2026-02-02 23:59:32,0.002213122970434122,1115525120.0,1.1577999999979511
forecaster-tenant-pool,2026-02-03 00:00:02,0.0007281850322231603,1115541504.0,0.41589999999863114
forecaster-tenant-pool,2026-02-03 00:00:02,0.0007231061132010852,1115525120.0,0.41589999999863114
forecaster-tenant-pool,2026-02-03 00:00:32,0.01211432736173928,1599938560.0,1.0691000000021935
forecaster-tenant-pool,2026-02-03 00:01:02,0.008196749743385917,1600655360.0,5.37470000000103
forecaster-tenant-pool,2026-02-03 00:01:32,0.001840901029753226,1599664128.0,1.0652000000004287
forecaster-tenant-pool,2026-02-03 00:02:02,0.0007460131015581526,1600282624.0,0.40499999999350017
forecaster-tenant-pool,2026-02-03 00:02:32,0.0027523526540773158,1599504384.0,0.9669000000030792
forecaster-tenant-pool,2026-02-03 00:03:02,0.00017634718967599644,1599504384.0,0.413299999996525
forecaster-tenant-pool,2026-02-03 00:03:32,0.002013297649109367,1176256512.0,1.4369000000025456
forecaster-tenant-pool,2026-02-03 00:04:02,0.0002000535556769423,1176252416.0,0.12039999999882033
forecaster-tenant-pool,2026-02-03 00:04:32,0.002199412294190217,1176322048.0,1.197500000001552
forecaster-tenant-pool,2026-02-03 00:05:02,0.00021321903572479254,1175371776.0,0.08060000000308112
forecaster-tenant-pool,2026-02-03 00:05:32,0.0019788077820258386,1174851584.0,1.1030999999959021
forecaster-tenant-pool,2026-02-03 00:06:02,0.0003311064475597666,1175126016.0,0.20040000000456834
forecaster-tenant-pool,2026-02-03 00:06:32,0.0018244711954922973,1174925312.0,1.1827999999990426
forecaster-tenant-pool,2026-02-03 00:07:02,0.0005021900751469128,1174986752.0,0.15799999999568778
forecaster-tenant-pool,2026-02-03 00:07:32,0.0026613717478024134,1174728704.0,1.2247000000041832
forecaster-tenant-pool,2026-02-03 00:08:02,0.0007944839524533694,1175273472.0,0.4082999999946575
forecaster-tenant-pool,2026-02-03 00:08:32,0.0029296985211305425,1174937600.0,1.3696000000054482
forecaster-tenant-pool,2026-02-03 00:09:02,0.0002584529642402166,1175023616.0,0.12520000000076834
forecaster-tenant-pool,2026-02-03 00:09:32,0.0017489838971966915,1172578304.0,1.3925999999976435
forecaster-tenant-pool,2026-02-03 00:10:02,0.00039441115581861176,1173401600.0,0.09979999999826153
forecaster-tenant-pool,2026-02-03 00:10:02,0.00039441115581861176,1173401600.0,0.09979999999826153
forecaster-tenant-pool,2026-02-03 00:10:32,0.003415274382679972,1172836352.0,1.443200000004678
forecaster-tenant-pool,2026-02-03 00:11:02,0.0006644437031912002,1172836352.0,0.2858999999965211
forecaster-tenant-pool,2026-02-03 00:11:32,0.002224102561136994,1172914176.0,1.3046000000003308
forecaster-tenant-pool,2026-02-03 00:12:02,0.00045237829369441034,1172918272.0,0.08730000000105065
forecaster-tenant-pool,2026-02-03 00:12:32,0.002034904345745696,1172672512.0,1.255999999998797
forecaster-tenant-pool,2026-02-03 00:13:02,0.00042797954262536905,1172697088.0,0.11929999999726229
forecaster-tenant-pool,2026-02-03 00:13:32,0.0022782327968803103,1172766720.0,1.4163000000011379
forecaster-tenant-pool,2026-02-03 00:14:02,0.00025861591243655986,1172766720.0,0.11290000000262808
forecaster-tenant-pool,2026-02-03 00:14:32,0.002023415932204991,1172840448.0,0.7296000000020285
forecaster-tenant-pool,2026-02-03 00:15:02,0.0015524555996260989,1172889600.0,0.6782999999942452
forecaster-tenant-pool,2026-02-03 00:15:32,0.0021697904673070936,1173057536.0,1.3516000000002046
forecaster-tenant-pool,2026-02-03 00:16:02,0.00043749341803932923,1173082112.0,0.21160000000515236
forecaster-tenant-pool,2026-02-03 00:16:32,0.0018649668599354607,1173229568.0,1.272099999998924
forecaster-tenant-pool,2026-02-03 00:17:02,0.0017294062655228897,1173274624.0,0.10379999999628732
forecaster-tenant-pool,2026-02-03 00:17:32,0.002199353212924141,1172836352.0,1.2977999999990668
forecaster-tenant-pool,2026-02-03 00:18:02,0.00019059426129670233,1172832256.0,0.2376000000034158
forecaster-tenant-pool,2026-02-03 00:18:32,0.0024087339652224178,1172893696.0,1.2850999999982984
forecaster-tenant-pool,2026-02-03 00:19:02,0.0006701314575201408,1172910080.0,0.08530000000088572
forecaster-tenant-pool,2026-02-03 00:19:32,0.001861408170493017,1172963328.0,1.387999999996585
forecaster-tenant-pool,2026-02-03 00:20:02,0.0002547709727348733,1172963328.0,0.08090000000132325
forecaster-tenant-pool,2026-02-03 00:20:02,0.0002547709727348733,1172963328.0,0.08090000000132325
forecaster-tenant-pool,2026-02-03 00:20:32,0.0029415121808803388,1173061632.0,1.2666000000047157
forecaster-tenant-pool,2026-02-03 00:21:02,0.0005409379918221141,1173061632.0,0.2790000000014212
forecaster-tenant-pool,2026-02-03 00:21:32,0.0021090715450457305,1173131264.0,1.0858999999931256
forecaster-tenant-pool,2026-02-03 00:22:02,0.0007225150563409124,1173135360.0,0.321800000000682
forecaster-tenant-pool,2026-02-03 00:22:32,0.0017598544620016832,1172885504.0,0.9550000000036865
forecaster-tenant-pool,2026-02-03 00:23:02,0.0006655564720733212,1172885504.0,0.3606999999999971
forecaster-tenant-pool,2026-02-03 00:23:32,0.0024348517829662626,1172955136.0,1.5031999999953163
forecaster-tenant-pool,2026-02-03 00:24:02,0.00021134774581651116,1172959232.0,0.09789999999993597
forecaster-tenant-pool,2026-02-03 00:24:32,0.002294445110228475,1173024768.0,1.1941000000013446
forecaster-tenant-pool,2026-02-03 00:25:02,0.0009908150108921309,1173819392.0,0.25190000000196355
forecaster-tenant-pool,2026-02-03 00:25:32,0.002135754505866043,1173094400.0,1.3929000000012215
forecaster-tenant-pool,2026-02-03 00:26:02,0.00022371610864849813,1173094400.0,0.09040000000192473
forecaster-tenant-pool,2026-02-03 00:26:32,0.0018972729738623447,1173168128.0,1.2610999999957129
forecaster-tenant-pool,2026-02-03 00:27:02,0.00027204943790746594,1173164032.0,0.10119999999830422
forecaster-tenant-pool,2026-02-03 00:27:32,0.002671062093149491,1172709376.0,1.333800000004218
forecaster-tenant-pool,2026-02-03 00:28:02,0.00048100769396907034,1172709376.0,0.12850000000289583
forecaster-tenant-pool,2026-02-03 00:28:32,0.001694093579622632,1172783104.0,1.1651999999933953
forecaster-tenant-pool,2026-02-03 00:29:02,0.001155564654874158,1173114880.0,0.08190000000298217
forecaster-tenant-pool,2026-02-03 00:29:32,0.0029072610252184957,1172910080.0,1.3567999999965346
forecaster-tenant-pool,2026-02-03 00:30:02,0.0002622113937906718,1172910080.0,0.10380000000332074
forecaster-tenant-pool,2026-02-03 00:30:02,0.0006728440812044781,1173106688.0,0.10380000000332074
forecaster-tenant-pool,2026-02-03 00:30:32,0.0019972750299854926,1173008384.0,1.1529999999977008
forecaster-tenant-pool,2026-02-03 00:31:02,0.0015725276096716465,1173561344.0,0.29550000000138726
forecaster-tenant-pool,2026-02-03 00:31:32,0.002035355409964903,1173078016.0,1.3531000000014806
forecaster-tenant-pool,2026-02-03 00:32:02,0.0014638367825058455,1173364736.0,0.08740000000094976
forecaster-tenant-pool,2026-02-03 00:32:32,0.0026090466217909888,1172824064.0,1.2151999999984886
forecaster-tenant-pool,2026-02-03 00:33:02,0.00023305771686648433,1173086208.0,0.1510000000006888
forecaster-tenant-pool,2026-02-03 00:33:32,0.002278783698213919,1172893696.0,0.9182999999970586
forecaster-tenant-pool,2026-02-03 00:34:02,0.0013705430073478414,1172893696.0,0.5092000000050272
forecaster-tenant-pool,2026-02-03 00:34:32,0.0019318786794300495,1172963328.0,1.285499999999835
forecaster-tenant-pool,2026-02-03 00:35:02,0.0002261771912001584,1172963328.0,0.09359999999542196
forecaster-tenant-pool,2026-02-03 00:35:32,0.002233211945986467,1173028864.0,1.1849000000018957
forecaster-tenant-pool,2026-02-03 00:36:02,0.0015372780039290626,1173032960.0,0.33799999999840413
forecaster-tenant-pool,2026-02-03 00:36:32,0.002210177215458895,1173106688.0,1.3637999999992947
forecaster-tenant-pool,2026-02-03 00:37:02,0.0009087849640238418,1173127168.0,0.09480000000585277
forecaster-tenant-pool,2026-02-03 00:37:32,0.0023285549844201513,1172840448.0,1.3271999999951125
forecaster-tenant-pool,2026-02-03 00:38:02,0.00036514044920357746,1173123072.0,0.12440000000181801
forecaster-tenant-pool,2026-02-03 00:38:32,0.001983207218573176,1172914176.0,1.2137999999974758
forecaster-tenant-pool,2026-02-03 00:39:02,0.00016102206925034955,1172914176.0,0.07710000000576353
forecaster-tenant-pool,2026-02-03 00:39:32,0.0019001175014529258,1172652032.0,1.3162999999926495
forecaster-tenant-pool,2026-02-03 00:40:02,0.0001432817368568022,1172652032.0,0.06790000000037252
forecaster-tenant-pool,2026-02-03 00:40:05,0.0009929605592731068,1173176320.0,0.06790000000037252
forecaster-tenant-pool,2026-02-03 00:40:35,0.0024298387500986444,1172746240.0,1.1981999999998758
forecaster-tenant-pool,2026-02-03 00:41:05,0.0012585963137105058,1173016576.0,0.24630000000664343
forecaster-tenant-pool,2026-02-03 00:41:35,0.002048077072800063,1172160512.0,1.1034999999961048
forecaster-tenant-pool,2026-02-03 00:42:05,0.0007855170031350256,1172430848.0,0.41240000000373883
forecaster-tenant-pool,2026-02-03 00:42:35,0.002515268078413067,1171910656.0,1.4711999999969219
forecaster-tenant-pool,2026-02-03 00:43:05,0.0013298775043708165,1172250624.0,0.12809999999772118
forecaster-tenant-pool,2026-02-03 00:43:35,0.002537415461423794,1172213760.0,1.307000000003245
forecaster-tenant-pool,2026-02-03 00:44:05,0.0014419183615735057,1172787200.0,0.36400000000006305
forecaster-tenant-pool,2026-02-03 00:44:35,0.0021436703297742802,1172336640.0,1.323599999996683
forecaster-tenant-pool,2026-02-03 00:45:05,0.0014173233115057202,1172140032.0,0.1255000000014358
forecaster-tenant-pool,2026-02-03 00:45:35,0.0023859200670780893,1171750912.0,1.4067999999970198
forecaster-tenant-pool,2026-02-03 00:46:05,0.0018031683033744436,1171812352.0,0.07910000000556465
forecaster-tenant-pool,2026-02-03 00:46:35,0.001718918971628616,1171824640.0,1.1666999999977028
forecaster-tenant-pool,2026-02-03 00:47:05,0.0018564047904185716,1172398080.0,0.061399999998199443
forecaster-tenant-pool,2026-02-03 00:47:35,0.0024298598620204302,1171222528.0,1.2675000000046566
forecaster-tenant-pool,2026-02-03 00:48:05,0.001954475016043155,1171623936.0,0.21569999999907546
forecaster-tenant-pool,2026-02-03 00:48:35,0.0018756422412129984,1171296256.0,1.261999999997473
forecaster-tenant-pool,2026-02-03 00:49:05,0.0018097083984397154,1171730432.0,0.07750000000111565
forecaster-tenant-pool,2026-02-03 00:49:35,0.0023323834070836966,1171718144.0,1.3158000000017636
forecaster-tenant-pool,2026-02-03 00:50:03,0.0014869071735243607,1171767296.0,0.24140000000043074
forecaster-tenant-pool,2026-02-03 00:50:05,0.0014869071735243607,1171767296.0,0.24140000000043074
forecaster-tenant-pool,2026-02-03 00:50:33,0.002539761125117377,1171992576.0,1.1519999999950719
forecaster-tenant-pool,2026-02-03 00:51:03,0.002114669872281273,1172086784.0,0.40380000000465466
forecaster-tenant-pool,2026-02-03 00:51:33,0.002000884376704071,1172148224.0,1.510399999998966
forecaster-tenant-pool,2026-02-03 00:52:03,0.00022365341077307835,1172140032.0,0.09329999999645225
forecaster-tenant-pool,2026-02-03 00:52:33,0.0021717573096993537,1171890176.0,0.7430000000012417
forecaster-tenant-pool,2026-02-03 00:53:03,0.001037594119154914,1171935232.0,0.7039000000020071
forecaster-tenant-pool,2026-02-03 00:53:33,0.0021630765348302624,1172045824.0,1.079799999996006
forecaster-tenant-pool,2026-02-03 00:54:03,0.0008142329299252422,1172111360.0,0.3029000000062903
forecaster-tenant-pool,2026-02-03 00:54:33,0.0017736724615374547,1172115456.0,1.240099999999317
forecaster-tenant-pool,2026-02-03 00:55:03,0.0010755284494906236,1169494016.0,0.07089999999540547
forecaster-tenant-pool,2026-02-03 00:55:33,0.0023373351576169562,1168150528.0,1.2059000000047186
forecaster-tenant-pool,2026-02-03 00:56:03,0.00033577828083901877,1168691200.0,0.1819999999981519
forecaster-tenant-pool,2026-02-03 00:56:33,0.002300480222857231,1168236544.0,1.0748999999991307
forecaster-tenant-pool,2026-02-03 00:57:03,0.001517598675278081,1168318464.0,0.27959999999802676
forecaster-tenant-pool,2026-02-03 00:57:33,0.00225496709612994,1168060416.0,1.3833000000005995
forecaster-tenant-pool,2026-02-03 00:58:03,0.0011087012951324186,1168920576.0,0.11340000000454892
forecaster-tenant-pool,2026-02-03 00:58:33,0.002411015617608887,1168293888.0,1.3157999999966705
forecaster-tenant-pool,2026-02-03 00:59:03,0.0002560175910211638,1168433152.0,0.11130000000424237
forecaster-tenant-pool,2026-02-03 00:59:33,0.0024121552255567456,1168769024.0,1.374299999998402
forecaster-tenant-pool,2026-02-03 01:00:03,0.0002726415446441457,1168805888.0,0.1004999999942811
forecaster-tenant-pool,2026-02-03 01:00:05,0.0002289568755686205,1168805888.0,0.1004999999942811
forecaster-tenant-pool,2026-02-03 01:00:35,0.002186037438203128,1168986112.0,1.2037000000009963
forecaster-tenant-pool,2026-02-03 01:01:05,0.0019881380331383844,1169104896.0,0.30790000000076057
forecaster-tenant-pool,2026-02-03 01:01:35,0.001801255357141472,1169145856.0,1.3478000000016135
forecaster-tenant-pool,2026-02-03 01:02:05,0.0004386739431646186,1169448960.0,0.10150000000370103
forecaster-tenant-pool,2026-02-03 01:02:35,0.0020809139802433836,1168949248.0,1.1802999999986543
forecaster-tenant-pool,2026-02-03 01:03:05,0.00017581986466548124,1168986112.0,0.11219999999642218
forecaster-tenant-pool,2026-02-03 01:03:35,0.0018253783542846794,1169113088.0,1.272800000001856
forecaster-tenant-pool,2026-02-03 01:04:05,0.0003848504598027153,1169158144.0,0.10659999999891928
forecaster-tenant-pool,2026-02-03 01:04:35,0.0023188813825678303,1169199104.0,0.4073999999970207
forecaster-tenant-pool,2026-02-03 01:05:05,0.0008189784795003578,1169469440.0,0.9875000000019402
forecaster-tenant-pool,2026-02-03 01:05:35,0.002137351108094337,1169285120.0,1.145299999997951
forecaster-tenant-pool,2026-02-03 01:06:05,0.0005136794981400023,1169293312.0,0.3308999999999893
forecaster-tenant-pool,2026-02-03 01:06:35,0.001897407991298782,1169371136.0,1.3756000000060642
forecaster-tenant-pool,2026-02-03 01:07:05,0.00024690247477944223,1169379328.0,0.10189999999408124
forecaster-tenant-pool,2026-02-03 01:07:35,0.0022237452792518674,1169129472.0,1.2572999999997896
forecaster-tenant-pool,2026-02-03 01:08:05,0.0013160428396040602,1169145856.0,0.348700000004222
forecaster-tenant-pool,2026-02-03 01:08:35,0.0019482371665513836,1169190912.0,0.9786000000021886
forecaster-tenant-pool,2026-02-03 01:09:05,0.001843899860321233,1169539072.0,0.44799999999753104
forecaster-tenant-pool,2026-02-03 01:09:35,0.0026970705799436133,1169276928.0,1.5457999999963552
forecaster-tenant-pool,2026-02-03 01:10:03,0.0002519186602139904,1169272832.0,0.09910000000018043
forecaster-tenant-pool,2026-02-03 01:10:05,0.0002519186602139904,1169272832.0,0.09910000000018043
forecaster-tenant-pool,2026-02-03 01:10:33,0.0024312317324869655,1169367040.0,1.146700000006725
forecaster-tenant-pool,2026-02-03 01:11:03,0.0009691679470852173,1169391616.0,0.4809999999962504
forecaster-tenant-pool,2026-02-03 01:11:33,0.0037484312013485437,1169711104.0,0.8405000000019451
forecaster-tenant-pool,2026-02-03 01:12:03,0.00025948717313340744,1169567744.0,0.7808000000016667
forecaster-tenant-pool,2026-02-03 01:12:33,0.0018838086432458228,1169334272.0,0.8945999999987786
forecaster-tenant-pool,2026-02-03 01:13:03,0.0007783891998643403,1169371136.0,0.46210000000088863
forecaster-tenant-pool,2026-02-03 01:13:33,0.0021568719074933997,1169432576.0,1.4122999999974126
forecaster-tenant-pool,2026-02-03 01:14:03,0.0012641474492358466,1169719296.0,0.09259999999703723
forecaster-tenant-pool,2026-02-03 01:14:33,0.0025427788361394896,1169506304.0,1.2168000000039079
forecaster-tenant-pool,2026-02-03 01:15:03,0.0015531327489770137,1169858560.0,0.09540000000063932
forecaster-tenant-pool,2026-02-03 01:15:33,0.0022587113794970996,1169580032.0,1.4114999999982198
forecaster-tenant-pool,2026-02-03 01:16:03,0.0008793079836643288,1170137088.0,0.0984000000001591
forecaster-tenant-pool,2026-02-03 01:16:33,0.0020013165076799675,1169649664.0,1.2947999999957878
forecaster-tenant-pool,2026-02-03 01:17:03,0.0008377323701472025,1159237632.0,0.10760000000312478
forecaster-tenant-pool,2026-02-03 01:17:33,0.003226386594791631,1158967296.0,1.367699999998634
forecaster-tenant-pool,2026-02-03 01:18:03,0.00023452359799297812,1158963200.0,0.24580000000411625
forecaster-tenant-pool,2026-02-03 01:18:33,0.001726453485554544,1159036928.0,0.9648999999958808
forecaster-tenant-pool,2026-02-03 01:19:03,0.0008580274448861954,1159036928.0,0.3195000000013048
forecaster-tenant-pool,2026-02-03 01:19:33,0.0029154353103374438,1159110656.0,0.49339999999707895
forecaster-tenant-pool,2026-02-03 01:20:02,0.001929259149118339,1159905280.0,0.9700000000008003
forecaster-tenant-pool,2026-02-03 01:20:03,0.001621085982010857,1159110656.0,0.9700000000008003
forecaster-tenant-pool,2026-02-03 01:20:32,0.0023230201580563313,1159196672.0,1.2019000000046314
forecaster-tenant-pool,2026-02-03 01:21:02,0.00023086600660940612,1159200768.0,0.3722999999956907
forecaster-tenant-pool,2026-02-03 01:21:32,0.002215498661741308,1159274496.0,0.6978000000059789
forecaster-tenant-pool,2026-02-03 01:22:02,0.0011322883984717146,1159557120.0,0.7050999999997051
forecaster-tenant-pool,2026-02-03 01:22:32,0.001764115335459235,1159016448.0,1.0652000000003075
forecaster-tenant-pool,2026-02-03 01:23:02,0.00025969930427704,1159016448.0,0.325
forecaster-tenant-pool,2026-02-03 01:23:32,0.0025441898648542426,1159086080.0,1.3996999999982411
forecaster-tenant-pool,2026-02-03 01:24:02,0.0002501685820077749,1158959104.0,0.10529999999598658
forecaster-tenant-pool,2026-02-03 01:24:32,0.001720012602881181,1159028736.0,1.329000000004089
forecaster-tenant-pool,2026-02-03 01:25:02,0.000274418431112943,1159028736.0,0.09480000000136593
forecaster-tenant-pool,2026-02-03 01:25:32,0.0030964943080730362,1159098368.0,1.3134999999949895
forecaster-tenant-pool,2026-02-03 01:26:02,0.00026720325021723185,1159098368.0,0.15419999999952172
forecaster-tenant-pool,2026-02-03 01:26:32,0.001738847129616975,1159163904.0,1.3086000000013882
forecaster-tenant-pool,2026-02-03 01:27:02,0.00040008626691278047,1159163904.0,0.08080000000069655
forecaster-tenant-pool,2026-02-03 01:27:32,0.002302365192044663,1158905856.0,1.3398000000037427
forecaster-tenant-pool,2026-02-03 01:28:02,0.0004842191222935248,1158905856.0,0.22429999999815967
forecaster-tenant-pool,2026-02-03 01:28:32,0.002267413897744009,1158975488.0,0.7085999999948398
forecaster-tenant-pool,2026-02-03 01:29:02,0.0005986808534075649,1158983680.0,0.7109000000024631
forecaster-tenant-pool,2026-02-03 01:29:32,0.00272858904615458,1159045120.0,0.9635000000002037
forecaster-tenant-pool,2026-02-03 01:30:02,0.000236932355951561,1159045120.0,0.36529999999766005
forecaster-tenant-pool,2026-02-03 01:30:02,0.0013749255161879413,1159086080.0,0.36529999999766005
forecaster-tenant-pool,2026-02-03 01:30:32,0.0022384321779444177,1159139328.0,1.2753000000034567
forecaster-tenant-pool,2026-02-03 01:31:02,0.0016113402031901949,1159417856.0,0.28799999999743403
forecaster-tenant-pool,2026-02-03 01:31:32,0.002083550935714322,1159213056.0,1.3175000000057482
forecaster-tenant-pool,2026-02-03 01:32:02,0.00028839548906756395,1159213056.0,0.1933999999986554
forecaster-tenant-pool,2026-02-03 01:32:32,0.0023479736158085658,1158967296.0,1.3382999999976164
forecaster-tenant-pool,2026-02-03 01:33:02,0.0005797826044050085,1159028736.0,0.12069999999803258
forecaster-tenant-pool,2026-02-03 01:33:32,0.002148025167876814,1159036928.0,1.4209999999989427
forecaster-tenant-pool,2026-02-03 01:34:02,0.00025727928299906127,1159053312.0,0.08900000000357977
forecaster-tenant-pool,2026-02-03 01:34:32,0.002293790650064845,1159139328.0,0.7828999999963949
forecaster-tenant-pool,2026-02-03 01:35:02,0.0016999468804807293,1159725056.0,0.45020000000258736
forecaster-tenant-pool,2026-02-03 01:35:32,0.0022626414333657436,1159368704.0,1.364600000001883
forecaster-tenant-pool,2026-02-03 01:36:02,0.0013525122087966275,1160007680.0,0.1105999999975514
forecaster-tenant-pool,2026-02-03 01:36:32,0.001724576941229773,1159536640.0,1.2741999999999583
forecaster-tenant-pool,2026-02-03 01:37:02,0.00022162772687734885,1159532544.0,0.1065000000007179
forecaster-tenant-pool,2026-02-03 01:37:32,0.002045323622209572,1159274496.0,1.3560999999969985
forecaster-tenant-pool,2026-02-03 01:38:02,0.00027587407010606316,1159274496.0,0.1065000000003541
forecaster-tenant-pool,2026-02-03 01:38:32,0.0027148492977290047,1159041024.0,1.2621000000044051
forecaster-tenant-pool,2026-02-03 01:39:02,0.00018381064190610568,1159041024.0,0.07740000000255046
forecaster-tenant-pool,2026-02-03 01:39:32,0.0024969252925441743,1159110656.0,1.3270999999949709
forecaster-tenant-pool,2026-02-03 01:40:02,0.0003534326577450679,1159106560.0,0.1890000000052775
forecaster-tenant-pool,2026-02-03 01:40:02,0.0006928382264789961,1159127040.0,0.1890000000052775
forecaster-tenant-pool,2026-02-03 01:40:32,0.0021365516095022013,1158356992.0,1.1652999999932945
forecaster-tenant-pool,2026-02-03 01:41:02,0.0018456504475574433,1159434240.0,0.3784999999996217
forecaster-tenant-pool,2026-02-03 01:41:32,0.002103546867903953,1158422528.0,1.508200000001428
forecaster-tenant-pool,2026-02-03 01:42:02,0.0010451044796274608,1158438912.0,0.07839999999887368
forecaster-tenant-pool,2026-02-03 01:42:32,0.0021594915643686143,1158254592.0,1.1708000000041163
forecaster-tenant-pool,2026-02-03 01:43:02,0.001271347221503966,1158520832.0,0.12379999999757274
forecaster-tenant-pool,2026-02-03 01:43:32,0.0024310298149517904,1158582272.0,1.4451999999980518
forecaster-tenant-pool,2026-02-03 01:44:02,0.0003857023964183872,1158885376.0,0.11690000000611084
forecaster-tenant-pool,2026-02-03 01:44:32,0.0023084880088033713,1158598656.0,1.3732999999937114
forecaster-tenant-pool,2026-02-03 01:45:02,0.00024085583997468036,1158680576.0,0.10750000000468087
forecaster-tenant-pool,2026-02-03 01:45:32,0.002396205350416683,1158774784.0,1.543600000002334
forecaster-tenant-pool,2026-02-03 01:46:02,0.00022824768109489397,1158918144.0,0.07719999999426364
forecaster-tenant-pool,2026-02-03 01:46:32,0.0019189887423468137,1159049216.0,1.2107000000025436
forecaster-tenant-pool,2026-02-03 01:47:02,0.0002500872522830513,1159045120.0,0.10199999999676948
forecaster-tenant-pool,2026-02-03 01:47:32,0.0022028325579183804,1158791168.0,1.431400000002274
forecaster-tenant-pool,2026-02-03 01:48:02,0.0007738610657772166,1158852608.0,0.12580000000270958
forecaster-tenant-pool,2026-02-03 01:48:32,0.002143843171586276,1158930432.0,1.2475999999989047
forecaster-tenant-pool,2026-02-03 01:49:02,0.000428014271047877,1158991872.0,0.11359999999779878
forecaster-tenant-pool,2026-02-03 01:49:32,0.002439254457848903,1159020544.0,1.296300000003369
forecaster-tenant-pool,2026-02-03 01:50:02,0.00019068532523295294,1159020544.0,0.18229999999700036
